"","date","P","Ta","sw_in","swe","sm","elev","lat"
"1",2008-01-01,0,-9.44444444444444,71.4239978027344,200.9,82.908,1783.08,44.83
"2",2008-01-02,0,-6.11111111111111,62.2080010986328,200.9,85.554,1783.08,44.83
"3",2008-01-03,2.54000000000002,-2.77777777777778,54.7455970983435,203.35,83.104,1783.08,44.83
"4",2008-01-04,7.62,-2.22222222222222,26.7903991118255,205.8,85.162,1783.08,44.83
"5",2008-01-05,7.61999999999995,-5,31.4496001647949,213.15,84.672,1783.08,44.83
"6",2008-01-06,0,-6.66666666666667,64.0639992042824,220.5,78.596,1783.08,44.83
"7",2008-01-07,5.08000000000004,-8.33333333333333,53.5807982236509,220.5,80.164,1783.08,44.83
"8",2008-01-08,22.86,-7.22222222222222,44.7487983389395,225.4,83.986,1783.08,44.83
"9",2008-01-09,0,-7.77777777777778,52.9919986979167,245,84.182,1783.08,44.83
"10",2008-01-10,17.78,-5,60.0575974012587,247.45,83.594,1783.08,44.83
"11",2008-01-11,0,-2.22222222222222,41.2159989872685,262.15,81.879,1783.08,44.83
"12",2008-01-12,7.62000000000006,-3.33333333333333,38.0928014935529,264.6,79.331,1783.08,44.83
"13",2008-01-13,0,-4.44444444444444,111.897598178892,271.95,80.605,1783.08,44.83
"14",2008-01-14,5.07999999999993,-6.11111111111111,59.5200014467593,271.95,82.761,1783.08,44.83
"15",2008-01-15,0,-11.1111111111111,101.184002459491,274.4,84.084,1783.08,44.83
"16",2008-01-16,2.54000000000008,-10,120.320001446759,276.85,84.476,1783.08,44.83
"17",2008-01-17,0,-2.22222222222222,121.523206051071,279.3,83.398,1783.08,44.83
"18",2008-01-18,0,-2.77777777777778,117.913603712746,279.3,82.712,1783.08,44.83
"19",2008-01-19,2.54000000000002,-2.77777777777778,113.088002319336,279.3,82.957,1783.08,44.83
"20",2008-01-20,0,-7.77777777777778,111.871997680664,281.75,81.585,1783.08,44.83
"21",2008-01-21,0,-13.3333333333333,121.6,281.75,80.507,1783.08,44.83
"22",2008-01-22,0,-13.8888888888889,135.168006365741,281.75,84.476,1783.08,44.83
"23",2008-01-23,0,-10.5555555555556,133.93920162037,281.75,80.556,1783.08,44.83
"24",2008-01-24,0,-10,130.252810821759,281.75,79.772,1783.08,44.83
"25",2008-01-25,2.53999999999996,-7.22222222222222,96.8448001112196,279.3,79.821,1783.08,44.83
"26",2008-01-26,7.62,-4.44444444444444,62.0799985532407,279.3,86.338,1783.08,44.83
"27",2008-01-27,22.86,-4.44444444444444,80.2816030481409,284.2,83.104,1783.08,44.83
"28",2008-01-28,2.54000000000002,-10,61.4656026141132,306.25,83.055,1783.08,44.83
"29",2008-01-29,12.7,-8.88888888888889,56.4480013020833,308.7,83.398,1783.08,44.83
"30",2008-01-30,12.6999999999999,-8.33333333333333,51.9551964188188,323.4,81.193,1783.08,44.83
"31",2008-01-31,27.9400000000001,-6.11111111111111,41.8175974860298,335.65,81.34,1783.08,44.83
"32",2008-02-01,2.53999999999996,-7.22222222222222,49.9200012207031,362.6,83.202,1783.08,44.83
"33",2008-02-02,10.1600000000001,-8.88888888888889,44.8,365.05,84.035,1783.08,44.83
"34",2008-02-03,2.53999999999996,-7.22222222222222,52.4799987792969,374.85,77.91,1783.08,44.83
"35",2008-02-04,0,-8.33333333333333,72.3968020078305,379.75,82.761,1783.08,44.83
"36",2008-02-05,10.16,-6.66666666666667,60.761600254087,379.75,81.879,1783.08,44.83
"37",2008-02-06,7.62,-7.22222222222222,62.6688011013454,389.55,80.801,1783.08,44.83
"38",2008-02-07,15.24,-4.44444444444444,56.1408012460214,396.9,79.184,1783.08,44.83
"39",2008-02-08,5.07999999999993,-3.33333333333333,77.7856029645002,416.5,78.057,1783.08,44.83
"40",2008-02-09,2.54000000000008,0.555555555555556,145.02400318287,421.4,83.79,1783.08,44.83
"41",2008-02-10,0,0,126.463994502315,431.2,83.3,1783.08,44.83
"42",2008-02-11,0,0,155.750390690104,433.65,81.144,1783.08,44.83
"43",2008-02-12,0,2.22222222222222,181.44,433.65,79.772,1783.08,44.83
"44",2008-02-13,0,-6.11111111111111,104.832002563477,438.55,82.271,1783.08,44.83
"45",2008-02-14,0,-3.88888888888889,195.379203157552,438.55,83.398,1783.08,44.83
"46",2008-02-15,2.53999999999996,0.555555555555556,206.233606208406,438.55,79.478,1783.08,44.83
"47",2008-02-16,0,-1.11111111111111,194.483193278899,443.45,80.752,1783.08,44.83
"48",2008-02-17,0,-0.555555555555556,210.918390319372,443.45,79.968,1783.08,44.83
"49",2008-02-18,0,0.555555555555556,215.654409787327,443.45,80.948,1783.08,44.83
"50",2008-02-19,0,-1.11111111111111,208.742409642651,445.9,78.596,1783.08,44.83
"51",2008-02-20,0,-1.11111111111111,217.651196294488,441,84.672,1783.08,44.83
"52",2008-02-21,0,-2.22222222222222,186.956786923105,441,84.672,1783.08,44.83
"53",2008-02-22,2.53999999999996,-3.33333333333333,102.784002685547,438.55,81.83,1783.08,44.83
"54",2008-02-23,2.54000000000008,-3.88888888888889,152.064002685547,441,83.937,1783.08,44.83
"55",2008-02-24,10.16,-2.22222222222222,115.084810107422,441,83.349,1783.08,44.83
"56",2008-02-25,2.54000000000008,-1.66666666666667,149.184006076389,450.8,84.378,1783.08,44.83
"57",2008-02-26,0,-1.66666666666667,215.039995659722,453.25,84.084,1783.08,44.83
"58",2008-02-27,2.53999999999996,-0.555555555555556,220.774390075232,453.25,83.496,1783.08,44.83
"59",2008-02-28,0,2.22222222222222,242.995193825955,453.25,85.701,1783.08,44.83
"60",2008-02-29,0,1.11111111111111,147.5328001926,463.05,85.064,1783.08,44.83
"61",2008-03-01,2.53999999999996,-3.88888888888889,110.89919421025,455.7,87.22,1783.08,44.83
"62",2008-03-02,0,-5,245.824011230469,463.05,86.191,1783.08,44.83
"63",2008-03-03,2.53999999999996,-2.77777777777778,222.272005615234,460.6,84.378,1783.08,44.83
"64",2008-03-04,0,-5.55555555555556,210.841605385561,460.6,86.877,1783.08,44.83
"65",2008-03-05,0,-3.88888888888889,267.264010416667,463.05,89.278,1783.08,44.83
"66",2008-03-06,2.54000000000008,0,274.06078327908,460.6,88.249,1783.08,44.83
"67",2008-03-07,5.07999999999993,1.11111111111111,236.620798284686,463.05,89.327,1783.08,44.83
"68",2008-03-08,0,-0.555555555555556,219.008004195602,460.6,89.67,1783.08,44.83
"69",2008-03-09,0,-0.555555555555556,253.747193337673,460.6,91.483,1783.08,44.83
"70",2008-03-10,0,1.66666666666667,231.52638829843,458.15,90.062,1783.08,44.83
"71",2008-03-11,0,0.555555555555556,193.44638974519,465.5,91.336,1783.08,44.83
"72",2008-03-12,2.54000000000008,0.555555555555556,184.32,453.25,90.699,1783.08,44.83
"73",2008-03-13,10.16,-2.22222222222222,91.3792048914027,450.8,90.748,1783.08,44.83
"74",2008-03-14,7.62,-4.44444444444444,134.745602080621,455.7,92.561,1783.08,44.83
"75",2008-03-15,2.54000000000008,-5,153.036800142867,465.5,95.55,1783.08,44.83
"76",2008-03-16,0,-3.88888888888889,162.40639103371,465.5,92.316,1783.08,44.83
"77",2008-03-17,5.07999999999993,-2.22222222222222,143.270408638961,465.5,94.423,1783.08,44.83
"78",2008-03-18,10.16,-0.555555555555556,154.291205838578,470.4,94.717,1783.08,44.83
"79",2008-03-19,7.62,-2.77777777777778,106.342393095342,480.2,96.187,1783.08,44.83
"80",2008-03-20,0,-5,253.951990740741,487.55,93.149,1783.08,44.83
"81",2008-03-21,0,-6.11111111111111,291.200012207031,487.55,95.893,1783.08,44.83
"82",2008-03-22,2.54000000000008,-3.33333333333333,238.694411640987,487.55,95.403,1783.08,44.83
"83",2008-03-23,0,0,262.886397128182,487.55,97.412,1783.08,44.83
"84",2008-03-24,0,-1.66666666666667,193.446390355541,487.55,98.637,1783.08,44.83
"85",2008-03-25,0,-3.88888888888889,313.740782013166,487.55,98.196,1783.08,44.83
"86",2008-03-26,2.53999999999996,-4.44444444444444,265.4208171875,485.1,97.51,1783.08,44.83
"87",2008-03-27,0,-7.22222222222222,294.912005208333,487.55,97.902,1783.08,44.83
"88",2008-03-28,10.16,-7.77777777777778,127.142392394568,487.55,97.216,1783.08,44.83
"89",2008-03-29,2.53999999999996,-7.77777777777778,241.075197849754,497.35,97.951,1783.08,44.83
"90",2008-03-30,2.54000000000008,-8.33333333333333,179.712003173828,499.8,97.902,1783.08,44.83
"91",2008-03-31,0,-6.11111111111111,239.782411473705,499.8,98.931,1783.08,44.83
"92",2008-04-01,0,-5,357.15839953342,502.25,100.107,1783.08,44.83
"93",2008-04-02,0,-2.77777777777778,346.367994068287,502.25,97.265,1783.08,44.83
"94",2008-04-03,2.53999999999996,0,370.022387217882,507.15,98.392,1783.08,44.83
"95",2008-04-04,0,-1.66666666666667,188.966409705946,494.9,100.352,1783.08,44.83
"96",2008-04-05,2.53999999999996,-3.33333333333333,175.347206227394,490,99.568,1783.08,44.83
"97",2008-04-06,2.54000000000008,-2.22222222222222,219.545595864077,490,100.989,1783.08,44.83
"98",2008-04-07,2.53999999999996,-3.33333333333333,216.115199251302,494.9,99.47,1783.08,44.83
"99",2008-04-08,5.07999999999993,-3.88888888888889,174.528006591797,494.9,102.41,1783.08,44.83
"100",2008-04-09,5.08000000000004,-3.33333333333333,222.911993408203,499.8,99.911,1783.08,44.83
"101",2008-04-10,0,-2.77777777777778,255.897605186632,504.7,100.695,1783.08,44.83
"102",2008-04-11,2.53999999999996,1.11111111111111,296.358388420501,504.7,101.92,1783.08,44.83
"103",2008-04-12,0,6.11111111111111,384.038386973741,507.15,101.234,1783.08,44.83
"104",2008-04-13,0,7.77777777777778,351.51359901982,477.75,106.085,1783.08,44.83
"105",2008-04-14,0,1.11111111111111,310.886411830874,458.15,120.148,1783.08,44.83
"106",2008-04-15,0,-5.55555555555556,240.1919921875,455.7,119.805,1783.08,44.83
"107",2008-04-16,0,-2.22222222222222,334.489575546152,460.6,118.972,1783.08,44.83
"108",2008-04-17,0,3.33333333333333,399.615986328125,463.05,116.424,1783.08,44.83
"109",2008-04-18,0,0.555555555555556,329.727993164063,458.15,122.059,1783.08,44.83
"110",2008-04-19,0,-5.55555555555556,305.011202895327,441,121.226,1783.08,44.83
"111",2008-04-20,0,-7.22222222222222,295.987202605975,450.8,121.03,1783.08,44.83
"112",2008-04-21,2.54000000000008,-6.11111111111111,256.281602853733,441,120.295,1783.08,44.83
"113",2008-04-22,12.7,-1.66666666666667,265.369602709057,445.9,116.669,1783.08,44.83
"114",2008-04-23,0,-1.66666666666667,285.542411496311,448.35,119.119,1783.08,44.83
"115",2008-04-24,5.07999999999993,-2.77777777777778,172.057595737485,455.7,118.531,1783.08,44.83
"116",2008-04-25,0,-1.66666666666667,342.835196267361,460.6,116.963,1783.08,44.83
"117",2008-04-26,0,1.66666666666667,434.995193373842,460.6,116.326,1783.08,44.83
"118",2008-04-27,0,5.55555555555556,384.192014160156,450.8,117.355,1783.08,44.83
"119",2008-04-28,0,7.22222222222222,397.183992919922,431.2,123.48,1783.08,44.83
"120",2008-04-29,5.08000000000004,-0.555555555555556,233.600007233796,411.6,127.939,1783.08,44.83
"121",2008-04-30,0,-3.88888888888889,185.01119860026,409.15,126.322,1783.08,44.83
"122",2008-05-01,0,-1.11111111111111,410.188779336661,414.05,122.794,1783.08,44.83
"123",2008-05-02,2.53999999999996,2.77777777777778,415.833600783058,418.95,122.843,1783.08,44.83
"124",2008-05-03,5.08000000000004,3.33333333333333,339.097597952836,404.25,124.558,1783.08,44.83
"125",2008-05-04,0,3.88888888888889,403.507191710069,396.9,128.87,1783.08,44.83
"126",2008-05-05,0,7.22222222222222,408.14078034035,382.2,128.527,1783.08,44.83
"127",2008-05-06,0,5,335.667197090205,362.6,129.85,1783.08,44.83
"128",2008-05-07,0,2.77777777777778,353.279992675781,345.45,131.075,1783.08,44.83
"129",2008-05-08,0,1.66666666666667,393.6,333.2,129.801,1783.08,44.83
"130",2008-05-09,0,1.66666666666667,399.359985351562,323.4,130.487,1783.08,44.83
"131",2008-05-10,0,5,419.417627303965,316.05,129.556,1783.08,44.83
"132",2008-05-11,0,1.11111111111111,313.113624121094,301.35,129.458,1783.08,44.83
"133",2008-05-12,0,0,371.609601895255,294,128.233,1783.08,44.83
"134",2008-05-13,7.62,3.88888888888889,293.785603052662,291.55,127.351,1783.08,44.83
"135",2008-05-14,0,6.11111111111111,326.860780295139,279.3,130.977,1783.08,44.83
"136",2008-05-15,0,10.5555555555556,421.056006221065,252.35,132.594,1783.08,44.83
"137",2008-05-16,0,12.2222222222222,454.348821654369,218.05,133.917,1783.08,44.83
"138",2008-05-17,0,14.4444444444444,451.404779228154,186.2,136.465,1783.08,44.83
"139",2008-05-18,0,13.3333333333333,400.153573213253,144.55,135.485,1783.08,44.83
"140",2008-05-19,0,12.7777777777778,419.865572634549,100.45,129.507,1783.08,44.83
"141",2008-05-20,5.07999999999993,6.11111111111111,299.584007568359,49,123.872,1783.08,44.83
"142",2008-05-21,5.08000000000004,0,144.83200378418,22.05,122.353,1783.08,44.83
"143",2008-05-22,10.16,1.66666666666667,146.81600189209,17.15,122.108,1783.08,44.83
"144",2008-05-23,10.16,3.33333333333333,217.651198690683,4.9,125.636,1783.08,44.83
"145",2008-05-24,15.2400000000001,4.44444444444444,213.657602383536,0,130.193,1783.08,44.83
"146",2008-05-25,0,5.55555555555556,303.513604987702,0,130.193,1783.08,44.83
"147",2008-05-26,0,5.55555555555556,309.478387877966,0,127.155,1783.08,44.83
"148",2008-05-27,17.7799999999999,5.55555555555556,208.998389324725,0,123.284,1783.08,44.83
"149",2008-05-28,17.7800000000001,5,188.902389614077,0,131.418,1783.08,44.83
"150",2008-05-29,10.16,4.44444444444444,90.4319986979167,0,132.398,1783.08,44.83
"151",2008-05-30,2.53999999999996,5.55555555555556,226.508799383319,0,131.859,1783.08,44.83
"152",2008-05-31,2.54000000000008,6.66666666666667,256.844799817347,0,130.585,1783.08,44.83
"153",2008-06-01,0,6.11111111111111,349.875189576099,0,127.302,1783.08,44.83
"154",2008-06-02,0,5.55555555555556,349.875189576099,0,125.146,1783.08,44.83
"155",2008-06-03,10.16,3.33333333333333,189.273598499891,0,122.99,1783.08,44.83
"156",2008-06-04,0,1.66666666666667,350.05440557364,0,122.647,1783.08,44.83
"157",2008-06-05,2.54000000000008,3.88888888888889,303.244783613643,0,121.422,1783.08,44.83
"158",2008-06-06,2.53999999999996,0.555555555555556,242.188785349754,0,120.736,1783.08,44.83
"159",2008-06-07,0,1.66666666666667,325.631990740741,0,119.364,1783.08,44.83
"160",2008-06-08,0,5.55555555555556,446.463984375,0,119.56,1783.08,44.83
"161",2008-06-09,2.53999999999985,6.11111111111111,374.783984375,0,116.326,1783.08,44.83
"162",2008-06-10,15.2400000000001,-1.66666666666667,198.65599609375,0,116.473,1783.08,44.83
"163",2008-06-11,0,1.66666666666667,329.7280078125,0,115.934,1783.08,44.83
"164",2008-06-12,0,6.66666666666667,440.32,0,123.039,1783.08,44.83
"165",2008-06-13,0,10,434.176015625,0,124.509,1783.08,44.83
"166",2008-06-14,0,9.44444444444444,446.463984375,0,123.137,1783.08,44.83
"167",2008-06-15,0,10.5555555555556,438.2719921875,0,120.148,1783.08,44.83
"168",2008-06-16,0,12.2222222222222,436.223984375,0,118.384,1783.08,44.83
"169",2008-06-17,0,11.1111111111111,409.6,0,114.709,1783.08,44.83
"170",2008-06-18,0,10,423.936015625,0,115.983,1783.08,44.83
"171",2008-06-19,0,11.1111111111111,440.32,0,111.867,1783.08,44.83
"172",2008-06-20,0,15,428.0319921875,0,108.437,1783.08,44.83
"173",2008-06-21,10.1599999999999,12.2222222222222,407.5519921875,0,105.203,1783.08,44.83
"174",2008-06-22,0,10.5555555555556,389.12,0,104.125,1783.08,44.83
"175",2008-06-23,0,10.5555555555556,415.743984375,0,102.361,1783.08,44.83
"176",2008-06-24,0,10.5555555555556,403.456015625,0,103.488,1783.08,44.83
"177",2008-06-25,0,12.7777777777778,407.5519921875,0,100.254,1783.08,44.83
"178",2008-06-26,0,11.6666666666667,354.303984375,0,96.726,1783.08,44.83
"179",2008-06-27,0,13.8888888888889,395.263984375,0,92.953,1783.08,44.83
"180",2008-06-28,0,17.2222222222222,393.216015625,0,90.111,1783.08,44.83
"181",2008-06-29,0,20,382.976015625,0,87.171,1783.08,44.83
"182",2008-06-30,0,16.1111111111111,342.016015625,0,85.946,1783.08,44.83
"183",2008-07-01,7.62000000000012,13.8888888888889,317.44,0,82.124,1783.08,44.83
"184",2008-07-02,0,17.7777777777778,337.92,0,80.262,1783.08,44.83
"185",2008-07-03,0,18.8888888888889,339.878405862991,0,80.409,1783.08,44.83
"186",2008-07-04,0,13.8888888888889,278.822388189923,0,73.157,1783.08,44.83
"187",2008-07-05,0,12.7777777777778,278.822388189923,0,71.148,1783.08,44.83
"188",2008-07-06,0,13.3333333333333,313.420783324291,0,70.707,1783.08,44.83
"189",2008-07-07,0,14.4444444444444,345.983990162037,0,69.188,1783.08,44.83
"190",2008-07-08,0,15.5555555555556,343.948782456236,0,67.571,1783.08,44.83
"191",2008-07-09,0,16.6666666666667,353.920005063657,0,62.72,1783.08,44.83
"192",2008-07-10,0,14.4444444444444,341.785597175202,0,63.014,1783.08,44.83
"193",2008-07-11,0,11.1111111111111,347.85282040654,0,60.466,1783.08,44.83
"194",2008-07-12,0,14.4444444444444,366.054412952112,0,56.742,1783.08,44.83
"195",2008-07-13,0,16.6666666666667,337.612779806858,0,51.156,1783.08,44.83
"196",2008-07-14,0,16.6666666666667,271.29599609375,0,55.027,1783.08,44.83
"197",2008-07-15,0,16.6666666666667,225.075192926252,0,50.617,1783.08,44.83
"198",2008-07-16,0,15,237.619199269386,0,44.884,1783.08,44.83
"199",2008-07-17,0,14.4444444444444,281.54881577691,0,43.757,1783.08,44.83
"200",2008-07-18,0,12.7777777777778,269.5680078125,0,44.345,1783.08,44.83
"201",2008-07-19,0,14.4444444444444,317.491201584201,0,42.728,1783.08,44.83
"202",2008-07-20,0,18.3333333333333,297.6,0,35.819,1783.08,44.83
"203",2008-07-21,0,17.2222222222222,222.20799621582,0,39.053,1783.08,44.83
"204",2008-07-22,0,12.2222222222222,136.89600189209,0,36.603,1783.08,44.83
"205",2008-07-23,0,12.2222222222222,281.881595484303,0,34.594,1783.08,44.83
"206",2008-07-24,0,13.3333333333333,307.507198491753,0,32.34,1783.08,44.83
"207",2008-07-25,0,16.6666666666667,307.468800807472,0,31.801,1783.08,44.83
"208",2008-07-26,0,14.4444444444444,266.342411405888,0,30.625,1783.08,44.83
"209",2008-07-27,0,13.8888888888889,285.92641169524,0,26.901,1783.08,44.83
"210",2008-07-28,0,13.8888888888889,303.513602907986,0,29.057,1783.08,44.83
"211",2008-07-29,0,13.3333333333333,247.091192614294,0,27.097,1783.08,44.83
"212",2008-07-30,0,11.1111111111111,274.457604531069,0,26.362,1783.08,44.83
"213",2008-07-31,0,15.5555555555556,301.516816400825,0,21.511,1783.08,44.83
"214",2008-08-01,0,13.8888888888889,272.524815532769,0,22.246,1783.08,44.83
"215",2008-08-02,0,12.2222222222222,241.920007324219,0,20.58,1783.08,44.83
"216",2008-08-03,0,12.7777777777778,276.479992675781,0,21.168,1783.08,44.83
"217",2008-08-04,0,15.5555555555556,286.079991319444,0,20.58,1783.08,44.83
"218",2008-08-05,0,18.8888888888889,282.26559507288,0,16.856,1783.08,44.83
"219",2008-08-06,0,19.4444444444444,240.588800061487,0,18.62,1783.08,44.83
"220",2008-08-07,10.16,16.6666666666667,248.166411017072,0,16.709,1783.08,44.83
"221",2008-08-08,0,16.1111111111111,237.081603531901,0,14.21,1783.08,44.83
"222",2008-08-09,0,13.3333333333333,261.542388800275,0,13.181,1783.08,44.83
"223",2008-08-10,0,10,246.489603387225,0,17.003,1783.08,44.83
"224",2008-08-11,0,11.6666666666667,259.763200915075,0,12.25,1783.08,44.83
"225",2008-08-12,0,15,276.582412129268,0,12.348,1783.08,44.83
"226",2008-08-13,0,16.1111111111111,246.848003540039,0,13.524,1783.08,44.83
"227",2008-08-14,0,17.7777777777778,259.84,0,11.123,1783.08,44.83
"228",2008-08-15,0,18.8888888888889,258.047991898148,0,12.054,1783.08,44.83
"229",2008-08-16,0,20,254.361595529514,0,10.535,1783.08,44.83
"230",2008-08-17,0,20.5555555555556,243.443207339591,0,10.192,1783.08,44.83
"231",2008-08-18,0,17.2222222222222,245.273596894893,0,7.791,1783.08,44.83
"232",2008-08-19,0,12.7777777777778,152.678390635851,0,8.33,1783.08,44.83
"233",2008-08-20,0,10.5555555555556,161.766390491175,0,7.889,1783.08,44.83
"234",2008-08-21,0,8.33333333333333,203.942409981735,0,8.428,1783.08,44.83
"235",2008-08-22,0,8.88888888888889,270.720008680556,0,7.595,1783.08,44.83
"236",2008-08-23,0,15,267.007993164062,0,7.791,1783.08,44.83
"237",2008-08-24,0,18.3333333333333,270.592006835938,0,6.076,1783.08,44.83
"238",2008-08-25,0,10.5555555555556,261.542388099501,0,5.684,1783.08,44.83
"239",2008-08-26,0,7.22222222222222,229.632003761574,0,6.517,1783.08,44.83
"240",2008-08-27,0,10.5555555555556,217.267206928168,0,4.704,1783.08,44.83
"241",2008-08-28,0,12.2222222222222,252.51838914388,0,5.586,1783.08,44.83
"242",2008-08-29,0,15.5555555555556,256.025602464916,0,4.704,1783.08,44.83
"243",2008-08-30,0,10.5555555555556,235.0080078125,0,2.646,1783.08,44.83
"244",2008-08-31,0,3.33333333333333,182.784006076389,0,3.822,1783.08,44.83
"245",2008-09-01,0,5,207.36,0,1.764,1783.08,44.83
"246",2008-09-02,0,7.22222222222222,217.728006591797,0,4.606,1783.08,44.83
"247",2008-09-03,0,9.44444444444444,234.982388800275,0,2.646,1783.08,44.83
"248",2008-09-04,0,9.44444444444444,209.254389668331,0,2.009,1783.08,44.83
"249",2008-09-05,0,10.5555555555556,231.526410429326,0,2.254,1783.08,44.83
"250",2008-09-06,0,11.6666666666667,209.510389966725,0,2.352,1783.08,44.83
"251",2008-09-07,0,11.1111111111111,190.92479995298,0,0.735,1783.08,44.83
"252",2008-09-08,0,11.6666666666667,236.428814556207,0,0.588,1783.08,44.83
"253",2008-09-09,0,12.2222222222222,199.53920049009,0,1.666,1783.08,44.83
"254",2008-09-10,0,10,198.015993652344,0,1.176,1783.08,44.83
"255",2008-09-11,0,10,229.632003173828,0,0.147,1783.08,44.83
"256",2008-09-12,0,13.3333333333333,224.563198428458,0,1.421,1783.08,44.83
"257",2008-09-13,0,12.2222222222222,211.353595742007,0,0.147,1783.08,44.83
"258",2008-09-14,0,13.8888888888889,226.099207118056,0,0.784,1783.08,44.83
"259",2008-09-15,0,16.1111111111111,226.099207118056,0,0,1783.08,44.83
"260",2008-09-16,0,17.7777777777778,209.702390066189,0,0,1783.08,44.83
"261",2008-09-17,0,16.6666666666667,203.212813444011,0,0,1783.08,44.83
"262",2008-09-18,0,15.5555555555556,182.246409615524,0,0.245,1783.08,44.83
"263",2008-09-19,7.62,14.4444444444444,134.399993896484,0,0.294,1783.08,44.83
"264",2008-09-20,7.62000000000012,6.11111111111111,54.4000015258789,0,0,1783.08,44.83
"265",2008-09-21,2.53999999999996,3.88888888888889,73.0111958242911,0,0,1783.08,44.83
"266",2008-09-22,0,2.77777777777778,152.371200499132,0,0.196,1783.08,44.83
"267",2008-09-23,0,3.88888888888889,196.800003616898,0,0.049,1783.08,44.83
"268",2008-09-24,0,9.44444444444444,179.583996672454,0,0.441,1783.08,44.83
"269",2008-09-25,0,10,179.583996672454,0,0,1783.08,44.83
"270",2008-09-26,0,8.88888888888889,188.953604106084,0,0,1783.08,44.83
"271",2008-09-27,0,11.1111111111111,179.660812621166,0,0,1783.08,44.83
"272",2008-09-28,0,12.2222222222222,193.536005859375,0,0,1783.08,44.83
"273",2008-09-29,0,13.8888888888889,187.391997070312,0,0,1783.08,44.83
"274",2008-09-30,0,15.5555555555556,159.935993923611,0,0.294,1783.08,44.83
"275",2008-10-01,0,15,155.366391191949,0,0,1783.08,44.83
"276",2008-10-02,15.24,9.44444444444444,89.1136031476056,0,0,1783.08,44.83
"277",2008-10-03,10.16,6.66666666666667,75.5200014467593,0,2.597,1783.08,44.83
"278",2008-10-04,7.62,3.88888888888889,71.8848014675564,0,4.949,1783.08,44.83
"279",2008-10-05,2.54,2.22222222222222,57.9072036729601,0,6.713,1783.08,44.83
"280",2008-10-06,0,5.55555555555556,114.329601623987,0,6.125,1783.08,44.83
"281",2008-10-07,0,5.55555555555556,148.672005615234,0,8.771,1783.08,44.83
"282",2008-10-08,0,0.555555555555556,132.48,0,9.849,1783.08,44.83
"283",2008-10-09,0,-2.22222222222222,72.9599971064815,0,10.192,1783.08,44.83
"284",2008-10-10,0,-2.22222222222222,42.3167997133608,0,12.789,1783.08,44.83
"285",2008-10-11,0,-2.22222222222222,88.2304003856517,0,10.878,1783.08,44.83
"286",2008-10-12,0,0.555555555555556,128.729597057653,0,12.348,1783.08,44.83
"287",2008-10-13,0,5,157.69599681713,0,11.515,1783.08,44.83
"288",2008-10-14,0,3.88888888888889,110.387195037616,0,11.809,1783.08,44.83
"289",2008-10-15,0,2.77777777777778,110.82240722385,0,11.662,1783.08,44.83
"290",2008-10-16,2.54,5,110.82240722385,0,12.495,1783.08,44.83
"291",2008-10-17,0,8.33333333333333,143.615997314453,0,9.751,1783.08,44.83
"292",2008-10-18,0,7.22222222222222,113.011200634765,0,11.221,1783.08,44.83
"293",2008-10-19,0,6.66666666666667,133.93919976671,0,8.869,1783.08,44.83
"294",2008-10-20,0,5,135.475205472367,0,10.78,1783.08,44.83
"295",2008-10-21,0,-0.555555555555556,114.739205038339,0,10.437,1783.08,44.83
"296",2008-10-22,0,2.77777777777778,134.220799776656,0,10.486,1783.08,44.83
"297",2008-10-23,0,4.44444444444444,134.220799776656,0,7.203,1783.08,44.83
"298",2008-10-24,0,5.55555555555556,137.036811020689,0,8.085,1783.08,44.83
"299",2008-10-25,0,7.22222222222222,124.825602736183,0,7.105,1783.08,44.83
"300",2008-10-26,0,6.66666666666667,130.367997436523,0,7.987,1783.08,44.83
"301",2008-10-27,0,8.33333333333333,127.68,0,9.114,1783.08,44.83
"302",2008-10-28,0,9.44444444444444,115.814392426215,0,7.105,1783.08,44.83
"303",2008-10-29,0,8.33333333333333,122.470392136864,0,7.056,1783.08,44.83
"304",2008-10-30,0,8.88888888888889,105.472002314815,0,6.664,1783.08,44.83
"305",2008-10-31,2.54000000000001,6.66666666666667,55.3727987006293,0,5.439,1783.08,44.83
"306",2008-11-01,5.08,5.55555555555556,25.0496002354375,0,5.586,1783.08,44.83
"307",2008-11-02,2.54,2.77777777777778,86.1695968451606,2.45,6.958,1783.08,44.83
"308",2008-11-03,2.54,0,24.8063991389522,0,5.978,1783.08,44.83
"309",2008-11-04,5.08000000000001,-2.77777777777778,32.3200014467593,0,5.782,1783.08,44.83
"310",2008-11-05,0,-3.88888888888889,85.3248025865342,4.9,6.272,1783.08,44.83
"311",2008-11-06,10.16,-1.11111111111111,32,4.9,6.664,1783.08,44.83
"312",2008-11-07,0,3.33333333333333,49.9200012207031,12.25,6.517,1783.08,44.83
"313",2008-11-08,7.62,2.77777777777778,35.4815977753816,4.9,15.729,1783.08,44.83
"314",2008-11-09,0,1.11111111111111,41.8175974860298,0,18.13,1783.08,44.83
"315",2008-11-10,0,-0.555555555555556,41.8175974860298,0,23.226,1783.08,44.83
"316",2008-11-11,22.86,-1.11111111111111,17.5616001060203,0,33.467,1783.08,44.83
"317",2008-11-12,7.61999999999999,5.55555555555556,60.2112037814671,14.7,31.115,1783.08,44.83
"318",2008-11-13,5.08,1.66666666666667,67.046399621582,2.45,76.097,1783.08,44.83
"319",2008-11-14,0,-0.555555555555556,95.6031954038267,0,76.881,1783.08,44.83
"320",2008-11-15,2.54000000000002,3.88888888888889,89.3951955485027,2.45,73.353,1783.08,44.83
"321",2008-11-16,0,5,94.6176021122684,0,67.228,1783.08,44.83
"322",2008-11-17,0,6.11111111111111,79.8720037615741,0,65.317,1783.08,44.83
"323",2008-11-18,0,6.66666666666667,91.2,0,66.199,1783.08,44.83
"324",2008-11-19,0,4.44444444444444,64.4480023193359,0,64.582,1783.08,44.83
"325",2008-11-20,0,1.11111111111111,72.96,0,61.299,1783.08,44.83
"326",2008-11-21,0,-2.77777777777778,73.3951997350622,0,62.377,1783.08,44.83
"327",2008-11-22,0,-2.77777777777778,69.7856031340423,2.45,60.956,1783.08,44.83
"328",2008-11-23,0,-2.77777777777778,80.6143986744068,7.35,61.397,1783.08,44.83
"329",2008-11-24,0,-0.555555555555556,77.0048020733869,12.25,57.967,1783.08,44.83
"330",2008-11-25,0,1.11111111111111,78.5664007744683,12.25,56.644,1783.08,44.83
"331",2008-11-26,0,0.555555555555556,83.328002025463,12.25,56.154,1783.08,44.83
"332",2008-11-27,0,1.11111111111111,89.2800021701389,12.25,57.575,1783.08,44.83
"333",2008-11-28,2.53999999999999,0.555555555555556,41.2159989872685,12.25,57.281,1783.08,44.83
"334",2008-11-29,2.53999999999999,3.88888888888889,30.6175981246383,14.7,59.143,1783.08,44.83
"335",2008-11-30,0,3.88888888888889,73.0111959599248,7.35,55.027,1783.08,44.83
"336",2008-12-01,0,4.44444444444444,71.8335971119069,0,55.762,1783.08,44.83
"337",2008-12-02,10.16,0,36.1087984406648,0,53.41,1783.08,44.83
"338",2008-12-03,0,-1.66666666666667,41.9327983683268,7.35,57.967,1783.08,44.83
"339",2008-12-04,0,-3.88888888888889,78.0415968089916,4.9,58.261,1783.08,44.83
"340",2008-12-05,2.53999999999999,0,74.5472001849139,7.35,56.448,1783.08,44.83
"341",2008-12-06,0,2.22222222222222,71.052798006637,9.8,58.506,1783.08,44.83
"342",2008-12-07,5.07999999999998,0,46.5919994212963,9.8,58.8,1783.08,44.83
"343",2008-12-08,0,-5,64.5119989013672,17.15,56.301,1783.08,44.83
"344",2008-12-09,2.54000000000002,-3.88888888888889,56.4480010986328,17.15,60.172,1783.08,44.83
"345",2008-12-10,0,0.555555555555556,78.3360021972656,17.15,54.096,1783.08,44.83
"346",2008-12-11,0,-1.11111111111111,63.36,17.15,55.076,1783.08,44.83
"347",2008-12-12,10.16,-3.33333333333333,46.08,19.6,56.007,1783.08,44.83
"348",2008-12-13,7.61999999999998,-8.33333333333333,20.7359994506836,29.4,56.84,1783.08,44.83
"349",2008-12-14,5.08000000000001,-8.88888888888889,36.8640005493164,36.75,56.84,1783.08,44.83
"350",2008-12-15,0,-10,51.84,41.65,50.96,1783.08,44.83
"351",2008-12-16,0,-12.2222222222222,89.8560021972656,41.65,52.871,1783.08,44.83
"352",2008-12-17,2.54000000000002,-12.7777777777778,69.12,41.65,58.604,1783.08,44.83
"353",2008-12-18,10.16,-10.5555555555556,35.7119989013672,41.65,56.693,1783.08,44.83
"354",2008-12-19,5.07999999999998,-12.2222222222222,25.3440005493164,51.45,54.978,1783.08,44.83
"355",2008-12-20,7.62,-11.6666666666667,33.4080010986328,58.8,56.105,1783.08,44.83
"356",2008-12-21,22.86,-8.33333333333333,43.7759994506836,66.15,57.673,1783.08,44.83
"357",2008-12-22,0,-7.77777777777778,65.6639978027344,88.2,56.987,1783.08,44.83
"358",2008-12-23,0,-10,62.2080010986328,85.75,56.791,1783.08,44.83
"359",2008-12-24,17.78,-10,34.56,85.75,59.241,1783.08,44.83
"360",2008-12-25,0,-8.88888888888889,79.4880010986328,100.45,56.154,1783.08,44.83
"361",2008-12-26,5.07999999999998,-9.44444444444444,46.08,102.9,55.615,1783.08,44.83
"362",2008-12-27,27.94,-6.11111111111111,50.6880010986328,105.35,50.127,1783.08,44.83
"363",2008-12-28,12.7,-0.555555555555556,43.7759994506836,129.85,54.635,1783.08,44.83
"364",2008-12-29,7.62,-2.77777777777778,65.6639978027344,144.55,53.263,1783.08,44.83
"365",2008-12-30,0,-6.66666666666667,44.9280010986328,151.9,51.352,1783.08,44.83
"366",2008-12-31,7.62,-3.33333333333333,40.32,151.9,53.949,1783.08,44.83
"367",2009-01-01,22.86,-1.66666666666667,35.7119989013672,159.25,56.546,1783.08,44.83
"368",2009-01-02,0,-5.55555555555556,88.7039978027344,183.75,55.664,1783.08,44.83
"369",2009-01-03,0,-11.6666666666667,64.0639992042824,178.85,57.869,1783.08,44.83
"370",2009-01-04,5.08000000000004,-11.6666666666667,46.5919994212963,178.85,62.083,1783.08,44.83
"371",2009-01-05,30.48,-6.11111111111111,59.404798151313,183.75,57.771,1783.08,44.83
"372",2009-01-06,20.32,-0.555555555555556,44.2623988948116,210.7,62.426,1783.08,44.83
"373",2009-01-07,0,1.66666666666667,26.7903991118255,230.3,57.428,1783.08,44.83
"374",2009-01-08,5.07999999999998,-1.11111111111111,83.609596822555,227.85,62.034,1783.08,44.83
"375",2009-01-09,0,-5,95.3856021484374,235.2,65.464,1783.08,44.83
"376",2009-01-10,2.53999999999996,1.11111111111111,78.8991958152489,237.65,64.582,1783.08,44.83
"377",2009-01-11,2.54000000000008,1.66666666666667,32.9727986282914,240.1,66.395,1783.08,44.83
"378",2009-01-12,0,2.22222222222222,59.5200014467593,240.1,64.239,1783.08,44.83
"379",2009-01-13,0,4.44444444444444,94.0416034211336,237.65,67.473,1783.08,44.83
"380",2009-01-14,0,3.33333333333333,101.184002459491,237.65,70.609,1783.08,44.83
"381",2009-01-15,0,2.77777777777778,102.374407029442,237.65,69.188,1783.08,44.83
"382",2009-01-16,0,3.33333333333333,98.6623988914207,237.65,71.638,1783.08,44.83
"383",2009-01-17,0,1.11111111111111,87.8336033510562,237.65,72.814,1783.08,44.83
"384",2009-01-18,0,2.77777777777778,102.272001229745,237.65,73.206,1783.08,44.83
"385",2009-01-19,0,2.77777777777778,104.576004638672,237.65,74.235,1783.08,44.83
"386",2009-01-20,0,1.66666666666667,100.928002319336,235.2,74.725,1783.08,44.83
"387",2009-01-21,0,0.555555555555556,99.7119976806641,235.2,75.068,1783.08,44.83
"388",2009-01-22,0,-1.11111111111111,68.8128020688657,230.3,74.578,1783.08,44.83
"389",2009-01-23,0,-1.66666666666667,95.846406857639,235.2,75.215,1783.08,44.83
"390",2009-01-24,0,-2.22222222222222,65.1264054108797,230.3,74.627,1783.08,44.83
"391",2009-01-25,0,-7.77777777777778,100.569602392578,230.3,75.215,1783.08,44.83
"392",2009-01-26,0,-12.2222222222222,112.985602103226,230.3,75.901,1783.08,44.83
"393",2009-01-27,7.61999999999995,-7.77777777777778,90.3167996907551,220.5,76.293,1783.08,44.83
"394",2009-01-28,0,-4.44444444444444,95.334401002785,213.15,73.451,1783.08,44.83
"395",2009-01-29,0,-1.66666666666667,127.948800558811,218.05,75.509,1783.08,44.83
"396",2009-01-30,0,-0.555555555555556,117.849597035048,222.95,76.048,1783.08,44.83
"397",2009-01-31,0,-2.77777777777778,124.185596745696,225.4,77.077,1783.08,44.83
"398",2009-02-01,0,-4.44444444444444,133.119995117188,222.95,74.823,1783.08,44.83
"399",2009-02-02,0,-0.555555555555556,116.480004882812,220.5,73.353,1783.08,44.83
"400",2009-02-03,0,0,126.719995117187,220.5,73.353,1783.08,44.83
"401",2009-02-04,0,0.555555555555556,115.059200218822,222.95,76.391,1783.08,44.83
"402",2009-02-05,5.08000000000004,-0.555555555555556,50.4192034898547,227.85,72.177,1783.08,44.83
"403",2009-02-06,0,-1.66666666666667,57.446399971969,235.2,72.03,1783.08,44.83
"404",2009-02-07,0,-3.33333333333333,127.948799654586,237.65,72.52,1783.08,44.83
"405",2009-02-08,0,-2.77777777777778,130.521597835286,235.2,73.598,1783.08,44.83
"406",2009-02-09,0,-6.66666666666667,110.745597401259,227.85,75.215,1783.08,44.83
"407",2009-02-10,7.61999999999995,-8.88888888888889,55.9103950303821,225.4,70.854,1783.08,44.83
"408",2009-02-11,0,-7.22222222222222,114.483200101273,225.4,72.961,1783.08,44.83
"409",2009-02-12,0,-7.22222222222222,118.272002563477,220.5,74.676,1783.08,44.83
"410",2009-02-13,2.54000000000002,-7.22222222222222,29.5680006408691,222.95,73.304,1783.08,44.83
"411",2009-02-14,5.08000000000004,-7.22222222222222,88.1920037615741,225.4,73.892,1783.08,44.83
"412",2009-02-15,5.07999999999998,-6.66666666666667,42.0608005000361,230.3,74.186,1783.08,44.83
"413",2009-02-16,0,-3.88888888888889,126.003194725658,240.1,72.765,1783.08,44.83
"414",2009-02-17,0,-2.77777777777778,116.415997540509,240.1,74.039,1783.08,44.83
"415",2009-02-18,0,-2.77777777777778,163.123206051071,245,74.529,1783.08,44.83
"416",2009-02-19,0,-2.22222222222222,165.888003472222,245,73.549,1783.08,44.83
"417",2009-02-20,0,0,184.166389699978,249.9,75.852,1783.08,44.83
"418",2009-02-21,0,-0.555555555555556,159.052788080512,252.35,74.333,1783.08,44.83
"419",2009-02-22,7.61999999999995,-1.66666666666667,73.2159973144531,252.35,74.48,1783.08,44.83
"420",2009-02-23,10.16,0.555555555555556,60.5440026855469,259.7,73.696,1783.08,44.83
"421",2009-02-24,0,0,66.7776000099464,267.05,73.843,1783.08,44.83
"422",2009-02-25,2.53999999999996,-1.66666666666667,51.1488007283528,271.95,73.99,1783.08,44.83
"423",2009-02-26,2.54000000000002,-7.77777777777778,127.590391956019,279.3,76.734,1783.08,44.83
"424",2009-02-27,0,-8.88888888888889,210.739193012153,284.2,77.371,1783.08,44.83
"425",2009-02-28,2.54000000000008,-4.44444444444444,140.300800047924,286.65,76.293,1783.08,44.83
"426",2009-03-01,5.07999999999998,0,117.158407861328,286.65,79.772,1783.08,44.83
"427",2009-03-02,12.7,1.66666666666667,124.031995081019,281.75,77.616,1783.08,44.83
"428",2009-03-03,0,-1.66666666666667,184,289.1,79.674,1783.08,44.83
"429",2009-03-04,5.07999999999998,-3.88888888888889,131.007994384766,286.65,83.594,1783.08,44.83
"430",2009-03-05,7.62,-5.55555555555556,72.7552042516638,289.1,83.349,1783.08,44.83
"431",2009-03-06,0,-8.88888888888889,210.841605385561,298.9,84.721,1783.08,44.83
"432",2009-03-07,0,-6.11111111111111,242.611206738281,298.9,87.318,1783.08,44.83
"433",2009-03-08,0,-9.44444444444444,221.644798574038,298.9,85.995,1783.08,44.83
"434",2009-03-09,7.62,-10,175.2064091182,298.9,87.563,1783.08,44.83
"435",2009-03-10,0,-10.5555555555556,203.90400390625,301.35,87.318,1783.08,44.83
"436",2009-03-11,0,-8.33333333333333,260.467195914713,294,87.367,1783.08,44.83
"437",2009-03-12,0,-4.44444444444444,263.513578367333,289.1,84.672,1783.08,44.83
"438",2009-03-13,2.53999999999996,-1.11111111111111,251.903994140625,284.2,87.22,1783.08,44.83
"439",2009-03-14,2.54000000000002,-1.11111111111111,145.587199531611,276.85,85.554,1783.08,44.83
"440",2009-03-15,12.7,-1.66666666666667,63.5008008956343,274.4,88.347,1783.08,44.83
"441",2009-03-16,10.16,-2.22222222222222,73.3951956615307,298.9,88.788,1783.08,44.83
"442",2009-03-17,0,-2.77777777777778,179.583996672454,308.7,88.935,1783.08,44.83
"443",2009-03-18,2.54000000000008,-1.11111111111111,221.990410085721,318.5,89.131,1783.08,44.83
"444",2009-03-19,0,2.22222222222222,233.011207285337,328.3,90.552,1783.08,44.83
"445",2009-03-20,0,4.44444444444444,249.190387887008,330.75,89.082,1783.08,44.83
"446",2009-03-21,2.53999999999991,1.66666666666667,163.481597066695,328.3,94.178,1783.08,44.83
"447",2009-03-22,0,-2.77777777777778,208,328.3,94.815,1783.08,44.83
"448",2009-03-23,2.54000000000008,-3.88888888888889,274.176009837963,333.2,97.559,1783.08,44.83
"449",2009-03-24,2.54000000000002,-2.22222222222222,106.444802281358,335.65,97.559,1783.08,44.83
"450",2009-03-25,7.61999999999995,-3.88888888888889,126.796800843641,340.55,99.813,1783.08,44.83
"451",2009-03-26,0,-3.88888888888889,253.593601687283,347.9,99.862,1783.08,44.83
"452",2009-03-27,2.53999999999996,-0.555555555555556,211.353597482639,347.9,98.98,1783.08,44.83
"453",2009-03-28,12.7,0,132.71040859375,347.9,100.107,1783.08,44.83
"454",2009-03-29,2.54000000000008,-6.11111111111111,155.212788261357,355.25,98.784,1783.08,44.83
"455",2009-03-30,0,-5,209.702389501049,357.7,101.332,1783.08,44.83
"456",2009-03-31,7.61999999999989,-3.88888888888889,171.392003173828,360.15,102.214,1783.08,44.83
"457",2009-04-01,10.1600000000001,-6.11111111111111,182.771199911386,369.95,104.37,1783.08,44.83
"458",2009-04-02,12.6999999999999,-2.22222222222222,167.680005787037,379.75,101.969,1783.08,44.83
"459",2009-04-03,0,-5,233.164799229601,392,104.321,1783.08,44.83
"460",2009-04-04,0,-1.11111111111111,304.127994791667,392,105.056,1783.08,44.83
"461",2009-04-05,0,0.555555555555556,297.920005063657,394.45,103.243,1783.08,44.83
"462",2009-04-06,0,3.33333333333333,306.432005208333,389.55,103.929,1783.08,44.83
"463",2009-04-07,2.53999999999996,6.11111111111111,307.020783098235,387.1,106.085,1783.08,44.83
"464",2009-04-08,2.54000000000008,2.77777777777778,152.652788306569,374.85,117.845,1783.08,44.83
"465",2009-04-09,0,1.11111111111111,222.911993408203,355.25,119.952,1783.08,44.83
"466",2009-04-10,5.07999999999993,0.555555555555556,158.975996704102,350.35,117.502,1783.08,44.83
"467",2009-04-11,0,1.11111111111111,247.19360489728,350.35,117.355,1783.08,44.83
"468",2009-04-12,2.54000000000008,2.22222222222222,199.910390011936,343,119.658,1783.08,44.83
"469",2009-04-13,0,-0.555555555555556,256.025602464916,338.1,119.903,1783.08,44.83
"470",2009-04-14,2.53999999999996,-5,173.107206204789,325.85,120.001,1783.08,44.83
"471",2009-04-15,0,-0.555555555555556,219.033596849682,325.85,119.805,1783.08,44.83
"472",2009-04-16,0,1.66666666666667,295.347197180628,328.3,119.805,1783.08,44.83
"473",2009-04-17,0,2.77777777777778,322.035196312572,316.05,121.569,1783.08,44.83
"474",2009-04-18,0,3.33333333333333,351.232006835938,301.35,121.863,1783.08,44.83
"475",2009-04-19,0,7.77777777777778,349.44,286.65,122.696,1783.08,44.83
"476",2009-04-20,0,10,342.91201099537,259.7,124.46,1783.08,44.83
"477",2009-04-21,0,11.1111111111111,342.91201099537,227.85,127.596,1783.08,44.83
"478",2009-04-22,0,7.77777777777778,343.526387597656,191.1,128.625,1783.08,44.83
"479",2009-04-23,0,-1.11111111111111,270.822388755064,166.6,125.93,1783.08,44.83
"480",2009-04-24,0,-1.66666666666667,323.980819086372,159.25,124.362,1783.08,44.83
"481",2009-04-25,0,-0.555555555555556,291.033597618272,147,126.175,1783.08,44.83
"482",2009-04-26,0,0,304.127990451389,132.3,125.293,1783.08,44.83
"483",2009-04-27,7.62,0,176.947201475694,122.5,124.95,1783.08,44.83
"484",2009-04-28,2.53999999999996,-2.22222222222222,129.92,120.05,123.186,1783.08,44.83
"485",2009-04-29,5.08000000000004,-2.22222222222222,215.296007080078,122.5,121.569,1783.08,44.83
"486",2009-04-30,5.07999999999993,0,207.436813552518,124.95,120.295,1783.08,44.83
"487",2009-05-01,0,1.66666666666667,310.220816735388,127.4,122.059,1783.08,44.83
"488",2009-05-02,12.7,2.77777777777778,173.107193749096,120.05,125.244,1783.08,44.83
"489",2009-05-03,10.1600000000001,0,133.593596151168,107.8,126.469,1783.08,44.83
"490",2009-05-04,10.16,0,159.129595203993,110.25,128.282,1783.08,44.83
"491",2009-05-05,5.07999999999993,2.77777777777778,179.968002748843,110.25,131.418,1783.08,44.83
"492",2009-05-06,12.7,1.66666666666667,175.462391038231,93.1,126.91,1783.08,44.83
"493",2009-05-07,2.53999999999996,-1.11111111111111,179.276787284795,90.65,126.567,1783.08,44.83
"494",2009-05-08,2.53999999999996,0.555555555555556,368.640014648438,90.65,125.832,1783.08,44.83
"495",2009-05-09,0,2.77777777777778,336,88.2,122.549,1783.08,44.83
"496",2009-05-10,0,5.55555555555556,351.359985351562,75.95,120.246,1783.08,44.83
"497",2009-05-11,0,5,340.172817558232,53.9,117.992,1783.08,44.83
"498",2009-05-12,0,-1.66666666666667,191.34719835612,29.4,117.11,1783.08,44.83
"499",2009-05-13,5.08000000000015,0.555555555555556,278.220799573206,26.95,116.767,1783.08,44.83
"500",2009-05-14,7.61999999999989,3.88888888888889,239.30880015191,14.7,117.061,1783.08,44.83
"501",2009-05-15,0,4.44444444444444,377.446386964699,0,120.246,1783.08,44.83
"502",2009-05-16,0,9.44444444444444,385.804820641638,0,117.747,1783.08,44.83
"503",2009-05-17,0,13.3333333333333,374.054412997324,0,114.268,1783.08,44.83
"504",2009-05-18,0,13.8888888888889,362.700781832321,0,113.925,1783.08,44.83
"505",2009-05-19,0,6.11111111111111,339.046405085358,0,110.838,1783.08,44.83
"506",2009-05-20,0,2.77777777777778,356.787197044994,0,110.201,1783.08,44.83
"507",2009-05-21,0,7.22222222222222,382.911984863281,0,108.633,1783.08,44.83
"508",2009-05-22,0,10,369.024007568359,0,106.379,1783.08,44.83
"509",2009-05-23,5.08000000000004,8.88888888888889,253.95200378418,0,105.644,1783.08,44.83
"510",2009-05-24,0,9.44444444444444,343.449625188079,0,104.909,1783.08,44.83
"511",2009-05-25,0,9.44444444444444,353.433625477431,0,100.842,1783.08,44.83
"512",2009-05-26,0,9.44444444444444,341.452817513021,0,100.205,1783.08,44.83
"513",2009-05-27,0,11.1111111111111,329.574387588614,0,97.804,1783.08,44.83
"514",2009-05-28,10.16,12.2222222222222,315.507191624168,0,96.236,1783.08,44.83
"515",2009-05-29,5.08000000000004,12.7777777777778,229.094389035373,0,96.579,1783.08,44.83
"516",2009-05-30,0,13.8888888888889,289.382388167318,0,93.786,1783.08,44.83
"517",2009-05-31,0,12.7777777777778,238.643207271774,0,93.1,1783.08,44.83
"518",2009-06-01,2.53999999999996,12.2222222222222,256.844799817347,0,90.111,1783.08,44.83
"519",2009-06-02,0,10,177.971206403718,0,88.494,1783.08,44.83
"520",2009-06-03,7.62,10,169.881594715712,0,88.69,1783.08,44.83
"521",2009-06-04,17.78,10.5555555555556,229.977597342484,0,89.768,1783.08,44.83
"522",2009-06-05,7.62,7.77777777777778,177.062391083442,0,90.209,1783.08,44.83
"523",2009-06-06,5.08000000000004,7.77777777777778,170.956787375217,0,94.668,1783.08,44.83
"524",2009-06-07,5.07999999999993,5,179.097598789243,0,97.216,1783.08,44.83
"525",2009-06-08,0,6.66666666666667,262.540784771051,0,97.902,1783.08,44.83
"526",2009-06-09,0,8.33333333333333,286.72,0,97.51,1783.08,44.83
"527",2009-06-10,0,8.33333333333333,235.52,0,95.109,1783.08,44.83
"528",2009-06-11,0,8.33333333333333,243.7119921875,0,93.492,1783.08,44.83
"529",2009-06-12,12.7,7.22222222222222,135.167998046875,0,91.336,1783.08,44.83
"530",2009-06-13,27.9400000000001,7.22222222222222,145.407998046875,0,93.345,1783.08,44.83
"531",2009-06-14,7.61999999999989,7.22222222222222,92.16,0,111.818,1783.08,44.83
"532",2009-06-15,5.08000000000004,8.88888888888889,176.1280078125,0,115.591,1783.08,44.83
"533",2009-06-16,0,10,296.96,0,114.709,1783.08,44.83
"534",2009-06-17,0,9.44444444444444,241.66400390625,0,114.415,1783.08,44.83
"535",2009-06-18,0,9.44444444444444,321.53599609375,0,111.328,1783.08,44.83
"536",2009-06-19,2.53999999999996,7.77777777777778,157.69599609375,0,109.074,1783.08,44.83
"537",2009-06-20,0,6.66666666666667,280.57599609375,0,107.457,1783.08,44.83
"538",2009-06-21,7.62,2.77777777777778,116.73599609375,0,105.889,1783.08,44.83
"539",2009-06-22,0,3.33333333333333,290.81599609375,0,107.506,1783.08,44.83
"540",2009-06-23,0,8.88888888888889,344.063984375,0,107.212,1783.08,44.83
"541",2009-06-24,0,15,342.016015625,0,104.076,1783.08,44.83
"542",2009-06-25,0,12.2222222222222,296.96,0,102.557,1783.08,44.83
"543",2009-06-26,0,10,321.53599609375,0,99.813,1783.08,44.83
"544",2009-06-27,0,11.1111111111111,352.256015625,0,97.265,1783.08,44.83
"545",2009-06-28,0,15,331.776015625,0,97.804,1783.08,44.83
"546",2009-06-29,0,14.4444444444444,327.68,0,94.57,1783.08,44.83
"547",2009-06-30,0,13.3333333333333,323.58400390625,0,91.287,1783.08,44.83
"548",2009-07-01,0,13.8888888888889,331.776015625,0,87.465,1783.08,44.83
"549",2009-07-02,0,14.4444444444444,321.53599609375,0,84.868,1783.08,44.83
"550",2009-07-03,0,14.4444444444444,217.0880078125,0,83.349,1783.08,44.83
"551",2009-07-04,2.54000000000008,13.8888888888889,211.66078621781,0,78.694,1783.08,44.83
"552",2009-07-05,0,15,291.033595606373,0,75.95,1783.08,44.83
"553",2009-07-06,0,11.6666666666667,284.927991898148,0,73.647,1783.08,44.83
"554",2009-07-07,0,8.88888888888889,268.646388479275,0,73.402,1783.08,44.83
"555",2009-07-08,0,7.77777777777778,288.998387900572,0,70.168,1783.08,44.83
"556",2009-07-09,0,8.88888888888889,293.068783902995,0,66.444,1783.08,44.83
"557",2009-07-10,0,12.7777777777778,321.561596885851,0,57.281,1783.08,44.83
"558",2009-07-11,0,15.5555555555556,279.091207850477,0,61.887,1783.08,44.83
"559",2009-07-12,0,15,297.29280039605,0,57.183,1783.08,44.83
"560",2009-07-13,0,8.33333333333333,240.665595728443,0,55.713,1783.08,44.83
"561",2009-07-14,0,12.2222222222222,325.555210644531,0,55.713,1783.08,44.83
"562",2009-07-15,0,15,317.516799261248,0,55.174,1783.08,44.83
"563",2009-07-16,0,17.7777777777778,297.4207995506,0,53.9,1783.08,44.83
"564",2009-07-17,0,18.3333333333333,273.561604119647,0,45.57,1783.08,44.83
"565",2009-07-18,0,19.4444444444444,295.526412373409,0,46.403,1783.08,44.83
"566",2009-07-19,0,15.5555555555556,277.555200426794,0,45.178,1783.08,44.83
"567",2009-07-20,0,16.1111111111111,301.516816355614,0,41.258,1783.08,44.83
"568",2009-07-21,0,18.3333333333333,287.68,0,35.966,1783.08,44.83
"569",2009-07-22,0,20,287.68,0,32.438,1783.08,44.83
"570",2009-07-23,0,17.7777777777778,275.775992431641,0,31.85,1783.08,44.83
"571",2009-07-24,0,15,283.852784147136,0,32.487,1783.08,44.83
"572",2009-07-25,0,16.1111111111111,273.996784436487,0,30.233,1783.08,44.83
"573",2009-07-26,0,15,217.382410682509,0,28.665,1783.08,44.83
"574",2009-07-27,0,16.1111111111111,262.425596406612,0,24.794,1783.08,44.83
"575",2009-07-28,0,17.7777777777778,266.342411405888,0,22.589,1783.08,44.83
"576",2009-07-29,0,17.7777777777778,229.580800296586,0,22.932,1783.08,44.83
"577",2009-07-30,0,17.2222222222222,264.60160348669,0,18.767,1783.08,44.83
"578",2009-07-31,0,19.4444444444444,272.524815532769,0,18.522,1783.08,44.83
"579",2009-08-01,0,18.8888888888889,268.659200670934,0,15.435,1783.08,44.83
"580",2009-08-02,0,20,230.003199513527,0,16.121,1783.08,44.83
"581",2009-08-03,0,18.8888888888889,264.960003662109,0,13.034,1783.08,44.83
"582",2009-08-04,5.08000000000004,16.6666666666667,264.960003662109,0,13.965,1783.08,44.83
"583",2009-08-05,0,16.1111111111111,259.37919940502,0,15.092,1783.08,44.83
"584",2009-08-06,22.86,8.88888888888889,120.153599991862,0,10.682,1783.08,44.83
"585",2009-08-07,20.3199999999999,6.11111111111111,47.3600007233796,0,22.785,1783.08,44.83
"586",2009-08-08,0,8.88888888888889,225.433596216724,0,48.02,1783.08,44.83
"587",2009-08-09,0,11.6666666666667,238.963192736364,0,49.049,1783.08,44.83
"588",2009-08-10,0,14.4444444444444,263.423995949074,0,48.804,1783.08,44.83
"589",2009-08-11,0,16.1111111111111,274.713602953197,0,43.904,1783.08,44.83
"590",2009-08-12,0,12.7777777777778,199.961602627676,0,41.503,1783.08,44.83
"591",2009-08-13,0,9.44444444444444,170.06081239511,0,34.839,1783.08,44.83
"592",2009-08-14,0,6.11111111111111,174.463992919922,0,37.681,1783.08,44.83
"593",2009-08-15,0,6.66666666666667,243.136007080078,0,36.113,1783.08,44.83
"594",2009-08-16,0,9.44444444444444,258.047991898148,0,33.173,1783.08,44.83
"595",2009-08-17,0,11.6666666666667,248.8319921875,0,24.206,1783.08,44.83
"596",2009-08-18,0,14.4444444444444,272.729597328921,0,31.066,1783.08,44.83
"597",2009-08-19,0,17.7777777777778,263.577597184245,0,23.275,1783.08,44.83
"598",2009-08-20,0,20,254.463995949074,0,21.217,1783.08,44.83
"599",2009-08-21,0,17.2222222222222,250.828799473741,0,20.041,1783.08,44.83
"600",2009-08-22,0,15,256.28160477521,0,15.435,1783.08,44.83
"601",2009-08-23,0,12.7777777777778,234.624007523148,0,17.297,1783.08,44.83
"602",2009-08-24,0,13.3333333333333,283.136003417969,0,13.377,1783.08,44.83
"603",2009-08-25,0,15.5555555555556,249.087993164063,0,15.484,1783.08,44.83
"604",2009-08-26,0,16.1111111111111,259.763198338035,0,10.878,1783.08,44.83
"605",2009-08-27,0,19.4444444444444,254.361597428385,0,11.858,1783.08,44.83
"606",2009-08-28,0,19.4444444444444,224.332800305628,0,9.506,1783.08,44.83
"607",2009-08-29,0,12.7777777777778,196.403193414533,0,9.065,1783.08,44.83
"608",2009-08-30,0,12.2222222222222,227.967996238426,0,9.114,1783.08,44.83
"609",2009-08-31,0,13.8888888888889,228.044814221644,0,7.448,1783.08,44.83
"610",2009-09-01,0,16.1111111111111,217.600007233796,0,6.713,1783.08,44.83
"611",2009-09-02,0,16.6666666666667,221.184003295898,0,4.998,1783.08,44.83
"612",2009-09-03,0,15,219.455996704102,0,4.704,1783.08,44.83
"613",2009-09-04,0,15,243.558388510923,0,4.655,1783.08,44.83
"614",2009-09-05,0,14.4444444444444,229.836785702402,0,4.214,1783.08,44.83
"615",2009-09-06,0,7.77777777777778,190.66879999367,0,5.194,1783.08,44.83
"616",2009-09-07,0,5.55555555555556,177.407996961806,0,4.704,1783.08,44.83
"617",2009-09-08,0,7.77777777777778,236.543995949074,0,0.539,1783.08,44.83
"618",2009-09-09,0,12.7777777777778,221.337604440647,0,3.479,1783.08,44.83
"619",2009-09-10,0,14.4444444444444,214.63041060565,0,2.254,1783.08,44.83
"620",2009-09-11,0,16.6666666666667,224.64,0,0.98,1783.08,44.83
"621",2009-09-12,0,18.3333333333333,212.992003173828,0,0.784,1783.08,44.83
"622",2009-09-13,0,16.6666666666667,198.143993055556,0,2.058,1783.08,44.83
"623",2009-09-14,0,12.2222222222222,142.003201321976,0,1.666,1783.08,44.83
"624",2009-09-15,0,13.3333333333333,211.353597482639,0,0.392,1783.08,44.83
"625",2009-09-16,0,15.5555555555556,194.969597193287,0,0.539,1783.08,44.83
"626",2009-09-17,0,12.2222222222222,169.062390789569,0,1.176,1783.08,44.83
"627",2009-09-18,0,13.8888888888889,211.276813733363,0,0.147,1783.08,44.83
"628",2009-09-19,0,12.7777777777778,172.569603115958,0,0,1783.08,44.83
"629",2009-09-20,0,6.11111111111111,179.199996948242,0,0.588,1783.08,44.83
"630",2009-09-21,0,9.44444444444444,211.199996948242,0,0.245,1783.08,44.83
"631",2009-09-22,0,15.5555555555556,211.097595330584,0,0,1783.08,44.83
"632",2009-09-23,0,17.7777777777778,188.876787058739,0,0,1783.08,44.83
"633",2009-09-24,0,17.7777777777778,192.076800527163,0,0.245,1783.08,44.83
"634",2009-09-25,0,16.1111111111111,184.268799564164,0,0,1783.08,44.83
"635",2009-09-26,0,15,187.391996527778,0,0,1783.08,44.83
"636",2009-09-27,0,11.6666666666667,182.758409782805,0,0.196,1783.08,44.83
"637",2009-09-28,0,13.3333333333333,195.14881319987,0,0,1783.08,44.83
"638",2009-09-29,0,2.77777777777778,104.448002929688,0,0,1783.08,44.83
"639",2009-09-30,0,-0.555555555555556,79.8719970703125,0,0,1783.08,44.83
"640",2009-10-01,2.54,1.11111111111111,80.7295998381437,0,0,1783.08,44.83
"641",2009-10-02,0,2.77777777777778,127.948789328342,0,0.294,1783.08,44.83
"642",2009-10-03,2.54,-1.11111111111111,28.6976001896611,0,0,1783.08,44.83
"643",2009-10-04,2.54,-0.555555555555556,36.2496021348742,2.45,0,1783.08,44.83
"644",2009-10-05,0,0.555555555555556,119.807997685185,2.45,0,1783.08,44.83
"645",2009-10-06,0,2.77777777777778,160.358409082031,0,0,1783.08,44.83
"646",2009-10-07,0,3.33333333333333,141.056005497685,0,0,1783.08,44.83
"647",2009-10-08,0,2.77777777777778,135.423997192383,0,0,1783.08,44.83
"648",2009-10-09,0,0.555555555555556,66.24,0,0,1783.08,44.83
"649",2009-10-10,0,-2.22222222222222,93.3887976878978,0,0.049,1783.08,44.83
"650",2009-10-11,0,-2.22222222222222,118.195200878906,0,0,1783.08,44.83
"651",2009-10-12,0,0.555555555555556,133.068799903248,0,0,1783.08,44.83
"652",2009-10-13,20.32,1.66666666666667,44.8383995175962,0,0,1783.08,44.83
"653",2009-10-14,17.78,3.33333333333333,44.4415977358218,0,0.441,1783.08,44.83
"654",2009-10-15,0,4.44444444444444,80.2815970124422,0,50.127,1783.08,44.83
"655",2009-10-16,0,7.22222222222222,123.609602324761,0,50.47,1783.08,44.83
"656",2009-10-17,0,8.33333333333333,112.24320592674,0,47.628,1783.08,44.83
"657",2009-10-18,2.54,6.11111111111111,108.415997314453,0,45.521,1783.08,44.83
"658",2009-10-19,0,3.88888888888889,92.0831948499892,0,45.227,1783.08,44.83
"659",2009-10-20,2.54,2.77777777777778,110.220796758807,0,40.082,1783.08,44.83
"660",2009-10-21,0,3.33333333333333,53.9136024468316,0,40.474,1783.08,44.83
"661",2009-10-22,0,2.22222222222222,111.974407617188,0,44.247,1783.08,44.83
"662",2009-10-23,10.16,4.44444444444444,68.4799985532407,0,37.191,1783.08,44.83
"663",2009-10-24,0,1.11111111111111,117.785602736183,0,44.296,1783.08,44.83
"664",2009-10-25,0,1.11111111111111,126.182407969835,0,45.57,1783.08,44.83
"665",2009-10-26,2.54000000000001,0.555555555555556,85.4784062337241,0,38.514,1783.08,44.83
"666",2009-10-27,2.53999999999999,-3.88888888888889,48.3839987182617,7.35,39.837,1783.08,44.83
"667",2009-10-28,0,-5,95.4239987182617,9.8,42.826,1783.08,44.83
"668",2009-10-29,12.7,-2.77777777777778,105.164796697772,9.8,43.169,1783.08,44.83
"669",2009-10-30,2.54000000000001,3.88888888888889,110.489597735822,19.6,44.394,1783.08,44.83
"670",2009-10-31,0,4.44444444444444,113.382407517723,7.35,66.591,1783.08,44.83
"671",2009-11-01,0,0.555555555555556,110.745597401259,4.9,67.767,1783.08,44.83
"672",2009-11-02,0,0.555555555555556,126.566407807075,2.45,66.101,1783.08,44.83
"673",2009-11-03,0,2.22222222222222,125.337602202691,0,63.994,1783.08,44.83
"674",2009-11-04,0,5,112.281602492043,0,58.849,1783.08,44.83
"675",2009-11-05,0,7.22222222222222,103.42400462963,0,52.969,1783.08,44.83
"676",2009-11-06,2.53999999999999,0.555555555555556,54.2975999647351,0,54.39,1783.08,44.83
"677",2009-11-07,0,-1.11111111111111,69.1200012207031,4.9,51.989,1783.08,44.83
"678",2009-11-08,0,-1.11111111111111,83.2,4.9,53.508,1783.08,44.83
"679",2009-11-09,2.54000000000001,-0.555555555555556,59.5583948631005,2.45,51.205,1783.08,44.83
"680",2009-11-10,0,0.555555555555556,70.9631955507632,4.9,52.773,1783.08,44.83
"681",2009-11-11,7.62,-1.11111111111111,35.4815977753816,4.9,49.343,1783.08,44.83
"682",2009-11-12,2.53999999999999,-5.55555555555556,76.5184005687572,4.9,51.401,1783.08,44.83
"683",2009-11-13,5.08,-7.22222222222222,61.4656026141132,9.8,49.098,1783.08,44.83
"684",2009-11-14,0,-7.77777777777778,101.811195259151,14.7,47.971,1783.08,44.83
"685",2009-11-15,2.53999999999999,-6.11111111111111,81.9455969061958,14.7,47.481,1783.08,44.83
"686",2009-11-16,2.54000000000001,-3.33333333333333,99.3279976851852,17.15,51.254,1783.08,44.83
"687",2009-11-17,2.53999999999999,0.555555555555556,49.1520023148148,17.15,51.891,1783.08,44.83
"688",2009-11-18,0,-3.88888888888889,88.4736018229165,19.6,51.94,1783.08,44.83
"689",2009-11-19,0,-2.77777777777778,60.8,17.15,48.51,1783.08,44.83
"690",2009-11-20,2.54000000000002,-1.66666666666667,54.72,19.6,50.813,1783.08,44.83
"691",2009-11-21,2.53999999999999,-5,60.8,24.5,52.773,1783.08,44.83
"692",2009-11-22,5.08,-5,43.3151993733724,24.5,50.911,1783.08,44.83
"693",2009-11-23,0,-5,98.6623988914207,29.4,51.499,1783.08,44.83
"694",2009-11-24,0,-1.11111111111111,83.0208021457248,29.4,49.147,1783.08,44.83
"695",2009-11-25,0,0,83.0208021457248,31.85,43.904,1783.08,44.83
"696",2009-11-26,2.53999999999999,-0.555555555555556,61.9007992341218,29.4,46.011,1783.08,44.83
"697",2009-11-27,5.08000000000001,-1.11111111111111,60.7104003404405,31.85,50.078,1783.08,44.83
"698",2009-11-28,0,-2.22222222222222,95.2320023148148,36.75,49.294,1783.08,44.83
"699",2009-11-29,0,-0.555555555555556,97.7407998444733,36.75,48.216,1783.08,44.83
"700",2009-11-30,0,1.11111111111111,89.4975966778791,36.75,48.02,1783.08,44.83
"701",2009-12-01,0,-3.88888888888889,94.2079976851852,36.75,51.156,1783.08,44.83
"702",2009-12-02,0,-6.66666666666667,95.3856021484374,34.3,43.169,1783.08,44.83
"703",2009-12-03,0,-6.66666666666667,93.1839988425926,39.2,45.325,1783.08,44.83
"704",2009-12-04,0,-5.55555555555556,96.6784010208695,41.65,42.826,1783.08,44.83
"705",2009-12-05,0,-10,83.8655967366537,44.1,48.902,1783.08,44.83
"706",2009-12-06,0,-13.3333333333333,73.3824013102213,44.1,46.403,1783.08,44.83
"707",2009-12-07,0,-16.6666666666667,92.0191999679,41.65,50.715,1783.08,44.83
"708",2009-12-08,0,-19.4444444444444,81.5359989872685,39.2,51.107,1783.08,44.83
"709",2009-12-09,0,-16.1111111111111,95.6160021972656,39.2,48.559,1783.08,44.83
"710",2009-12-10,0,-13.3333333333333,82.9439978027344,39.2,49.931,1783.08,44.83
"711",2009-12-11,0,-10.5555555555556,86.4,41.65,45.472,1783.08,44.83
"712",2009-12-12,5.07999999999998,-5.55555555555556,49.5360021972656,44.1,50.078,1783.08,44.83
"713",2009-12-13,2.53999999999999,-4.44444444444444,46.08,49,49.735,1783.08,44.83
"714",2009-12-14,5.08000000000001,-5,50.6880010986328,49,41.503,1783.08,44.83
"715",2009-12-15,35.56,-3.88888888888889,17.28,53.9,46.893,1783.08,44.83
"716",2009-12-16,12.7,-1.11111111111111,23.04,90.65,43.953,1783.08,44.83
"717",2009-12-17,2.53999999999999,-0.555555555555556,28.8,100.45,40.915,1783.08,44.83
"718",2009-12-18,0,-1.66666666666667,52.9919989013672,105.35,45.472,1783.08,44.83
"719",2009-12-19,7.61999999999998,-1.11111111111111,23.04,105.35,45.717,1783.08,44.83
"720",2009-12-20,5.08000000000001,-1.11111111111111,20.7359994506836,110.25,47.481,1783.08,44.83
"721",2009-12-21,7.62,-1.66666666666667,44.9280010986328,117.6,45.031,1783.08,44.83
"722",2009-12-22,0,-7.77777777777778,58.7519989013672,122.5,43.806,1783.08,44.83
"723",2009-12-23,0,-7.77777777777778,85.2480010986328,122.5,41.944,1783.08,44.83
"724",2009-12-24,0,-5,89.8560021972656,122.5,40.425,1783.08,44.83
"725",2009-12-25,0,-3.88888888888889,85.2480010986328,122.5,42.042,1783.08,44.83
"726",2009-12-26,0,-7.77777777777778,67.9680010986328,122.5,41.111,1783.08,44.83
"727",2009-12-27,0,-7.77777777777778,57.6,122.5,41.797,1783.08,44.83
"728",2009-12-28,0,-7.22222222222222,32.2559994506836,122.5,45.864,1783.08,44.83
"729",2009-12-29,5.07999999999998,-7.22222222222222,48.3839978027344,122.5,44.59,1783.08,44.83
"730",2009-12-30,5.07999999999998,-5,40.32,129.85,43.806,1783.08,44.83
"731",2009-12-31,20.32,-5.55555555555556,28.8,134.75,43.316,1783.08,44.83
"732",2010-01-01,12.7,-2.22222222222222,42.6240005493164,154.35,42.287,1783.08,44.83
"733",2010-01-02,0,-2.77777777777778,91.0080010986328,166.6,39.935,1783.08,44.83
"734",2010-01-03,0,-3.88888888888889,66.3935969536676,166.6,40.18,1783.08,44.83
"735",2010-01-04,7.62,-3.33333333333333,44.2623988948116,166.6,42.189,1783.08,44.83
"736",2010-01-05,20.32,0,39.6032006189417,173.95,42.189,1783.08,44.83
"737",2010-01-06,0,-2.22222222222222,105.996803126808,191.1,46.501,1783.08,44.83
"738",2010-01-07,0,-7.77777777777778,92.0191999679,186.2,53.459,1783.08,44.83
"739",2010-01-08,0,-7.77777777777778,85.9648001338252,183.75,56.203,1783.08,44.83
"740",2010-01-09,2.53999999999996,-3.88888888888889,90.675195525897,181.3,55.615,1783.08,44.83
"741",2010-01-10,0,-2.77777777777778,50.6368010018807,186.2,56.546,1783.08,44.83
"742",2010-01-11,0,-1.11111111111111,42.3935978352865,186.2,60.662,1783.08,44.83
"743",2010-01-12,10.16,-0.555555555555556,41.6640010127315,188.65,59.829,1783.08,44.83
"744",2010-01-13,5.08000000000004,-1.11111111111111,47.6160011574074,193.55,61.103,1783.08,44.83
"745",2010-01-14,0,-2.77777777777778,97.6128001021773,200.9,60.711,1783.08,44.83
"746",2010-01-15,0,-2.22222222222222,59.5200014467593,200.9,58.8,1783.08,44.83
"747",2010-01-16,5.07999999999993,-1.11111111111111,38.5024010366934,200.9,59.241,1783.08,44.83
"748",2010-01-17,5.07999999999998,-2.22222222222222,22.860799988019,203.35,59.927,1783.08,44.83
"749",2010-01-18,5.08000000000004,-1.11111111111111,44.5184011090314,205.8,61.299,1783.08,44.83
"750",2010-01-19,0,-1.66666666666667,47.424001159668,210.7,60.27,1783.08,44.83
"751",2010-01-20,5.07999999999998,-2.77777777777778,29.184001159668,210.7,59.78,1783.08,44.83
"752",2010-01-21,2.54000000000002,-2.22222222222222,85.12,215.6,57.771,1783.08,44.83
"753",2010-01-22,0,-3.88888888888889,87.2448029369212,215.6,60.123,1783.08,44.83
"754",2010-01-23,5.07999999999998,-4.44444444444444,68.8128020688657,213.15,62.132,1783.08,44.83
"755",2010-01-24,5.07999999999998,-5.55555555555556,79.8720037615741,218.05,61.691,1783.08,44.83
"756",2010-01-25,2.54000000000002,-3.33333333333333,37.2479991319444,222.95,59.633,1783.08,44.83
"757",2010-01-26,10.16,-3.33333333333333,50.9055976295754,225.4,60.27,1783.08,44.83
"758",2010-01-27,0,-5,129.203205372902,235.2,63.112,1783.08,44.83
"759",2010-01-28,0,-5,109.132800124783,232.75,61.446,1783.08,44.83
"760",2010-01-29,0,-3.33333333333333,102.860799980107,232.75,59.633,1783.08,44.83
"761",2010-01-30,2.53999999999996,-3.88888888888889,46.8863984630443,235.2,57.673,1783.08,44.83
"762",2010-01-31,5.08000000000004,-2.77777777777778,79.8335987711587,240.1,56.791,1783.08,44.83
"763",2010-02-01,2.53999999999996,-3.88888888888889,125.440002441406,245,57.477,1783.08,44.83
"764",2010-02-02,0,-3.88888888888889,102.4,247.45,60.27,1783.08,44.83
"765",2010-02-03,5.07999999999998,-3.88888888888889,69.1200012207031,249.9,62.426,1783.08,44.83
"766",2010-02-04,5.08000000000004,-3.88888888888889,71.1040031828704,254.8,62.034,1783.08,44.83
"767",2010-02-05,10.16,-2.22222222222222,96.9600043402778,262.15,60.221,1783.08,44.83
"768",2010-02-06,0,-2.77777777777778,101.83680023329,271.95,61.838,1783.08,44.83
"769",2010-02-07,0,-2.77777777777778,148.83839172092,271.95,57.967,1783.08,44.83
"770",2010-02-08,0,-5,151.616003327546,271.95,54.88,1783.08,44.83
"771",2010-02-09,0,-4.44444444444444,75.1487991346571,274.4,59.927,1783.08,44.83
"772",2010-02-10,5.07999999999998,-4.44444444444444,109.158392715567,271.95,58.8,1783.08,44.83
"773",2010-02-11,10.16,-2.22222222222222,70.5535994719328,274.4,57.33,1783.08,44.83
"774",2010-02-12,0,-1.66666666666667,77.9520025634766,284.2,55.615,1783.08,44.83
"775",2010-02-13,2.54000000000002,-1.66666666666667,141.12,284.2,58.506,1783.08,44.83
"776",2010-02-14,2.53999999999996,-1.11111111111111,50.2016027881764,284.2,59.682,1783.08,44.83
"777",2010-02-15,0,-1.66666666666667,120.755199974681,289.1,58.408,1783.08,44.83
"778",2010-02-16,2.54000000000002,-1.11111111111111,138.329602302156,289.1,61.152,1783.08,44.83
"779",2010-02-17,0,-2.22222222222222,146.547194291631,294,56.84,1783.08,44.83
"780",2010-02-18,0,-3.33333333333333,174.182408919271,294,58.016,1783.08,44.83
"781",2010-02-19,0,-4.44444444444444,179.712003761574,294,60.956,1783.08,44.83
"782",2010-02-20,0,-6.66666666666667,186.956786923105,291.55,62.034,1783.08,44.83
"783",2010-02-21,0,-7.77777777777778,196.723197162543,286.65,57.036,1783.08,44.83
"784",2010-02-22,0,-4.44444444444444,206.975997314453,284.2,60.417,1783.08,44.83
"785",2010-02-23,2.54000000000002,-3.33333333333333,135.168005371094,279.3,60.858,1783.08,44.83
"786",2010-02-24,5.07999999999998,-2.22222222222222,88.0896008780019,279.3,62.72,1783.08,44.83
"787",2010-02-25,2.54000000000002,-1.66666666666667,117.926407513202,284.2,59.731,1783.08,44.83
"788",2010-02-26,5.07999999999998,-1.66666666666667,35.8399992766204,286.65,63.847,1783.08,44.83
"789",2010-02-27,0,-1.11111111111111,136.191997251157,294,58.947,1783.08,44.83
"790",2010-02-28,0,0,209.728004195602,296.45,61.397,1783.08,44.83
"791",2010-03-01,0,1.11111111111111,192.371206607169,298.9,62.72,1783.08,44.83
"792",2010-03-02,2.53999999999996,0.555555555555556,137.164788993779,298.9,58.898,1783.08,44.83
"793",2010-03-03,5.08000000000004,-0.555555555555556,166.336002807617,298.9,58.702,1783.08,44.83
"794",2010-03-04,0,0,182.527994384766,301.35,63.602,1783.08,44.83
"795",2010-03-05,0,-1.11111111111111,206.387202379919,298.9,62.034,1783.08,44.83
"796",2010-03-06,0,0,213.811202669271,296.45,61.691,1783.08,44.83
"797",2010-03-07,0,1.11111111111111,215.654390120443,294,66.493,1783.08,44.83
"798",2010-03-08,0,-2.77777777777778,200.678390409795,291.55,63.063,1783.08,44.83
"799",2010-03-09,0,-8.33333333333333,211.456004050926,294,68.747,1783.08,44.83
"800",2010-03-10,0,-6.11111111111111,197.862409552228,294,68.306,1783.08,44.83
"801",2010-03-11,5.07999999999998,-2.77777777777778,230.003197072121,294,73.01,1783.08,44.83
"802",2010-03-12,7.62000000000006,-1.11111111111111,120.332796880877,291.55,69.874,1783.08,44.83
"803",2010-03-13,0,-5,136.703994140625,296.45,71.736,1783.08,44.83
"804",2010-03-14,0,-2.77777777777778,255.552009548611,296.45,72.618,1783.08,44.83
"805",2010-03-15,0,0,233.868814646629,298.9,73.941,1783.08,44.83
"806",2010-03-16,0,4.44444444444444,235.801601587818,296.45,71.736,1783.08,44.83
"807",2010-03-17,0,0.555555555555556,223.308798840784,291.55,77.224,1783.08,44.83
"808",2010-03-18,0,-0.555555555555556,242.457598450159,291.55,83.496,1783.08,44.83
"809",2010-03-19,0,-0.555555555555556,236.160004340278,294,89.18,1783.08,44.83
"810",2010-03-20,2.53999999999991,0.555555555555556,238.079991319444,289.1,91.385,1783.08,44.83
"811",2010-03-21,5.07999999999998,0.555555555555556,126.97599537037,286.65,94.668,1783.08,44.83
"812",2010-03-22,2.54000000000008,-2.77777777777778,137.600006103516,291.55,92.218,1783.08,44.83
"813",2010-03-23,2.54000000000002,-1.66666666666667,266.112009548611,296.45,95.158,1783.08,44.83
"814",2010-03-24,0,0.555555555555556,219.340814022714,296.45,95.648,1783.08,44.83
"815",2010-03-25,5.07999999999998,-1.11111111111111,121.919997829861,294,94.423,1783.08,44.83
"816",2010-03-26,0,-3.33333333333333,146.303997395833,296.45,96.089,1783.08,44.83
"817",2010-03-27,2.53999999999991,-0.555555555555556,208.076800549768,301.35,96.824,1783.08,44.83
"818",2010-03-28,0,1.66666666666667,162.201596614583,296.45,96.236,1783.08,44.83
"819",2010-03-29,7.62000000000006,1.66666666666667,163.468787972005,298.9,97.216,1783.08,44.83
"820",2010-03-30,0,-3.88888888888889,170.073597188766,284.2,106.82,1783.08,44.83
"821",2010-03-31,0,-5,144.767996826172,286.65,109.515,1783.08,44.83
"822",2010-04-01,0,-5,246.489605308702,289.1,107.8,1783.08,44.83
"823",2010-04-02,17.78,-5,122.406407422779,291.55,108.143,1783.08,44.83
"824",2010-04-03,0,-6.66666666666667,217.958389822049,298.9,107.212,1783.08,44.83
"825",2010-04-04,2.54000000000002,-5,189.235193536603,296.45,106.232,1783.08,44.83
"826",2010-04-05,5.07999999999998,-2.77777777777778,170.240002893519,296.45,106.624,1783.08,44.83
"827",2010-04-06,2.54000000000002,-3.33333333333333,173.644799704319,294,107.506,1783.08,44.83
"828",2010-04-07,0,0,324.172782519531,298.9,105.742,1783.08,44.83
"829",2010-04-08,0,-3.88888888888889,274.431990740741,294,106.869,1783.08,44.83
"830",2010-04-09,0,-5,330.048006591797,294,107.212,1783.08,44.83
"831",2010-04-10,2.53999999999996,-1.11111111111111,229.824003295898,298.9,107.261,1783.08,44.83
"832",2010-04-11,0,3.88888888888889,269.824008969907,296.45,107.31,1783.08,44.83
"833",2010-04-12,7.62,1.66666666666667,175.359997106481,286.65,107.947,1783.08,44.83
"834",2010-04-13,2.54000000000008,0,152.563194137912,294,109.76,1783.08,44.83
"835",2010-04-14,0,1.66666666666667,284.390411396846,303.8,111.132,1783.08,44.83
"836",2010-04-15,0,4.44444444444444,298.521598151765,301.35,112.21,1783.08,44.83
"837",2010-04-16,0,6.66666666666667,322.035196312572,289.1,117.845,1783.08,44.83
"838",2010-04-17,0,5.55555555555556,311.359989872685,274.4,120.442,1783.08,44.83
"839",2010-04-18,0,6.11111111111111,318.975986328125,259.7,121.03,1783.08,44.83
"840",2010-04-19,0,8.33333333333333,329.727993164063,240.1,122.108,1783.08,44.83
"841",2010-04-20,20.32,6.66666666666667,218.380813887081,218.05,124.803,1783.08,44.83
"842",2010-04-21,2.53999999999996,3.88888888888889,93.8495995668763,203.35,125.293,1783.08,44.83
"843",2010-04-22,2.53999999999996,3.88888888888889,221.747193003111,186.2,124.362,1783.08,44.83
"844",2010-04-23,0,2.77777777777778,332.620780837674,166.6,123.578,1783.08,44.83
"845",2010-04-24,0,1.11111111111111,230.630410628255,149.45,123.578,1783.08,44.83
"846",2010-04-25,0,1.66666666666667,329.472005208333,142.1,124.313,1783.08,44.83
"847",2010-04-26,0,6.11111111111111,309.657576215278,132.3,125.195,1783.08,44.83
"848",2010-04-27,10.16,1.66666666666667,223.027200028935,115.15,125.832,1783.08,44.83
"849",2010-04-28,2.54000000000008,-2.22222222222222,131.77599822998,105.35,124.803,1783.08,44.83
"850",2010-04-29,0,-2.22222222222222,207.871996459961,107.8,119.756,1783.08,44.83
"851",2010-04-30,0,-1.11111111111111,248.550411261213,107.8,117.943,1783.08,44.83
"852",2010-05-01,10.16,-1.11111111111111,134.553600602213,107.8,117.404,1783.08,44.83
"853",2010-05-02,2.54000000000008,1.11111111111111,327.398387787544,115.15,117.649,1783.08,44.83
"854",2010-05-03,2.53999999999985,0.555555555555556,255.897603242549,110.25,121.569,1783.08,44.83
"855",2010-05-04,5.08000000000015,-3.88888888888889,221.644799772135,100.45,121.373,1783.08,44.83
"856",2010-05-05,12.6999999999999,-3.88888888888889,125.030400103082,105.35,120.001,1783.08,44.83
"857",2010-05-06,0,-2.22222222222222,320.409575726997,117.6,118.531,1783.08,44.83
"858",2010-05-07,0,0,322.316782944517,117.6,116.522,1783.08,44.83
"859",2010-05-08,0,1.66666666666667,270.720007324219,117.6,115.787,1783.08,44.83
"860",2010-05-09,0,2.22222222222222,332.159985351563,115.15,117.159,1783.08,44.83
"861",2010-05-10,7.62,0.555555555555556,119.039996337891,110.25,122.01,1783.08,44.83
"862",2010-05-11,10.16,3.33333333333333,224.20481408601,110.25,124.264,1783.08,44.83
"863",2010-05-12,0,4.44444444444444,318.912009548611,102.9,125.734,1783.08,44.83
"864",2010-05-13,0,5.55555555555556,359.935994646991,83.3,120.295,1783.08,44.83
"865",2010-05-14,0,7.22222222222222,342.425602329282,61.25,118.237,1783.08,44.83
"866",2010-05-15,0,8.88888888888889,324.915210011574,41.65,116.62,1783.08,44.83
"867",2010-05-16,0,10,287.884800518121,12.25,116.179,1783.08,44.83
"868",2010-05-17,2.53999999999996,8.88888888888889,229.132799650065,4.9,114.415,1783.08,44.83
"869",2010-05-18,15.24,4.44444444444444,132.07039236292,4.9,112.455,1783.08,44.83
"870",2010-05-19,2.54000000000008,4.44444444444444,256.255992476852,4.9,116.375,1783.08,44.83
"871",2010-05-20,0,-0.555555555555556,234.572785593895,4.9,117.257,1783.08,44.83
"872",2010-05-21,10.16,-1.66666666666667,174.59200378418,2.45,115.493,1783.08,44.83
"873",2010-05-22,0,-1.11111111111111,222.20799621582,9.8,115.248,1783.08,44.83
"874",2010-05-23,0,0.555555555555556,265.855992431641,4.9,115.15,1783.08,44.83
"875",2010-05-24,5.08000000000004,0,285.542412084057,4.9,116.62,1783.08,44.83
"876",2010-05-25,0,3.88888888888889,277.555200426794,4.9,119.07,1783.08,44.83
"877",2010-05-26,15.24,3.33333333333333,197.683198111979,7.35,117.257,1783.08,44.83
"878",2010-05-27,20.32,1.66666666666667,120.575998263889,7.35,122.451,1783.08,44.83
"879",2010-05-28,0,1.11111111111111,223.06560445421,0,126.567,1783.08,44.83
"880",2010-05-29,2.53999999999985,2.22222222222222,273.30560373083,0,123.627,1783.08,44.83
"881",2010-05-30,0,4.44444444444444,315.507191624168,0,119.511,1783.08,44.83
"882",2010-05-31,7.62,5.55555555555556,171.904002459491,0,118.825,1783.08,44.83
"883",2010-06-01,7.62000000000012,5,143.590400125687,0,117.551,1783.08,44.83
"884",2010-06-02,35.5599999999999,6.11111111111111,109.209603491211,0,121.177,1783.08,44.83
"885",2010-06-03,7.62,4.44444444444444,171.904002459491,0,134.652,1783.08,44.83
"886",2010-06-04,27.9400000000001,6.66666666666667,225.907201340061,0,125.783,1783.08,44.83
"887",2010-06-05,0,6.66666666666667,339.878405862991,0,129.997,1783.08,44.83
"888",2010-06-06,2.53999999999996,8.33333333333333,219.801597631836,0,123.284,1783.08,44.83
"889",2010-06-07,0,7.22222222222222,313.420783324291,0,123.823,1783.08,44.83
"890",2010-06-08,2.53999999999996,8.33333333333333,356.159989872685,0,121.226,1783.08,44.83
"891",2010-06-09,12.7,6.11111111111111,237.5680078125,0,116.963,1783.08,44.83
"892",2010-06-10,2.53999999999996,2.22222222222222,147.45599609375,0,125.146,1783.08,44.83
"893",2010-06-11,0,4.44444444444444,299.0080078125,0,122.304,1783.08,44.83
"894",2010-06-12,0,9.44444444444444,337.92,0,122.206,1783.08,44.83
"895",2010-06-13,0,11.1111111111111,354.303984375,0,116.914,1783.08,44.83
"896",2010-06-14,2.53999999999996,9.44444444444444,346.1119921875,0,116.228,1783.08,44.83
"897",2010-06-15,0,5.55555555555556,339.9680078125,0,113.484,1783.08,44.83
"898",2010-06-16,0,1.11111111111111,229.37599609375,0,113.435,1783.08,44.83
"899",2010-06-17,0,2.77777777777778,307.2,0,111.573,1783.08,44.83
"900",2010-06-18,0,7.77777777777778,352.256015625,0,109.123,1783.08,44.83
"901",2010-06-19,7.62,8.33333333333333,221.18400390625,0,107.702,1783.08,44.83
"902",2010-06-20,7.62,4.44444444444444,81.92,0,105.497,1783.08,44.83
"903",2010-06-21,0,6.11111111111111,290.81599609375,0,106.967,1783.08,44.83
"904",2010-06-22,0,10,348.16,0,108.143,1783.08,44.83
"905",2010-06-23,2.53999999999996,11.6666666666667,309.2480078125,0,106.918,1783.08,44.83
"906",2010-06-24,25.4000000000001,11.6666666666667,227.3280078125,0,104.223,1783.08,44.83
"907",2010-06-25,2.53999999999985,10.5555555555556,286.72,0,114.611,1783.08,44.83
"908",2010-06-26,0,11.6666666666667,329.7280078125,0,114.954,1783.08,44.83
"909",2010-06-27,0,13.3333333333333,333.823984375,0,111.475,1783.08,44.83
"910",2010-06-28,0,15.5555555555556,339.9680078125,0,107.065,1783.08,44.83
"911",2010-06-29,0,13.3333333333333,329.7280078125,0,104.713,1783.08,44.83
"912",2010-06-30,0,8.88888888888889,325.6319921875,0,101.185,1783.08,44.83
"913",2010-07-01,2.54000000000008,10.5555555555556,319.4880078125,0,101.43,1783.08,44.83
"914",2010-07-02,0,5,151.552001953125,0,99.666,1783.08,44.83
"915",2010-07-03,0,6.11111111111111,276.48,0,95.746,1783.08,44.83
"916",2010-07-04,0,8.88888888888889,329.702406152343,0,96.04,1783.08,44.83
"917",2010-07-05,0,8.33333333333333,295.103991608796,0,94.374,1783.08,44.83
"918",2010-07-06,0,10.5555555555556,321.561594738317,0,91.924,1783.08,44.83
"919",2010-07-07,0,12.7777777777778,319.526387032516,0,88.739,1783.08,44.83
"920",2010-07-08,0,16.1111111111111,323.596783034939,0,83.055,1783.08,44.83
"921",2010-07-09,0,16.6666666666667,305.279991319444,0,81.977,1783.08,44.83
"922",2010-07-10,0,16.6666666666667,277.068800106698,0,82.859,1783.08,44.83
"923",2010-07-11,0,16.1111111111111,287.180800251374,0,74.97,1783.08,44.83
"924",2010-07-12,0,13.3333333333333,301.337596596499,0,72.422,1783.08,44.83
"925",2010-07-13,0,7.77777777777778,283.136004050926,0,66.983,1783.08,44.83
"926",2010-07-14,0,10.5555555555556,331.583995225694,0,64.729,1783.08,44.83
"927",2010-07-15,0,16.1111111111111,327.564779951534,0,65.66,1783.08,44.83
"928",2010-07-16,0,17.2222222222222,295.41119191352,0,61.544,1783.08,44.83
"929",2010-07-17,0,16.6666666666667,303.513604987702,0,59.29,1783.08,44.83
"930",2010-07-18,0,14.4444444444444,279.552008101852,0,50.96,1783.08,44.83
"931",2010-07-19,0,12.7777777777778,299.520008680556,0,51.205,1783.08,44.83
"932",2010-07-20,0,14.4444444444444,307.507201294849,0,49.784,1783.08,44.83
"933",2010-07-21,0,15.5555555555556,248,0,42.532,1783.08,44.83
"934",2010-07-22,0,14.4444444444444,275.775992431641,0,44.492,1783.08,44.83
"935",2010-07-23,0,12.7777777777778,295.615992431641,0,39.788,1783.08,44.83
"936",2010-07-24,0,16.1111111111111,303.564783568432,0,38.514,1783.08,44.83
"937",2010-07-25,0,18.8888888888889,285.823991608796,0,29.4,1783.08,44.83
"938",2010-07-26,12.7,16.1111111111111,184.089595249204,0,33.124,1783.08,44.83
"939",2010-07-27,0,15,236.966410971861,0,27.636,1783.08,44.83
"940",2010-07-28,0,14.4444444444444,215.42400318287,0,27.391,1783.08,44.83
"941",2010-07-29,0,16.1111111111111,278.220799573206,0,26.117,1783.08,44.83
"942",2010-07-30,2.53999999999996,16.6666666666667,186.777604644097,0,20.776,1783.08,44.83
"943",2010-07-31,0,14.4444444444444,228.070410515227,0,21.217,1783.08,44.83
"944",2010-08-01,0,13.3333333333333,262.860815243417,0,21.266,1783.08,44.83
"945",2010-08-02,0,15.5555555555556,268.659200670934,0,18.326,1783.08,44.83
"946",2010-08-03,0,16.6666666666667,241.920007324219,0,20.188,1783.08,44.83
"947",2010-08-04,0,17.2222222222222,257.279992675781,0,16.611,1783.08,44.83
"948",2010-08-05,2.54000000000008,16.6666666666667,192.627201430483,0,13.818,1783.08,44.83
"949",2010-08-06,2.53999999999996,15.5555555555556,162.111995081019,0,14.063,1783.08,44.83
"950",2010-08-07,0,13.3333333333333,248.166411017072,0,16.415,1783.08,44.83
"951",2010-08-08,0,13.3333333333333,248.166411017072,0,12.642,1783.08,44.83
"952",2010-08-09,0,13.8888888888889,225.791996527778,0,13.23,1783.08,44.83
"953",2010-08-10,2.53999999999996,11.1111111111111,163.699193893772,0,12.936,1783.08,44.83
"954",2010-08-11,7.62,6.66666666666667,116.659194617151,0,11.172,1783.08,44.83
"955",2010-08-12,0,10.5555555555556,242.944007523148,0,10.731,1783.08,44.83
"956",2010-08-13,0,12.7777777777778,220.518410393157,0,8.281,1783.08,44.83
"957",2010-08-14,0,13.3333333333333,257.983992919922,0,9.114,1783.08,44.83
"958",2010-08-15,0,16.1111111111111,256.128003540039,0,10.388,1783.08,44.83
"959",2010-08-16,0,17.2222222222222,254.361595529514,0,8.82,1783.08,44.83
"960",2010-08-17,0,17.2222222222222,265.420784635417,0,10.486,1783.08,44.83
"961",2010-08-18,2.54000000000008,14.4444444444444,212.326410338903,0,6.223,1783.08,44.83
"962",2010-08-19,0,13.8888888888889,243.443207339591,0,5.635,1783.08,44.83
"963",2010-08-20,0,14.4444444444444,263.551995804398,0,4.214,1783.08,44.83
"964",2010-08-21,0,13.8888888888889,245.37599609375,0,4.998,1783.08,44.83
"965",2010-08-22,0,8.88888888888889,209.356813597729,0,6.272,1783.08,44.83
"966",2010-08-23,0,8.33333333333333,277.939202027271,0,2.499,1783.08,44.83
"967",2010-08-24,0,13.3333333333333,263.423996582031,0,4.116,1783.08,44.83
"968",2010-08-25,0,17.7777777777778,265.216003417969,0,4.998,1783.08,44.83
"969",2010-08-26,2.53999999999985,16.1111111111111,291.78878372215,0,2.058,1783.08,44.83
"970",2010-08-27,0,6.66666666666667,243.763207362196,0,1.813,1783.08,44.83
"971",2010-08-28,0,5,114.816001880787,0,3.969,1783.08,44.83
"972",2010-08-29,0,5.55555555555556,189.388800219727,0,4.165,1783.08,44.83
"973",2010-08-30,2.54000000000008,5,142.041604345703,0,1.96,1783.08,44.83
"974",2010-08-31,0,6.11111111111111,201.932813353588,0,2.744,1783.08,44.83
"975",2010-09-01,2.53999999999996,7.77777777777778,163.63519879919,0,3.381,1783.08,44.83
"976",2010-09-02,0,10,241.92,0,1.617,1783.08,44.83
"977",2010-09-03,0,15,240.191993408203,0,1.764,1783.08,44.83
"978",2010-09-04,0,12.2222222222222,241.843198383246,0,1.274,1783.08,44.83
"979",2010-09-05,0,2.77777777777778,185.241597021484,0,1.176,1783.08,44.83
"980",2010-09-06,0,6.11111111111111,238.336004050926,0,0.294,1783.08,44.83
"981",2010-09-07,0,8.88888888888889,189.235193536603,0,1.764,1783.08,44.83
"982",2010-09-08,5.08000000000015,5,67.5839988425926,0,0.441,1783.08,44.83
"983",2010-09-09,2.53999999999985,3.88888888888889,73.7792041454175,0,0.588,1783.08,44.83
"984",2010-09-10,0,5.55555555555556,217.984007523148,0,0.833,1783.08,44.83
"985",2010-09-11,0,9.44444444444444,221.312003173828,0,1.715,1783.08,44.83
"986",2010-09-12,0,12.2222222222222,222.975993652344,0,0.686,1783.08,44.83
"987",2010-09-13,0,12.2222222222222,209.702389501049,0,0,1783.08,44.83
"988",2010-09-14,0,11.1111111111111,171.724787682654,0,0.392,1783.08,44.83
"989",2010-09-15,0,12.2222222222222,198.246409751158,0,0.147,1783.08,44.83
"990",2010-09-16,0,12.2222222222222,163.840002893519,0,0.392,1783.08,44.83
"991",2010-09-17,0,12.7777777777778,167.436800120262,0,0,1783.08,44.83
"992",2010-09-18,0,11.1111111111111,148.377602247902,0,0,1783.08,44.83
"993",2010-09-19,5.08000000000004,7.77777777777778,119.347205820493,0,0,1783.08,44.83
"994",2010-09-20,0,5.55555555555556,144,0,1.715,1783.08,44.83
"995",2010-09-21,0,6.11111111111111,152,0,0.294,1783.08,44.83
"996",2010-09-22,0,6.11111111111111,185.702390201823,0,0.392,1783.08,44.83
"997",2010-09-23,0,6.66666666666667,201.574389623119,0,0,1783.08,44.83
"998",2010-09-24,0,10,198.374409651693,0,0,1783.08,44.83
"999",2010-09-25,0,13.8888888888889,203.007996238426,0,0.392,1783.08,44.83
"1000",2010-09-26,0,13.8888888888889,190.515193491392,0,0,1783.08,44.83
"1001",2010-09-27,0,15.5555555555556,198.246410361509,0,0.147,1783.08,44.83
"1002",2010-09-28,0,15.5555555555556,188.953604106084,0,0.049,1783.08,44.83
"1003",2010-09-29,0,13.8888888888889,188.928002929687,0,0,1783.08,44.83
"1004",2010-09-30,0,15.5555555555556,185.856005859375,0,0.441,1783.08,44.83
"1005",2010-10-01,0,17.2222222222222,182.783993055556,0,0.441,1783.08,44.83
"1006",2010-10-02,0,17.2222222222222,181.260787302879,0,0.049,1783.08,44.83
"1007",2010-10-03,15.24,11.6666666666667,104.217603436957,0,0.294,1783.08,44.83
"1008",2010-10-04,0,6.11111111111111,86.0927987684461,0,0.441,1783.08,44.83
"1009",2010-10-05,0,6.66666666666667,140.774391567202,0,0.49,1783.08,44.83
"1010",2010-10-06,0,9.44444444444444,160.358409082031,0,0.539,1783.08,44.83
"1011",2010-10-07,17.78,6.11111111111111,46.0288003779658,0,0.294,1783.08,44.83
"1012",2010-10-08,0,5.55555555555556,100.096002807617,0,0.147,1783.08,44.83
"1013",2010-10-09,2.54,7.22222222222222,76.5439971923828,0,0,1783.08,44.83
"1014",2010-10-10,2.54,9.44444444444444,113.817598269314,0,0.392,1783.08,44.83
"1015",2010-10-11,0,1.66666666666667,112.358392760778,0,0.294,1783.08,44.83
"1016",2010-10-12,0,4.44444444444444,151.872003038194,0,0.588,1783.08,44.83
"1017",2010-10-13,0,7.22222222222222,137.408002748843,0,0.147,1783.08,44.83
"1018",2010-10-14,0,9.44444444444444,141.926391666667,0,0.147,1783.08,44.83
"1019",2010-10-15,0,5.55555555555556,106.086399225984,0,0.294,1783.08,44.83
"1020",2010-10-16,0,6.66666666666667,127.872005208333,0,0,1783.08,44.83
"1021",2010-10-17,0,5,127.872005208333,0,0,1783.08,44.83
"1022",2010-10-18,0,5.55555555555556,139.391994628906,0,0,1783.08,44.83
"1023",2010-10-19,0,7.22222222222222,140.915199477358,0,0,1783.08,44.83
"1024",2010-10-20,0,7.77777777777778,121.382392304145,0,0,1783.08,44.83
"1025",2010-10-21,0,8.88888888888889,128.563205327691,0,0.049,1783.08,44.83
"1026",2010-10-22,0,6.11111111111111,98.1504007360387,0,0.147,1783.08,44.83
"1027",2010-10-23,7.62,3.33333333333333,49.305597652181,0,0.147,1783.08,44.83
"1028",2010-10-24,22.86,-0.555555555555556,34.2399992766204,4.9,0,1783.08,44.83
"1029",2010-10-25,5.08,-1.66666666666667,31.2064006840458,14.7,0.588,1783.08,44.83
"1030",2010-10-26,2.53999999999999,-2.77777777777778,35.2768002106843,14.7,3.234,1783.08,44.83
"1031",2010-10-27,2.54000000000001,-1.11111111111111,64.5120025634766,17.15,9.555,1783.08,44.83
"1032",2010-10-28,5.08,0,40.32,17.15,13.083,1783.08,44.83
"1033",2010-10-29,0,1.66666666666667,59.9039973958333,19.6,14.406,1783.08,44.83
"1034",2010-10-30,5.08,2.22222222222222,49.2543984935619,17.15,15.876,1783.08,44.83
"1035",2010-10-31,5.08000000000001,1.66666666666667,44.8256022411205,12.25,27.342,1783.08,44.83
"1036",2010-11-01,2.53999999999999,3.88888888888889,58.0096025304724,4.9,40.964,1783.08,44.83
"1037",2010-11-02,0,6.11111111111111,97.561603398528,0,46.55,1783.08,44.83
"1038",2010-11-03,0,6.66666666666667,99.2255965558088,0,48.412,1783.08,44.83
"1039",2010-11-04,0,7.22222222222222,101.83680023329,0,43.757,1783.08,44.83
"1040",2010-11-05,0,7.22222222222222,64.6400028935185,0,43.806,1783.08,44.83
"1041",2010-11-06,0,8.33333333333333,82.7392049366139,4.9,40.964,1783.08,44.83
"1042",2010-11-07,7.61999999999999,1.11111111111111,78.0799987792969,4.9,41.846,1783.08,44.83
"1043",2010-11-08,0,-2.77777777777778,52.4799987792969,2.45,40.964,1783.08,44.83
"1044",2010-11-09,5.08,-3.88888888888889,46.8863984630443,2.45,46.599,1783.08,44.83
"1045",2010-11-10,0,-3.33333333333333,74.7647977941442,12.25,41.65,1783.08,44.83
"1046",2010-11-11,0,-3.33333333333333,105.177597613751,9.8,42.63,1783.08,44.83
"1047",2010-11-12,0,-2.77777777777778,82.7904007134331,12.25,42.728,1783.08,44.83
"1048",2010-11-13,5.08000000000001,-1.66666666666667,67.7376027587891,14.7,44.786,1783.08,44.83
"1049",2010-11-14,7.61999999999999,3.33333333333333,50.9055976295754,17.15,45.325,1783.08,44.83
"1050",2010-11-15,0,2.77777777777778,24.8319994212963,7.35,50.029,1783.08,44.83
"1051",2010-11-16,2.54000000000002,0,42.2144002002857,7.35,46.158,1783.08,44.83
"1052",2010-11-17,0,0,57.7536003761573,4.9,53.312,1783.08,44.83
"1053",2010-11-18,0,-2.22222222222222,99.5328093750002,4.9,56.595,1783.08,44.83
"1054",2010-11-19,0,-5.55555555555556,59.584001159668,9.8,55.321,1783.08,44.83
"1055",2010-11-20,0,-5.55555555555556,79.04,14.7,56.007,1783.08,44.83
"1056",2010-11-21,2.53999999999999,-6.11111111111111,48.64,19.6,56.987,1783.08,44.83
"1057",2010-11-22,20.32,-7.22222222222222,30.0800003616898,22.05,55.566,1783.08,44.83
"1058",2010-11-23,0,-15,117.913603712746,44.1,55.615,1783.08,44.83
"1059",2010-11-24,0,-17.2222222222222,115.507205978733,41.65,53.753,1783.08,44.83
"1060",2010-11-25,2.54000000000002,-11.6666666666667,70.9888020010489,41.65,54.194,1783.08,44.83
"1061",2010-11-26,2.53999999999996,-9.44444444444444,57.1392036593968,44.1,50.715,1783.08,44.83
"1062",2010-11-27,10.16,-7.22222222222222,46.4256022637262,46.55,54.39,1783.08,44.83
"1063",2010-11-28,2.53999999999999,-7.22222222222222,73.8047995234736,56.35,48.853,1783.08,44.83
"1064",2010-11-29,0,-9.44444444444444,98.918393077257,58.8,50.519,1783.08,44.83
"1065",2010-11-30,30.48,-7.77777777777778,17.6639995659722,58.8,51.891,1783.08,44.83
"1066",2010-12-01,5.08000000000001,-4.44444444444444,41.2159989872685,88.2,53.459,1783.08,44.83
"1067",2010-12-02,7.61999999999998,-2.77777777777778,44.7487983389395,93.1,51.94,1783.08,44.83
"1068",2010-12-03,0,-8.33333333333333,95.5135965919777,100.45,51.205,1783.08,44.83
"1069",2010-12-04,2.54000000000002,-4.44444444444444,79.2064012378834,95.55,52.969,1783.08,44.83
"1070",2010-12-05,2.53999999999999,-1.66666666666667,44.2623988948116,100.45,49.833,1783.08,44.83
"1071",2010-12-06,0,-1.11111111111111,44.2623988948116,98,45.815,1783.08,44.83
"1072",2010-12-07,0,-1.66666666666667,45.4272005466037,100.45,46.403,1783.08,44.83
"1073",2010-12-08,5.07999999999998,-0.555555555555556,44.2623988948116,98,46.207,1783.08,44.83
"1074",2010-12-09,7.62000000000003,-1.11111111111111,28.8,102.9,54.096,1783.08,44.83
"1075",2010-12-10,5.07999999999998,-3.88888888888889,28.8,107.8,48.118,1783.08,44.83
"1076",2010-12-11,22.86,-3.33333333333333,52.9919989013672,115.15,47.873,1783.08,44.83
"1077",2010-12-12,5.07999999999998,1.66666666666667,40.32,134.75,50.029,1783.08,44.83
"1078",2010-12-13,7.62,1.11111111111111,25.3440005493164,139.65,60.907,1783.08,44.83
"1079",2010-12-14,0,-2.22222222222222,84.0960021972656,132.3,83.447,1783.08,44.83
"1080",2010-12-15,0,-6.66666666666667,70.2719989013672,127.4,86.338,1783.08,44.83
"1081",2010-12-16,0,-7.77777777777778,73.7280010986328,122.5,85.309,1783.08,44.83
"1082",2010-12-17,0,-8.33333333333333,80.64,120.05,83.349,1783.08,44.83
"1083",2010-12-18,12.7,-6.11111111111111,52.9919989013672,115.15,86.289,1783.08,44.83
"1084",2010-12-19,25.4,-5,36.8640005493164,129.85,84.525,1783.08,44.83
"1085",2010-12-20,0,-5,28.8,151.9,84.329,1783.08,44.83
"1086",2010-12-21,0,-4.44444444444444,46.08,154.35,83.643,1783.08,44.83
"1087",2010-12-22,5.07999999999998,-3.33333333333333,21.8879997253418,154.35,81.438,1783.08,44.83
"1088",2010-12-23,0,-3.33333333333333,64.5119989013672,159.25,81.34,1783.08,44.83
"1089",2010-12-24,0,-3.33333333333333,36.8640005493164,159.25,77.42,1783.08,44.83
"1090",2010-12-25,0,-3.33333333333333,50.6880010986328,159.25,78.596,1783.08,44.83
"1091",2010-12-26,7.62000000000006,-3.88888888888889,36.8640005493164,159.25,82.859,1783.08,44.83
"1092",2010-12-27,15.24,-5,33.4080010986328,166.6,81.487,1783.08,44.83
"1093",2010-12-28,33.02,-2.77777777777778,24.1919989013672,178.85,81.977,1783.08,44.83
"1094",2010-12-29,12.7,-7.77777777777778,67.9680010986328,208.25,79.331,1783.08,44.83
"1095",2010-12-30,0,-13.3333333333333,94.4639978027344,220.5,79.037,1783.08,44.83
"1096",2010-12-31,0,-15,104.832004394531,220.5,80.605,1783.08,44.83
"1097",2011-01-01,0,-13.8888888888889,93.3120043945312,218.05,77.028,1783.08,44.83
"1098",2011-01-02,0,-9.44444444444444,93.3120043945312,218.05,79.037,1783.08,44.83
"1099",2011-01-03,0,-7.22222222222222,95.5135965919777,218.05,77.91,1783.08,44.83
"1100",2011-01-04,0,-6.66666666666667,86.195200040238,218.05,76.783,1783.08,44.83
"1101",2011-01-05,0,-3.33333333333333,78.0415968089916,218.05,78.057,1783.08,44.83
"1102",2011-01-06,0,-2.22222222222222,74.5472001849139,218.05,78.106,1783.08,44.83
"1103",2011-01-07,2.54000000000002,-1.66666666666667,80.3712001125759,218.05,81.683,1783.08,44.83
"1104",2011-01-08,0,-7.22222222222222,88.3199978298611,220.5,79.87,1783.08,44.83
"1105",2011-01-09,5.07999999999998,-9.44444444444444,52.9919986979167,222.95,76.881,1783.08,44.83
"1106",2011-01-10,0,-11.1111111111111,70.6559982638889,230.3,78.155,1783.08,44.83
"1107",2011-01-11,2.54000000000002,-11.1111111111111,45.9263999945746,227.85,77.812,1783.08,44.83
"1108",2011-01-12,10.16,-5,65.4720015914352,230.3,77.371,1783.08,44.83
"1109",2011-01-13,7.62,-0.555555555555556,38.0928014935529,235.2,78.694,1783.08,44.83
"1110",2011-01-14,2.54000000000002,0.555555555555556,30.9503996170609,245,79.625,1783.08,44.83
"1111",2011-01-15,15.24,0,34.5216019743743,249.9,80.066,1783.08,44.83
"1112",2011-01-16,35.5600000000001,3.88888888888889,38.5024010366934,264.6,79.282,1783.08,44.83
"1113",2011-01-17,0,1.11111111111111,74.5983986020688,240.1,106.232,1783.08,44.83
"1114",2011-01-18,7.61999999999995,-3.33333333333333,44.5184011090314,235.2,105.252,1783.08,44.83
"1115",2011-01-19,0,-7.22222222222222,91.2,245,103.292,1783.08,44.83
"1116",2011-01-20,5.08000000000004,-3.33333333333333,82.6880023193359,242.55,105.252,1783.08,44.83
"1117",2011-01-21,10.16,0,53.504001159668,249.9,103.145,1783.08,44.83
"1118",2011-01-22,0,-1.66666666666667,98.3040046296296,252.35,106.428,1783.08,44.83
"1119",2011-01-23,0,1.11111111111111,110.592005208333,247.45,105.105,1783.08,44.83
"1120",2011-01-24,2.54000000000002,1.11111111111111,65.1264054108797,249.9,105.546,1783.08,44.83
"1121",2011-01-25,0,-0.555555555555556,83.1871956931786,249.9,106.428,1783.08,44.83
"1122",2011-01-26,0,0,101.811195259151,249.9,106.33,1783.08,44.83
"1123",2011-01-27,0,-1.11111111111111,96.5887998354311,249.9,107.555,1783.08,44.83
"1124",2011-01-28,0,-4.44444444444444,82.7904007134331,249.9,108.094,1783.08,44.83
"1125",2011-01-29,0,-1.66666666666667,94.0800021701389,247.45,107.114,1783.08,44.83
"1126",2011-01-30,0,-1.66666666666667,101.37599537037,245,106.036,1783.08,44.83
"1127",2011-01-31,0,-6.11111111111111,127.987198989077,245,106.624,1783.08,44.83
"1128",2011-02-01,0,-11.1111111111111,140.8,242.55,107.8,1783.08,44.83
"1129",2011-02-02,0,-5,143.359997558594,235.2,106.575,1783.08,44.83
"1130",2011-02-03,2.53999999999996,0.555555555555556,138.240002441406,227.85,107.065,1783.08,44.83
"1131",2011-02-04,2.54000000000002,2.22222222222222,103.42400462963,225.4,107.163,1783.08,44.83
"1132",2011-02-05,0,-0.555555555555556,71.1040031828704,227.85,107.261,1783.08,44.83
"1133",2011-02-06,5.07999999999998,0,62.6688011013454,230.3,108.829,1783.08,44.83
"1134",2011-02-07,2.54000000000008,-3.33333333333333,77.0303995379412,245,110.005,1783.08,44.83
"1135",2011-02-08,0,-6.66666666666667,116.019205060945,254.8,111.034,1783.08,44.83
"1136",2011-02-09,0,-7.77777777777778,138.432003038194,257.25,108.192,1783.08,44.83
"1137",2011-02-10,2.53999999999991,-3.33333333333333,155.750390690104,259.7,109.025,1783.08,44.83
"1138",2011-02-11,2.54000000000008,0,94.5151946216725,257.25,108.976,1783.08,44.83
"1139",2011-02-12,0,1.66666666666667,116.927997436523,257.25,107.065,1783.08,44.83
"1140",2011-02-13,0,0.555555555555556,110.207997436523,252.35,109.123,1783.08,44.83
"1141",2011-02-14,0,1.66666666666667,77.3376007107204,249.9,108.486,1783.08,44.83
"1142",2011-02-15,5.07999999999998,0.555555555555556,73.2672044189454,247.45,109.221,1783.08,44.83
"1143",2011-02-16,2.54000000000002,-6.11111111111111,90.3935967841255,249.9,107.457,1783.08,44.83
"1144",2011-02-17,5.07999999999998,-7.22222222222222,54.7839988425926,254.8,108.241,1783.08,44.83
"1145",2011-02-18,7.62,-5.55555555555556,94.0032046043114,264.6,108.241,1783.08,44.83
"1146",2011-02-19,2.53999999999996,-5.55555555555556,70.502400157335,269.5,105.595,1783.08,44.83
"1147",2011-02-20,2.53999999999996,-6.66666666666667,94.8735987259475,269.5,105.497,1783.08,44.83
"1148",2011-02-21,0,-7.22222222222222,166.02878779116,267.05,107.212,1783.08,44.83
"1149",2011-02-22,5.08000000000004,-7.22222222222222,70.4,262.15,106.624,1783.08,44.83
"1150",2011-02-23,5.07999999999993,-8.88888888888889,70.4,264.6,106.918,1783.08,44.83
"1151",2011-02-24,0,-10,149.184006076389,264.6,107.408,1783.08,44.83
"1152",2011-02-25,0,-13.8888888888889,204.595202913411,259.7,107.261,1783.08,44.83
"1153",2011-02-26,0,-12.2222222222222,212.172798451968,254.8,107.8,1783.08,44.83
"1154",2011-02-27,2.54000000000008,-7.77777777777778,117.55519489294,254.8,106.967,1783.08,44.83
"1155",2011-02-28,2.53999999999996,-3.88888888888889,72.3200014467593,252.35,106.918,1783.08,44.83
"1156",2011-03-01,2.54000000000008,-1.66666666666667,127.283205305085,252.35,105.203,1783.08,44.83
"1157",2011-03-02,2.53999999999996,-0.555555555555556,89.0111950783059,254.8,106.918,1783.08,44.83
"1158",2011-03-03,0,-3.33333333333333,163.392005615234,264.6,104.615,1783.08,44.83
"1159",2011-03-04,0,-3.33333333333333,181.056002807617,271.95,104.517,1783.08,44.83
"1160",2011-03-05,7.61999999999989,-1.66666666666667,99.4816010452835,279.3,103.243,1783.08,44.83
"1161",2011-03-06,0,-2.22222222222222,179.660812666378,291.55,103.586,1783.08,44.83
"1162",2011-03-07,0,-4.44444444444444,167.731193902814,296.45,103.586,1783.08,44.83
"1163",2011-03-08,7.62000000000012,-4.44444444444444,139.276800165473,301.35,103.194,1783.08,44.83
"1164",2011-03-09,7.62,-1.11111111111111,129.894408250145,311.15,102.949,1783.08,44.83
"1165",2011-03-10,2.53999999999996,-1.11111111111111,125.36320528248,318.5,103.733,1783.08,44.83
"1166",2011-03-11,0,-5,193.44638974519,320.95,102.508,1783.08,44.83
"1167",2011-03-12,2.53999999999996,-3.33333333333333,161.459199676287,323.4,103.782,1783.08,44.83
"1168",2011-03-13,7.62,-1.66666666666667,104.448002929688,328.3,101.381,1783.08,44.83
"1169",2011-03-14,2.54000000000008,-2.22222222222222,140.940811174407,335.65,101.136,1783.08,44.83
"1170",2011-03-15,22.8599999999999,-0.555555555555556,69.6960026041667,335.65,102.557,1783.08,44.83
"1171",2011-03-16,7.62000000000012,-4.44444444444444,109.311997974537,360.15,102.165,1783.08,44.83
"1172",2011-03-17,0,-5,184.268799564164,369.95,102.263,1783.08,44.83
"1173",2011-03-18,2.53999999999985,-2.22222222222222,103.910400408257,374.85,103.243,1783.08,44.83
"1174",2011-03-19,2.54000000000008,-4.44444444444444,168.460800093135,379.75,102.116,1783.08,44.83
"1175",2011-03-20,17.78,-2.22222222222222,123.801598513455,382.2,103.047,1783.08,44.83
"1176",2011-03-21,10.1600000000001,-2.22222222222222,106.342393095342,396.9,101.332,1783.08,44.83
"1177",2011-03-22,0,-5.55555555555556,252.800003051758,406.7,101.822,1783.08,44.83
"1178",2011-03-23,7.61999999999989,-3.88888888888889,182.246409615524,406.7,102.41,1783.08,44.83
"1179",2011-03-24,5.08000000000015,-1.66666666666667,145.152005208333,411.6,103.341,1783.08,44.83
"1180",2011-03-25,5.07999999999993,-5,169.062390789569,416.5,102.312,1783.08,44.83
"1181",2011-03-26,7.62,-3.33333333333333,131.673603857422,418.95,104.517,1783.08,44.83
"1182",2011-03-27,5.08000000000004,-5,170.393596759259,426.3,102.41,1783.08,44.83
"1183",2011-03-28,2.53999999999985,-3.88888888888889,167.116799826389,441,104.027,1783.08,44.83
"1184",2011-03-29,17.7800000000001,-2.22222222222222,151.910391526512,443.45,104.664,1783.08,44.83
"1185",2011-03-30,5.08000000000004,3.88888888888889,158.515200743272,455.7,102.263,1783.08,44.83
"1186",2011-03-31,0,5.55555555555556,244.607996826172,463.05,112.014,1783.08,44.83
"1187",2011-04-01,0,5.55555555555556,295.11681658167,445.9,121.226,1783.08,44.83
"1188",2011-04-02,2.53999999999996,-2.77777777777778,196.185603572591,433.65,126.959,1783.08,44.83
"1189",2011-04-03,2.53999999999996,-3.33333333333333,292.300782103588,423.85,122.157,1783.08,44.83
"1190",2011-04-04,7.62,0,143.615997540509,426.3,119.854,1783.08,44.83
"1191",2011-04-05,2.53999999999996,-1.66666666666667,146.406408982567,431.2,119.56,1783.08,44.83
"1192",2011-04-06,0,-4.44444444444444,262.169597961878,433.65,121.226,1783.08,44.83
"1193",2011-04-07,0,-6.11111111111111,296.729576902489,436.1,120.932,1783.08,44.83
"1194",2011-04-08,2.54000000000008,-2.22222222222222,253.849594706669,441,120.148,1783.08,44.83
"1195",2011-04-09,0,-1.11111111111111,312.768006591797,443.45,119.07,1783.08,44.83
"1196",2011-04-10,2.53999999999996,0.555555555555556,279.936013183594,441,118.923,1783.08,44.83
"1197",2011-04-11,0,-0.555555555555556,276.787202560764,438.55,119.364,1783.08,44.83
"1198",2011-04-12,0,-1.11111111111111,331.430387841797,438.55,119.462,1783.08,44.83
"1199",2011-04-13,2.53999999999996,-1.11111111111111,203.417603332972,436.1,119.364,1783.08,44.83
"1200",2011-04-14,2.54000000000008,-3.88888888888889,217.267206928168,438.55,118.237,1783.08,44.83
"1201",2011-04-15,20.32,-1.11111111111111,128.947205481409,443.45,120.834,1783.08,44.83
"1202",2011-04-16,5.07999999999993,2.22222222222222,186.815993923611,455.7,118.825,1783.08,44.83
"1203",2011-04-17,0,0,266.879991319444,455.7,124.264,1783.08,44.83
"1204",2011-04-18,0,-3.88888888888889,272.383996582031,445.9,125.391,1783.08,44.83
"1205",2011-04-19,0,-3.88888888888889,333.312006835937,443.45,124.754,1783.08,44.83
"1206",2011-04-20,5.08000000000004,-1.66666666666667,205.747199712456,445.9,123.48,1783.08,44.83
"1207",2011-04-21,0,-3.88888888888889,207.552006655093,445.9,121.912,1783.08,44.83
"1208",2011-04-22,0,-2.77777777777778,358.067208166956,448.35,122.01,1783.08,44.83
"1209",2011-04-23,2.53999999999996,0,338.073601551649,450.8,120.295,1783.08,44.83
"1210",2011-04-24,2.53999999999996,-0.555555555555556,183.040002893519,445.9,122.843,1783.08,44.83
"1211",2011-04-25,7.62,-1.66666666666667,162.90559559281,441,121.226,1783.08,44.83
"1212",2011-04-26,2.54000000000008,-2.22222222222222,193.535993923611,450.8,122.549,1783.08,44.83
"1213",2011-04-27,2.53999999999996,1.11111111111111,348.36478203125,453.25,123.921,1783.08,44.83
"1214",2011-04-28,2.53999999999996,-2.22222222222222,165.183992919922,450.8,122.108,1783.08,44.83
"1215",2011-04-29,2.53999999999996,-3.33333333333333,211.583992919922,448.35,120.785,1783.08,44.83
"1216",2011-04-30,0,-1.11111111111111,306.483202361834,453.25,123.039,1783.08,44.83
"1217",2011-05-01,0,1.66666666666667,370.02239720052,453.25,123.529,1783.08,44.83
"1218",2011-05-02,5.08000000000004,1.66666666666667,231.436800029839,448.35,121.863,1783.08,44.83
"1219",2011-05-03,0,-1.66666666666667,238.963192736364,443.45,126.322,1783.08,44.83
"1220",2011-05-04,0,2.22222222222222,376.985598531539,438.55,126.175,1783.08,44.83
"1221",2011-05-05,0,5,322.048004918981,431.2,125.93,1783.08,44.83
"1222",2011-05-06,5.08000000000004,2.22222222222222,127.78239248499,416.5,129.85,1783.08,44.83
"1223",2011-05-07,0,2.22222222222222,247.935992476852,409.15,126.42,1783.08,44.83
"1224",2011-05-08,0,0,224.639996337891,399.35,130.291,1783.08,44.83
"1225",2011-05-09,0,1.66666666666667,241.920007324219,392,127.057,1783.08,44.83
"1226",2011-05-10,0,5.55555555555556,337.920007324219,382.2,129.458,1783.08,44.83
"1227",2011-05-11,0,7.22222222222222,353.702395844184,360.15,133.378,1783.08,44.83
"1228",2011-05-12,2.53999999999996,3.88888888888889,239.667199802879,338.1,133.819,1783.08,44.83
"1229",2011-05-13,0,8.33333333333333,365.772779716435,325.85,134.603,1783.08,44.83
"1230",2011-05-14,10.1600000000001,7.77777777777778,235.417603920717,296.45,149.891,1783.08,44.83
"1231",2011-05-15,38.0999999999999,1.11111111111111,149.811194061053,264.6,150.479,1783.08,44.83
"1232",2011-05-16,10.1600000000001,-1.11111111111111,170.38079878201,259.7,146.363,1783.08,44.83
"1233",2011-05-17,2.53999999999985,-0.555555555555556,201.715206715676,269.5,137.249,1783.08,44.83
"1234",2011-05-18,0,2.77777777777778,272.025595773654,274.4,133.574,1783.08,44.83
"1235",2011-05-19,0,6.66666666666667,295.679991319444,269.5,135.877,1783.08,44.83
"1236",2011-05-20,0,7.77777777777778,311.449594616247,249.9,147.343,1783.08,44.83
"1237",2011-05-21,5.08000000000004,5,259.904007568359,222.95,150.136,1783.08,44.83
"1238",2011-05-22,0,4.44444444444444,297.6,205.8,146.853,1783.08,44.83
"1239",2011-05-23,2.54000000000008,1.66666666666667,111.10399810791,186.2,148.617,1783.08,44.83
"1240",2011-05-24,2.54000000000008,3.33333333333333,311.500816644965,176.4,144.158,1783.08,44.83
"1241",2011-05-25,20.3199999999999,2.77777777777778,211.660813751447,164.15,142.345,1783.08,44.83
"1242",2011-05-26,2.53999999999996,-1.11111111111111,191.692813172743,161.7,145.089,1783.08,44.83
"1243",2011-05-27,7.62,0,166.796801431387,156.8,142.394,1783.08,44.83
"1244",2011-05-28,2.53999999999996,-0.555555555555556,148.7103997753,164.15,141.022,1783.08,44.83
"1245",2011-05-29,2.54000000000008,2.22222222222222,168.806389903429,164.15,136.073,1783.08,44.83
"1246",2011-05-30,5.07999999999981,2.77777777777778,194.931193360279,151.9,133.868,1783.08,44.83
"1247",2011-05-31,0,3.88888888888889,287.180800251374,139.65,132.104,1783.08,44.83
"1248",2011-06-01,0,2.77777777777778,220.441595439091,120.05,129.311,1783.08,44.83
"1249",2011-06-02,2.54000000000008,0,131.456001880787,107.8,128.037,1783.08,44.83
"1250",2011-06-03,0,3.33333333333333,325.606412373409,105.35,126.665,1783.08,44.83
"1251",2011-06-04,0,8.33333333333333,350.05440557364,88.2,125.244,1783.08,44.83
"1252",2011-06-05,0,10,319.526387032516,46.55,122.696,1783.08,44.83
"1253",2011-06-06,2.54000000000008,7.22222222222222,170.956787375217,14.7,123.333,1783.08,44.83
"1254",2011-06-07,0,7.22222222222222,337.84319815719,7.35,119.854,1783.08,44.83
"1255",2011-06-08,0,1.66666666666667,242.188785349754,0,119.609,1783.08,44.83
"1256",2011-06-09,0,5,348.16,0,118.335,1783.08,44.83
"1257",2011-06-10,5.08000000000004,5,161.792001953125,0,116.522,1783.08,44.83
"1258",2011-06-11,5.07999999999993,5,212.9919921875,0,115.591,1783.08,44.83
"1259",2011-06-12,5.08000000000004,6.66666666666667,249.85599609375,0,118.237,1783.08,44.83
"1260",2011-06-13,0,7.22222222222222,303.10400390625,0,115.248,1783.08,44.83
"1261",2011-06-14,0,7.77777777777778,356.3519921875,0,113.631,1783.08,44.83
"1262",2011-06-15,0,3.33333333333333,253.9519921875,0,112.994,1783.08,44.83
"1263",2011-06-16,0,4.44444444444444,331.776015625,0,109.711,1783.08,44.83
"1264",2011-06-17,0,7.22222222222222,350.2080078125,0,108.192,1783.08,44.83
"1265",2011-06-18,12.7,5.55555555555556,112.64,0,107.261,1783.08,44.83
"1266",2011-06-19,0,6.11111111111111,282.62400390625,0,106.967,1783.08,44.83
"1267",2011-06-20,0,8.88888888888889,348.16,0,111.965,1783.08,44.83
"1268",2011-06-21,0,12.2222222222222,344.063984375,0,107.849,1783.08,44.83
"1269",2011-06-22,0,13.8888888888889,331.776015625,0,104.223,1783.08,44.83
"1270",2011-06-23,0,9.44444444444444,319.4880078125,0,100.009,1783.08,44.83
"1271",2011-06-24,0,6.11111111111111,321.53599609375,0,99.666,1783.08,44.83
"1272",2011-06-25,0,7.22222222222222,339.9680078125,0,95.011,1783.08,44.83
"1273",2011-06-26,0,10,333.823984375,0,94.962,1783.08,44.83
"1274",2011-06-27,0,13.3333333333333,317.44,0,93.443,1783.08,44.83
"1275",2011-06-28,2.53999999999996,13.3333333333333,229.37599609375,0,84.819,1783.08,44.83
"1276",2011-06-29,0,9.44444444444444,241.66400390625,0,86.24,1783.08,44.83
"1277",2011-06-30,0,7.77777777777778,280.57599609375,0,85.26,1783.08,44.83
"1278",2011-07-01,0,9.44444444444444,344.063984375,0,79.429,1783.08,44.83
"1279",2011-07-02,0,14.4444444444444,325.6319921875,0,76.93,1783.08,44.83
"1280",2011-07-03,0,13.8888888888889,272.38400390625,0,70.364,1783.08,44.83
"1281",2011-07-04,0,14.4444444444444,315.455991030093,0,69.727,1783.08,44.83
"1282",2011-07-05,0,15,323.596783034939,0,65.905,1783.08,44.83
"1283",2011-07-06,0,16.6666666666667,315.455991030093,0,63.504,1783.08,44.83
"1284",2011-07-07,0,15,333.772782745588,0,58.163,1783.08,44.83
"1285",2011-07-08,0,8.88888888888889,315.455991030093,0,52.332,1783.08,44.83
"1286",2011-07-09,0,12.2222222222222,327.667198446542,0,51.891,1783.08,44.83
"1287",2011-07-10,0,12.7777777777778,297.29280039605,0,47.677,1783.08,44.83
"1288",2011-07-11,0,13.8888888888889,266.956799962023,0,45.57,1783.08,44.83
"1289",2011-07-12,0,13.3333333333333,268.979207705802,0,41.993,1783.08,44.83
"1290",2011-07-13,2.53999999999985,8.88888888888889,157.747206114366,0,39.984,1783.08,44.83
"1291",2011-07-14,0,9.44444444444444,265.267192347548,0,39.004,1783.08,44.83
"1292",2011-07-15,0,11.6666666666667,305.459191768844,0,32.634,1783.08,44.83
"1293",2011-07-16,0,11.1111111111111,227.084800563332,0,33.761,1783.08,44.83
"1294",2011-07-17,0,13.8888888888889,299.520008680556,0,31.164,1783.08,44.83
"1295",2011-07-18,0,15,305.51041266276,0,28.175,1783.08,44.83
"1296",2011-07-19,0,8.88888888888889,229.632006655093,0,26.705,1783.08,44.83
"1297",2011-07-20,0,9.44444444444444,295.526412373409,0,28.322,1783.08,44.83
"1298",2011-07-21,0,11.1111111111111,267.84,0,24.647,1783.08,44.83
"1299",2011-07-22,0,10,269.824007568359,0,22.295,1783.08,44.83
"1300",2011-07-23,0,12.7777777777778,315.455992431641,0,20.923,1783.08,44.83
"1301",2011-07-24,0,18.8888888888889,309.478387154586,0,21.903,1783.08,44.83
"1302",2011-07-25,0,15,299.622387443938,0,20.825,1783.08,44.83
"1303",2011-07-26,0,10,268.300800228769,0,17.885,1783.08,44.83
"1304",2011-07-27,0,11.6666666666667,272.217596551287,0,18.326,1783.08,44.83
"1305",2011-07-28,0,13.3333333333333,297.676800662797,0,14.602,1783.08,44.83
"1306",2011-07-29,0,16.1111111111111,293.785603052662,0,14.553,1783.08,44.83
"1307",2011-07-30,0,18.3333333333333,272.383995949074,0,15.386,1783.08,44.83
"1308",2011-07-31,0,17.2222222222222,247.398411093931,0,13.867,1783.08,44.83
"1309",2011-08-01,0,16.1111111111111,266.726411672635,0,12.495,1783.08,44.83
"1310",2011-08-02,0,16.6666666666667,270.592008101852,0,12.642,1783.08,44.83
"1311",2011-08-03,0,16.1111111111111,259.2,0,13.524,1783.08,44.83
"1312",2011-08-04,0,16.1111111111111,232.320007324219,0,8.624,1783.08,44.83
"1313",2011-08-05,0,15.5555555555556,232.67838930212,0,9.996,1783.08,44.83
"1314",2011-08-06,0,16.1111111111111,265.100784680628,0,8.82,1783.08,44.83
"1315",2011-08-07,0,15.5555555555556,263.321596795428,0,10.29,1783.08,44.83
"1316",2011-08-08,0,15,257.638411161748,0,5.635,1783.08,44.83
"1317",2011-08-09,0,14.4444444444444,255.897603242549,0,5.88,1783.08,44.83
"1318",2011-08-10,0,13.3333333333333,252.134388944951,0,7.448,1783.08,44.83
"1319",2011-08-11,0,12.2222222222222,263.423995949074,0,6.174,1783.08,44.83
"1320",2011-08-12,0,15,276.582412129268,0,5.831,1783.08,44.83
"1321",2011-08-13,0,16.1111111111111,246.681604074436,0,4.116,1783.08,44.83
"1322",2011-08-14,0,14.4444444444444,256.128003540039,0,5.292,1783.08,44.83
"1323",2011-08-15,0,10,213.44,0,5.439,1783.08,44.83
"1324",2011-08-16,0,12.7777777777778,276.479991319444,0,6.762,1783.08,44.83
"1325",2011-08-17,0,15.5555555555556,252.518388556134,0,2.205,1783.08,44.83
"1326",2011-08-18,0,13.8888888888889,245.273596894893,0,3.969,1783.08,44.83
"1327",2011-08-19,0,14.4444444444444,248.934410917607,0,4.361,1783.08,44.83
"1328",2011-08-20,0,16.1111111111111,254.463995949074,0,2.303,1783.08,44.83
"1329",2011-08-21,0,19.4444444444444,258.099192424407,0,4.165,1783.08,44.83
"1330",2011-08-22,0,18.3333333333333,243.6480078125,0,2.646,1783.08,44.83
"1331",2011-08-23,0,16.1111111111111,245.452814755136,0,2.646,1783.08,44.83
"1332",2011-08-24,0,17.7777777777778,254.463996582031,0,2.646,1783.08,44.83
"1333",2011-08-25,0,17.7777777777778,215.04,0,1.372,1783.08,44.83
"1334",2011-08-26,0,18.8888888888889,245.529595407443,0,2.646,1783.08,44.83
"1335",2011-08-27,0,18.8888888888889,234.93120721752,0,1.176,1783.08,44.83
"1336",2011-08-28,0,18.8888888888889,229.632003761574,0,0.882,1783.08,44.83
"1337",2011-08-29,0,15.5555555555556,226.214389577908,0,1.372,1783.08,44.83
"1338",2011-08-30,0,13.8888888888889,226.214389577908,0,0.441,1783.08,44.83
"1339",2011-08-31,0,8.33333333333333,210.63681364294,0,0,1783.08,44.83
"1340",2011-09-01,0,9.44444444444444,238.489604607928,0,0.882,1783.08,44.83
"1341",2011-09-02,0,10.5555555555556,224.64,0,0.245,1783.08,44.83
"1342",2011-09-03,0,11.6666666666667,250.56,0,0,1783.08,44.83
"1343",2011-09-04,0,15,246.988785123698,0,0.098,1783.08,44.83
"1344",2011-09-05,0,16.6666666666667,224.69119896195,0,1.274,1783.08,44.83
"1345",2011-09-06,0,16.6666666666667,221.312003761574,0,0.294,1783.08,44.83
"1346",2011-09-07,0,17.7777777777778,207.820799663628,0,1.176,1783.08,44.83
"1347",2011-09-08,2.54000000000008,16.1111111111111,202.751996527778,0,1.764,1783.08,44.83
"1348",2011-09-09,0,17.2222222222222,204.569603861943,0,0.392,1783.08,44.83
"1349",2011-09-10,0,17.2222222222222,212.953604151295,0,0,1783.08,44.83
"1350",2011-09-11,0,17.2222222222222,206.335993652344,0,0.343,1783.08,44.83
"1351",2011-09-12,7.62000000000012,15,206.335993652344,0,0,1783.08,44.83
"1352",2011-09-13,0,15.5555555555556,188.23678710395,0,0.343,1783.08,44.83
"1353",2011-09-14,0,15.5555555555556,198.143993055556,0,1.764,1783.08,44.83
"1354",2011-09-15,0,11.6666666666667,193.331206539352,0,0,1783.08,44.83
"1355",2011-09-16,0,6.11111111111111,172.032003038194,0,0.882,1783.08,44.83
"1356",2011-09-17,0,6.66666666666667,186.943996672454,0,0,1783.08,44.83
"1357",2011-09-18,0,10,156.441602537254,0,0,1783.08,44.83
"1358",2011-09-19,0,10.5555555555556,172.569603115958,0,0.637,1783.08,44.83
"1359",2011-09-20,0,11.1111111111111,192,0,0,1783.08,44.83
"1360",2011-09-21,0,13.3333333333333,209.600006103516,0,0.588,1783.08,44.83
"1361",2011-09-22,0,15.5555555555556,201.574389623119,0,0.343,1783.08,44.83
"1362",2011-09-23,0,17.2222222222222,201.574389623119,0,1.519,1783.08,44.83
"1363",2011-09-24,0,17.7777777777778,187.353597437428,0,0.294,1783.08,44.83
"1364",2011-09-25,0,11.1111111111111,188.953602455874,0,0,1783.08,44.83
"1365",2011-09-26,0,8.88888888888889,187.391996527778,0,0.49,1783.08,44.83
"1366",2011-09-27,0,11.6666666666667,184.307200978371,0,0,1783.08,44.83
"1367",2011-09-28,0,7.22222222222222,176.563200689019,0,0.588,1783.08,44.83
"1368",2011-09-29,0,13.8888888888889,188.928002929687,0,0,1783.08,44.83
"1369",2011-09-30,0,16.1111111111111,167.423994140625,0,0,1783.08,44.83
"1370",2011-10-01,0,12.7777777777778,140.134391770653,0,0,1783.08,44.83
"1371",2011-10-02,0,9.44444444444444,123.379201123047,0,0,1783.08,44.83
"1372",2011-10-03,0,10.5555555555556,138.956799781178,0,0,1783.08,44.83
"1373",2011-10-04,5.08,5,52.8640010127315,0,0,1783.08,44.83
"1374",2011-10-05,15.24,0.555555555555556,44.9279991319444,0,0.882,1783.08,44.83
"1375",2011-10-06,2.54,0.555555555555556,40.0896022705078,0,4.018,1783.08,44.83
"1376",2011-10-07,0,1.66666666666667,48.9984012017144,0,3.822,1783.08,44.83
"1377",2011-10-08,0,3.33333333333333,142.783997192383,0,2.695,1783.08,44.83
"1378",2011-10-09,0,4.44444444444444,126.592005615234,0,2.156,1783.08,44.83
"1379",2011-10-10,15.24,3.88888888888889,40.8575976838289,0,1.764,1783.08,44.83
"1380",2011-10-11,2.54000000000001,3.88888888888889,70.0416000054252,0,4.41,1783.08,44.83
"1381",2011-10-12,0,2.22222222222222,120.05120516041,0,4.361,1783.08,44.83
"1382",2011-10-13,0,5.55555555555556,124.390408006004,0,3.479,1783.08,44.83
"1383",2011-10-14,0,8.88888888888889,144.793602546296,0,2.597,1783.08,44.83
"1384",2011-10-15,5.08,8.33333333333333,71.6799985532407,0,2.45,1783.08,44.83
"1385",2011-10-16,0,4.44444444444444,105.139205637388,0,2.058,1783.08,44.83
"1386",2011-10-17,0,4.44444444444444,150.604811554181,0,1.666,1783.08,44.83
"1387",2011-10-18,0,6.11111111111111,135.168005371094,0,1.323,1783.08,44.83
"1388",2011-10-19,0,6.66666666666667,128.358392014793,0,1.274,1783.08,44.83
"1389",2011-10-20,0,6.66666666666667,115.801597857892,0,1.029,1783.08,44.83
"1390",2011-10-21,0,6.11111111111111,114.739205038339,0,0.833,1783.08,44.83
"1391",2011-10-22,0,6.66666666666667,123.033597301794,0,0.588,1783.08,44.83
"1392",2011-10-23,0,7.22222222222222,121.894392200159,0,1.176,1783.08,44.83
"1393",2011-10-24,0,1.11111111111111,115.046392344835,0,0.588,1783.08,44.83
"1394",2011-10-25,0,-1.66666666666667,100.403205576353,0,0.098,1783.08,44.83
"1395",2011-10-26,0,0,135.680005787037,0,0.049,1783.08,44.83
"1396",2011-10-27,0,1.11111111111111,120.96,0,0,1783.08,44.83
"1397",2011-10-28,0,2.77777777777778,99.4560012817383,0,0.441,1783.08,44.83
"1398",2011-10-29,0,4.44444444444444,107.827200390625,0,0.098,1783.08,44.83
"1399",2011-10-30,5.08,5.55555555555556,129.126391847512,0,0,1783.08,44.83
"1400",2011-10-31,0,0.555555555555556,113.382407517723,0,0,1783.08,44.83
"1401",2011-11-01,0,-2.22222222222222,90.969603253852,0,0,1783.08,44.83
"1402",2011-11-02,0,-1.66666666666667,96.243204626917,0,0.049,1783.08,44.83
"1403",2011-11-03,5.08000000000001,-2.22222222222222,53.5295975685402,2.45,0.147,1783.08,44.83
"1404",2011-11-04,5.07999999999999,-5,71.8079984085648,9.8,0,1783.08,44.83
"1405",2011-11-05,0,-6.11111111111111,62.0544052435982,7.35,0.098,1783.08,44.83
"1406",2011-11-06,2.54000000000001,-5,71.1040031828704,9.8,0,1783.08,44.83
"1407",2011-11-07,0,-5.55555555555556,107.519995117188,14.7,0.098,1783.08,44.83
"1408",2011-11-08,0,-2.77777777777778,92.1599975585937,14.7,0,1783.08,44.83
"1409",2011-11-09,0,-2.22222222222222,88.7039959490741,17.15,0.049,1783.08,44.83
"1410",2011-11-10,0,-0.555555555555556,103.910392837638,12.25,0,1783.08,44.83
"1411",2011-11-11,2.53999999999999,1.66666666666667,82.3679962384259,17.15,0,1783.08,44.83
"1412",2011-11-12,5.08,-3.88888888888889,53.9392036367911,22.05,0.049,1783.08,44.83
"1413",2011-11-13,0,-1.11111111111111,35.1232002120406,24.5,0.098,1783.08,44.83
"1414",2011-11-14,0,-1.11111111111111,57.1135974848995,26.95,0,1783.08,44.83
"1415",2011-11-15,0,-5,100.569602392578,26.95,0,1783.08,44.83
"1416",2011-11-16,7.62,-5.55555555555556,60.8383997662579,22.05,0.196,1783.08,44.83
"1417",2011-11-17,7.62,-1.66666666666667,45.4656027271412,34.3,0,1783.08,44.83
"1418",2011-11-18,7.62,-6.11111111111111,57.7536003761573,36.75,0,1783.08,44.83
"1419",2011-11-19,2.53999999999999,-8.33333333333333,38.912000579834,39.2,0,1783.08,44.83
"1420",2011-11-20,2.53999999999999,-6.66666666666667,92.415998840332,49,0.245,1783.08,44.83
"1421",2011-11-21,5.08,-3.88888888888889,42.56,53.9,0,1783.08,44.83
"1422",2011-11-22,10.16,0,37.2991993010344,58.8,0,1783.08,44.83
"1423",2011-11-23,0,1.66666666666667,39.7055999037001,68.6,0.049,1783.08,44.83
"1424",2011-11-24,5.08,-0.555555555555556,51.7376029170284,66.15,0.049,1783.08,44.83
"1425",2011-11-25,2.53999999999999,-5,79.4111998074002,71.05,0,1783.08,44.83
"1426",2011-11-26,2.54000000000002,-3.33333333333333,94.0416034211336,71.05,0.294,1783.08,44.83
"1427",2011-11-27,0,-0.555555555555556,76.1856029871058,73.5,0.147,1783.08,44.83
"1428",2011-11-28,0,0.555555555555556,85.7087998128255,73.5,0.294,1783.08,44.83
"1429",2011-11-29,0,0,65.9455972565828,68.6,0.147,1783.08,44.83
"1430",2011-11-30,2.53999999999999,-3.33333333333333,57.7023997052228,73.5,0.196,1783.08,44.83
"1431",2011-12-01,2.53999999999999,0,97.7407998444733,78.4,0.147,1783.08,44.83
"1432",2011-12-02,0,-3.88888888888889,96.5631953812211,73.5,0.392,1783.08,44.83
"1433",2011-12-03,0,-2.77777777777778,89.6895966643157,73.5,0.833,1783.08,44.83
"1434",2011-12-04,0,-3.88888888888889,79.2064012378834,73.5,0,1783.08,44.83
"1435",2011-12-05,0,-6.11111111111111,90.8544010932074,73.5,0.539,1783.08,44.83
"1436",2011-12-06,0,-0.555555555555556,93.1839988425926,75.95,0,1783.08,44.83
"1437",2011-12-07,0,-2.22222222222222,90.8544010932074,75.95,0.98,1783.08,44.83
"1438",2011-12-08,0,-1.66666666666667,95.5135965919777,75.95,1.568,1783.08,44.83
"1439",2011-12-09,0,0,91.0080010986328,75.95,1.078,1783.08,44.83
"1440",2011-12-10,0,-2.77777777777778,74.88,73.5,0.735,1783.08,44.83
"1441",2011-12-11,0,-3.88888888888889,72.5760021972656,73.5,0.588,1783.08,44.83
"1442",2011-12-12,0,-6.66666666666667,77.1839978027344,73.5,1.176,1783.08,44.83
"1443",2011-12-13,0,-3.33333333333333,80.64,73.5,1.078,1783.08,44.83
"1444",2011-12-14,0,-2.77777777777778,69.12,75.95,1.813,1783.08,44.83
"1445",2011-12-15,0,-3.33333333333333,46.08,75.95,0.539,1783.08,44.83
"1446",2011-12-16,0,-1.11111111111111,81.7919989013672,75.95,1.421,1783.08,44.83
"1447",2011-12-17,0,-1.11111111111111,61.0560021972656,78.4,1.715,1783.08,44.83
"1448",2011-12-18,0,-1.66666666666667,73.7280010986328,78.4,2.254,1783.08,44.83
"1449",2011-12-19,0,-2.22222222222222,78.3360021972656,80.85,1.715,1783.08,44.83
"1450",2011-12-20,0,0,81.7919989013672,78.4,1.323,1783.08,44.83
"1451",2011-12-21,0,-6.66666666666667,66.8160021972656,78.4,1.372,1783.08,44.83
"1452",2011-12-22,0,-5,91.0080010986328,68.6,2.303,1783.08,44.83
"1453",2011-12-23,2.53999999999999,-1.66666666666667,77.1839978027344,78.4,1.911,1783.08,44.83
"1454",2011-12-24,0,-1.11111111111111,65.6639978027344,80.85,0.882,1783.08,44.83
"1455",2011-12-25,0,-2.77777777777778,69.12,80.85,1.078,1783.08,44.83
"1456",2011-12-26,0,-3.33333333333333,59.9039978027344,80.85,1.127,1783.08,44.83
"1457",2011-12-27,12.7,-2.22222222222222,19.5840005493164,80.85,1.323,1783.08,44.83
"1458",2011-12-28,22.86,1.11111111111111,19.5840005493164,93.1,1.029,1783.08,44.83
"1459",2011-12-29,17.78,-0.555555555555556,27.6480010986328,105.35,2.842,1783.08,44.83
"1460",2011-12-30,12.7,-1.11111111111111,51.84,112.7,3.283,1783.08,44.83
"1461",2011-12-31,0,-7.22222222222222,59.9039978027344,115.15,40.425,1783.08,44.83
"1462",2012-01-01,2.54000000000002,-3.88888888888889,62.2080010986328,110.25,56.938,1783.08,44.83
"1463",2012-01-02,0,-1.11111111111111,57.6,112.7,58.702,1783.08,44.83
"1464",2012-01-03,0,-0.555555555555556,88.5247977896231,112.7,62.671,1783.08,44.83
"1465",2012-01-04,0,1.66666666666667,74.5472001849139,112.7,57.722,1783.08,44.83
"1466",2012-01-05,0,0,94.3488032714843,112.7,58.996,1783.08,44.83
"1467",2012-01-06,0,-5.55555555555556,65.228798078975,112.7,57.33,1783.08,44.83
"1468",2012-01-07,0,-5,73.3824013102213,110.25,61.299,1783.08,44.83
"1469",2012-01-08,0,-0.555555555555556,91.8527999891492,112.7,63.553,1783.08,44.83
"1470",2012-01-09,0,-0.555555555555556,82.431997974537,115.15,60.76,1783.08,44.83
"1471",2012-01-10,0,-3.33333333333333,95.3856021484374,115.15,60.515,1783.08,44.83
"1472",2012-01-11,0,-7.77777777777778,102.451195236545,105.35,58.065,1783.08,44.83
"1473",2012-01-12,0,-4.44444444444444,103.564800246853,110.25,57.771,1783.08,44.83
"1474",2012-01-13,2.53999999999999,-0.555555555555556,95.2320023148148,120.05,54.145,1783.08,44.83
"1475",2012-01-14,0,-1.11111111111111,101.184002459491,124.95,57.967,1783.08,44.83
"1476",2012-01-15,0,-8.88888888888889,66.6624004851164,120.05,56.399,1783.08,44.83
"1477",2012-01-16,2.53999999999999,-11.1111111111111,45.721599976038,115.15,57.232,1783.08,44.83
"1478",2012-01-17,10.16,-8.33333333333333,42.1120005063657,120.05,59.241,1783.08,44.83
"1479",2012-01-18,30.48,-3.88888888888889,45.721599976038,137.2,58.604,1783.08,44.83
"1480",2012-01-19,25.4,-0.555555555555556,14.592000579834,166.6,55.909,1783.08,44.83
"1481",2012-01-20,7.62,-1.11111111111111,14.592000579834,188.65,57.134,1783.08,44.83
"1482",2012-01-21,5.07999999999998,-2.77777777777778,65.664001159668,193.55,54.88,1783.08,44.83
"1483",2012-01-22,7.62,-7.22222222222222,54.0672037181713,193.55,55.272,1783.08,44.83
"1484",2012-01-23,0,-5.55555555555556,113.049602980324,196,54.733,1783.08,44.83
"1485",2012-01-24,17.78,-5.55555555555556,55.2960026041667,191.1,55.223,1783.08,44.83
"1486",2012-01-25,2.54000000000008,-0.555555555555556,59.5968009792751,210.7,51.205,1783.08,44.83
"1487",2012-01-26,7.61999999999995,-3.33333333333333,124.159997106481,218.05,52.43,1783.08,44.83
"1488",2012-01-27,0,-8.33333333333333,135.475205517578,215.6,53.263,1783.08,44.83
"1489",2012-01-28,0,-3.33333333333333,132.966407852286,213.15,51.989,1783.08,44.83
"1490",2012-01-29,2.54000000000002,-0.555555555555556,74.009602903465,222.95,49.245,1783.08,44.83
"1491",2012-01-30,0,-2.22222222222222,100.108796636737,220.5,55.958,1783.08,44.83
"1492",2012-01-31,2.54000000000002,-2.22222222222222,122.918391969582,220.5,51.156,1783.08,44.83
"1493",2012-02-01,2.53999999999996,-3.33333333333333,102.4,222.95,54.635,1783.08,44.83
"1494",2012-02-02,0,-5.55555555555556,138.240002441406,222.95,48.461,1783.08,44.83
"1495",2012-02-03,0,-5,135.680004882813,218.05,54.145,1783.08,44.83
"1496",2012-02-04,0,-3.88888888888889,126.694408137117,218.05,51.646,1783.08,44.83
"1497",2012-02-05,0,-2.77777777777778,144.793604015661,213.15,55.076,1783.08,44.83
"1498",2012-02-06,0,-3.33333333333333,142.310391865596,213.15,52.528,1783.08,44.83
"1499",2012-02-07,2.54000000000002,-3.33333333333333,125.337602202691,208.25,52.92,1783.08,44.83
"1500",2012-02-08,0,-1.66666666666667,69.8752040482133,208.25,49.735,1783.08,44.83
"1501",2012-02-09,2.53999999999996,0,58.0096025304724,205.8,50.862,1783.08,44.83
"1502",2012-02-10,0,0,65.228798433883,213.15,53.165,1783.08,44.83
"1503",2012-02-11,2.54000000000002,-1.11111111111111,101.171194332321,220.5,52.822,1783.08,44.83
"1504",2012-02-12,0,-2.77777777777778,157.247997436523,222.95,52.675,1783.08,44.83
"1505",2012-02-13,0,-3.33333333333333,138.432002563477,225.4,52.969,1783.08,44.83
"1506",2012-02-14,0,-5.55555555555556,141.107200842737,227.85,50.911,1783.08,44.83
"1507",2012-02-15,0,-6.66666666666667,156.032006655093,222.95,54.586,1783.08,44.83
"1508",2012-02-16,5.08000000000004,-3.88888888888889,116.415997540509,220.5,51.597,1783.08,44.83
"1509",2012-02-17,0,-1.66666666666667,121.894392200159,218.05,50.764,1783.08,44.83
"1510",2012-02-18,2.53999999999996,-5,124.416002604167,215.6,47.677,1783.08,44.83
"1511",2012-02-19,0,-6.11111111111111,138.240002893519,215.6,50.96,1783.08,44.83
"1512",2012-02-20,12.7,-4.44444444444444,97.6639959490741,215.6,51.107,1783.08,44.83
"1513",2012-02-21,33.02,1.11111111111111,86.5023937509043,232.75,48.069,1783.08,44.83
"1514",2012-02-22,0,-0.555555555555556,157.695997314453,259.7,55.86,1783.08,44.83
"1515",2012-02-23,0,-5.55555555555556,146.431994628906,249.9,71.785,1783.08,44.83
"1516",2012-02-24,5.07999999999998,-2.22222222222222,143.50081126483,245,73.402,1783.08,44.83
"1517",2012-02-25,5.07999999999998,-6.66666666666667,73.8816002992982,259.7,73.99,1783.08,44.83
"1518",2012-02-26,0,-8.33333333333333,114.687997685185,262.15,74.186,1783.08,44.83
"1519",2012-02-27,0,-8.33333333333333,213.606390219908,267.05,73.892,1783.08,44.83
"1520",2012-02-28,5.08000000000004,-6.11111111111111,153.318408584708,262.15,72.618,1783.08,44.83
"1521",2012-02-29,5.07999999999998,-6.11111111111111,94.016001880787,276.85,72.226,1783.08,44.83
"1522",2012-03-01,7.61999999999995,-7.77777777777778,105.06239305013,281.75,75.117,1783.08,44.83
"1523",2012-03-02,2.54000000000002,-5,135.423997192383,286.65,72.912,1783.08,44.83
"1524",2012-03-03,0,0.555555555555556,172.223997192383,289.1,72.177,1783.08,44.83
"1525",2012-03-04,0,2.22222222222222,219.750411396846,291.55,69.776,1783.08,44.83
"1526",2012-03-05,2.54000000000002,0.555555555555556,240.537620703125,291.55,70.903,1783.08,44.83
"1527",2012-03-06,0,-8.88888888888889,182.707193613462,294,70.707,1783.08,44.83
"1528",2012-03-07,0,-5,253.094389397063,286.65,75.754,1783.08,44.83
"1529",2012-03-08,0,1.11111111111111,246.195193192997,296.45,76.195,1783.08,44.83
"1530",2012-03-09,0,2.77777777777778,240.153598838976,298.9,73.843,1783.08,44.83
"1531",2012-03-10,0,3.88888888888889,216.294388877134,294,74.823,1783.08,44.83
"1532",2012-03-11,0,-2.22222222222222,202.585595208514,289.1,77.616,1783.08,44.83
"1533",2012-03-12,10.16,-2.77777777777778,144.383994140625,284.2,84.868,1783.08,44.83
"1534",2012-03-13,0,-2.22222222222222,144.038408336046,296.45,83.839,1783.08,44.83
"1535",2012-03-14,10.16,-2.22222222222222,99.1232051807545,298.9,85.309,1783.08,44.83
"1536",2012-03-15,27.9400000000001,0.555555555555556,65.5871958062067,311.15,83.006,1783.08,44.83
"1537",2012-03-16,7.62,-0.555555555555556,49.971199818703,316.05,98.392,1783.08,44.83
"1538",2012-03-17,0,-2.77777777777778,218.841598016131,313.6,103.243,1783.08,44.83
"1539",2012-03-18,0,-4.44444444444444,193.651206561958,313.6,105.252,1783.08,44.83
"1540",2012-03-19,0,-6.66666666666667,263.475196448206,313.6,104.517,1783.08,44.83
"1541",2012-03-20,20.32,-3.33333333333333,99.9935993815103,316.05,102.949,1783.08,44.83
"1542",2012-03-21,5.07999999999998,1.66666666666667,100.800003051758,340.55,102.851,1783.08,44.83
"1543",2012-03-22,0,0.555555555555556,177.408006365741,340.55,104.027,1783.08,44.83
"1544",2012-03-23,0,-1.11111111111111,212.889604562717,333.2,104.37,1783.08,44.83
"1545",2012-03-24,0,2.77777777777778,260.09599537037,333.2,106.134,1783.08,44.83
"1546",2012-03-25,2.53999999999991,3.33333333333333,208.076799396882,330.75,106.085,1783.08,44.83
"1547",2012-03-26,0,0,204.800003616898,323.4,112.847,1783.08,44.83
"1548",2012-03-27,7.62,-1.11111111111111,86.8352046585649,320.95,114.611,1783.08,44.83
"1549",2012-03-28,0,0,188.23678710395,328.3,112.847,1783.08,44.83
"1550",2012-03-29,17.78,-0.555555555555556,80.9087987390588,328.3,113.092,1783.08,44.83
"1551",2012-03-30,5.08000000000015,2.77777777777778,114.816001586914,347.9,115.101,1783.08,44.83
"1552",2012-03-31,0,2.77777777777778,259.904008969907,333.2,120.344,1783.08,44.83
"1553",2012-04-01,2.53999999999985,-3.33333333333333,157.61919904333,325.85,121.177,1783.08,44.83
"1554",2012-04-02,0,-2.77777777777778,315.955207479745,325.85,120.491,1783.08,44.83
"1555",2012-04-03,0,2.22222222222222,304.127994791667,328.3,118.972,1783.08,44.83
"1556",2012-04-04,5.08000000000004,-3.88888888888889,188.966409705946,325.85,121.471,1783.08,44.83
"1557",2012-04-05,0,-5.55555555555556,294.515192017506,328.3,121.177,1783.08,44.83
"1558",2012-04-06,2.54000000000008,-5.55555555555556,276.147197225839,330.75,119.56,1783.08,44.83
"1559",2012-04-07,0,-1.11111111111111,248.703991608796,330.75,119.021,1783.08,44.83
"1560",2012-04-08,0,5,324.863986816406,330.75,117.747,1783.08,44.83
"1561",2012-04-09,0,7.22222222222222,316.223986816406,328.3,122.059,1783.08,44.83
"1562",2012-04-10,0,7.22222222222222,295.936009837963,313.6,125.195,1783.08,44.83
"1563",2012-04-11,2.53999999999996,2.77777777777778,238.489602754268,296.45,127.4,1783.08,44.83
"1564",2012-04-12,2.53999999999996,0,198.156800075051,289.1,127.106,1783.08,44.83
"1565",2012-04-13,0,0.555555555555556,279.0912079409,294,125.195,1783.08,44.83
"1566",2012-04-14,0,2.22222222222222,284.390411396846,291.55,123.235,1783.08,44.83
"1567",2012-04-15,0,1.11111111111111,293.567990451389,279.3,126.763,1783.08,44.83
"1568",2012-04-16,15.24,0.555555555555556,103.193600037073,271.95,125.93,1783.08,44.83
"1569",2012-04-17,5.08000000000004,0.555555555555556,213.247993164063,279.3,127.351,1783.08,44.83
"1570",2012-04-18,2.53999999999996,1.11111111111111,198.912006835937,274.4,127.743,1783.08,44.83
"1571",2012-04-19,5.08000000000004,2.22222222222222,173.260812440321,267.05,128.135,1783.08,44.83
"1572",2012-04-20,0,6.66666666666667,332.083203763382,262.15,128.233,1783.08,44.83
"1573",2012-04-21,0,8.88888888888889,345.343994502315,230.3,131.908,1783.08,44.83
"1574",2012-04-22,0,11.6666666666667,339.891208456308,203.35,134.554,1783.08,44.83
"1575",2012-04-23,0,11.6666666666667,338.624005353009,164.15,141.806,1783.08,44.83
"1576",2012-04-24,0,8.88888888888889,318.4895980523,127.4,131.614,1783.08,44.83
"1577",2012-04-25,5.07999999999993,6.11111111111111,195.37920089699,105.35,125.881,1783.08,44.83
"1578",2012-04-26,17.78,1.66666666666667,173.260787528935,88.2,124.411,1783.08,44.83
"1579",2012-04-27,2.54000000000008,-1.11111111111111,207.871996459961,71.05,135.779,1783.08,44.83
"1580",2012-04-28,0,1.66666666666667,256.128003540039,68.6,132.202,1783.08,44.83
"1581",2012-04-29,2.53999999999996,4.44444444444444,330.777624500869,51.45,128.772,1783.08,44.83
"1582",2012-04-30,12.6999999999999,2.77777777777778,216.780813841869,26.95,123.872,1783.08,44.83
"1583",2012-05-01,2.54000000000008,0,218.265603821253,12.25,128.919,1783.08,44.83
"1584",2012-05-02,0,0,299.174388221571,0,127.204,1783.08,44.83
"1585",2012-05-03,15.24,1.11111111111111,164.81279890408,0,125.44,1783.08,44.83
"1586",2012-05-04,0,-1.11111111111111,181.86241000434,0,133.623,1783.08,44.83
"1587",2012-05-05,0,-1.66666666666667,242.214389012768,0,129.36,1783.08,44.83
"1588",2012-05-06,0,2.22222222222222,360.46078178711,0,128.282,1783.08,44.83
"1589",2012-05-07,0,6.11111111111111,372.479992675781,0,125.146,1783.08,44.83
"1590",2012-05-08,0,9.44444444444444,357.120007324219,0,122.696,1783.08,44.83
"1591",2012-05-09,0,6.11111111111111,357.120007324219,0,120.54,1783.08,44.83
"1592",2012-05-10,0,0.555555555555556,338.240010127315,0,119.168,1783.08,44.83
"1593",2012-05-11,0,3.88888888888889,359.500818136936,0,119.217,1783.08,44.83
"1594",2012-05-12,0,7.77777777777778,369.663994502315,0,116.13,1783.08,44.83
"1595",2012-05-13,0,11.1111111111111,359.935994646991,0,112.308,1783.08,44.83
"1596",2012-05-14,0,13.3333333333333,336.588780150463,0,112.651,1783.08,44.83
"1597",2012-05-15,0,14.4444444444444,338.803190064381,0,109.466,1783.08,44.83
"1598",2012-05-16,0,11.6666666666667,291.801596840639,0,105.497,1783.08,44.83
"1599",2012-05-17,0,5.55555555555556,248.371200227864,0,104.125,1783.08,44.83
"1600",2012-05-18,0,3.33333333333333,279.910388022642,0,100.254,1783.08,44.83
"1601",2012-05-19,0,6.66666666666667,311.449594616247,0,98.98,1783.08,44.83
"1602",2012-05-20,2.53999999999996,8.88888888888889,257.92,0,98.049,1783.08,44.83
"1603",2012-05-21,10.1600000000001,8.33333333333333,192.44799621582,0,95.109,1783.08,44.83
"1604",2012-05-22,2.53999999999996,3.88888888888889,156.73600189209,0,98.539,1783.08,44.83
"1605",2012-05-23,5.07999999999993,0.555555555555556,143.769600358073,0,97.118,1783.08,44.83
"1606",2012-05-24,2.54000000000008,0,137.779205897352,0,95.55,1783.08,44.83
"1607",2012-05-25,0,2.77777777777778,185.702409190538,0,100.254,1783.08,44.83
"1608",2012-05-26,0,3.33333333333333,223.06560445421,0,96.334,1783.08,44.83
"1609",2012-05-27,0,4.44444444444444,233.113604309534,0,94.962,1783.08,44.83
"1610",2012-05-28,0,6.66666666666667,287.372799695276,0,94.276,1783.08,44.83
"1611",2012-05-29,0,7.77777777777778,285.363192058196,0,90.601,1783.08,44.83
"1612",2012-05-30,0,8.88888888888889,301.337596596499,0,89.719,1783.08,44.83
"1613",2012-05-31,0,11.1111111111111,289.203207995153,0,90.111,1783.08,44.83
"1614",2012-06-01,0,12.2222222222222,311.449596741175,0,84.182,1783.08,44.83
"1615",2012-06-02,5.07999999999993,8.33333333333333,151.680002170139,0,83.153,1783.08,44.83
"1616",2012-06-03,0,8.88888888888889,246.259200761357,0,83.006,1783.08,44.83
"1617",2012-06-04,25.4000000000001,6.66666666666667,242.188785349754,0,79.576,1783.08,44.83
"1618",2012-06-05,5.07999999999993,0,87.5136013934099,0,90.797,1783.08,44.83
"1619",2012-06-06,0,2.22222222222222,315.455991030093,0,102.851,1783.08,44.83
"1620",2012-06-07,7.62,3.33333333333333,150.60479765851,0,101.577,1783.08,44.83
"1621",2012-06-08,2.54000000000008,1.66666666666667,163.84,0,100.94,1783.08,44.83
"1622",2012-06-09,0,0.555555555555556,157.69599609375,0,100.891,1783.08,44.83
"1623",2012-06-10,0,5.55555555555556,335.8719921875,0,100.499,1783.08,44.83
"1624",2012-06-11,0,9.44444444444444,319.4880078125,0,98.588,1783.08,44.83
"1625",2012-06-12,5.07999999999993,9.44444444444444,210.94400390625,0,95.991,1783.08,44.83
"1626",2012-06-13,0,7.77777777777778,313.34400390625,0,96.579,1783.08,44.83
"1627",2012-06-14,0,8.88888888888889,348.16,0,96.285,1783.08,44.83
"1628",2012-06-15,0,10,317.44,0,90.013,1783.08,44.83
"1629",2012-06-16,0,12.2222222222222,348.16,0,87.857,1783.08,44.83
"1630",2012-06-17,0,12.7777777777778,309.2480078125,0,86.73,1783.08,44.83
"1631",2012-06-18,0,3.88888888888889,202.7519921875,0,82.712,1783.08,44.83
"1632",2012-06-19,0,3.33333333333333,286.72,0,80.262,1783.08,44.83
"1633",2012-06-20,0,8.33333333333333,358.4,0,79.331,1783.08,44.83
"1634",2012-06-21,0,15,344.063984375,0,76.048,1783.08,44.83
"1635",2012-06-22,5.08000000000004,12.2222222222222,231.42400390625,0,72.275,1783.08,44.83
"1636",2012-06-23,0,8.33333333333333,292.86400390625,0,72.52,1783.08,44.83
"1637",2012-06-24,0,10,315.3919921875,0,68.208,1783.08,44.83
"1638",2012-06-25,0,10.5555555555556,323.58400390625,0,63.063,1783.08,44.83
"1639",2012-06-26,10.16,3.33333333333333,165.8880078125,0,62.916,1783.08,44.83
"1640",2012-06-27,0,8.33333333333333,348.16,0,62.573,1783.08,44.83
"1641",2012-06-28,0,13.8888888888889,333.823984375,0,58.408,1783.08,44.83
"1642",2012-06-29,0,11.6666666666667,221.18400390625,0,58.947,1783.08,44.83
"1643",2012-06-30,0,13.8888888888889,305.1519921875,0,56.105,1783.08,44.83
"1644",2012-07-01,0,11.6666666666667,245.76,0,54.88,1783.08,44.83
"1645",2012-07-02,0,13.8888888888889,329.7280078125,0,48.755,1783.08,44.83
"1646",2012-07-03,0,8.88888888888889,295.103991608796,0,46.207,1783.08,44.83
"1647",2012-07-04,0,10.5555555555556,350.05440557364,0,45.57,1783.08,44.83
"1648",2012-07-05,0,13.8888888888889,309.350387321868,0,42.385,1783.08,44.83
"1649",2012-07-06,0,16.1111111111111,309.350387321868,0,41.307,1783.08,44.83
"1650",2012-07-07,0,17.7777777777778,307.315199025246,0,36.015,1783.08,44.83
"1651",2012-07-08,0,20,301.209595317021,0,29.449,1783.08,44.83
"1652",2012-07-09,0,20,277.068800106698,0,31.507,1783.08,44.83
"1653",2012-07-10,0,18.3333333333333,260.889596017795,0,25.725,1783.08,44.83
"1654",2012-07-11,0,18.8888888888889,287.180800251374,0,23.373,1783.08,44.83
"1655",2012-07-12,0,19.4444444444444,289.203207995153,0,21.854,1783.08,44.83
"1656",2012-07-13,2.53999999999996,16.6666666666667,198.950389469401,0,22.491,1783.08,44.83
"1657",2012-07-14,7.62,12.7777777777778,130.623998119213,0,19.159,1783.08,44.83
"1658",2012-07-15,0,13.3333333333333,285.363192058196,0,19.6,1783.08,44.83
"1659",2012-07-16,0,13.8888888888889,279.552008101852,0,17.64,1783.08,44.83
"1660",2012-07-17,0,16.1111111111111,269.5680078125,0,16.366,1783.08,44.83
"1661",2012-07-18,0,16.1111111111111,265.574411505353,0,14.602,1783.08,44.83
"1662",2012-07-19,0,17.7777777777778,259.584007523148,0,14.945,1783.08,44.83
"1663",2012-07-20,0,15.5555555555556,291.64799621582,0,14.945,1783.08,44.83
"1664",2012-07-21,0,14.4444444444444,313.47200378418,0,12.25,1783.08,44.83
"1665",2012-07-22,0,16.6666666666667,315.455992431641,0,11.27,1783.08,44.83
"1666",2012-07-23,0,11.6666666666667,273.996784436487,0,10.584,1783.08,44.83
"1667",2012-07-24,0,13.8888888888889,315.391990740741,0,9.457,1783.08,44.83
"1668",2012-07-25,0,16.6666666666667,280.051207873083,0,9.996,1783.08,44.83
"1669",2012-07-26,0,17.7777777777778,258.508800084093,0,8.575,1783.08,44.83
"1670",2012-07-27,0,16.6666666666667,254.592003761574,0,8.232,1783.08,44.83
"1671",2012-07-28,0,15.5555555555556,280.166388411458,0,5.733,1783.08,44.83
"1672",2012-07-29,0,17.2222222222222,291.839995659722,0,6.468,1783.08,44.83
"1673",2012-07-30,0,16.1111111111111,257.062411383283,0,6.37,1783.08,44.83
"1674",2012-07-31,0,15.5555555555556,287.987201249638,0,7.987,1783.08,44.83
"1675",2012-08-01,0,15,280.256008391204,0,6.468,1783.08,44.83
"1676",2012-08-02,0,13.8888888888889,241.920007324219,0,5.635,1783.08,44.83
"1677",2012-08-03,0,13.8888888888889,263.039996337891,0,5.145,1783.08,44.83
"1678",2012-08-04,0,16.1111111111111,299.430387276657,0,3.675,1783.08,44.83
"1679",2012-08-05,0,19.4444444444444,280.35838785536,0,6.174,1783.08,44.83
"1680",2012-08-06,0,18.8888888888889,259.532800350839,0,4.753,1783.08,44.83
"1681",2012-08-07,0,20.5555555555556,274.688004195602,0,4.018,1783.08,44.83
"1682",2012-08-08,0,17.7777777777778,229.55519288104,0,3.626,1783.08,44.83
"1683",2012-08-09,0,18.8888888888889,284.121602808521,0,3.871,1783.08,44.83
"1684",2012-08-10,0,16.6666666666667,240.844799885163,0,3.675,1783.08,44.83
"1685",2012-08-11,0,17.2222222222222,282.188815867332,0,3.724,1783.08,44.83
"1686",2012-08-12,0,19.4444444444444,276.582412129268,0,1.96,1783.08,44.83
"1687",2012-08-13,0,20,259.84,0,2.205,1783.08,44.83
"1688",2012-08-14,0,18.8888888888889,256.128003540039,0,2.45,1783.08,44.83
"1689",2012-08-15,0,17.7777777777778,232.243199739583,0,2.548,1783.08,44.83
"1690",2012-08-16,0,16.6666666666667,254.361595529514,0,0.686,1783.08,44.83
"1691",2012-08-17,0,18.8888888888889,254.425597039569,0,0.931,1783.08,44.83
"1692",2012-08-18,0,18.8888888888889,259.916800617585,0,2.352,1783.08,44.83
"1693",2012-08-19,0,16.6666666666667,234.470389333767,0,0.294,1783.08,44.83
"1694",2012-08-20,0,17.2222222222222,236.287996238426,0,1.764,1783.08,44.83
"1695",2012-08-21,0,16.1111111111111,212.966410271087,0,0.196,1783.08,44.83
"1696",2012-08-22,0,13.8888888888889,238.233604196506,0,1.274,1783.08,44.83
"1697",2012-08-23,0,13.3333333333333,243.712006835938,0,0.098,1783.08,44.83
"1698",2012-08-24,0,10.5555555555556,254.463996582031,0,0.294,1783.08,44.83
"1699",2012-08-25,0,14.4444444444444,266.879991319444,0,0,1783.08,44.83
"1700",2012-08-26,0,16.6666666666667,231.398410528791,0,0.294,1783.08,44.83
"1701",2012-08-27,0,15.5555555555556,240.230410673467,0,0,1783.08,44.83
"1702",2012-08-28,0,15,247.257602609592,0,1.568,1783.08,44.83
"1703",2012-08-29,0,9.44444444444444,220.95360304362,0,0,1783.08,44.83
"1704",2012-08-30,0,13.3333333333333,248.934411595776,0,0.294,1783.08,44.83
"1705",2012-08-31,0,15.5555555555556,236.748814510996,0,0,1783.08,44.83
"1706",2012-09-01,0,11.6666666666667,202.175996704102,0,0.588,1783.08,44.83
"1707",2012-09-02,0,11.6666666666667,231.551993408203,0,0,1783.08,44.83
"1708",2012-09-03,0,13.3333333333333,234.982388800275,0,0,1783.08,44.83
"1709",2012-09-04,0,13.3333333333333,205.823993055556,0,0,1783.08,44.83
"1710",2012-09-05,0,14.4444444444444,231.526410429326,0,0.196,1783.08,44.83
"1711",2012-09-06,0,13.3333333333333,195.993603088831,0,0,1783.08,44.83
"1712",2012-09-07,0,13.8888888888889,229.785602510127,0,0,1783.08,44.83
"1713",2012-09-08,0,16.6666666666667,212.953604151295,0,0.049,1783.08,44.83
"1714",2012-09-09,0,15,211.276813688151,0,0.294,1783.08,44.83
"1715",2012-09-10,0,8.33333333333333,208,0,0,1783.08,44.83
"1716",2012-09-11,0,6.11111111111111,216.32,0,0,1783.08,44.83
"1717",2012-09-12,0,10,227.865595163303,0,0,1783.08,44.83
"1718",2012-09-13,0,13.3333333333333,224.563198428458,0,0,1783.08,44.83
"1719",2012-09-14,0,16.1111111111111,204.800003616898,0,0,1783.08,44.83
"1720",2012-09-15,0,15,170.393596759259,0,0,1783.08,44.83
"1721",2012-09-16,0,13.3333333333333,170.687996961806,0,0,1783.08,44.83
"1722",2012-09-17,0,12.7777777777778,201.600007233796,0,0.098,1783.08,44.83
"1723",2012-09-18,0,15.5555555555556,204.825604273365,0,0,1783.08,44.83
"1724",2012-09-19,0,16.6666666666667,174.399993896484,0,0,1783.08,44.83
"1725",2012-09-20,0,15.5555555555556,168,0,0,1783.08,44.83
"1726",2012-09-21,0,16.1111111111111,182.527993344907,0,0,1783.08,44.83
"1727",2012-09-22,0,15,165.068787926794,0,0,1783.08,44.83
"1728",2012-09-23,7.62000000000012,7.22222222222222,55.1040010127315,0,0,1783.08,44.83
"1729",2012-09-24,0,8.88888888888889,149.913603179253,0,0,1783.08,44.83
"1730",2012-09-25,0,11.1111111111111,159.283194070096,0,0,1783.08,44.83
"1731",2012-09-26,0,11.1111111111111,176.563200689019,0,0,1783.08,44.83
"1732",2012-09-27,0,12.7777777777778,179.660812621166,0,0,1783.08,44.83
"1733",2012-09-28,0,13.3333333333333,122.88,0,0,1783.08,44.83
"1734",2012-09-29,0,12.2222222222222,156.671997070312,0,0,1783.08,44.83
"1735",2012-09-30,0,11.6666666666667,155.366391191949,0,0,1783.08,44.83
"1736",2012-10-01,0,13.8888888888889,182.783993055556,0,0,1783.08,44.83
"1737",2012-10-02,0,10.5555555555556,175.2064091182,0,0,1783.08,44.83
"1738",2012-10-03,0,3.88888888888889,157.08159724754,0,0,1783.08,44.83
"1739",2012-10-04,0,2.77777777777778,154.252799876121,0,0,1783.08,44.83
"1740",2012-10-05,0,2.77777777777778,167.782409371383,0,0,1783.08,44.83
"1741",2012-10-06,0,3.88888888888889,155.904006076389,0,0,1783.08,44.83
"1742",2012-10-07,0,6.11111111111111,156.032005615234,0,0,1783.08,44.83
"1743",2012-10-08,0,8.88888888888889,164.863997192383,0,0,1783.08,44.83
"1744",2012-10-09,0,8.88888888888889,153.215993923611,0,0,1783.08,44.83
"1745",2012-10-10,0,9.44444444444444,154.675199432147,0,0,1783.08,44.83
"1746",2012-10-11,0,9.44444444444444,148.979205739113,0,0,1783.08,44.83
"1747",2012-10-12,2.54,9.44444444444444,107.033603520598,0,0,1783.08,44.83
"1748",2012-10-13,0,6.11111111111111,57.3439988425926,0,0,1783.08,44.83
"1749",2012-10-14,0,7.77777777777778,120.422392100695,0,0,1783.08,44.83
"1750",2012-10-15,22.86,7.22222222222222,49.728002025463,0,0,1783.08,44.83
"1751",2012-10-16,2.54,3.88888888888889,82.4064060664425,0,2.254,1783.08,44.83
"1752",2012-10-17,0,1.66666666666667,116.864002685547,0,1.127,1783.08,44.83
"1753",2012-10-18,2.54,5.55555555555556,138.124788948568,0,1.372,1783.08,44.83
"1754",2012-10-19,5.08,6.11111111111111,44.6463988134313,0,0.931,1783.08,44.83
"1755",2012-10-20,0,0.555555555555556,84.3264004466869,0,1.225,1783.08,44.83
"1756",2012-10-21,0,-1.11111111111111,96.768002025463,0,0.98,1783.08,44.83
"1757",2012-10-22,2.54,-2.22222222222222,38.3487985367387,0,0.637,1783.08,44.83
"1758",2012-10-23,2.54000000000001,-3.33333333333333,46.566400322356,0,0.686,1783.08,44.83
"1759",2012-10-24,10.16,-3.33333333333333,46.131203261538,0,0.294,1783.08,44.83
"1760",2012-10-25,0,-3.88888888888889,74.6240031828704,12.25,0.49,1783.08,44.83
"1761",2012-10-26,2.54,-2.77777777777778,51.0719993591309,7.35,0.637,1783.08,44.83
"1762",2012-10-27,17.78,0,53.76,12.25,0.294,1783.08,44.83
"1763",2012-10-28,12.7,4.44444444444444,37.273597744864,19.6,0.784,1783.08,44.83
"1764",2012-10-29,2.54000000000001,5,41.2671969364873,4.9,4.704,1783.08,44.83
"1765",2012-10-30,0,6.11111111111111,76.4672041928892,2.45,44.002,1783.08,44.83
"1766",2012-10-31,0,7.22222222222222,77.7856029645002,0,50.813,1783.08,44.83
"1767",2012-11-01,2.53999999999999,1.66666666666667,52.7360011574074,0,53.606,1783.08,44.83
"1768",2012-11-02,0,2.22222222222222,90.0863992485894,0,49.588,1783.08,44.83
"1769",2012-11-03,0,5,88.7808005226417,0,47.53,1783.08,44.83
"1770",2012-11-04,0,6.11111111111111,84.0320037615741,0,48.363,1783.08,44.83
"1771",2012-11-05,0,8.33333333333333,104.716809619141,0,45.178,1783.08,44.83
"1772",2012-11-06,0,8.33333333333333,103.680004882812,0,52.136,1783.08,44.83
"1773",2012-11-07,0,2.22222222222222,113.919995117187,0,47.677,1783.08,44.83
"1774",2012-11-08,0,-3.33333333333333,65.8943945737487,0,47.481,1783.08,44.83
"1775",2012-11-09,0,-5.55555555555556,72.2303942843968,0,48.363,1783.08,44.83
"1776",2012-11-10,0,-7.77777777777778,68.428798083496,2.45,47.04,1783.08,44.83
"1777",2012-11-11,0,-6.66666666666667,68.9920015914352,4.9,44.982,1783.08,44.83
"1778",2012-11-12,10.16,-5,23.8336002506962,7.35,46.55,1783.08,44.83
"1779",2012-11-13,7.62,-2.77777777777778,32.2815980636032,19.6,44.639,1783.08,44.83
"1780",2012-11-14,0,-1.11111111111111,58.3551962718823,24.5,40.033,1783.08,44.83
"1781",2012-11-15,0,-3.33333333333333,60.8383997662579,22.05,44.394,1783.08,44.83
"1782",2012-11-16,2.53999999999999,0.555555555555556,71.2704057002316,22.05,48.755,1783.08,44.83
"1783",2012-11-17,10.16,1.11111111111111,40.5504013237847,24.5,42.875,1783.08,44.83
"1784",2012-11-18,2.53999999999999,-3.33333333333333,40.127999420166,29.4,51.303,1783.08,44.83
"1785",2012-11-19,2.54000000000002,0.555555555555556,47.424001159668,26.95,62.426,1783.08,44.83
"1786",2012-11-20,17.78,2.77777777777778,26.752000579834,29.4,66.248,1783.08,44.83
"1787",2012-11-21,0,-1.11111111111111,58.956801856373,19.6,113.925,1783.08,44.83
"1788",2012-11-22,0,-3.88888888888889,77.0048020733869,14.7,107.653,1783.08,44.83
"1789",2012-11-23,0,0,67.3791996627242,22.05,102.802,1783.08,44.83
"1790",2012-11-24,7.62000000000003,0.555555555555556,37.2991993010344,22.05,100.107,1783.08,44.83
"1791",2012-11-25,0,-5,74.9952040934245,19.6,93.59,1783.08,44.83
"1792",2012-11-26,0,-5,70.2336028424299,19.6,93.492,1783.08,44.83
"1793",2012-11-27,0,-1.66666666666667,64.2816026977539,19.6,94.276,1783.08,44.83
"1794",2012-11-28,0,0,58.8799985532407,22.05,90.111,1783.08,44.83
"1795",2012-11-29,7.61999999999998,1.11111111111111,31.7951997802734,24.5,89.523,1783.08,44.83
"1796",2012-11-30,12.7,1.11111111111111,27.0847987729673,24.5,96.089,1783.08,44.83
"1797",2012-12-01,15.24,0.555555555555556,23.5519994212963,29.4,118.335,1783.08,44.83
"1798",2012-12-02,27.94,-0.555555555555556,38.4383989671495,34.3,129.801,1783.08,44.83
"1799",2012-12-03,0,-1.11111111111111,32.6143990394875,29.4,131.467,1783.08,44.83
"1800",2012-12-04,22.86,0,38.4383989671495,26.95,124.999,1783.08,44.83
"1801",2012-12-05,2.53999999999999,0,39.6032006189417,41.65,132.251,1783.08,44.83
"1802",2012-12-06,0,-3.88888888888889,27.9552007636176,36.75,129.752,1783.08,44.83
"1803",2012-12-07,2.53999999999999,-3.33333333333333,25.6256002371329,44.1,125.097,1783.08,44.83
"1804",2012-12-08,7.62000000000003,-7.22222222222222,19.5840005493164,41.65,123.97,1783.08,44.83
"1805",2012-12-09,7.61999999999995,-6.11111111111111,65.6639978027344,49,121.03,1783.08,44.83
"1806",2012-12-10,0,-0.555555555555556,71.4239978027344,53.9,119.903,1783.08,44.83
"1807",2012-12-11,0,-2.22222222222222,56.4480010986328,51.45,120.099,1783.08,44.83
"1808",2012-12-12,0,-5,87.5519989013672,49,117.796,1783.08,44.83
"1809",2012-12-13,0,-6.66666666666667,94.4639978027344,46.55,116.767,1783.08,44.83
"1810",2012-12-14,0,-5,73.7280010986328,56.35,115.738,1783.08,44.83
"1811",2012-12-15,10.16,-7.77777777777778,52.9919989013672,56.35,114.954,1783.08,44.83
"1812",2012-12-16,12.7,-6.11111111111111,39.1680010986328,66.15,113.386,1783.08,44.83
"1813",2012-12-17,5.07999999999998,-5,63.36,75.95,113.337,1783.08,44.83
"1814",2012-12-18,0,-10.5555555555556,86.4,71.05,112.651,1783.08,44.83
"1815",2012-12-19,0,-10,77.1839978027344,68.6,111.867,1783.08,44.83
"1816",2012-12-20,2.54000000000002,-6.11111111111111,44.9280010986328,75.95,110.642,1783.08,44.83
"1817",2012-12-21,15.24,-5.55555555555556,21.8879997253418,78.4,111.279,1783.08,44.83
"1818",2012-12-22,2.53999999999996,-5,46.08,90.65,109.368,1783.08,44.83
"1819",2012-12-23,17.78,-5.55555555555556,31.1040005493164,93.1,110.103,1783.08,44.83
"1820",2012-12-24,0,-7.22222222222222,79.4880010986328,105.35,109.956,1783.08,44.83
"1821",2012-12-25,12.7,-8.33333333333333,32.2559994506836,105.35,106.526,1783.08,44.83
"1822",2012-12-26,5.08000000000004,-6.66666666666667,44.9280010986328,120.05,107.849,1783.08,44.83
"1823",2012-12-27,0,-6.66666666666667,86.4,124.95,108.143,1783.08,44.83
"1824",2012-12-28,0,-8.88888888888889,87.5519989013672,124.95,105.056,1783.08,44.83
"1825",2012-12-29,0,-10,67.9680010986328,124.95,107.702,1783.08,44.83
"1826",2012-12-30,0,-10.5555555555556,93.3120043945312,124.95,105.889,1783.08,44.83
"1827",2012-12-31,0,-7.77777777777778,89.8560021972656,124.95,103.929,1783.08,44.83
"1828",2013-01-01,0,-6.11111111111111,86.4,124.95,105.644,1783.08,44.83
"1829",2013-01-02,0,-7.77777777777778,80.64,127.4,103.88,1783.08,44.83
"1830",2013-01-03,0,-8.88888888888889,87.3599989149306,124.95,104.321,1783.08,44.83
"1831",2013-01-04,0,-6.11111111111111,90.8544010932074,124.95,102.753,1783.08,44.83
"1832",2013-01-05,0,-6.66666666666667,57.0752004019278,129.85,102.851,1783.08,44.83
"1833",2013-01-06,0,-5,85.0304011655454,129.85,103.096,1783.08,44.83
"1834",2013-01-07,17.78,-2.77777777777778,53.5807982236509,127.4,102.165,1783.08,44.83
"1835",2013-01-08,7.62,-1.66666666666667,45.9263999945746,147,103.488,1783.08,44.83
"1836",2013-01-09,10.16,-2.77777777777778,43.5711994909216,151.9,103.194,1783.08,44.83
"1837",2013-01-10,0,-8.88888888888889,24.7295982693143,164.15,102.018,1783.08,44.83
"1838",2013-01-11,0,-11.6666666666667,75.366399271195,164.15,102.116,1783.08,44.83
"1839",2013-01-12,0,-13.3333333333333,102.374407029442,159.25,101.773,1783.08,44.83
"1840",2013-01-13,0,-13.8888888888889,94.0416034211336,156.8,99.617,1783.08,44.83
"1841",2013-01-14,0,-10,98.8032046721282,156.8,99.372,1783.08,44.83
"1842",2013-01-15,2.53999999999996,-1.66666666666667,108.326407174118,159.25,101.626,1783.08,44.83
"1843",2013-01-16,0,-0.555555555555556,107.084796697772,164.15,101.969,1783.08,44.83
"1844",2013-01-17,0,-4.44444444444444,99.8656034957321,164.15,103.194,1783.08,44.83
"1845",2013-01-18,0,0,107.084796697772,164.15,96.383,1783.08,44.83
"1846",2013-01-19,0,0.555555555555556,104.576004638672,169.05,98.833,1783.08,44.83
"1847",2013-01-20,0,1.66666666666667,114.303995361328,169.05,100.842,1783.08,44.83
"1848",2013-01-21,0,-0.555555555555556,110.656004638672,169.05,100.45,1783.08,44.83
"1849",2013-01-22,0,-2.22222222222222,114.278407725695,169.05,96.138,1783.08,44.83
"1850",2013-01-23,2.54000000000002,-1.66666666666667,74.9568023582175,166.6,95.599,1783.08,44.83
"1851",2013-01-24,0,-1.11111111111111,76.1856012442128,169.05,95.942,1783.08,44.83
"1852",2013-01-25,17.78,-0.555555555555556,14.8992002448188,171.5,98.637,1783.08,44.83
"1853",2013-01-26,2.54000000000002,-3.33333333333333,58.3551962718823,191.1,94.031,1783.08,44.83
"1854",2013-01-27,0,-6.66666666666667,65.2287991120514,191.1,96.432,1783.08,44.83
"1855",2013-01-28,15.24,-6.11111111111111,40.1408015240705,196,96.824,1783.08,44.83
"1856",2013-01-29,7.62,-2.77777777777778,43.9040010127315,213.15,92.953,1783.08,44.83
"1857",2013-01-30,2.54000000000002,-1.11111111111111,55.7567986621997,222.95,95.403,1783.08,44.83
"1858",2013-01-31,0,0,74.7647977941442,227.85,95.795,1783.08,44.83
"1859",2013-02-01,0,-1.66666666666667,120.319995117188,227.85,96.187,1783.08,44.83
"1860",2013-02-02,0,-1.11111111111111,128,227.85,92.953,1783.08,44.83
"1861",2013-02-03,0,-0.555555555555556,135.680004882813,225.4,98.392,1783.08,44.83
"1862",2013-02-04,0,1.11111111111111,98.2528031652379,225.4,98.539,1783.08,44.83
"1863",2013-02-05,0,0,109.888004918981,225.4,95.942,1783.08,44.83
"1864",2013-02-06,0,-2.22222222222222,70.5023996826172,225.4,93.345,1783.08,44.83
"1865",2013-02-07,7.62000000000006,-4.44444444444444,48.3071995519567,225.4,98.245,1783.08,44.83
"1866",2013-02-08,0,-5.55555555555556,89.6512044822411,232.75,96.726,1783.08,44.83
"1867",2013-02-09,2.53999999999991,-2.77777777777778,96.243204626917,230.3,99.225,1783.08,44.83
"1868",2013-02-10,0,-4.44444444444444,127.795199522569,235.2,97.216,1783.08,44.83
"1869",2013-02-11,0,-2.77777777777778,161.07519807581,227.85,95.991,1783.08,44.83
"1870",2013-02-12,0,-1.66666666666667,94.08,227.85,94.325,1783.08,44.83
"1871",2013-02-13,0,-1.11111111111111,95.4239987182617,227.85,94.717,1783.08,44.83
"1872",2013-02-14,0,-2.22222222222222,147.891201132089,230.3,97.51,1783.08,44.83
"1873",2013-02-15,0,-0.555555555555556,160.102409416594,230.3,98.833,1783.08,44.83
"1874",2013-02-16,0,-0.555555555555556,162.982391332104,232.75,97.216,1783.08,44.83
"1875",2013-02-17,0,-5,146.547194291631,235.2,97.118,1783.08,44.83
"1876",2013-02-18,2.54000000000008,-5,149.299205761719,232.75,98.098,1783.08,44.83
"1877",2013-02-19,2.53999999999991,-5.55555555555556,163.123206051071,235.2,100.744,1783.08,44.83
"1878",2013-02-20,0,-5.55555555555556,163.238390568034,230.3,98.98,1783.08,44.83
"1879",2013-02-21,5.0800000000001,-6.11111111111111,103.244797048159,227.85,97.853,1783.08,44.83
"1880",2013-02-22,20.3199999999999,-4.44444444444444,53.5039993286133,232.75,98.882,1783.08,44.83
"1881",2013-02-23,7.62,-6.66666666666667,77.44,252.35,99.666,1783.08,44.83
"1882",2013-02-24,0,-7.22222222222222,198.912008101852,262.15,100.352,1783.08,44.83
"1883",2013-02-25,7.62,-6.11111111111111,98.0352053480361,262.15,97.657,1783.08,44.83
"1884",2013-02-26,2.54000000000002,-6.11111111111111,192.102390653935,271.95,98.294,1783.08,44.83
"1885",2013-02-27,0,-3.88888888888889,199.270390509259,274.4,96.481,1783.08,44.83
"1886",2013-02-28,17.78,-1.11111111111111,76.6592042923539,276.85,98.441,1783.08,44.83
"1887",2013-03-01,0,2.22222222222222,161.996800481952,294,98.441,1783.08,44.83
"1888",2013-03-02,0,1.66666666666667,106.521598558666,294,105.056,1783.08,44.83
"1889",2013-03-03,0,-3.88888888888889,166.336002807617,296.45,104.664,1783.08,44.83
"1890",2013-03-04,0,-6.11111111111111,210.496002807617,294,104.615,1783.08,44.83
"1891",2013-03-05,0,-2.77777777777778,155.904006076389,291.55,107.996,1783.08,44.83
"1892",2013-03-06,5.07999999999998,-2.22222222222222,120.268810351563,294,106.967,1783.08,44.83
"1893",2013-03-07,0,-3.88888888888889,209.663995949074,298.9,107.114,1783.08,44.83
"1894",2013-03-08,0,-2.77777777777778,224.639995659722,296.45,105.497,1783.08,44.83
"1895",2013-03-09,0,-1.11111111111111,229.580801517289,296.45,107.261,1783.08,44.83
"1896",2013-03-10,0,0.555555555555556,228.070410130932,294,106.771,1783.08,44.83
"1897",2013-03-11,2.54000000000002,0.555555555555556,60.9279976851852,291.55,106.036,1783.08,44.83
"1898",2013-03-12,0,2.77777777777778,196.492786724176,294,107.261,1783.08,44.83
"1899",2013-03-13,0,5,184.32,289.1,108.584,1783.08,44.83
"1900",2013-03-14,0,6.11111111111111,205.990410650861,284.2,117.747,1783.08,44.83
"1901",2013-03-15,0,2.77777777777778,196.697604395435,276.85,126.763,1783.08,44.83
"1902",2013-03-16,2.53999999999991,0,146.790391323061,269.5,128.086,1783.08,44.83
"1903",2013-03-17,0,-5.55555555555556,126.489603613281,267.05,125.489,1783.08,44.83
"1904",2013-03-18,0,-3.88888888888889,210.969597871455,267.05,127.155,1783.08,44.83
"1905",2013-03-19,5.08000000000004,-1.11111111111111,244.032004484954,267.05,124.313,1783.08,44.83
"1906",2013-03-20,7.62,-1.11111111111111,150.783994502315,269.5,124.46,1783.08,44.83
"1907",2013-03-21,5.07999999999993,-6.66666666666667,99.9935993815103,274.4,124.852,1783.08,44.83
"1908",2013-03-22,0,-8.33333333333333,225.600006103516,276.85,123.578,1783.08,44.83
"1909",2013-03-23,0,-8.33333333333333,269.33762196904,276.85,123.921,1783.08,44.83
"1910",2013-03-24,2.54000000000008,-4.44444444444444,275.788816048177,279.3,124.166,1783.08,44.83
"1911",2013-03-25,2.54000000000008,-1.11111111111111,212.953602410663,281.75,121.863,1783.08,44.83
"1912",2013-03-26,0,1.66666666666667,195.071996527778,284.2,120.05,1783.08,44.83
"1913",2013-03-27,2.53999999999985,1.66666666666667,173.67040931713,286.65,120.491,1783.08,44.83
"1914",2013-03-28,0,3.88888888888889,224.46080083912,286.65,124.46,1783.08,44.83
"1915",2013-03-29,0,3.33333333333333,229.516785657191,279.3,129.115,1783.08,44.83
"1916",2013-03-30,0,5,275.750402933304,267.05,131.81,1783.08,44.83
"1917",2013-03-31,0,6.66666666666667,279.551987304687,252.35,135.681,1783.08,44.83
"1918",2013-04-01,0,6.11111111111111,276.672009548611,237.65,137.347,1783.08,44.83
"1919",2013-04-02,0,5,259.904008969907,222.95,137.739,1783.08,44.83
"1920",2013-04-03,0,5.55555555555556,263.577601931423,210.7,137.984,1783.08,44.83
"1921",2013-04-04,7.62000000000012,4.44444444444444,152.063997395833,198.45,137.788,1783.08,44.83
"1922",2013-04-05,0,2.22222222222222,177.049596515119,191.1,139.993,1783.08,44.83
"1923",2013-04-06,5.07999999999993,1.11111111111111,105.548798546911,181.3,136.269,1783.08,44.83
"1924",2013-04-07,7.62,-1.11111111111111,138.931201855469,176.4,135.681,1783.08,44.83
"1925",2013-04-08,0,-2.22222222222222,192.102390247034,178.85,132.496,1783.08,44.83
"1926",2013-04-09,0,0.555555555555556,248.831993408203,181.3,130.781,1783.08,44.83
"1927",2013-04-10,0,2.77777777777778,276.48,176.4,134.995,1783.08,44.83
"1928",2013-04-11,0,-0.555555555555556,240.230411306424,169.05,137.298,1783.08,44.83
"1929",2013-04-12,2.54000000000008,1.66666666666667,224.460799641023,164.15,134.897,1783.08,44.83
"1930",2013-04-13,2.53999999999996,-3.33333333333333,136.780801087782,149.45,135.877,1783.08,44.83
"1931",2013-04-14,0,-3.88888888888889,238.46400390625,144.55,131.712,1783.08,44.83
"1932",2013-04-15,2.53999999999996,-3.88888888888889,199.603206638817,154.35,129.115,1783.08,44.83
"1933",2013-04-16,0,-4.44444444444444,161.907201520905,149.45,126.91,1783.08,44.83
"1934",2013-04-17,0,-2.22222222222222,272.217594539388,156.8,125.881,1783.08,44.83
"1935",2013-04-18,0,0.555555555555556,297.472006835938,154.35,128.282,1783.08,44.83
"1936",2013-04-19,20.32,0.555555555555556,75.2639965820313,142.1,129.017,1783.08,44.83
"1937",2013-04-20,2.53999999999996,0.555555555555556,220.185603617802,137.2,138.278,1783.08,44.83
"1938",2013-04-21,0,1.11111111111111,267.110412007198,129.85,134.26,1783.08,44.83
"1939",2013-04-22,0,-1.11111111111111,252.646389044416,117.6,130.781,1783.08,44.83
"1940",2013-04-23,0,0,327.167994791667,120.05,128.135,1783.08,44.83
"1941",2013-04-24,0,3.33333333333333,351.4368195204,110.25,126.714,1783.08,44.83
"1942",2013-04-25,0,6.11111111111111,296.524818652344,93.1,124.509,1783.08,44.83
"1943",2013-04-26,0,8.33333333333333,304.127990451389,71.05,122.451,1783.08,44.83
"1944",2013-04-27,0,8.33333333333333,280.166387688079,44.1,120.834,1783.08,44.83
"1945",2013-04-28,0,5,207.871996459961,19.6,120.001,1783.08,44.83
"1946",2013-04-29,0,2.77777777777778,263.551996459961,2.45,91.5075,1783.08,44.83
"1947",2013-04-30,0,-3.33333333333333,185.01119860026,0,117.796,1783.08,44.83
"1948",2013-05-01,0,0.555555555555556,323.302395753761,0,116.522,1783.08,44.83
"1949",2013-05-02,0,5,323.635209378617,0,115.395,1783.08,44.83
"1950",2013-05-03,0,7.22222222222222,274.713602953197,0,113.876,1783.08,44.83
"1951",2013-05-04,0,6.66666666666667,259.532800350839,0,113.288,1783.08,44.83
"1952",2013-05-05,0,7.77777777777778,318.259190407986,0,111.034,1783.08,44.83
"1953",2013-05-06,0,10.5555555555556,314.687990451389,0,110.691,1783.08,44.83
"1954",2013-05-07,0,10.5555555555556,303.244783523221,0,108.731,1783.08,44.83
"1955",2013-05-08,0,11.6666666666667,309.120007324219,0,106.183,1783.08,44.83
"1956",2013-05-09,0,12.2222222222222,311.040014648437,0,102.655,1783.08,44.83
"1957",2013-05-10,0,12.7777777777778,312.959985351563,0,99.911,1783.08,44.83
"1958",2013-05-11,0,12.7777777777778,280.256008391204,0,98.539,1783.08,44.83
"1959",2013-05-12,2.53999999999996,12.7777777777778,303.449605399125,0,95.844,1783.08,44.83
"1960",2013-05-13,2.53999999999996,10,336.588780150463,0,93.394,1783.08,44.83
"1961",2013-05-14,0,6.11111111111111,309.350387977431,0,93.884,1783.08,44.83
"1962",2013-05-15,0,6.66666666666667,293.785603052662,0,92.316,1783.08,44.83
"1963",2013-05-16,2.54000000000008,5,217.382410682509,0,86.338,1783.08,44.83
"1964",2013-05-17,12.6999999999999,3.33333333333333,111.628797913954,0,88.347,1783.08,44.83
"1965",2013-05-18,0,2.77777777777778,234.572785593895,0,92.806,1783.08,44.83
"1966",2013-05-19,0,3.88888888888889,220.774389758753,0,90.209,1783.08,44.83
"1967",2013-05-20,0,7.77777777777778,313.42078327908,0,87.857,1783.08,44.83
"1968",2013-05-21,2.54000000000008,5,232.12799621582,0,89.376,1783.08,44.83
"1969",2013-05-22,0,-1.11111111111111,128.96,0,87.563,1783.08,44.83
"1970",2013-05-23,2.53999999999996,0.555555555555556,194.43200378418,0,85.015,1783.08,44.83
"1971",2013-05-24,5.07999999999993,1.11111111111111,141.772802204499,0,86.534,1783.08,44.83
"1972",2013-05-25,0,3.88888888888889,283.545604408999,0,88.347,1783.08,44.83
"1973",2013-05-26,5.08000000000015,4.44444444444444,161.740812304688,0,87.416,1783.08,44.83
"1974",2013-05-27,7.61999999999989,2.77777777777778,138.662399919976,0,87.318,1783.08,44.83
"1975",2013-05-28,0,3.88888888888889,172.82560517759,0,87.367,1783.08,44.83
"1976",2013-05-29,10.1600000000001,2.77777777777778,138.662399919976,0,90.944,1783.08,44.83
"1977",2013-05-30,0,2.77777777777778,235.123192781576,0,95.746,1783.08,44.83
"1978",2013-05-31,0,5.55555555555556,333.696004774306,0,94.962,1783.08,44.83
"1979",2013-06-01,0,8.88888888888889,319.539208429181,0,92.855,1783.08,44.83
"1980",2013-06-02,0,7.22222222222222,246.732799672671,0,92.414,1783.08,44.83
"1981",2013-06-03,0,8.33333333333333,335.718412518085,0,87.808,1783.08,44.83
"1982",2013-06-04,0,10.5555555555556,319.526387032516,0,86.877,1783.08,44.83
"1983",2013-06-05,0,12.7777777777778,341.913574750434,0,83.643,1783.08,44.83
"1984",2013-06-06,0,15,319.526387032516,0,79.527,1783.08,44.83
"1985",2013-06-07,0,13.8888888888889,317.491198735894,0,75.901,1783.08,44.83
"1986",2013-06-08,0,13.3333333333333,341.913574750434,0,71.785,1783.08,44.83
"1987",2013-06-09,0,13.3333333333333,329.7280078125,0,69.972,1783.08,44.83
"1988",2013-06-10,0,12.2222222222222,352.256015625,0,65.954,1783.08,44.83
"1989",2013-06-11,0,8.88888888888889,301.05599609375,0,65.464,1783.08,44.83
"1990",2013-06-12,0,5.55555555555556,290.81599609375,0,60.368,1783.08,44.83
"1991",2013-06-13,0,3.88888888888889,274.4319921875,0,59.192,1783.08,44.83
"1992",2013-06-14,0,6.11111111111111,321.53599609375,0,57.33,1783.08,44.83
"1993",2013-06-15,0,11.1111111111111,339.9680078125,0,58.212,1783.08,44.83
"1994",2013-06-16,0,13.8888888888889,309.2480078125,0,50.764,1783.08,44.83
"1995",2013-06-17,0,13.3333333333333,327.68,0,50.813,1783.08,44.83
"1996",2013-06-18,5.07999999999993,8.33333333333333,229.37599609375,0,48.657,1783.08,44.83
"1997",2013-06-19,22.86,1.66666666666667,100.352001953125,0,48.755,1783.08,44.83
"1998",2013-06-20,2.53999999999996,3.33333333333333,249.85599609375,0,65.954,1783.08,44.83
"1999",2013-06-21,5.08000000000004,2.77777777777778,151.552001953125,0,71.981,1783.08,44.83
"2000",2013-06-22,0,6.66666666666667,317.44,0,69.188,1783.08,44.83
"2001",2013-06-23,2.54000000000008,10,262.14400390625,0,71.54,1783.08,44.83
"2002",2013-06-24,10.16,6.66666666666667,88.06400390625,0,69.727,1783.08,44.83
"2003",2013-06-25,10.16,6.66666666666667,69.632001953125,0,70.805,1783.08,44.83
"2004",2013-06-26,10.16,8.33333333333333,100.352001953125,0,79.527,1783.08,44.83
"2005",2013-06-27,0,13.8888888888889,344.063984375,0,94.178,1783.08,44.83
"2006",2013-06-28,0,17.7777777777778,323.58400390625,0,94.325,1783.08,44.83
"2007",2013-06-29,0,17.7777777777778,296.96,0,90.993,1783.08,44.83
"2008",2013-06-30,0,19.4444444444444,325.6319921875,0,84.28,1783.08,44.83
"2009",2013-07-01,0,22.2222222222222,317.44,0,82.369,1783.08,44.83
"2010",2013-07-02,0,21.6666666666667,292.86400390625,0,73.549,1783.08,44.83
"2011",2013-07-03,0,18.8888888888889,292.86400390625,0,73.402,1783.08,44.83
"2012",2013-07-04,0,15.5555555555556,305.279991319444,0,67.228,1783.08,44.83
"2013",2013-07-05,0,12.7777777777778,315.455991030093,0,60.27,1783.08,44.83
"2014",2013-07-06,0,13.3333333333333,343.948782456236,0,58.261,1783.08,44.83
"2015",2013-07-07,0,15.5555555555556,321.561594738317,0,53.116,1783.08,44.83
"2016",2013-07-08,0,15,293.068783902995,0,50.176,1783.08,44.83
"2017",2013-07-09,0,17.2222222222222,341.913574750434,0,46.991,1783.08,44.83
"2018",2013-07-10,0,17.7777777777778,311.449596741175,0,41.846,1783.08,44.83
"2019",2013-07-11,0,14.4444444444444,283.136004050926,0,42.973,1783.08,44.83
"2020",2013-07-12,0,12.7777777777778,327.628820117188,0,34.692,1783.08,44.83
"2021",2013-07-13,0,11.6666666666667,335.718412518085,0,31.409,1783.08,44.83
"2022",2013-07-14,0,15.5555555555556,313.497603152127,0,28.959,1783.08,44.83
"2023",2013-07-15,0,17.2222222222222,317.516799261248,0,28.42,1783.08,44.83
"2024",2013-07-16,0,17.7777777777778,235.123192781576,0,23.765,1783.08,44.83
"2025",2013-07-17,0,16.6666666666667,283.545604408999,0,21.707,1783.08,44.83
"2026",2013-07-18,0,17.7777777777778,313.497605277054,0,22.442,1783.08,44.83
"2027",2013-07-19,0,19.4444444444444,305.51041266276,0,17.787,1783.08,44.83
"2028",2013-07-20,0,18.3333333333333,303.513604987702,0,17.885,1783.08,44.83
"2029",2013-07-21,0,17.7777777777778,323.391984863281,0,15.925,1783.08,44.83
"2030",2013-07-22,0,16.6666666666667,299.584007568359,0,14.945,1783.08,44.83
"2031",2013-07-23,0,18.8888888888889,309.504007568359,0,11.858,1783.08,44.83
"2032",2013-07-24,0,20,291.737595194951,0,11.466,1783.08,44.83
"2033",2013-07-25,0,19.4444444444444,262.169596063006,0,12.936,1783.08,44.83
"2034",2013-07-26,0,20,268.300800228769,0,10.192,1783.08,44.83
"2035",2013-07-27,0,16.1111111111111,268.300800228769,0,10.192,1783.08,44.83
"2036",2013-07-28,0,13.8888888888889,272.217596551287,0,8.232,1783.08,44.83
"2037",2013-07-29,0,14.4444444444444,286.00319203559,0,8.673,1783.08,44.83
"2038",2013-07-30,0,16.1111111111111,264.60160348669,0,7.84,1783.08,44.83
"2039",2013-07-31,0,16.1111111111111,222.272006655093,0,6.272,1783.08,44.83
"2040",2013-08-01,10.16,11.1111111111111,160.422408489764,0,5.292,1783.08,44.83
"2041",2013-08-02,30.4800000000001,8.88888888888889,173.952005208333,0,6.125,1783.08,44.83
"2042",2013-08-03,0,11.1111111111111,264.960003662109,0,7.203,1783.08,44.83
"2043",2013-08-04,0,15,276.479992675781,0,21.07,1783.08,44.83
"2044",2013-08-05,0,16.6666666666667,236.492785548684,0,20.188,1783.08,44.83
"2045",2013-08-06,0,17.2222222222222,255.56478496998,0,20.237,1783.08,44.83
"2046",2013-08-07,0,17.2222222222222,251.955207461661,0,17.787,1783.08,44.83
"2047",2013-08-08,0,17.2222222222222,227.328003472222,0,17.199,1783.08,44.83
"2048",2013-08-09,0,16.6666666666667,233.318389234303,0,2.8175,1783.08,44.83
"2049",2013-08-10,27.9399999999999,12.7777777777778,195.686389813006,0,12.299,1783.08,44.83
"2050",2013-08-11,5.07999999999993,12.7777777777778,246.489603387225,0,15.876,1783.08,44.83
"2051",2013-08-12,5.08000000000004,13.8888888888889,185.01119860026,0,16.562,1783.08,44.83
"2052",2013-08-13,0,15,256.025604363788,0,14.014,1783.08,44.83
"2053",2013-08-14,0,17.7777777777778,243.136007080078,0,13.916,1783.08,44.83
"2054",2013-08-15,0,17.7777777777778,261.696007080078,0,13.328,1783.08,44.83
"2055",2013-08-16,0,16.6666666666667,248.8319921875,0,13.622,1783.08,44.83
"2056",2013-08-17,2.53999999999996,16.1111111111111,224.87038942419,0,11.613,1783.08,44.83
"2057",2013-08-18,0,16.1111111111111,247.10400390625,0,10.584,1783.08,44.83
"2058",2013-08-19,0,16.6666666666667,250.764800472909,0,10.78,1783.08,44.83
"2059",2013-08-20,0,15.5555555555556,256.281602853733,0,10.437,1783.08,44.83
"2060",2013-08-21,0,16.6666666666667,256.281602853733,0,9.31,1783.08,44.83
"2061",2013-08-22,5.08000000000004,15,171.456005497685,0,8.036,1783.08,44.83
"2062",2013-08-23,0,13.3333333333333,200.332813308377,0,7.399,1783.08,44.83
"2063",2013-08-24,2.53999999999996,13.8888888888889,225.792006835938,0,6.713,1783.08,44.83
"2064",2013-08-25,0,12.7777777777778,206.08,0,6.174,1783.08,44.83
"2065",2013-08-26,0,12.7777777777778,213.503993055556,0,6.076,1783.08,44.83
"2066",2013-08-27,0,15,238.46400390625,0,4.361,1783.08,44.83
"2067",2013-08-28,0,16.6666666666667,213.734410239439,0,4.508,1783.08,44.83
"2068",2013-08-29,0,16.1111111111111,212.185603188296,0,3.528,1783.08,44.83
"2069",2013-08-30,0,13.8888888888889,219.199996383102,0,4.116,1783.08,44.83
"2070",2013-08-31,0,16.6666666666667,236.748814510996,0,3.234,1783.08,44.83
"2071",2013-09-01,0,17.2222222222222,184.524812774884,0,2.499,1783.08,44.83
"2072",2013-09-02,0,14.4444444444444,112.32,0,2.744,1783.08,44.83
"2073",2013-09-03,2.54000000000008,13.8888888888889,101.952001647949,0,2.107,1783.08,44.83
"2074",2013-09-04,10.16,13.3333333333333,128.639995659722,0,1.764,1783.08,44.83
"2075",2013-09-05,2.54000000000008,11.1111111111111,135.500797063983,0,1.029,1783.08,44.83
"2076",2013-09-06,0,8.33333333333333,134.489603909415,0,2.254,1783.08,44.83
"2077",2013-09-07,0,10.5555555555556,221.337602654803,0,2.499,1783.08,44.83
"2078",2013-09-08,0,11.6666666666667,182.476800097656,0,0.882,1783.08,44.83
"2079",2013-09-09,0,12.7777777777778,207.923200779441,0,2.058,1783.08,44.83
"2080",2013-09-10,0,15,214.63041060565,0,0.392,1783.08,44.83
"2081",2013-09-11,0,17.7777777777778,216.32,0,0.588,1783.08,44.83
"2082",2013-09-12,0,16.1111111111111,164.735993652344,0,1.176,1783.08,44.83
"2083",2013-09-13,0,15,181.631993634259,0,1.911,1783.08,44.83
"2084",2013-09-14,0,16.1111111111111,186.585596610062,0,1.47,1783.08,44.83
"2085",2013-09-15,5.07999999999981,13.8888888888889,132.71040859375,0,1.176,1783.08,44.83
"2086",2013-09-16,2.54000000000008,11.1111111111111,173.67040931713,0,0,1783.08,44.83
"2087",2013-09-17,2.54000000000008,6.11111111111111,100.787195105433,0,1.764,1783.08,44.83
"2088",2013-09-18,0,3.33333333333333,129.02400462963,0,0.343,1783.08,44.83
"2089",2013-09-19,0,6.66666666666667,198.374410194228,0,1.715,1783.08,44.83
"2090",2013-09-20,0,10.5555555555556,193.600006103516,0,0.882,1783.08,44.83
"2091",2013-09-21,0,6.66666666666667,113.599998474121,0,0.392,1783.08,44.83
"2092",2013-09-22,5.08000000000004,5,82.5343939633971,0,0,1783.08,44.83
"2093",2013-09-23,0,5.55555555555556,144.435200788484,0,0.931,1783.08,44.83
"2094",2013-09-24,10.16,3.33333333333333,107.059204970522,0,0.882,1783.08,44.83
"2095",2013-09-25,2.53999999999996,1.11111111111111,65.5871958062067,0,0,1783.08,44.83
"2096",2013-09-26,0,2.22222222222222,90.5728013002748,0,0.049,1783.08,44.83
"2097",2013-09-27,12.7,1.66666666666667,68.1472040233471,0,0,1783.08,44.83
"2098",2013-09-28,7.61999999999989,5,85.1840031828704,0,0.882,1783.08,44.83
"2099",2013-09-29,43.1800000000001,1.11111111111111,113.664001464844,0,0,1783.08,44.83
"2100",2013-09-30,0,2.22222222222222,99.84,4.9,26.95,1783.08,44.83
"2101",2013-10-01,0,0.555555555555556,162.982390902597,0,70.707,1783.08,44.83
"2102",2013-10-02,0,0,170.598390613245,0,67.032,1783.08,44.83
"2103",2013-10-03,0,0.555555555555556,99.6864004692925,0,66.983,1783.08,44.83
"2104",2013-10-04,0,2.77777777777778,166.14400318287,0,63.553,1783.08,44.83
"2105",2013-10-05,0,5,181.209602211733,0,65.072,1783.08,44.83
"2106",2013-10-06,0,6.66666666666667,169.26720093316,0,61.152,1783.08,44.83
"2107",2013-10-07,0,5,152.93440879268,0,58.506,1783.08,44.83
"2108",2013-10-08,5.08,-0.555555555555556,33.8559992980957,0,56.105,1783.08,44.83
"2109",2013-10-09,2.54,0,117.76,0,56.203,1783.08,44.83
"2110",2013-10-10,0,1.66666666666667,147.379199721499,0,59.241,1783.08,44.83
"2111",2013-10-11,0,1.66666666666667,131.327994791667,0,55.37,1783.08,44.83
"2112",2013-10-12,5.08,0.555555555555556,57.8560011574074,0,56.007,1783.08,44.83
"2113",2013-10-13,0,1.11111111111111,111.37279946922,0,54.488,1783.08,44.83
"2114",2013-10-14,0,1.11111111111111,137.625602690972,0,53.508,1783.08,44.83
"2115",2013-10-15,0,1.66666666666667,163.430391232639,0,52.871,1783.08,44.83
"2116",2013-10-16,0,3.88888888888889,156.288006365741,0,50.813,1783.08,44.83
"2117",2013-10-17,0,3.33333333333333,154.867200887948,0,50.078,1783.08,44.83
"2118",2013-10-18,0,3.88888888888889,159.104002685547,0,50.715,1783.08,44.83
"2119",2013-10-19,0,7.77777777777778,161.843198609302,0,46.648,1783.08,44.83
"2120",2013-10-20,0,8.33333333333333,143.705596700485,0,48.902,1783.08,44.83
"2121",2013-10-21,0,7.77777777777778,145.152003038194,0,44.884,1783.08,44.83
"2122",2013-10-22,0,7.77777777777778,136.857597591146,0,44.835,1783.08,44.83
"2123",2013-10-23,0,7.22222222222222,132.851194580982,0,44.688,1783.08,44.83
"2124",2013-10-24,0,7.77777777777778,138.329602302156,0,46.697,1783.08,44.83
"2125",2013-10-25,0,8.33333333333333,131.609603025535,0,42.679,1783.08,44.83
"2126",2013-10-26,0,7.77777777777778,131.609603025535,0,40.67,1783.08,44.83
"2127",2013-10-27,2.54,3.88888888888889,104.832002563477,0,37.24,1783.08,44.83
"2128",2013-10-28,2.54,-0.555555555555556,45.6960012817383,0,42.336,1783.08,44.83
"2129",2013-10-29,0,-1.11111111111111,93.1839959490741,0,36.309,1783.08,44.83
"2130",2013-10-30,0,0,101.171194332321,0,36.995,1783.08,44.83
"2131",2013-10-31,5.08,3.33333333333333,58.0096025304724,0,38.563,1783.08,44.83
"2132",2013-11-01,2.54,1.66666666666667,97.561603398528,0,39.935,1783.08,44.83
"2133",2013-11-02,2.54,0,50.0992004708749,0,38.514,1783.08,44.83
"2134",2013-11-03,5.08,-4.44444444444444,26.1119994212963,0,38.318,1783.08,44.83
"2135",2013-11-04,0,-6.11111111111111,95.3088003779658,2.45,39.837,1783.08,44.83
"2136",2013-11-05,7.62,-3.33333333333333,74.9824058223019,2.45,39.935,1783.08,44.83
"2137",2013-11-06,10.16,1.11111111111111,50.4192034898547,12.25,39.592,1783.08,44.83
"2138",2013-11-07,15.24,0.555555555555556,40.9600006103516,14.7,42.189,1783.08,44.83
"2139",2013-11-08,0,-1.11111111111111,37.1200012207031,4.9,86.975,1783.08,44.83
"2140",2013-11-09,2.54000000000001,0,74.7647977941442,4.9,83.741,1783.08,44.83
"2141",2013-11-10,0,3.33333333333333,68.428798083496,2.45,85.701,1783.08,44.83
"2142",2013-11-11,0,5,87.4367972154405,2.45,82.467,1783.08,44.83
"2143",2013-11-12,0,4.44444444444444,65.2287991120514,0,78.792,1783.08,44.83
"2144",2013-11-13,0,2.22222222222222,75.2640017361111,0,81.389,1783.08,44.83
"2145",2013-11-14,0,0,70.7711959825304,0,79.576,1783.08,44.83
"2146",2013-11-15,7.61999999999999,-3.33333333333333,40.9727984530979,0,77.077,1783.08,44.83
"2147",2013-11-16,12.7,-3.33333333333333,19.8655998330575,9.8,80.213,1783.08,44.83
"2148",2013-11-17,0,-2.22222222222222,47.9232034288195,19.6,77.028,1783.08,44.83
"2149",2013-11-18,2.54000000000001,-0.555555555555556,39.3216024377894,17.15,78.351,1783.08,44.83
"2150",2013-11-19,10.16,0,13.376000289917,22.05,76.538,1783.08,44.83
"2151",2013-11-20,0,-5,100.928002319336,26.95,81.536,1783.08,44.83
"2152",2013-11-21,0,-5.55555555555556,100.928002319336,17.15,85.015,1783.08,44.83
"2153",2013-11-22,0,-2.22222222222222,99.8656034957321,26.95,81.879,1783.08,44.83
"2154",2013-11-23,0,0.555555555555556,96.2560011574074,31.85,81.732,1783.08,44.83
"2155",2013-11-24,0,2.77777777777778,97.4592057617188,29.4,81.046,1783.08,44.83
"2156",2013-11-25,0,3.88888888888889,93.8496034233941,31.85,81.879,1783.08,44.83
"2157",2013-11-26,0,1.66666666666667,70.2336028424299,26.95,81.487,1783.08,44.83
"2158",2013-11-27,0,2.22222222222222,80.9472042381005,24.5,84.966,1783.08,44.83
"2159",2013-11-28,0,1.66666666666667,84.5184009191442,24.5,84.672,1783.08,44.83
"2160",2013-11-29,0,1.66666666666667,84.787195670573,24.5,84.427,1783.08,44.83
"2161",2013-11-30,2.53999999999999,0.555555555555556,36.5055979799624,24.5,85.799,1783.08,44.83
"2162",2013-12-01,12.7,2.22222222222222,32.9727986282914,22.05,87.024,1783.08,44.83
"2163",2013-12-02,7.62000000000002,-3.88888888888889,68.300800567853,24.5,102.508,1783.08,44.83
"2164",2013-12-03,0,-10.5555555555556,69.8879991319444,19.6,106.281,1783.08,44.83
"2165",2013-12-04,0,-15.5555555555556,83.8655967366537,34.3,104.909,1783.08,44.83
"2166",2013-12-05,0,-15,88.5247977896231,36.75,104.174,1783.08,44.83
"2167",2013-12-06,2.53999999999999,-15,45.4272005466037,36.75,102.116,1783.08,44.83
"2168",2013-12-07,0,-16.1111111111111,89.6895966643157,41.65,99.715,1783.08,44.83
"2169",2013-12-08,0,-15.5555555555556,97.8431943413629,41.65,97.216,1783.08,44.83
"2170",2013-12-09,0,-11.1111111111111,87.5519989013672,46.55,92.316,1783.08,44.83
"2171",2013-12-10,2.53999999999999,-8.88888888888889,61.0560021972656,46.55,91.336,1783.08,44.83
"2172",2013-12-11,0,-7.77777777777778,72.5760021972656,49,88.494,1783.08,44.83
"2173",2013-12-12,2.53999999999999,-5.55555555555556,48.3839978027344,46.55,90.405,1783.08,44.83
"2174",2013-12-13,0,-2.22222222222222,48.3839978027344,49,86.632,1783.08,44.83
"2175",2013-12-14,0,-1.66666666666667,55.2960021972656,53.9,88.396,1783.08,44.83
"2176",2013-12-15,0,2.22222222222222,79.4880010986328,56.35,85.505,1783.08,44.83
"2177",2013-12-16,0,1.66666666666667,81.7919989013672,56.35,84.574,1783.08,44.83
"2178",2013-12-17,0,1.66666666666667,71.4239978027344,56.35,88.102,1783.08,44.83
"2179",2013-12-18,0,-0.555555555555556,65.6639978027344,56.35,87.024,1783.08,44.83
"2180",2013-12-19,0,-7.22222222222222,59.9039978027344,53.9,85.211,1783.08,44.83
"2181",2013-12-20,27.94,-4.44444444444444,58.7519989013672,49,83.692,1783.08,44.83
"2182",2013-12-21,7.62,-1.66666666666667,29.9519989013672,75.95,85.75,1783.08,44.83
"2183",2013-12-22,2.54000000000002,-1.11111111111111,24.1919989013672,88.2,83.496,1783.08,44.83
"2184",2013-12-23,2.53999999999999,0,47.2319989013672,93.1,82.32,1783.08,44.83
"2185",2013-12-24,0,-5,73.7280010986328,90.65,84.77,1783.08,44.83
"2186",2013-12-25,0,0,84.0960021972656,90.65,88.298,1783.08,44.83
"2187",2013-12-26,0,0.555555555555556,78.3360021972656,93.1,88.837,1783.08,44.83
"2188",2013-12-27,0,0,78.3360021972656,95.55,89.327,1783.08,44.83
"2189",2013-12-28,0,-2.77777777777778,79.4880010986328,98,88.641,1783.08,44.83
"2190",2013-12-29,0,-1.11111111111111,88.7039978027344,93.1,88.641,1783.08,44.83
"2191",2013-12-30,2.53999999999999,0.555555555555556,48.3839978027344,95.55,86.436,1783.08,44.83
"2192",2013-12-31,2.53999999999999,0,51.84,100.45,86.387,1783.08,44.83
"2193",2014-01-01,0,-2.22222222222222,72.5760021972656,100.45,84.476,1783.08,44.83
"2194",2014-01-02,0,-0.555555555555556,59.9039978027344,100.45,89.18,1783.08,44.83
"2195",2014-01-03,0,-2.22222222222222,89.6895966643157,100.45,88.347,1783.08,44.83
"2196",2014-01-04,0,-6.66666666666667,73.3824013102213,98,85.26,1783.08,44.83
"2197",2014-01-05,0,-2.77777777777778,92.0191999679,93.1,85.652,1783.08,44.83
"2198",2014-01-06,0,-2.77777777777778,73.3824013102213,93.1,87.367,1783.08,44.83
"2199",2014-01-07,5.08000000000001,-2.77777777777778,41.9327983683268,95.55,84.623,1783.08,44.83
"2200",2014-01-08,12.7,-1.66666666666667,29.4399992766204,100.45,85.113,1783.08,44.83
"2201",2014-01-09,7.62,-3.88888888888889,23.5519994212963,112.7,80.801,1783.08,44.83
"2202",2014-01-10,5.07999999999998,-1.11111111111111,17.6639995659722,120.05,84.28,1783.08,44.83
"2203",2014-01-11,2.54000000000002,-1.11111111111111,40.0384001392505,127.4,84.182,1783.08,44.83
"2204",2014-01-12,12.7,-2.77777777777778,38.0928014935529,129.85,85.652,1783.08,44.83
"2205",2014-01-13,0,-0.555555555555556,52.3776024084021,142.1,84.378,1783.08,44.83
"2206",2014-01-14,0,0,91.6607999575014,142.1,82.124,1783.08,44.83
"2207",2014-01-15,0,2.77777777777778,97.6128001021773,142.1,82.418,1783.08,44.83
"2208",2014-01-16,0,2.22222222222222,98.6623988914207,142.1,84.476,1783.08,44.83
"2209",2014-01-17,0,2.77777777777778,101.068796625434,142.1,82.271,1783.08,44.83
"2210",2014-01-18,0,1.66666666666667,98.6623988914207,142.1,83.398,1783.08,44.83
"2211",2014-01-19,0,1.11111111111111,103.36,142.1,85.701,1783.08,44.83
"2212",2014-01-20,0,0.555555555555556,100.928002319336,144.55,84.329,1783.08,44.83
"2213",2014-01-21,0,1.11111111111111,105.791997680664,144.55,81.536,1783.08,44.83
"2214",2014-01-22,0,0.555555555555556,103.219200173611,144.55,84.329,1783.08,44.83
"2215",2014-01-23,0,-1.66666666666667,109.363200462963,144.55,84.476,1783.08,44.83
"2216",2014-01-24,0,0.555555555555556,109.363200462963,142.1,84.574,1783.08,44.83
"2217",2014-01-25,0,2.77777777777778,111.743997395833,144.55,81.242,1783.08,44.83
"2218",2014-01-26,0,2.77777777777778,110.502392688441,144.55,86.191,1783.08,44.83
"2219",2014-01-27,0,0,100.352002314815,144.55,84.378,1783.08,44.83
"2220",2014-01-28,2.53999999999999,-1.11111111111111,57.7024001347294,144.55,87.612,1783.08,44.83
"2221",2014-01-29,22.86,-0.555555555555556,46.4128016687464,147,85.358,1783.08,44.83
"2222",2014-01-30,0,-5,77.2991952614114,154.35,95.844,1783.08,44.83
"2223",2014-01-31,7.61999999999995,-5.55555555555556,40.5503987523962,156.8,97.265,1783.08,44.83
"2224",2014-02-01,0,-6.11111111111111,55.0400024414063,164.15,98.196,1783.08,44.83
"2225",2014-02-02,5.08000000000004,-6.11111111111111,72.9599975585938,164.15,97.657,1783.08,44.83
"2226",2014-02-03,0,-8.88888888888889,80.6400024414063,169.05,97.412,1783.08,44.83
"2227",2014-02-04,0,-13.8888888888889,116.352005208333,169.05,98.098,1783.08,44.83
"2228",2014-02-05,0,-16.1111111111111,117.644810197845,166.6,97.02,1783.08,44.83
"2229",2014-02-06,10.16,-13.8888888888889,79.6415969898365,166.6,95.942,1783.08,44.83
"2230",2014-02-07,10.16,-8.33333333333333,80.9471957157842,176.4,96.775,1783.08,44.83
"2231",2014-02-08,17.78,-3.88888888888889,77.7856029645002,188.65,98.441,1783.08,44.83
"2232",2014-02-09,2.53999999999996,-2.22222222222222,80.422400507722,203.35,96.824,1783.08,44.83
"2233",2014-02-10,0,-2.22222222222222,137.113596578414,205.8,93.247,1783.08,44.83
"2234",2014-02-11,5.07999999999998,-1.11111111111111,49.2543984935619,205.8,96.089,1783.08,44.83
"2235",2014-02-12,27.94,0,38.9760012817383,210.7,95.648,1783.08,44.83
"2236",2014-02-13,0,-0.555555555555556,91.3920025634766,225.4,101.577,1783.08,44.83
"2237",2014-02-14,22.86,-1.11111111111111,42.0608005000361,227.85,107.555,1783.08,44.83
"2238",2014-02-15,10.16,-1.11111111111111,43.4176024988245,249.9,106.526,1783.08,44.83
"2239",2014-02-16,0,-3.33333333333333,95.871997974537,259.7,107.359,1783.08,44.83
"2240",2014-02-17,2.54000000000002,-2.22222222222222,93.132800644712,259.7,108.388,1783.08,44.83
"2241",2014-02-18,7.62,-2.22222222222222,55.2960011574074,264.6,109.319,1783.08,44.83
"2242",2014-02-19,2.54000000000002,-6.66666666666667,78.7967990125867,271.95,109.956,1783.08,44.83
"2243",2014-02-20,12.7,-4.44444444444444,66.9695998833549,274.4,109.76,1783.08,44.83
"2244",2014-02-21,0,-2.77777777777778,113.011200634765,286.65,107.359,1783.08,44.83
"2245",2014-02-22,0,-3.88888888888889,108.415997314453,286.65,108.437,1783.08,44.83
"2246",2014-02-23,0,0,157.695997314453,289.1,107.996,1783.08,44.83
"2247",2014-02-24,2.53999999999996,1.66666666666667,112.24320592674,289.1,106.477,1783.08,44.83
"2248",2014-02-25,2.54000000000002,1.66666666666667,123.609602324761,286.65,105.889,1783.08,44.83
"2249",2014-02-26,0,2.77777777777778,167.731193880208,284.2,110.103,1783.08,44.83
"2250",2014-02-27,0,1.11111111111111,87.4495968677662,281.75,112.161,1783.08,44.83
"2251",2014-02-28,2.54000000000002,0,120.05120516041,279.3,116.914,1783.08,44.83
"2252",2014-03-01,10.16,-1.11111111111111,73.7664000962999,281.75,119.217,1783.08,44.83
"2253",2014-03-02,20.32,-0.555555555555556,39.3983991333008,289.1,118.776,1783.08,44.83
"2254",2014-03-03,12.7,0,67.7119985961914,308.7,118.041,1783.08,44.83
"2255",2014-03-04,0,0.555555555555556,169.28,316.05,124.411,1783.08,44.83
"2256",2014-03-05,15.24,1.66666666666667,87.6032048303675,316.05,125.048,1783.08,44.83
"2257",2014-03-06,2.53999999999996,1.11111111111111,81.6640031828704,316.05,129.948,1783.08,44.83
"2258",2014-03-07,0,0,187.199996383102,311.15,130.389,1783.08,44.83
"2259",2014-03-08,2.54000000000002,1.66666666666667,194.687996238426,311.15,126.812,1783.08,44.83
"2260",2014-03-09,22.86,2.77777777777778,95.1552047037761,311.15,126.028,1783.08,44.83
"2261",2014-03-10,10.1600000000001,-1.11111111111111,98.176001880787,306.25,136.416,1783.08,44.83
"2262",2014-03-11,0,-2.22222222222222,230.003197072121,303.8,131.761,1783.08,44.83
"2263",2014-03-12,0,0.555555555555556,243.711990740741,301.35,128.184,1783.08,44.83
"2264",2014-03-13,0,2.77777777777778,238.08,303.8,127.4,1783.08,44.83
"2265",2014-03-14,2.53999999999991,1.11111111111111,123.90400462963,301.35,129.801,1783.08,44.83
"2266",2014-03-15,0,2.22222222222222,218.380814067926,301.35,127.988,1783.08,44.83
"2267",2014-03-16,0,5,217.062390020978,296.45,129.752,1783.08,44.83
"2268",2014-03-17,2.54000000000008,-4.44444444444444,131.174391612413,291.55,132.888,1783.08,44.83
"2269",2014-03-18,0,-4.44444444444444,229.862410230397,291.55,128.625,1783.08,44.83
"2270",2014-03-19,0,0,226.713598160807,296.45,127.253,1783.08,44.83
"2271",2014-03-20,0,-3.88888888888889,180.94078734809,294,126.42,1783.08,44.83
"2272",2014-03-21,0,-4.44444444444444,219.033595041233,294,125.244,1783.08,44.83
"2273",2014-03-22,0,-2.77777777777778,246.399993896484,294,125.342,1783.08,44.83
"2274",2014-03-23,2.53999999999991,0,225.792008101852,294,125.342,1783.08,44.83
"2275",2014-03-24,0,2.77777777777778,237.081605430772,291.55,126.91,1783.08,44.83
"2276",2014-03-25,0,2.22222222222222,183.69279983091,281.75,130.977,1783.08,44.83
"2277",2014-03-26,5.0800000000001,-1.11111111111111,115.417596395309,274.4,128.723,1783.08,44.83
"2278",2014-03-27,10.1599999999999,-2.77777777777778,77.0047982349537,276.85,127.204,1783.08,44.83
"2279",2014-03-28,20.32,-1.11111111111111,78.643204513889,284.2,125.881,1783.08,44.83
"2280",2014-03-29,7.62,0,113.932797581651,298.9,128.429,1783.08,44.83
"2281",2014-03-30,0,-2.22222222222222,156.863994502315,296.45,131.81,1783.08,44.83
"2282",2014-03-31,2.53999999999996,-1.66666666666667,189.695993652344,294,127.939,1783.08,44.83
"2283",2014-04-01,10.1600000000001,-0.555555555555556,70.4255992323133,296.45,126.812,1783.08,44.83
"2284",2014-04-02,0,-1.11111111111111,199.53920049009,303.8,125.489,1783.08,44.83
"2285",2014-04-03,2.53999999999996,-0.555555555555556,251.750389243345,303.8,124.46,1783.08,44.83
"2286",2014-04-04,2.53999999999996,-0.555555555555556,116.5823996148,306.25,124.264,1783.08,44.83
"2287",2014-04-05,2.53999999999996,0,153.216002604167,306.25,123.529,1783.08,44.83
"2288",2014-04-06,2.54000000000008,2.22222222222222,199.180800138346,308.7,124.509,1783.08,44.83
"2289",2014-04-07,0,5,264.140784544994,303.8,130.291,1783.08,44.83
"2290",2014-04-08,0,7.77777777777778,255.564784834346,286.65,134.995,1783.08,44.83
"2291",2014-04-09,0,3.33333333333333,196.991993408203,269.5,137.984,1783.08,44.83
"2292",2014-04-10,0,3.88888888888889,259.2,259.7,136.024,1783.08,44.83
"2293",2014-04-11,0,5.55555555555556,268.083202271412,249.9,136.367,1783.08,44.83
"2294",2014-04-12,0,1.66666666666667,222.707192980505,230.3,137.69,1783.08,44.83
"2295",2014-04-13,0,1.66666666666667,229.721602898944,220.5,136.416,1783.08,44.83
"2296",2014-04-14,0,3.33333333333333,273.792004484954,210.7,135.779,1783.08,44.83
"2297",2014-04-15,0,1.11111111111111,187.238409805411,196,137.151,1783.08,44.83
"2298",2014-04-16,0,1.11111111111111,211.724786326317,186.2,135.877,1783.08,44.83
"2299",2014-04-17,2.53999999999996,2.77777777777778,156.569598300962,181.3,130.732,1783.08,44.83
"2300",2014-04-18,0,1.11111111111111,227.583996582031,173.95,132.3,1783.08,44.83
"2301",2014-04-19,0,4.44444444444444,292.095986328125,166.6,129.017,1783.08,44.83
"2302",2014-04-20,0,3.33333333333333,286.963202316623,151.9,126.616,1783.08,44.83
"2303",2014-04-21,0,5.55555555555556,227.404814176433,134.75,124.705,1783.08,44.83
"2304",2014-04-22,2.53999999999996,0,172.671997251157,124.95,124.656,1783.08,44.83
"2305",2014-04-23,5.08000000000004,-1.11111111111111,161.766390491175,117.6,122.157,1783.08,44.83
"2306",2014-04-24,20.3199999999999,0.555555555555556,93.350399730089,120.05,122.157,1783.08,44.83
"2307",2014-04-25,5.08000000000004,-1.11111111111111,84.198399585413,132.3,131.418,1783.08,44.83
"2308",2014-04-26,0,-1.66666666666667,235.929596108217,139.65,129.605,1783.08,44.83
"2309",2014-04-27,5.08000000000004,-1.66666666666667,147.45599537037,139.65,128.233,1783.08,44.83
"2310",2014-04-28,0,-0.555555555555556,263.551996459961,144.55,126.861,1783.08,44.83
"2311",2014-04-29,0,3.88888888888889,309.952014160156,142.1,131.124,1783.08,44.83
"2312",2014-04-30,0,7.22222222222222,319.56481702474,129.85,127.792,1783.08,44.83
"2313",2014-05-01,0,10,306.483202361834,107.8,125.489,1783.08,44.83
"2314",2014-05-02,0,10.5555555555556,306.700780928096,78.4,123.97,1783.08,44.83
"2315",2014-05-03,0,6.11111111111111,257.779192447013,44.1,121.324,1783.08,44.83
"2316",2014-05-04,0,3.88888888888889,191.334410149016,17.15,120.001,1783.08,44.83
"2317",2014-05-05,0,1.66666666666667,200.806410293692,0,118.727,1783.08,44.83
"2318",2014-05-06,0,2.22222222222222,246.028785259332,0,117.649,1783.08,44.83
"2319",2014-05-07,0,2.77777777777778,257.4719921875,0,116.571,1783.08,44.83
"2320",2014-05-08,10.16,3.33333333333333,199.679992675781,0,116.179,1783.08,44.83
"2321",2014-05-09,10.16,0.555555555555556,145.919998168945,0,116.032,1783.08,44.83
"2322",2014-05-10,2.54000000000008,-0.555555555555556,128.639996337891,0,120.981,1783.08,44.83
"2323",2014-05-11,0,2.22222222222222,272.524815532769,2.45,122.745,1783.08,44.83
"2324",2014-05-12,0,4.44444444444444,324.710394976128,0,122.794,1783.08,44.83
"2325",2014-05-13,0,7.77777777777778,321.023995225694,0,120.932,1783.08,44.83
"2326",2014-05-14,0,10,324.915210011574,0,118.041,1783.08,44.83
"2327",2014-05-15,0,12.2222222222222,324.915210011574,0,116.375,1783.08,44.83
"2328",2014-05-16,0,10,289.843208017759,0,115.248,1783.08,44.83
"2329",2014-05-17,0,7.22222222222222,303.552004484954,0,111.769,1783.08,44.83
"2330",2014-05-18,5.07999999999993,3.33333333333333,163.609598956525,0,110.495,1783.08,44.83
"2331",2014-05-19,0,3.88888888888889,273.996784436487,0,109.172,1783.08,44.83
"2332",2014-05-20,0,7.22222222222222,303.564783568432,0,108.29,1783.08,44.83
"2333",2014-05-21,0,10,311.48799621582,0,107.016,1783.08,44.83
"2334",2014-05-22,0,10.5555555555556,319.424007568359,0,102.9,1783.08,44.83
"2335",2014-05-23,5.08000000000004,10,234.11200378418,0,101.92,1783.08,44.83
"2336",2014-05-24,0,7.22222222222222,273.561604119647,0,98.931,1783.08,44.83
"2337",2014-05-25,0,9.44444444444444,309.504008969907,0,96.824,1783.08,44.83
"2338",2014-05-26,2.53999999999996,7.77777777777778,267.571200137442,0,96.775,1783.08,44.83
"2339",2014-05-27,0,7.22222222222222,299.430388022642,0,94.668,1783.08,44.83
"2340",2014-05-28,0,2.22222222222222,196.94080099736,0,92.267,1783.08,44.83
"2341",2014-05-29,0,4.44444444444444,325.555210644531,0,89.18,1783.08,44.83
"2342",2014-05-30,0,8.88888888888889,321.53599537037,0,88.494,1783.08,44.83
"2343",2014-05-31,0,7.77777777777778,262.912003761574,0,87.612,1783.08,44.83
"2344",2014-06-01,0,9.44444444444444,309.427208284505,0,85.848,1783.08,44.83
"2345",2014-06-02,0,10.5555555555556,293.248004195602,0,82.467,1783.08,44.83
"2346",2014-06-03,0,10.5555555555556,293.248004195602,0,82.173,1783.08,44.83
"2347",2014-06-04,0,11.1111111111111,329.702406152343,0,75.019,1783.08,44.83
"2348",2014-06-05,0,10,313.420783324291,0,75.607,1783.08,44.83
"2349",2014-06-06,0,10.5555555555556,288.998387900572,0,74.039,1783.08,44.83
"2350",2014-06-07,0,10.5555555555556,288.998387900572,0,69.335,1783.08,44.83
"2351",2014-06-08,0,11.6666666666667,313.420783324291,0,69.727,1783.08,44.83
"2352",2014-06-09,0,11.6666666666667,305.1519921875,0,61.936,1783.08,44.83
"2353",2014-06-10,0,8.88888888888889,307.2,0,58.8,1783.08,44.83
"2354",2014-06-11,0,10,329.7280078125,0,56.987,1783.08,44.83
"2355",2014-06-12,0,11.6666666666667,317.44,0,57.379,1783.08,44.83
"2356",2014-06-13,7.62,2.77777777777778,94.207998046875,0,53.214,1783.08,44.83
"2357",2014-06-14,0,5,276.48,0,53.508,1783.08,44.83
"2358",2014-06-15,2.53999999999996,6.11111111111111,249.85599609375,0,54.684,1783.08,44.83
"2359",2014-06-16,0,1.66666666666667,172.0319921875,0,52.038,1783.08,44.83
"2360",2014-06-17,7.62,1.11111111111111,129.02400390625,0,50.911,1783.08,44.83
"2361",2014-06-18,2.54000000000008,5.55555555555556,188.41599609375,0,48.412,1783.08,44.83
"2362",2014-06-19,0,10.5555555555556,335.8719921875,0,51.548,1783.08,44.83
"2363",2014-06-20,0,10.5555555555556,276.48,0,48.118,1783.08,44.83
"2364",2014-06-21,0,9.44444444444444,337.92,0,50.911,1783.08,44.83
"2365",2014-06-22,0,11.1111111111111,331.776015625,0,44.737,1783.08,44.83
"2366",2014-06-23,0,14.4444444444444,333.823984375,0,47.726,1783.08,44.83
"2367",2014-06-24,0,11.1111111111111,223.2319921875,0,43.708,1783.08,44.83
"2368",2014-06-25,5.07999999999993,9.44444444444444,176.1280078125,0,41.013,1783.08,44.83
"2369",2014-06-26,2.54000000000008,8.33333333333333,106.49599609375,0,37.191,1783.08,44.83
"2370",2014-06-27,5.08000000000004,7.77777777777778,161.792001953125,0,36.848,1783.08,44.83
"2371",2014-06-28,0,8.33333333333333,266.24,0,37.779,1783.08,44.83
"2372",2014-06-29,0,8.33333333333333,303.10400390625,0,38.171,1783.08,44.83
"2373",2014-06-30,0,11.1111111111111,356.3519921875,0,34.545,1783.08,44.83
"2374",2014-07-01,0,16.1111111111111,333.823984375,0,36.701,1783.08,44.83
"2375",2014-07-02,0,17.7777777777778,333.823984375,0,28.714,1783.08,44.83
"2376",2014-07-03,0,16.6666666666667,321.53599609375,0,29.008,1783.08,44.83
"2377",2014-07-04,0,17.2222222222222,311.385595027669,0,31.262,1783.08,44.83
"2378",2014-07-05,0,16.6666666666667,305.279991319444,0,23.863,1783.08,44.83
"2379",2014-07-06,0,17.7777777777778,309.350387321868,0,24.794,1783.08,44.83
"2380",2014-07-07,0,17.7777777777778,315.455991030093,0,21.805,1783.08,44.83
"2381",2014-07-08,0,18.3333333333333,333.772782745588,0,17.836,1783.08,44.83
"2382",2014-07-09,0,17.7777777777778,278.822388189923,0,20.139,1783.08,44.83
"2383",2014-07-10,0,17.7777777777778,305.382412084057,0,17.689,1783.08,44.83
"2384",2014-07-11,0,18.3333333333333,321.561596885851,0,16.072,1783.08,44.83
"2385",2014-07-12,0,19.4444444444444,309.427208284505,0,13.818,1783.08,44.83
"2386",2014-07-13,0,20,309.427208284505,0,15.68,1783.08,44.83
"2387",2014-07-14,0,19.4444444444444,285.363192058196,0,11.074,1783.08,44.83
"2388",2014-07-15,0,17.7777777777778,283.353603586154,0,12.152,1783.08,44.83
"2389",2014-07-16,0,19.4444444444444,291.391995804398,0,9.604,1783.08,44.83
"2390",2014-07-17,0,18.3333333333333,281.54881577691,0,11.172,1783.08,44.83
"2391",2014-07-18,0,16.1111111111111,297.523201005497,0,11.074,1783.08,44.83
"2392",2014-07-19,0,15.5555555555556,289.536008391204,0,9.163,1783.08,44.83
"2393",2014-07-20,0,16.1111111111111,303.513604987702,0,9.506,1783.08,44.83
"2394",2014-07-21,7.62,13.8888888888889,251.96799621582,0,6.223,1783.08,44.83
"2395",2014-07-22,0,13.8888888888889,200.384007568359,0,6.615,1783.08,44.83
"2396",2014-07-23,0,12.7777777777778,297.6,0,6.517,1783.08,44.83
"2397",2014-07-24,0,7.77777777777778,287.795199070457,0,6.076,1783.08,44.83
"2398",2014-07-25,0,11.6666666666667,325.247990451389,0,6.076,1783.08,44.83
"2399",2014-07-26,0,15.5555555555556,311.385597129991,0,5.635,1783.08,44.83
"2400",2014-07-27,0,18.8888888888889,311.385597129991,0,5.929,1783.08,44.83
"2401",2014-07-28,0,20.5555555555556,252.633596261936,0,3.969,1783.08,44.83
"2402",2014-07-29,0,18.8888888888889,237.36319275897,0,2.646,1783.08,44.83
"2403",2014-07-30,0,18.3333333333333,254.873603631366,0,3.185,1783.08,44.83
"2404",2014-07-31,10.16,15,249.331200092231,0,3.822,1783.08,44.83
"2405",2014-08-01,0,17.7777777777778,262.860815243417,0,4.753,1783.08,44.83
"2406",2014-08-02,0,16.6666666666667,249.331200092231,0,3.038,1783.08,44.83
"2407",2014-08-03,7.62,16.1111111111111,207.360003662109,0,3.087,1783.08,44.83
"2408",2014-08-04,5.07999999999993,16.6666666666667,253.439996337891,0,3.92,1783.08,44.83
"2409",2014-08-05,0,17.7777777777778,251.750388723416,0,2.597,1783.08,44.83
"2410",2014-08-06,0,16.1111111111111,253.657595940936,0,2.401,1783.08,44.83
"2411",2014-08-07,0,16.1111111111111,278.476800640191,0,3.283,1783.08,44.83
"2412",2014-08-08,0,14.4444444444444,253.849596650752,0,2.45,1783.08,44.83
"2413",2014-08-09,0,16.1111111111111,284.121602808521,0,2.695,1783.08,44.83
"2414",2014-08-10,0,18.8888888888889,270.950388655599,0,1.666,1783.08,44.83
"2415",2014-08-11,0,19.4444444444444,274.713602953197,0,1.421,1783.08,44.83
"2416",2014-08-12,7.62,13.8888888888889,181.273602048973,0,2.548,1783.08,44.83
"2417",2014-08-13,0,13.3333333333333,211.174410103805,0,1.813,1783.08,44.83
"2418",2014-08-14,7.62,9.44444444444444,148.48,0,1.078,1783.08,44.83
"2419",2014-08-15,0,11.1111111111111,211.583992919922,0,2.156,1783.08,44.83
"2420",2014-08-16,0,13.8888888888889,258.047991898148,0,1.764,1783.08,44.83
"2421",2014-08-17,5.08000000000004,13.8888888888889,263.577595240162,0,1.274,1783.08,44.83
"2422",2014-08-18,2.53999999999996,14.4444444444444,254.425597039569,0,0.98,1783.08,44.83
"2423",2014-08-19,0,15.5555555555556,243.443207339591,0,2.009,1783.08,44.83
"2424",2014-08-20,0,12.2222222222222,221.747193003111,0,1.715,1783.08,44.83
"2425",2014-08-21,0,11.1111111111111,249.011192569083,0,1.47,1783.08,44.83
"2426",2014-08-22,0,9.44444444444444,207.552006655093,0,0.637,1783.08,44.83
"2427",2014-08-23,0,10,198.528006365741,0,0.98,1783.08,44.83
"2428",2014-08-24,0,8.88888888888889,198.912006835937,0,0.294,1783.08,44.83
"2429",2014-08-25,0,10.5555555555556,238.336003417969,0,0.588,1783.08,44.83
"2430",2014-08-26,0,12.7777777777778,252.646388388853,0,0.588,1783.08,44.83
"2431",2014-08-27,0,16.1111111111111,257.894410962818,0,0.098,1783.08,44.83
"2432",2014-08-28,0,16.1111111111111,234.93120721752,0,0.784,1783.08,44.83
"2433",2014-08-29,0,14.4444444444444,249.011192546477,0,0.637,1783.08,44.83
"2434",2014-08-30,5.08000000000004,8.88888888888889,140.287997685185,0,0.049,1783.08,44.83
"2435",2014-08-31,0,7.22222222222222,182.784006076389,0,0.588,1783.08,44.83
"2436",2014-09-01,0,9.44444444444444,238.489604607928,0,0.098,1783.08,44.83
"2437",2014-09-02,0,12.2222222222222,252.288006591797,0,0.294,1783.08,44.83
"2438",2014-09-03,0,6.66666666666667,196.991993408203,0,0.833,1783.08,44.83
"2439",2014-09-04,0,8.88888888888889,241.843198383246,0,0.098,1783.08,44.83
"2440",2014-09-05,0,11.6666666666667,246.988785123698,0,0.882,1783.08,44.83
"2441",2014-09-06,0,13.8888888888889,246.848004195602,0,0,1783.08,44.83
"2442",2014-09-07,0,16.1111111111111,239.923192668548,0,0,1783.08,44.83
"2443",2014-09-08,0,14.4444444444444,224.716799374277,0,0.245,1783.08,44.83
"2444",2014-09-09,0,8.88888888888889,176.064006076389,0,0.245,1783.08,44.83
"2445",2014-09-10,0,7.77777777777778,214.63041060565,0,0.294,1783.08,44.83
"2446",2014-09-11,0,6.66666666666667,208,0,0.049,1783.08,44.83
"2447",2014-09-12,0,8.88888888888889,229.632003173828,0,0.245,1783.08,44.83
"2448",2014-09-13,0,12.7777777777778,237.772785367839,0,0,1783.08,44.83
"2449",2014-09-14,0,14.4444444444444,226.214388922345,0,0.049,1783.08,44.83
"2450",2014-09-15,0,16.1111111111111,217.90720697338,0,0,1783.08,44.83
"2451",2014-09-16,0,16.6666666666667,193.331206539352,0,0,1783.08,44.83
"2452",2014-09-17,0,16.1111111111111,177.190390644893,0,0,1783.08,44.83
"2453",2014-09-18,0,12.7777777777778,149.990408458116,0,0,1783.08,44.83
"2454",2014-09-19,0,11.6666666666667,196.761603984013,0,0.147,1783.08,44.83
"2455",2014-09-20,0,14.4444444444444,206.399993896484,0,0,1783.08,44.83
"2456",2014-09-21,0,15.5555555555556,195.199996948242,0,0,1783.08,44.83
"2457",2014-09-22,7.61999999999989,13.3333333333333,106.342393095342,0,0,1783.08,44.83
"2458",2014-09-23,0,11.6666666666667,133.324789084202,0,0,1783.08,44.83
"2459",2014-09-24,0,13.3333333333333,198.374409651693,0,0,1783.08,44.83
"2460",2014-09-25,0,7.77777777777778,145.228800287543,0,0.098,1783.08,44.83
"2461",2014-09-26,0,7.22222222222222,140.543997395833,0,0,1783.08,44.83
"2462",2014-09-27,0,8.33333333333333,66.5984054425276,0,0.196,1783.08,44.83
"2463",2014-09-28,2.54000000000008,8.33333333333333,113.062407178639,0,0,1783.08,44.83
"2464",2014-09-29,2.54000000000008,7.22222222222222,55.2959985351563,0,0,1783.08,44.83
"2465",2014-09-30,0,4.44444444444444,90.6240014648437,0,0.098,1783.08,44.83
"2466",2014-10-01,0,4.44444444444444,156.889596944625,0,0,1783.08,44.83
"2467",2014-10-02,0,7.22222222222222,161.459199676287,0,0,1783.08,44.83
"2468",2014-10-03,0,9.44444444444444,181.248003472222,0,0.049,1783.08,44.83
"2469",2014-10-04,0,12.2222222222222,182.758409262876,0,0,1783.08,44.83
"2470",2014-10-05,0,13.3333333333333,172.223996672454,0,0,1783.08,44.83
"2471",2014-10-06,0,13.8888888888889,161.843200643808,0,0,1783.08,44.83
"2472",2014-10-07,0,13.3333333333333,160.358409082031,0,0,1783.08,44.83
"2473",2014-10-08,0,11.1111111111111,156.032005615234,0,0,1783.08,44.83
"2474",2014-10-09,0,8.88888888888889,154.56,0,0,1783.08,44.83
"2475",2014-10-10,0,9.44444444444444,156.134391024667,0,0.049,1783.08,44.83
"2476",2014-10-11,7.62,6.11111111111111,67.1231959463614,0,0,1783.08,44.83
"2477",2014-10-12,0,3.88888888888889,94.016001880787,0,0,1783.08,44.83
"2478",2014-10-13,0,6.66666666666667,124.390408006004,0,0,1783.08,44.83
"2479",2014-10-14,0,8.88888888888889,73.1135971571181,0,0,1783.08,44.83
"2480",2014-10-15,0,3.88888888888889,120.422392100695,0,0,1783.08,44.83
"2481",2014-10-16,0,3.33333333333333,119.347199441189,0,0,1783.08,44.83
"2482",2014-10-17,0,6.66666666666667,117.926407513202,0,0,1783.08,44.83
"2483",2014-10-18,0,8.33333333333333,114.048005371094,0,0,1783.08,44.83
"2484",2014-10-19,0,8.88888888888889,131.14878923792,0,0,1783.08,44.83
"2485",2014-10-20,0,8.88888888888889,140.915199477358,0,0,1783.08,44.83
"2486",2014-10-21,2.54,2.77777777777778,62.2080013020833,0,0,1783.08,44.83
"2487",2014-10-22,0,3.88888888888889,96.768002025463,0,0,1783.08,44.83
"2488",2014-10-23,12.7,4.44444444444444,43.8271997271502,0,0,1783.08,44.83
"2489",2014-10-24,5.08,3.33333333333333,34.2399992766204,0,0,1783.08,44.83
"2490",2014-10-25,0,7.22222222222222,109.900809863281,0,0,1783.08,44.83
"2491",2014-10-26,2.54,0,39.3472029721861,0,0,1783.08,44.83
"2492",2014-10-27,0,-1.11111111111111,52.4160012817383,0,0,1783.08,44.83
"2493",2014-10-28,2.54,1.66666666666667,75.2639987182617,0,0,1783.08,44.83
"2494",2014-10-29,0,4.44444444444444,85.1967975658275,0,0,1783.08,44.83
"2495",2014-10-30,0,6.11111111111111,66.5599971064815,0,0,1783.08,44.83
"2496",2014-10-31,0,6.11111111111111,88.3327994240089,0,0,1783.08,44.83
"2497",2014-11-01,0,1.11111111111111,36.9152001815231,0,0,1783.08,44.83
"2498",2014-11-02,2.54,-0.555555555555556,51.4176023857965,0,0,1783.08,44.83
"2499",2014-11-03,2.54,1.11111111111111,39.1679991319444,0,0,1783.08,44.83
"2500",2014-11-04,7.62,2.22222222222222,30.0287987119322,0,0,1783.08,44.83
"2501",2014-11-05,0,4.44444444444444,64.6400028935185,0,0,1783.08,44.83
"2502",2014-11-06,0,6.66666666666667,91.7888028758861,0,0,1783.08,44.83
"2503",2014-11-07,0,2.22222222222222,97.2799987792969,0,0.098,1783.08,44.83
"2504",2014-11-08,0,5,108.8,0,0.98,1783.08,44.83
"2505",2014-11-09,2.54,4.44444444444444,81.1007975047923,0,0.735,1783.08,44.83
"2506",2014-11-10,2.54,-3.33333333333333,73.4975990605106,0,0.882,1783.08,44.83
"2507",2014-11-11,0,-7.22222222222222,126.719994212963,0,0.098,1783.08,44.83
"2508",2014-11-12,0,-11.1111111111111,95.334401002785,0,2.107,1783.08,44.83
"2509",2014-11-13,12.7,-9.44444444444444,42.6496021800854,0,0.833,1783.08,44.83
"2510",2014-11-14,2.53999999999999,-8.33333333333333,91.8783990428783,12.25,2.058,1783.08,44.83
"2511",2014-11-15,0,-11.6666666666667,122.918392399089,12.25,2.009,1783.08,44.83
"2512",2014-11-16,2.54000000000001,-6.66666666666667,129.126392254413,12.25,1.078,1783.08,44.83
"2513",2014-11-17,0,-5,116.736005497685,19.6,3.038,1783.08,44.83
"2514",2014-11-18,0,-3.88888888888889,111.820809953704,19.6,1.225,1783.08,44.83
"2515",2014-11-19,2.53999999999999,-2.22222222222222,81.4719976806641,19.6,1.715,1783.08,44.83
"2516",2014-11-20,2.54000000000001,-0.555555555555556,62.015998840332,22.05,2.744,1783.08,44.83
"2517",2014-11-21,12.7,-1.11111111111111,35.264001159668,24.5,1.96,1783.08,44.83
"2518",2014-11-22,12.7,-1.66666666666667,38.5024010366934,39.2,0.686,1783.08,44.83
"2519",2014-11-23,2.54000000000001,-2.22222222222222,38.5024010366934,51.45,0.98,1783.08,44.83
"2520",2014-11-24,5.08,-2.77777777777778,67.3791996627242,56.35,3.332,1783.08,44.83
"2521",2014-11-25,17.78,3.33333333333333,40.9088016393591,61.25,1.029,1783.08,44.83
"2522",2014-11-26,0,2.77777777777778,69.0432039487486,56.35,35.672,1783.08,44.83
"2523",2014-11-27,7.61999999999998,3.33333333333333,42.8543999064127,53.9,52.724,1783.08,44.83
"2524",2014-11-28,10.16,0.555555555555556,20.2368010595251,49,73.255,1783.08,44.83
"2525",2014-11-29,5.08000000000001,-4.44444444444444,73.0111959599248,51.45,83.937,1783.08,44.83
"2526",2014-11-30,0,-10.5555555555556,90.675195525897,46.55,84.476,1783.08,44.83
"2527",2014-12-01,2.54000000000002,-5,88.3199978298611,51.45,83.153,1783.08,44.83
"2528",2014-12-02,2.53999999999996,-2.77777777777778,64.7679984085648,61.25,82.565,1783.08,44.83
"2529",2014-12-03,12.7,-1.11111111111111,22.1311994474058,61.25,79.674,1783.08,44.83
"2530",2014-12-04,7.62,0.555555555555556,22.1311994474058,71.05,80.801,1783.08,44.83
"2531",2014-12-05,0,0.555555555555556,29.1199996383102,71.05,86.975,1783.08,44.83
"2532",2014-12-06,7.61999999999998,1.11111111111111,41.9327983683268,73.5,87.416,1783.08,44.83
"2533",2014-12-07,0,0.555555555555556,48.9215971706815,68.6,106.526,1783.08,44.83
"2534",2014-12-08,0,1.66666666666667,44.2623988948116,68.6,102.704,1783.08,44.83
"2535",2014-12-09,0,2.22222222222222,48.3839978027344,66.15,104.517,1783.08,44.83
"2536",2014-12-10,2.54000000000002,2.77777777777778,40.32,63.7,108.731,1783.08,44.83
"2537",2014-12-11,0,3.33333333333333,26.4959994506836,61.25,111.965,1783.08,44.83
"2538",2014-12-12,7.62,0,39.1680010986328,49,119.56,1783.08,44.83
"2539",2014-12-13,0,-3.88888888888889,33.4080010986328,44.1,120.05,1783.08,44.83
"2540",2014-12-14,0,-6.11111111111111,73.7280010986328,39.2,118.286,1783.08,44.83
"2541",2014-12-15,5.07999999999998,-5,38.0159994506836,61.25,114.709,1783.08,44.83
"2542",2014-12-16,5.08000000000001,-3.88888888888889,14.9759994506836,68.6,113.141,1783.08,44.83
"2543",2014-12-17,2.53999999999999,-2.77777777777778,12.6720002746582,61.25,111.279,1783.08,44.83
"2544",2014-12-18,0,-2.22222222222222,26.4959994506836,56.35,109.123,1783.08,44.83
"2545",2014-12-19,10.16,-2.22222222222222,31.1040005493164,56.35,107.261,1783.08,44.83
"2546",2014-12-20,40.64,-1.66666666666667,27.6480010986328,61.25,106.526,1783.08,44.83
"2547",2014-12-21,45.72,0,31.1040005493164,90.65,106.379,1783.08,44.83
"2548",2014-12-22,5.07999999999993,-2.77777777777778,41.4719989013672,112.7,122.402,1783.08,44.83
"2549",2014-12-23,2.54000000000002,-2.77777777777778,56.4480010986328,117.6,119.217,1783.08,44.83
"2550",2014-12-24,7.62,-3.33333333333333,43.7759994506836,124.95,118.923,1783.08,44.83
"2551",2014-12-25,2.54000000000002,-6.11111111111111,59.9039978027344,134.75,118.335,1783.08,44.83
"2552",2014-12-26,0,-7.22222222222222,88.7039978027344,137.2,116.62,1783.08,44.83
"2553",2014-12-27,20.32,-6.66666666666667,59.9039978027344,132.3,115.444,1783.08,44.83
"2554",2014-12-28,7.62,-6.11111111111111,50.6880010986328,149.45,115.738,1783.08,44.83
"2555",2014-12-29,0,-8.88888888888889,86.4,156.8,113.19,1783.08,44.83
"2556",2014-12-30,0,-12.7777777777778,95.6160021972656,159.25,113.974,1783.08,44.83
"2557",2014-12-31,0,-11.6666666666667,100.223997802734,159.25,112.308,1783.08,44.83
"2558",2015-01-01,2.53999999999996,-8.33333333333333,95.6160021972656,161.7,110.152,1783.08,44.83
"2559",2015-01-02,2.54000000000002,-6.11111111111111,87.5519989013672,161.7,109.907,1783.08,44.83
"2560",2015-01-03,0,-3.88888888888889,75.7119990596065,164.15,109.662,1783.08,44.83
"2561",2015-01-04,10.16,-2.77777777777778,45.4272005466037,164.15,109.221,1783.08,44.83
"2562",2015-01-05,7.62,1.11111111111111,41.9327983683268,178.85,110.005,1783.08,44.83
"2563",2015-01-06,0,3.33333333333333,58.2399992766204,181.3,116.669,1783.08,44.83
"2564",2015-01-07,0,3.33333333333333,78.0415968089916,181.3,117.747,1783.08,44.83
"2565",2015-01-08,0,3.88888888888889,94.2079976851852,181.3,117.306,1783.08,44.83
"2566",2015-01-09,0,0,61.2351962492767,178.85,119.021,1783.08,44.83
"2567",2015-01-10,0,-0.555555555555556,45.9263999945746,176.4,118.286,1783.08,44.83
"2568",2015-01-11,2.54000000000002,-0.555555555555556,45.9263999945746,176.4,116.424,1783.08,44.83
"2569",2015-01-12,0,-2.22222222222222,58.329602553078,176.4,116.865,1783.08,44.83
"2570",2015-01-13,0,-2.77777777777778,94.0416034211336,176.4,115.836,1783.08,44.83
"2571",2015-01-14,0,-3.88888888888889,82.1376031317817,173.95,115.983,1783.08,44.83
"2572",2015-01-15,2.53999999999996,-7.22222222222222,35.7120008680556,166.6,115.101,1783.08,44.83
"2573",2015-01-16,10.16,-3.33333333333333,62.5663984573929,156.8,114.366,1783.08,44.83
"2574",2015-01-17,20.32,-2.22222222222222,55.3471995180483,166.6,114.807,1783.08,44.83
"2575",2015-01-18,2.53999999999996,1.11111111111111,63.7696030617043,188.65,115.199,1783.08,44.83
"2576",2015-01-19,0,-2.22222222222222,91.2,188.65,120.54,1783.08,44.83
"2577",2015-01-20,0,-5,109.44,193.55,118.923,1783.08,44.83
"2578",2015-01-21,0,-3.88888888888889,115.52,191.1,119.462,1783.08,44.83
"2579",2015-01-22,0,-3.33333333333333,77.4144059895834,186.2,116.375,1783.08,44.83
"2580",2015-01-23,0,1.11111111111111,105.676809664352,183.75,116.522,1783.08,44.83
"2581",2015-01-24,2.54000000000002,3.88888888888889,104.448004918981,188.65,116.816,1783.08,44.83
"2582",2015-01-25,0,5,95.6031954038267,193.55,120.197,1783.08,44.83
"2583",2015-01-26,0,3.88888888888889,93.1199978298611,193.55,121.716,1783.08,44.83
"2584",2015-01-27,0,2.77777777777778,95.334401002785,191.1,122.941,1783.08,44.83
"2585",2015-01-28,0,0.555555555555556,104.115204794199,188.65,122.157,1783.08,44.83
"2586",2015-01-29,0,-2.22222222222222,71.5007992567274,191.1,122.01,1783.08,44.83
"2587",2015-01-30,0,0,129.25439168023,191.1,120.883,1783.08,44.83
"2588",2015-01-31,0,1.11111111111111,129.25439168023,191.1,119.658,1783.08,44.83
"2589",2015-02-01,5.07999999999998,0,55.0400024414063,191.1,118.776,1783.08,44.83
"2590",2015-02-02,7.62,-0.555555555555556,60.1599975585938,198.45,119.756,1783.08,44.83
"2591",2015-02-03,7.61999999999995,-1.11111111111111,42.2399993896484,200.9,121.177,1783.08,44.83
"2592",2015-02-04,5.0800000000001,0,53.004801139775,208.25,120.883,1783.08,44.83
"2593",2015-02-05,0,3.88888888888889,102.131205804669,213.15,119.56,1783.08,44.83
"2594",2015-02-06,5.07999999999998,4.44444444444444,74.4191958604601,213.15,121.814,1783.08,44.83
"2595",2015-02-07,15.2399999999999,2.77777777777778,75.7248008119936,205.8,128.184,1783.08,44.83
"2596",2015-02-08,2.54000000000008,3.33333333333333,65.9200014467593,191.1,131.761,1783.08,44.83
"2597",2015-02-09,7.62,1.11111111111111,34.2783994949906,193.55,131.173,1783.08,44.83
"2598",2015-02-10,2.53999999999996,0.555555555555556,71.8847981445312,178.85,129.458,1783.08,44.83
"2599",2015-02-11,0,0.555555555555556,65.228798433883,181.3,128.135,1783.08,44.83
"2600",2015-02-12,0,2.77777777777778,124.992002563477,181.3,125.783,1783.08,44.83
"2601",2015-02-13,0,3.88888888888889,133.055994873047,178.85,128.527,1783.08,44.83
"2602",2015-02-14,0,3.33333333333333,120.755199974681,176.4,127.498,1783.08,44.83
"2603",2015-02-15,0,1.11111111111111,130.252810731337,166.6,129.801,1783.08,44.83
"2604",2015-02-16,0,-1.11111111111111,128.742392055483,164.15,127.351,1783.08,44.83
"2605",2015-02-17,0,0,136.959997106481,164.15,125.538,1783.08,44.83
"2606",2015-02-18,0,3.33333333333333,153.446408485243,161.7,125.146,1783.08,44.83
"2607",2015-02-19,0,2.22222222222222,139.622408195891,159.25,126.322,1783.08,44.83
"2608",2015-02-20,2.54000000000002,-1.11111111111111,65.5743946189599,156.8,126.518,1783.08,44.83
"2609",2015-02-21,0,-3.33333333333333,119.987200345414,156.8,124.362,1783.08,44.83
"2610",2015-02-22,0,-6.11111111111111,167.551994628906,156.8,124.019,1783.08,44.83
"2611",2015-02-23,0,-2.77777777777778,174.591994628906,156.8,121.275,1783.08,44.83
"2612",2015-02-24,2.54000000000002,2.77777777777778,171.916812422237,156.8,119.511,1783.08,44.83
"2613",2015-02-25,0,0,142.080005787037,154.35,122.402,1783.08,44.83
"2614",2015-02-26,0,-1.66666666666667,44.4415977358218,154.35,123.137,1783.08,44.83
"2615",2015-02-27,5.07999999999998,-2.22222222222222,51.6095975911459,159.25,121.03,1783.08,44.83
"2616",2015-02-28,0,-2.77777777777778,147.5328001926,159.25,120.001,1783.08,44.83
"2617",2015-03-01,0,-3.88888888888889,177.907206317817,159.25,119.413,1783.08,44.83
"2618",2015-03-02,0,-3.88888888888889,161.971199142795,159.25,118.237,1783.08,44.83
"2619",2015-03-03,0,-5.55555555555556,167.807994384766,159.25,117.453,1783.08,44.83
"2620",2015-03-04,0,-2.77777777777778,194.303997192383,154.35,117.992,1783.08,44.83
"2621",2015-03-05,0,1.66666666666667,191.539201801215,154.35,114.317,1783.08,44.83
"2622",2015-03-06,0,3.88888888888889,185.600007233796,151.9,116.032,1783.08,44.83
"2623",2015-03-07,0,5,178.214390843822,144.55,120.589,1783.08,44.83
"2624",2015-03-08,0,3.33333333333333,178.214390843822,134.75,125.293,1783.08,44.83
"2625",2015-03-09,0,5.55555555555556,191.820800793909,124.95,125.293,1783.08,44.83
"2626",2015-03-10,0,6.11111111111111,190.310409407552,115.15,125.538,1783.08,44.83
"2627",2015-03-11,0,3.88888888888889,109.67039292806,105.35,123.823,1783.08,44.83
"2628",2015-03-12,0,3.88888888888889,161.459199676287,98,122.5,1783.08,44.83
"2629",2015-03-13,0,5,167.423994140625,80.85,121.275,1783.08,44.83
"2630",2015-03-14,15.24,4.44444444444444,44.9152031552916,66.15,120.736,1783.08,44.83
"2631",2015-03-15,2.54000000000002,5,114.611205759458,61.25,123.823,1783.08,44.83
"2632",2015-03-16,2.54000000000008,2.22222222222222,92.1343997820819,49,124.313,1783.08,44.83
"2633",2015-03-17,0,2.22222222222222,118.681596311668,44.1,122.206,1783.08,44.83
"2634",2015-03-18,0,1.11111111111111,160.588799948459,36.75,121.618,1783.08,44.83
"2635",2015-03-19,0,3.88888888888889,209.395206851309,24.5,121.03,1783.08,44.83
"2636",2015-03-20,0,5,174.591993634259,14.7,120.393,1783.08,44.83
"2637",2015-03-21,0,3.88888888888889,157.132788216146,7.35,117.453,1783.08,44.83
"2638",2015-03-22,17.78,1.66666666666667,121.599998474121,2.45,117.355,1783.08,44.83
"2639",2015-03-23,5.07999999999993,-1.66666666666667,61.2864014300311,9.8,120.197,1783.08,44.83
"2640",2015-03-24,7.62,-2.22222222222222,91.9296002224391,12.25,121.324,1783.08,44.83
"2641",2015-03-25,2.53999999999996,-1.11111111111111,167.436800120262,19.6,120.442,1783.08,44.83
"2642",2015-03-26,0,5,234.086389632162,22.05,119.56,1783.08,44.83
"2643",2015-03-27,0,8.33333333333333,226.099207118056,17.15,131.908,1783.08,44.83
"2644",2015-03-28,2.54000000000008,1.66666666666667,127.795205381944,4.9,125.979,1783.08,44.83
"2645",2015-03-29,0,5,231.167991898148,0,124.558,1783.08,44.83
"2646",2015-03-30,0,6.66666666666667,224.563198428458,0,123.137,1783.08,44.83
"2647",2015-03-31,7.62,0.555555555555556,146.432003173828,0,120.883,1783.08,44.83
"2648",2015-04-01,2.53999999999996,-3.88888888888889,114.022407133427,7.35,119.854,1783.08,44.83
"2649",2015-04-02,0,-3.33333333333333,184.448006365741,9.8,119.413,1783.08,44.83
"2650",2015-04-03,0,-0.555555555555556,224.716799374277,9.8,119.266,1783.08,44.83
"2651",2015-04-04,0,-0.555555555555556,182.476800097656,2.45,120.246,1783.08,44.83
"2652",2015-04-05,7.62,-2.22222222222222,100.441603330711,0,121.226,1783.08,44.83
"2653",2015-04-06,2.54000000000008,-2.22222222222222,141.299205648691,7.35,120.589,1783.08,44.83
"2654",2015-04-07,2.53999999999985,0.555555555555556,233.267198672598,9.8,120.638,1783.08,44.83
"2655",2015-04-08,0,1.11111111111111,188.671993634259,2.45,125.195,1783.08,44.83
"2656",2015-04-09,0,1.11111111111111,241.92,0,123.529,1783.08,44.83
"2657",2015-04-10,0,4.44444444444444,254.015996704102,0,123.088,1783.08,44.83
"2658",2015-04-11,5.08000000000015,0.555555555555556,168.857602293113,0,120.442,1783.08,44.83
"2659",2015-04-12,0,0,273.561602175564,0,121.814,1783.08,44.83
"2660",2015-04-13,0,4.44444444444444,275.315192112449,0,120.393,1783.08,44.83
"2661",2015-04-14,2.53999999999996,-3.88888888888889,120.115205336733,0,118.776,1783.08,44.83
"2662",2015-04-15,0,-1.11111111111111,254.361597428385,0,119.413,1783.08,44.83
"2663",2015-04-16,0,3.88888888888889,295.347197180628,0,118.727,1783.08,44.83
"2664",2015-04-17,0,7.77777777777778,288.230404199218,0,118.139,1783.08,44.83
"2665",2015-04-18,0,6.66666666666667,254.463996582031,0,117.943,1783.08,44.83
"2666",2015-04-19,0,7.22222222222222,275.967993164062,0,115.64,1783.08,44.83
"2667",2015-04-20,0,7.77777777777778,288.768009259259,0,114.513,1783.08,44.83
"2668",2015-04-21,0,8.33333333333333,281.548815912544,0,112.112,1783.08,44.83
"2669",2015-04-22,0,3.88888888888889,256.281602853733,0,110.397,1783.08,44.83
"2670",2015-04-23,2.53999999999996,2.77777777777778,199.93599681713,0,109.123,1783.08,44.83
"2671",2015-04-24,0,0.555555555555556,195.852799604854,0,108.192,1783.08,44.83
"2672",2015-04-25,0,-1.11111111111111,190.361596026837,0,108.584,1783.08,44.83
"2673",2015-04-26,0,1.11111111111111,276.479991319444,0,107.212,1783.08,44.83
"2674",2015-04-27,0,6.11111111111111,304.127990451389,0,107.261,1783.08,44.83
"2675",2015-04-28,0,8.88888888888889,289.536007080078,0,105.105,1783.08,44.83
"2676",2015-04-29,0,4.44444444444444,248.703992919922,0,104.566,1783.08,44.83
"2677",2015-04-30,0,5,312.089623922165,0,101.528,1783.08,44.83
"2678",2015-05-01,0,8.88888888888889,299.008009259259,0,100.254,1783.08,44.83
"2679",2015-05-02,0,8.33333333333333,276.595192157661,0,99.96,1783.08,44.83
"2680",2015-05-03,0,7.77777777777778,302.937602519169,0,96.922,1783.08,44.83
"2681",2015-05-04,0,9.44444444444444,299.315208185041,0,95.844,1783.08,44.83
"2682",2015-05-05,0,3.88888888888889,255.74400390625,0,93.394,1783.08,44.83
"2683",2015-05-06,2.53999999999996,0,158.297598834454,0,91.924,1783.08,44.83
"2684",2015-05-07,0,3.88888888888889,242.214389012768,0,89.866,1783.08,44.83
"2685",2015-05-08,0,7.22222222222222,270.720007324219,0,89.621,1783.08,44.83
"2686",2015-05-09,0,7.77777777777778,278.4,0,88.788,1783.08,44.83
"2687",2015-05-10,0,7.77777777777778,289.920007324219,0,85.946,1783.08,44.83
"2688",2015-05-11,5.08000000000004,6.66666666666667,183.616005497685,0,82.908,1783.08,44.83
"2689",2015-05-12,22.86,3.88888888888889,179.750409068468,0,81.683,1783.08,44.83
"2690",2015-05-13,5.07999999999993,0.555555555555556,122.572801888021,0,87.318,1783.08,44.83
"2691",2015-05-14,5.08000000000004,4.44444444444444,276.275192180266,0,107.114,1783.08,44.83
"2692",2015-05-15,30.48,3.33333333333333,52.5312001464844,0,106.036,1783.08,44.83
"2693",2015-05-16,0,5.55555555555556,233.049595972584,0,129.017,1783.08,44.83
"2694",2015-05-17,15.24,5,174.297595104528,0,125.342,1783.08,44.83
"2695",2015-05-18,5.07999999999993,5.55555555555556,177.407994791667,0,130.144,1783.08,44.83
"2696",2015-05-19,5.08000000000015,6.66666666666667,155.724797308123,0,127.596,1783.08,44.83
"2697",2015-05-20,7.61999999999989,6.66666666666667,122.214392652272,0,124.313,1783.08,44.83
"2698",2015-05-21,5.08000000000004,6.66666666666667,160.704007568359,0,124.95,1783.08,44.83
"2699",2015-05-22,5.08000000000004,7.22222222222222,170.624007568359,0,125.489,1783.08,44.83
"2700",2015-05-23,2.53999999999985,8.88888888888889,178.56,0,124.411,1783.08,44.83
"2701",2015-05-24,0,10.5555555555556,285.542412084057,0,123.333,1783.08,44.83
"2702",2015-05-25,0,8.33333333333333,269.5680078125,0,120.785,1783.08,44.83
"2703",2015-05-26,0,7.77777777777778,295.526412373409,0,117.845,1783.08,44.83
"2704",2015-05-27,2.54000000000008,6.66666666666667,237.132800418656,0,115.738,1783.08,44.83
"2705",2015-05-28,0,10,317.516799261248,0,113.729,1783.08,44.83
"2706",2015-05-29,0,11.6666666666667,279.334388311994,0,111.965,1783.08,44.83
"2707",2015-05-30,5.08000000000004,11.1111111111111,190.911997251157,0,109.074,1783.08,44.83
"2708",2015-05-31,0,13.3333333333333,285.158411794705,0,108.829,1783.08,44.83
"2709",2015-06-01,12.6999999999999,10,224.486410926649,0,106.036,1783.08,44.83
"2710",2015-06-02,5.08000000000004,5.55555555555556,169.881594715712,0,107.702,1783.08,44.83
"2711",2015-06-03,0,5.55555555555556,244.710411216001,0,110.201,1783.08,44.83
"2712",2015-06-04,0,8.33333333333333,329.702406152343,0,109.27,1783.08,44.83
"2713",2015-06-05,0,11.6666666666667,317.491198735894,0,107.849,1783.08,44.83
"2714",2015-06-06,0,13.8888888888889,319.526387032516,0,105.791,1783.08,44.83
"2715",2015-06-07,0,16.6666666666667,319.526387032516,0,102.851,1783.08,44.83
"2716",2015-06-08,0,17.7777777777778,327.667198446542,0,100.009,1783.08,44.83
"2717",2015-06-09,48.26,15.5555555555556,239.61599609375,0,96.481,1783.08,44.83
"2718",2015-06-10,0,14.4444444444444,303.10400390625,0,126.371,1783.08,44.83
"2719",2015-06-11,0,13.8888888888889,323.58400390625,0,121.618,1783.08,44.83
"2720",2015-06-12,0,11.6666666666667,323.58400390625,0,118.139,1783.08,44.83
"2721",2015-06-13,0,8.88888888888889,327.68,0,115.836,1783.08,44.83
"2722",2015-06-14,0,10.5555555555556,337.92,0,111.818,1783.08,44.83
"2723",2015-06-15,0,12.7777777777778,331.776015625,0,109.809,1783.08,44.83
"2724",2015-06-16,0,13.8888888888889,311.29599609375,0,107.849,1783.08,44.83
"2725",2015-06-17,0,13.8888888888889,296.96,0,103.782,1783.08,44.83
"2726",2015-06-18,0,14.4444444444444,286.72,0,100.597,1783.08,44.83
"2727",2015-06-19,0,10.5555555555556,266.24,0,98.245,1783.08,44.83
"2728",2015-06-20,0,11.6666666666667,319.4880078125,0,94.57,1783.08,44.83
"2729",2015-06-21,2.53999999999996,11.1111111111111,225.28,0,92.169,1783.08,44.83
"2730",2015-06-22,0,12.2222222222222,309.2480078125,0,90.503,1783.08,44.83
"2731",2015-06-23,0,13.3333333333333,307.2,0,87.318,1783.08,44.83
"2732",2015-06-24,0,14.4444444444444,296.96,0,84.378,1783.08,44.83
"2733",2015-06-25,0,16.1111111111111,313.34400390625,0,80.115,1783.08,44.83
"2734",2015-06-26,0,19.4444444444444,327.68,0,78.449,1783.08,44.83
"2735",2015-06-27,0,21.6666666666667,290.81599609375,0,77.175,1783.08,44.83
"2736",2015-06-28,0,22.2222222222222,296.96,0,70.903,1783.08,44.83
"2737",2015-06-29,0,20,247.8080078125,0,69.58,1783.08,44.83
"2738",2015-06-30,0,18.8888888888889,274.4319921875,0,61.152,1783.08,44.83
"2739",2015-07-01,0,19.4444444444444,299.0080078125,0,57.33,1783.08,44.83
"2740",2015-07-02,0,20.5555555555556,294.9119921875,0,56.693,1783.08,44.83
"2741",2015-07-03,0,20,284.6719921875,0,53.557,1783.08,44.83
"2742",2015-07-04,0,18.8888888888889,270.681596185077,0,51.107,1783.08,44.83
"2743",2015-07-05,0,17.7777777777778,250.32959676378,0,45.913,1783.08,44.83
"2744",2015-07-06,0,17.7777777777778,274.7519921875,0,41.797,1783.08,44.83
"2745",2015-07-07,2.54000000000008,16.6666666666667,191.308786796514,0,40.18,1783.08,44.83
"2746",2015-07-08,2.53999999999996,15.5555555555556,270.681596185077,0,36.701,1783.08,44.83
"2747",2015-07-09,0,14.4444444444444,193.343994502315,0,35.574,1783.08,44.83
"2748",2015-07-10,10.16,12.7777777777778,196.172798949291,0,31.899,1783.08,44.83
"2749",2015-07-11,7.62,10.5555555555556,125.38879793656,0,30.086,1783.08,44.83
"2750",2015-07-12,7.62,10,184.038410347946,0,30.282,1783.08,44.83
"2751",2015-07-13,0,10,151.680002170139,0,31.605,1783.08,44.83
"2752",2015-07-14,0,11.1111111111111,190.911997251157,0,33.075,1783.08,44.83
"2753",2015-07-15,0,12.7777777777778,259.238388601346,0,30.233,1783.08,44.83
"2754",2015-07-16,0,10.5555555555556,237.132800418656,0,29.596,1783.08,44.83
"2755",2015-07-17,0,11.6666666666667,261.580815198206,0,26.754,1783.08,44.83
"2756",2015-07-18,0,13.8888888888889,271.564815487558,0,26.264,1783.08,44.83
"2757",2015-07-19,0,15.5555555555556,291.532816066262,0,23.667,1783.08,44.83
"2758",2015-07-20,0,17.2222222222222,283.545604408999,0,23.422,1783.08,44.83
"2759",2015-07-21,0,15.5555555555556,289.664007568359,0,21.07,1783.08,44.83
"2760",2015-07-22,0,13.3333333333333,281.72799621582,0,19.796,1783.08,44.83
"2761",2015-07-23,0,13.3333333333333,281.72799621582,0,20.58,1783.08,44.83
"2762",2015-07-24,0,13.8888888888889,289.76638773329,0,16.611,1783.08,44.83
"2763",2015-07-25,0,12.7777777777778,273.996784436487,0,15.337,1783.08,44.83
"2764",2015-07-26,0,9.44444444444444,242.84159611726,0,13.72,1783.08,44.83
"2765",2015-07-27,0,7.22222222222222,217.382410682509,0,16.219,1783.08,44.83
"2766",2015-07-28,0,10,303.552004484954,0,12.103,1783.08,44.83
"2767",2015-07-29,0,14.4444444444444,307.404799139178,0,14.994,1783.08,44.83
"2768",2015-07-30,0,18.3333333333333,297.676799283854,0,12.25,1783.08,44.83
"2769",2015-07-31,0,20,282.188815822121,0,10.976,1783.08,44.83
"2770",2015-08-01,0,21.1111111111111,280.256008391204,0,10.682,1783.08,44.83
"2771",2015-08-02,0,21.6666666666667,278.323200960286,0,9.555,1783.08,44.83
"2772",2015-08-03,0,16.1111111111111,188.160003662109,0,9.751,1783.08,44.83
"2773",2015-08-04,0,15.5555555555556,264.960003662109,0,7.154,1783.08,44.83
"2774",2015-08-05,0,13.3333333333333,249.843199694372,0,9.653,1783.08,44.83
"2775",2015-08-06,0,11.6666666666667,293.708783812573,0,7.546,1783.08,44.83
"2776",2015-08-07,0,13.3333333333333,295.526411740452,0,5.39,1783.08,44.83
"2777",2015-08-08,0,14.4444444444444,276.5824114511,0,5.635,1783.08,44.83
"2778",2015-08-09,0,15,267.187192302337,0,5.537,1783.08,44.83
"2779",2015-08-10,0,15,218.265603821253,0,6.713,1783.08,44.83
"2780",2015-08-11,0,19.4444444444444,278.47679930646,0,6.811,1783.08,44.83
"2781",2015-08-12,0,20,250.419200625723,0,5.292,1783.08,44.83
"2782",2015-08-13,0,20.5555555555556,263.500815288629,0,5.537,1783.08,44.83
"2783",2015-08-14,2.53999999999996,16.6666666666667,289.536007080078,0,4.263,1783.08,44.83
"2784",2015-08-15,0,11.6666666666667,267.263992919922,0,4.361,1783.08,44.83
"2785",2015-08-16,0,12.7777777777778,250.675199160879,0,6.027,1783.08,44.83
"2786",2015-08-17,0,13.8888888888889,250.675199160879,0,4.802,1783.08,44.83
"2787",2015-08-18,0,15,245.273596894893,0,3.675,1783.08,44.83
"2788",2015-08-19,0,15.5555555555556,248.934410917607,0,4.018,1783.08,44.83
"2789",2015-08-20,0,15.5555555555556,258.099192424407,0,4.018,1783.08,44.83
"2790",2015-08-21,0,12.2222222222222,239.923192713759,0,2.695,1783.08,44.83
"2791",2015-08-22,0,11.6666666666667,249.062411428494,0,4.018,1783.08,44.83
"2792",2015-08-23,0,15.5555555555556,254.476815044488,0,2.989,1783.08,44.83
"2793",2015-08-24,0,17.2222222222222,232.96,0,3.038,1783.08,44.83
"2794",2015-08-25,0,16.6666666666667,240.127993164063,0,2.352,1783.08,44.83
"2795",2015-08-26,0,18.8888888888889,243.750388678205,0,3.822,1783.08,44.83
"2796",2015-08-27,0,16.6666666666667,219.033596849682,0,2.401,1783.08,44.83
"2797",2015-08-28,0,16.1111111111111,143.078409082031,0,2.548,1783.08,44.83
"2798",2015-08-29,2.54000000000008,14.4444444444444,212.185603188296,0,3.332,1783.08,44.83
"2799",2015-08-30,2.53999999999996,7.77777777777778,87.6799985532407,0,1.519,1783.08,44.83
"2800",2015-08-31,0,10,236.748814510996,0,1.225,1783.08,44.83
"2801",2015-09-01,0,13.3333333333333,236.748814510996,0,1.862,1783.08,44.83
"2802",2015-09-02,2.53999999999996,9.44444444444444,96.7679983520508,0,2.989,1783.08,44.83
"2803",2015-09-03,0,5,165.888006591797,0,0.784,1783.08,44.83
"2804",2015-09-04,12.7,3.33333333333333,126.924797353335,0,2.45,1783.08,44.83
"2805",2015-09-05,5.08000000000004,1.66666666666667,111.487996238426,0,2.156,1783.08,44.83
"2806",2015-09-06,0,5.55555555555556,221.312003761574,0,2.205,1783.08,44.83
"2807",2015-09-07,0,7.22222222222222,207.820799663628,0,0.196,1783.08,44.83
"2808",2015-09-08,0,10.5555555555556,234.854389532697,0,2.548,1783.08,44.83
"2809",2015-09-09,0,14.4444444444444,223.014410895002,0,1.666,1783.08,44.83
"2810",2015-09-10,0,15.5555555555556,224.691201358145,0,0.931,1783.08,44.83
"2811",2015-09-11,0,17.2222222222222,226.304006347656,0,1.029,1783.08,44.83
"2812",2015-09-12,0,18.8888888888889,216.32,0,1.715,1783.08,44.83
"2813",2015-09-13,0,15,201.446389790401,0,2.058,1783.08,44.83
"2814",2015-09-14,0,7.77777777777778,160.16639123716,0,1.421,1783.08,44.83
"2815",2015-09-15,0,3.88888888888889,160.563205960648,0,2.45,1783.08,44.83
"2816",2015-09-16,0,3.88888888888889,132.71040859375,0,1.666,1783.08,44.83
"2817",2015-09-17,2.53999999999985,3.88888888888889,63.3984004218207,0,0.196,1783.08,44.83
"2818",2015-09-18,0,6.11111111111111,183.859200444878,0,1.176,1783.08,44.83
"2819",2015-09-19,0,10,208.051201312934,0,1.029,1783.08,44.83
"2820",2015-09-20,0,12.7777777777778,208,0,1.323,1783.08,44.83
"2821",2015-09-21,0,11.6666666666667,171.199996948242,0,0.882,1783.08,44.83
"2822",2015-09-22,0,12.2222222222222,179.353596487992,0,1.764,1783.08,44.83
"2823",2015-09-23,0,12.2222222222222,196.812786769387,0,1.029,1783.08,44.83
"2824",2015-09-24,0,13.8888888888889,176.332800237811,0,1.029,1783.08,44.83
"2825",2015-09-25,0,15,196.761602311198,0,0.539,1783.08,44.83
"2826",2015-09-26,0,10.5555555555556,174.899193780744,0,1.029,1783.08,44.83
"2827",2015-09-27,0,8.33333333333333,178.112006655093,0,0.294,1783.08,44.83
"2828",2015-09-28,0,11.1111111111111,201.344007523148,0,0.392,1783.08,44.83
"2829",2015-09-29,0,13.8888888888889,184.32,0,0.637,1783.08,44.83
"2830",2015-09-30,0,13.8888888888889,168.96,0,0.343,1783.08,44.83
"2831",2015-10-01,2.54,11.6666666666667,115.763194149215,0,0.49,1783.08,44.83
"2832",2015-10-02,0,10,153.843199965639,0,0.245,1783.08,44.83
"2833",2015-10-03,0,6.66666666666667,148.019205716508,0,0.441,1783.08,44.83
"2834",2015-10-04,0,7.77777777777778,160.102408828848,0,1.029,1783.08,44.83
"2835",2015-10-05,0,10,164.73599681713,0,0,1783.08,44.83
"2836",2015-10-06,0,12.2222222222222,157.388811798322,0,0.098,1783.08,44.83
"2837",2015-10-07,2.54,10,63.8464053204573,0,0,1783.08,44.83
"2838",2015-10-08,0,10.5555555555556,94.2080014038086,0,0.784,1783.08,44.83
"2839",2015-10-09,0,13.8888888888889,151.616002807617,0,0,1783.08,44.83
"2840",2015-10-10,0,12.7777777777778,172.185595954499,0,0.539,1783.08,44.83
"2841",2015-10-11,0,6.66666666666667,122.572789572483,0,0.784,1783.08,44.83
"2842",2015-10-12,0,10.5555555555556,159.10400318287,0,0,1783.08,44.83
"2843",2015-10-13,0,11.6666666666667,150.425597491681,0,0.539,1783.08,44.83
"2844",2015-10-14,0,12.2222222222222,153.39519416956,0,0,1783.08,44.83
"2845",2015-10-15,0,12.7777777777778,153.39519416956,0,0,1783.08,44.83
"2846",2015-10-16,0,13.3333333333333,136.396810975478,0,0.196,1783.08,44.83
"2847",2015-10-17,2.54,12.2222222222222,80.9856005886501,0,0,1783.08,44.83
"2848",2015-10-18,2.54,8.33333333333333,66.1759973144531,0,0,1783.08,44.83
"2849",2015-10-19,0,6.11111111111111,40.4607996523256,0,0,1783.08,44.83
"2850",2015-10-20,0,5.55555555555556,106.035194271286,0,0,1783.08,44.83
"2851",2015-10-21,0,6.11111111111111,128.563205327691,0,0,1783.08,44.83
"2852",2015-10-22,0,5.55555555555556,116.121597157118,0,0.637,1783.08,44.83
"2853",2015-10-23,0,5.55555555555556,136.959997106481,0,0,1783.08,44.83
"2854",2015-10-24,0,6.11111111111111,58.8928013680917,0,0,1783.08,44.83
"2855",2015-10-25,5.08,6.66666666666667,82.7648022361472,0,0,1783.08,44.83
"2856",2015-10-26,0,1.66666666666667,59.6992038402417,0,0.294,1783.08,44.83
"2857",2015-10-27,0,2.77777777777778,107.52,0,0,1783.08,44.83
"2858",2015-10-28,2.54,2.77777777777778,40.32,0,0,1783.08,44.83
"2859",2015-10-29,7.62,1.66666666666667,43.9295974555122,0,0.245,1783.08,44.83
"2860",2015-10-30,7.62,3.88888888888889,62.5663947410302,0,0.882,1783.08,44.83
"2861",2015-10-31,2.54,6.11111111111111,46.1440010127315,0,2.597,1783.08,44.83
"2862",2015-11-01,2.54,3.88888888888889,47.4623997843424,0,1.323,1783.08,44.83
"2863",2015-11-02,0,0.555555555555556,44.8256022411205,0,1.372,1783.08,44.83
"2864",2015-11-03,0,-1.66666666666667,33.945598002568,0,2.205,1783.08,44.83
"2865",2015-11-04,0,-2.22222222222222,83.5583993932653,0,1.274,1783.08,44.83
"2866",2015-11-05,2.54000000000001,-1.66666666666667,78.8608022971824,0,0.784,1783.08,44.83
"2867",2015-11-06,0,0,72.3968020078305,0,1.764,1783.08,44.83
"2868",2015-11-07,0,0,80.6400024414063,0,1.274,1783.08,44.83
"2869",2015-11-08,5.08,0,37.1200012207031,0,2.891,1783.08,44.83
"2870",2015-11-09,0,-2.22222222222222,21.5423996204517,0,2.891,1783.08,44.83
"2871",2015-11-10,0,-2.77777777777778,69.6959968171296,0,2.156,1783.08,44.83
"2872",2015-11-11,2.54,-2.77777777777778,46.8863984630443,0,2.597,1783.08,44.83
"2873",2015-11-12,0,-2.22222222222222,63.9744002794054,0,1.666,1783.08,44.83
"2874",2015-11-13,0,0.555555555555556,65.2287991120514,0,1.078,1783.08,44.83
"2875",2015-11-14,0,1.11111111111111,54.6303999109339,0,2.156,1783.08,44.83
"2876",2015-11-15,0,-0.555555555555556,101.811195259151,0,2.499,1783.08,44.83
"2877",2015-11-16,7.62,-4.44444444444444,58.3551962718823,0,1.127,1783.08,44.83
"2878",2015-11-17,12.7,-0.555555555555556,63.8976006655092,7.35,4.116,1783.08,44.83
"2879",2015-11-18,0,-3.33333333333333,65.1264054108797,19.6,4.851,1783.08,44.83
"2880",2015-11-19,17.78,-2.77777777777778,51.0719976806641,17.15,2.107,1783.08,44.83
"2881",2015-11-20,0,-6.66666666666667,102.143995361328,36.75,3.626,1783.08,44.83
"2882",2015-11-21,0,-4.44444444444444,113.088002319336,34.3,4.508,1783.08,44.83
"2883",2015-11-22,0,-1.66666666666667,104.678398963759,36.75,4.018,1783.08,44.83
"2884",2015-11-23,0,-1.11111111111111,97.4592057617188,36.75,2.94,1783.08,44.83
"2885",2015-11-24,12.7,-1.66666666666667,45.721599976038,36.75,3.969,1783.08,44.83
"2886",2015-11-25,0,-3.88888888888889,84.2240010127315,49,3.136,1783.08,44.83
"2887",2015-11-26,0,-4.44444444444444,107.136002604167,46.55,4.41,1783.08,44.83
"2888",2015-11-27,0,-5,104.755204816804,44.1,2.058,1783.08,44.83
"2889",2015-11-28,0,-2.77777777777778,103.564800246853,46.55,3.92,1783.08,44.83
"2890",2015-11-29,0,-5,95.3856021484374,46.55,4.116,1783.08,44.83
"2891",2015-11-30,0,-3.88888888888889,95.3856021484374,46.55,2.891,1783.08,44.83
"2892",2015-12-01,0,-3.88888888888889,89.4975966778791,46.55,3.675,1783.08,44.83
"2893",2015-12-02,5.08,-5.55555555555556,45.9263999945746,49,3.332,1783.08,44.83
"2894",2015-12-03,5.08,-1.66666666666667,37.273600092457,53.9,5.39,1783.08,44.83
"2895",2015-12-04,7.62,-2.22222222222222,37.273600092457,58.8,3.871,1783.08,44.83
"2896",2015-12-05,2.54000000000001,-3.33333333333333,37.273600092457,66.15,3.479,1783.08,44.83
"2897",2015-12-06,7.62,-1.11111111111111,30.2847985130028,68.6,2.695,1783.08,44.83
"2898",2015-12-07,38.1,1.11111111111111,40.7679994936343,75.95,5.635,1783.08,44.83
"2899",2015-12-08,2.53999999999999,3.33333333333333,23.2959997106481,93.1,65.17,1783.08,44.83
"2900",2015-12-09,2.54000000000002,0.555555555555556,44.9280010986328,83.3,84.721,1783.08,44.83
"2901",2015-12-10,15.24,-2.22222222222222,23.04,80.85,84.378,1783.08,44.83
"2902",2015-12-11,2.54000000000002,-3.33333333333333,35.7119989013672,93.1,78.792,1783.08,44.83
"2903",2015-12-12,20.32,-3.88888888888889,9.2160001373291,98,76.146,1783.08,44.83
"2904",2015-12-13,10.16,-3.88888888888889,29.9519989013672,115.15,72.765,1783.08,44.83
"2905",2015-12-14,2.53999999999999,-5.55555555555556,23.04,124.95,73.157,1783.08,44.83
"2906",2015-12-15,0,-6.66666666666667,72.5760021972656,127.4,71.442,1783.08,44.83
"2907",2015-12-16,2.54000000000005,-7.22222222222222,58.7519989013672,127.4,71.638,1783.08,44.83
"2908",2015-12-17,33.02,-7.77777777777778,41.4719989013672,132.3,70.854,1783.08,44.83
"2909",2015-12-18,12.7,-2.22222222222222,34.56,161.7,69.482,1783.08,44.83
"2910",2015-12-19,2.54000000000002,-4.44444444444444,84.0960021972656,176.4,71.295,1783.08,44.83
"2911",2015-12-20,5.08000000000004,-7.22222222222222,41.4719989013672,176.4,69.874,1783.08,44.83
"2912",2015-12-21,22.86,-4.44444444444444,34.56,178.85,68.453,1783.08,44.83
"2913",2015-12-22,7.61999999999995,-6.11111111111111,35.7119989013672,205.8,69.825,1783.08,44.83
"2914",2015-12-23,7.62,-7.22222222222222,13.8240005493164,210.7,67.277,1783.08,44.83
"2915",2015-12-24,0,-8.88888888888889,89.8560021972656,220.5,69.188,1783.08,44.83
"2916",2015-12-25,0,-10,87.5519989013672,220.5,68.355,1783.08,44.83
"2917",2015-12-26,0,-10.5555555555556,95.6160021972656,220.5,64.974,1783.08,44.83
"2918",2015-12-27,5.07999999999998,-10,29.9519989013672,218.05,68.208,1783.08,44.83
"2919",2015-12-28,0,-8.33333333333333,57.6,220.5,69.923,1783.08,44.83
"2920",2015-12-29,0,-8.88888888888889,59.9039978027344,222.95,67.62,1783.08,44.83
"2921",2015-12-30,0,-9.44444444444444,89.8560021972656,220.5,66.787,1783.08,44.83
"2922",2015-12-31,0,-12.7777777777778,81.7919989013672,218.05,68.992,1783.08,44.83
