"","wn","ro","pet","aet","snow","cond","bflow","netr","sm_lim"
"1",155.304910362904,0,0.753670517863392,0.106182081558258,160.518428102141,0.011568096378059,0.00821405315243469,2.91130944359718,0.414184837510966
"2",155.17573014052,0,0.741642466702672,0.132882194299901,160.518428102141,0.0118406760649336,0.0081387041490897,2.65552448947582,0.413777925267458
"3",155.094816223722,0,0.381284300153295,0.085098291413237,163.058428102141,0.0122765016856716,0.00809212707096224,1.28113918562037,0.413523049847614
"4",155.053636830683,0,0.173689244497447,0.0401094052628995,170.678428102141,0.00699710390834554,0.008067091684718,0.578069356769423,0.413393336499095
"5",155.012213391289,0,0.203313841699915,0.0392080948274893,178.298428102141,0.00582290814565763,0.00803825271212894,0.711816400677434,0.413262854414867
"6",154.910517951831,0,0.613032333722327,0.105452541918165,178.298428102141,0.0117297207654679,0.00797261830461998,2.22094044430581,0.412942518076529
"7",154.861540010312,0,0.321850679896333,0.049049812854699,183.378428102141,0.00801149523935159,0.00793962390414451,1.21040563770953,0.412788239629733
"8",154.818249125655,0,0.255224461192209,0.0421373484751092,206.238428102141,0.00676160893322757,0.00791514511489462,0.935892330378347,0.412651875171815
"9",154.741334038871,0,0.485476871840298,0.0770889901660801,206.238428102141,0.00804106089426748,0.00786715751162905,1.80251318920907,0.412409595897595
"10",154.684454576656,0,0.316289113369189,0.06085646025023,224.018428102141,0.0118137939761142,0.00783679594167328,1.10735096228329,0.412230427994392
"11",154.591339089496,0,0.405493323631001,0.0936263765385884,224.018428102141,0.00829449426186467,0.0077836048826663,1.34955543991161,0.411937118143347
"12",154.545842445842,0,0.209213955666844,0.0449299085339628,231.638428102141,0.00718849700237073,0.00775523212258397,0.709911068638868,0.411793805637766
"13",154.383455896329,0,0.930895059280641,0.185816255375418,231.638428102141,0.0310860580314049,0.00765635216868984,3.22431235028615,0.411282294866547
"14",154.333280401356,0,0.298112250441833,0.0530603702217257,236.718428102141,0.0105099686653638,0.00762509341689872,1.06742051217843,0.41112424417696
"15",154.246495616474,0,0.773599300548173,0.0953353397402684,236.718428102141,0.0161148379482037,0.00756428309058867,3.12013034664215,0.410850875770657
"16",154.197902746899,0,0.481032001772248,0.0643504750016399,239.258428102141,0.0232957643310016,0.00753815890436711,1.884311651955,0.41069781028422
"17",153.997346792203,0,1.01089684946802,0.232523564765204,239.258428102141,0.039400197112233,0.00743258704283251,3.36444834694875,0.410066067499076
"18",153.762378859563,0,1.18668299824887,0.263471957065188,239.258428102141,0.0358020321266914,0.00729800770121539,3.98732937431428,0.409325928437085
"19",153.682742050569,0,0.48179125814257,0.106557538681492,241.798428102141,0.0341738306180153,0.00725310093055955,1.61884887431144,0.409075075852877
"20",153.55820158147,0,0.89162350663715,0.140587869615007,241.798428102141,0.0232248111389257,0.00717741062257797,3.31048341073392,0.408682778636218
"21",153.461860544412,0,1.03071237114915,0.106093929618352,241.798428102141,0.0168650265374127,0.00711213397725041,4.42997427913563,0.40837930843925
"22",153.356424915715,0,1.19090643754918,0.117117915529427,241.798428102141,0.0187348473048887,0.00705256047217796,5.20638036645735,0.408047190662806
"23",153.206502501989,0,1.30443188003459,0.166978248832871,241.798428102141,0.0240346902448485,0.00697885513804771,5.18380598154648,0.407574941392788
"24",153.049599429068,0,1.3021710502494,0.173792999041914,241.798428102141,0.0237853330860003,0.00689540696558644,5.10089988562793,0.407080703341192
"25",152.991468157087,0,0.428298717576495,0.0699403044928109,244.338428102141,0.0186782876090615,0.00686925509754037,1.57054493530246,0.406897592290108
"26",152.935364518489,0,0.305487353184715,0.0605008969037708,251.958428102141,0.0112403496942455,0.00684309138757521,1.05810707223096,0.406720868198531
"27",152.877130105125,0,0.343556699731279,0.0679611815157331,274.818428102141,0.0165387929985081,0.00681202484754589,1.18996668735478,0.406537432256447
"28",152.842975717788,0,0.260631396126993,0.0346790093673327,277.358428102141,0.00731058990527465,0.00678596787461923,1.02095239979463,0.406429847379131
"29",152.808856963691,0,0.237314643545525,0.034323096554155,290.058428102141,0.00697438252522103,0.00677004006800266,0.904340528670536,0.406322374745015
"30",152.776242619956,0,0.214337719901241,0.0322942563738693,302.758428102141,0.00643375556873468,0.00675384292950247,0.806074371586946,0.406219640939989
"31",152.746191728797,0,0.165088349342004,0.0291511473386771,330.698428102141,0.00584160210835652,0.00674134592866899,0.591115226389249,0.406124981902287
"32",152.714623813887,0,0.192134396184287,0.0313616553960677,333.238428102141,0.00651700408908414,0.00672326360381216,0.704544959957144,0.406025544303851
"33",152.689070181314,0,0.165298080582943,0.0238918652987985,343.398428102141,0.00504552720434108,0.00670729447804584,0.629905307777297,0.405945051440718
"34",152.657465215719,0,0.194470404871183,0.0317325084144787,345.938428102141,0.00682096174378006,0.00669341892423343,0.713110959483798,0.405845497134193
"35",152.576555866465,0,0.556320969148598,0.0839185268300385,345.938428102141,0.00965879890738494,0.00664962133149835,2.0921939256129,0.405590636101921
"36",152.541775148439,0,0.216089469016317,0.0366501521670124,356.098428102141,0.00850358475901811,0.00663415061820605,0.782865462271499,0.405481078309392
"37",152.508384982797,0,0.216150856663677,0.0352326538175886,363.718428102141,0.00845864285548226,0.00661615468011808,0.792611836699687,0.40537590069813
"38",152.472080974626,0,0.194390816167453,0.0383973899065131,378.958428102141,0.00869425847377475,0.00660087673748646,0.673305442006827,0.405261544605995
"39",152.428002133916,0,0.247002640478772,0.0524342463464863,384.038428102141,0.0149345456144156,0.00657913997817756,0.838136767215172,0.405122698119794
"40",152.740839972113,0,0.3375279898558,0.0905906090293261,386.218296880199,0.0501612197511884,0.00686399446731011,1.07566293562953,0.406108124094807
"41",152.52191712742,0,0.952585214074599,0.249304866946214,386.218296880199,0.0370110387848095,0.00662901653148701,3.06008789188667,0.405418526382051
"42",152.188225296083,0,1.44311874409144,0.377441075243879,386.218296880199,0.050207841144542,0.00645859723807626,4.63587942590413,0.404367411209588
"43",151.717721778731,0,1.81077610974901,0.534510391323488,386.218296880199,0.0707227916995046,0.00671591772756457,5.64129312080111,0.402885345005559
"44",151.537821053194,0,1.08830287565014,0.191672540268846,386.218296880199,0.0179069561156993,0.00613514138412788,3.89677650351503,0.402318665319719
"45",151.190018893061,0,1.93672008577733,0.395738627836788,386.218296880199,0.0539084959821304,0.00597202827825445,6.63858080238772,0.401223103207617
"46",151.520093851605,0,0.393693863536697,0.104942567732736,388.398165658256,0.0811265497607637,0.00624024542646187,1.25465712390886,0.40226282538357
"47",151.251405085697,0,1.33813947427663,0.325632589867861,388.398165658256,0.0629462741296664,0.00600245017024745,4.37310568188178,0.401416467121262
"48",150.84958941199,0,1.86112817868446,0.46810621896696,388.398165658256,0.0721073729477173,0.00581682768753274,6.02947957183849,0.400150764723112
"49",150.360907045879,0,2.09570419575601,0.561268337837498,388.398165658256,0.0782935497670261,0.00570757804039769,6.67876856192317,0.398611435913426
"50",149.914455493633,0,2.09572040955553,0.50782700316581,388.398165658256,0.0667811067308112,0.00540565581119459,6.84891747597328,0.397205132383444
"51",149.446514336113,0,2.204498126946,0.533030038213995,388.398165658256,0.0702993672872135,0.00521048659347965,7.20440841180384,0.395731137504641
"52",149.05580438523,0,1.94056392488545,0.437118887012972,388.398165658256,0.0514615379225653,0.00505260179213749,6.45854925026728,0.394500417664245
"53",149.00549090794,0,0.310556689457272,0.0647907442612054,390.938165658256,0.0195098761645504,0.00503260919298507,1.05379027217781,0.39434193233619
"54",148.957385038627,0,0.387220348060817,0.0777422018050812,393.478165658256,0.0346492206577841,0.00501288816639572,1.32729225447089,0.394190400880003
"55",148.904563516972,0,0.323083311676803,0.0723180262253755,403.638165658256,0.024489839713863,0.00499333514310859,1.07527995014504,0.394024015318148
"56",148.852180357999,0,0.368480178369925,0.0852847502916299,406.178165658256,0.0378743803359791,0.00497278901701128,1.21507399930157,0.393859010580222
"57",148.569761616147,0,1.46683931728577,0.34063435078882,406.178165658256,0.0630784237472223,0.00486281481053999,4.83694488933377,0.392969403473692
"58",148.560877387112,0,0.424972851876519,0.104915439618918,408.69070628627,0.0734309734488603,0.00485913485109326,1.37678057767447,0.392941418527531
"59",148.146261549889,0,1.70485310796405,0.494996406082748,408.69070628627,0.0854543117995877,0.00507374294050034,5.31130052917866,0.391635396155024
"60",147.787706735312,0,1.4397992457807,0.393322760509425,408.69070628627,0.0395193541512092,0.00475140821861936,4.55297855561871,0.390505963635651
"61",147.738930780833,0,0.317997661241362,0.0635534360581483,411.23070628627,0.0193310343873909,0.00455355280817996,1.09001459974729,0.3903523214395
"62",147.48231170789,0,1.65303798175841,0.307216457035012,411.23070628627,0.0550579704003641,0.00446058630861645,5.78740501148505,0.389543982200169
"63",147.442596549299,0,0.450331429818453,0.0963068164571701,413.77070628627,0.0610395473738714,0.00444788950758347,1.51314187608804,0.389418881128308
"64",147.228222746324,0,1.4214873925959,0.25394075831688,413.77070628627,0.0439384321229569,0.00437147678044395,5.03209939772582,0.388743612704799
"65",146.802141579615,0,2.40005652895783,0.480096711144447,413.77070628627,0.0582426299518458,0.00422708551628994,8.2267795510521,0.387401475028746
"66",146.877455216942,0,0.608611492663746,0.15420150201225,416.155315100537,0.0783750657840453,0.00425111217808409,1.95510557170747,0.387638709804828
"67",148.240187843199,0,0.43823806288666,0.1181550166033,419.830998018835,0.0814669538601567,0.00489639270207792,1.38581021515742,0.391931260011192
"68",147.916326127833,0,1.53367541944871,0.380452064768652,419.830998018835,0.0612091310994538,0.00461878169642713,4.96863392715557,0.390911109288783
"69",147.414475469145,0,2.29389565225683,0.568669210530101,419.830998018835,0.0712573371007558,0.00443878525843212,7.43151231259534,0.389330300913752
"70",146.82906575379,0,2.32863483404893,0.653848117585835,419.830998018835,0.0729254637081621,0.00448706147775881,7.30821773340877,0.387486285040029
"71",146.332214338023,0,2.0661532293955,0.54412357869202,419.830998018835,0.0514254281219876,0.0041532651963057,6.58459302631907,0.385921224069016
"72",146.636153955599,0,0.421203947338732,0.109971355539207,422.003271153021,0.0504326870903768,0.00424857979003779,1.34232860121227,0.386878621024962
"73",146.584211796303,0,0.2782886728541,0.0617017297129635,432.163271153021,0.0139157471147583,0.00415617669767383,0.926195255085876,0.386715005417389
"74",146.535272875945,0,0.349237266897204,0.0668287781763005,439.783271153021,0.0220285515265837,0.00413869370869118,1.20964229169613,0.386560849885602
"75",146.487911943052,0,0.374567100708959,0.068966699063097,442.323271153021,0.0257284790165825,0.00412271284594661,1.31138639263116,0.386411664947674
"76",146.27756219136,0,1.17888731157678,0.235050086281275,442.323271153021,0.0287553074137036,0.00405497282438326,4.04092399943844,0.385749072115715
"77",146.221586100627,0,0.358290651913219,0.0791515649524729,447.403271153021,0.0272133027643861,0.00403782854472241,1.19245637395248,0.385572749794522
"78",146.300011448953,0,0.360232196139793,0.0881720149759676,457.426245719638,0.0336332844043175,0.00406135448599782,1.16704088016049,0.3858197863288
"79",146.250653676556,0,0.287434760257026,0.0613750965121194,465.046245719638,0.0160644279670838,0.00404710385180227,0.965798839675856,0.385664311430786
"80",145.992440100195,0,1.65568040358445,0.305609457277847,465.046245719638,0.0513588099471353,0.00396292902994712,5.79665632058214,0.384850949573047
"81",145.606977892357,0,2.51760585362169,0.430374642383869,465.046245719638,0.0487547296554899,0.00384229510964953,9.01453773118464,0.383636759901559
"82",145.56830698973,0,0.436667903798556,0.08923669692157,467.586245719639,0.0543978809615832,0.00383208666728083,1.48171462672198,0.38351494819187
"83",145.18850362346,0,1.76924123622018,0.448040868815323,467.586245719639,0.0719560802208425,0.00371857767572454,5.68351639810357,0.382318583632272
"84",144.814253244209,0,1.79402090988635,0.410450038694856,467.586245719639,0.0398085601588389,0.00360890071456879,5.91583561278519,0.381139710747209
"85",144.252673254894,0,3.10269135232573,0.613999127959543,467.586245719639,0.055868077036585,0.00344893839217612,10.6352319049848,0.379370757503867
"86",144.219067598946,0,0.465611409188423,0.0876708683182553,470.126245719639,0.0575045552435929,0.00343934287352212,1.61272379965202,0.379264901107244
"87",143.958460882629,0,1.93526274909355,0.302258849897135,470.126245719639,0.0450186935044441,0.00336655992355108,7.09648893245996,0.37844400095974
"88",143.922525969871,0,0.311564475212931,0.0465004453840549,480.286245719638,0.0139223959999741,0.00335686337428509,1.15679882695844,0.378330807502561
"89",143.890944731241,0,0.446177986541052,0.0663353278269805,482.826245719638,0.0381021135784042,0.00334802438195602,1.6566014822217,0.378231327934971
"90",143.855837457639,0,0.381677886025922,0.054560626202243,485.366245719639,0.0227917127225969,0.00333836012160823,1.43540186145834,0.378120741506175
"91",143.62668274343,0,1.57216959349828,0.265322835934981,485.366245719639,0.0394468888069074,0.00327876708113537,5.62930932974429,0.37739891383667
"92",143.080341989262,0,3.25722735895026,0.594410359359409,485.366245719639,0.051207675495744,0.00313807030484857,11.403787540733,0.375677963540284
"93",142.393359602712,0,3.52028410740335,0.742945256929869,485.366245719639,0.0589323873393684,0.00296951695926337,11.8283756050219,0.373513998043066
"94",142.425034859451,0,0.819878686883275,0.203583846945967,487.742315904779,0.0743050198319594,0.00297573100650297,2.63378100507759,0.373613773763725
"95",142.150414844176,0,1.36129981051399,0.306895730435396,487.742315904779,0.0351880350082866,0.00291231984787262,4.48892532653177,0.372748732316469
"96",142.10112105624,0,0.378062736581987,0.0759942491188362,490.282315904779,0.0296006836840136,0.00290022250045179,1.28285381576955,0.372593458966806
"97",142.054183633981,0,0.413534261490841,0.089199748971726,492.822315904779,0.0451517431904221,0.00288941647782532,1.37631714176546,0.372445608069482
"98",142.009136233097,0,0.412965034198509,0.0828672744103755,495.362315904779,0.0406984263731809,0.00287855284720947,1.40128533875243,0.372303710659647
"99",141.962291843329,0,0.370288046459249,0.0716894778051899,500.442315904779,0.0277126632755599,0.00286757523775733,1.26925265795,0.372156152810742
"100",141.919859901525,0,0.407728662009799,0.0817577602565728,505.522315904779,0.0421835940622635,0.00285777561032258,1.38351712360431,0.372022493986524
"101",141.608859139767,0,1.71255974574957,0.358475500066617,505.522315904779,0.0502613942973109,0.00278665598871313,5.75430826056498,0.371042854724689
"102",142.272260186207,0,0.446951957503451,0.11745682384348,507.359403615888,0.08099318235588,0.00304760096319312,1.41336556736533,0.373132539996716
"103",168.716235701109,0,2.96135296643184,0,480.984761149632,0.0949360070153083,0.0256029583691746,8.80892312086131,0.456429945787472
"104",199.682610203537,0,3.55950608474835,0,449.821927035639,0.101680398002283,0.29814000956768,10.4073544866907,0.553972717347807
"105",198.416925693134,0,3.2843473349728,1.08982228619768,449.821927035639,0.0728570097706478,0.24871923397585,10.3858666610332,0.549985864606747
"106",197.669336912337,0,2.4590472334002,0.555142919004456,449.821927035639,0.0360770200227337,0.228522881815752,8.70508607155145,0.547630991527863
"107",196.508923945891,0,3.65642790273004,1.00815460539126,449.821927035639,0.0595010674117659,0.211759428465927,12.1692562594801,0.54397573970325
"108",240.41078793845,0,4.82366579212909,0,405.460727127183,0.0805497297171288,0.539885645613943,14.8167746739832,0.682264756719543
"109",238.52499895746,0,3.85332096184388,1.37627934811313,405.460727127183,0.0697788010098879,0.579288433887223,12.2800913177914,0.676324601091401
"110",237.178768187074,0,3.2566191093551,0.831075970758705,405.460727127183,0.0478246832130416,0.562979482840609,11.5285096049156,0.672084031033935
"111",235.961928865074,0,3.05707863625165,0.701311992384365,405.460727127183,0.0425599184391911,0.558087248054728,11.2101184802844,0.668251038572962
"112",235.26622089167,0,0.735950612689946,0.179389102522765,408.000727127183,0.0390699002036087,0.555388771084509,2.63514424104086,0.666059587845752
"113",234.543120675229,0,0.718846735293739,0.225629270864103,420.700727127183,0.0551855757587218,0.552656521335747,2.37041781026648,0.663781852710112
"114",233.373571899138,0,2.16203691395728,0.680263433029066,420.700727127183,0.0581985107051584,0.547483853766923,7.12937898396902,0.660097823471044
"115",232.693521138401,0,0.547494649655604,0.16132741058709,425.780727127183,0.0256316879175921,0.544355038067913,1.83961639466741,0.657955692302319
"116",231.372669637624,0,2.69340646347821,0.844262496278942,425.780727127183,0.0613854526552464,0.537974457153372,8.8815853753676,0.653795065872017
"117",229.139693339103,0,4.73277206186126,1.74812614955081,425.780727127183,0.0727172941020405,0.557567443072346,14.8533931576278,0.646761284859997
"118",256.694499020484,12.4333520240617,4.51814014917073,0,385.296535451373,0.088773397942639,0.621992332816559,13.5216188419052,0.733557758750014
"119",256.666526811023,44.0704187748729,5.06129791949306,0,340.739023198356,0.0955146085252259,0.64996454227809,14.8811753121671,0.733469647471849
"120",255.920701396257,0,0.895966641295909,0.311494773737459,345.736897212404,0.0457422398596758,0.599310593279441,2.90265475672986,0.731120328921473
"121",254.912239415321,0,1.6094510787154,0.471166825561542,345.736897212404,0.024723541339309,0.599098133910337,5.51678640192031,0.727943716282302
"122",252.870589314681,0,4.54317955512314,1.54227866268528,345.736897212404,0.0617005417240254,0.598119145403148,14.8473344582098,0.721512604711354
"123",252.789897139769,0,5.14435728961534,2.08292166443259,345.736897212404,0.0762262246480551,0.651008471339572,15.9123543251282,0.721258427769086
"124",256.749597877546,38.5809081334866,4.1216412380795,0,307.831918137832,0.0789629078398887,0.566893475754824,12.660377427323,0.7337313178222
"125",256.750907882895,48.1962943883842,5.32536156493612,0,259.187970373167,0.0803935496936955,0.565583470406141,16.2472773240856,0.733735444283709
"126",256.680769992974,50.0982417573447,5.7397933405432,0,208.657273273508,0.0940965872227719,0.635721360326959,16.876080466883,0.733514512893316
"127",256.710337402397,41.4080157882353,4.64928176571362,0,166.737651003814,0.0851468201080868,0.606153950903624,14.0012083179408,0.733607648983974
"128",254.088864242571,0,5.10671969401068,2.07590399961678,166.737651003814,0.0756802606060448,0.658074653308578,15.7959349701942,0.725350119270236
"129",251.337645352895,0,5.75778997116905,2.22698144581312,166.737651003814,0.0709524150106489,0.631981153550483,18.0703226445236,0.716683895988364
"130",248.566665478904,0,5.84705792203601,2.25028317830526,166.737651003814,0.0708172038742438,0.62827128769865,18.3504823380968,0.707955426440668
"131",256.747084871608,48.7758270590647,6.36542685285408,0,109.344637909875,0.0837665521164435,0.569406481693262,19.1693409628712,0.733723401959652
"132",254.449670856668,0,4.71317771933319,1.78061084860773,109.344637909875,0.0689925956478337,0.622482180440448,14.9041591373443,0.726486644862976
"133",251.898555479046,0,5.72777167723344,2.05474064812886,109.344637909875,0.0643457534199784,0.597374969199856,18.3999126776503,0.718450739191036
"134",256.751765890544,43.7122635365552,4.53151669117273,0,67.9519815555161,0.0731742948041825,0.564725462756671,13.82531636255,0.73373814697156
"135",256.704504842597,49.4760830924179,5.60434673043084,0,18.0380932255657,0.0882853944564713,0.611986510704417,16.670846079689,0.733589276666988
"136",256.513168784607,12.7420128429126,8.95910148878158,0,0,0.105873428129591,0.803322568694233,25.5303726761057,0.73298657616699
"137",249.789980906228,0,10.5515728681333,6.00284692536205,0,0.112595780892972,0.869425135966654,29.6567623962445,0.71180881835984
"138",242.716721090476,0,10.5338694692655,6.3296472161454,0,0.122362049707254,0.902413807882599,29.1169120602013,0.689528348738164
"139",236.791819803618,0,9.04186002399688,5.23167114298935,0,0.117741449114208,0.847363017249193,25.1965137840972,0.670865159972033
"140",230.78589612959,0,9.4815400215572,5.36190925886903,0,0.114958493719121,0.795317375937461,26.533704160456,0.651946754108968
"141",232.57929141783,0,6.15553009787982,2.75031849231562,0,0.0813295647628184,0.653921599733375,18.3104114960351,0.657595873507964
"142",231.455511201119,0,2.87297043212071,0.985943414191256,4.7354906827516,0.019171397745852,0.537791732147217,9.22913971704007,0.654056013297525
"143",234.540720991674,0,2.84114808603115,1.05240631100105,10.2405989410615,0.0214133576784713,0.574929782442839,8.91669596364758,0.663774293808286
"144",252.418583171769,0,4.2724773404311,0,0,0.0430652663745173,0.624263254140959,13.1236981957088,0.720088804455421
"145",256.658272366968,8.44602266119671,4.56727772289009,1.98372138924053,0,0.0440436919979781,0.658218986333378,13.8427998531183,0.73344364632177
"146",253.157893062775,0,6.36177661763489,2.89735792154396,0,0.0796086200532016,0.718761139895047,19.0391434840268,0.72241759938119
"147",249.626246097621,0,6.46292384488896,2.9349320024054,0,0.0818040136770957,0.71461234489835,19.341850838976,0.711293060629428
"148",256.639658346723,8.14560144894415,4.50654911155251,2.03604323365837,0,0.044593525177798,0.676833006577588,13.486929879748,0.733385012944319
"149",256.652072779235,15.3457179323378,4.10934770564289,1.83274584217108,0,0.0369875071136854,0.664418574066034,12.3752089412733,0.733424117882303
"150",256.645835344755,8.65295812349416,2.04469942599785,0.892616831008186,0,0.0117357552616657,0.6706560085464,6.19720687708992,0.73340447022718
"151",256.33771400133,0,4.87751902640891,2.22238363508542,0,0.0501890826695874,0.713940512978467,14.5971463902789,0.73243390101146
"152",255.619138114793,0,5.51566816279138,2.61966666416081,0,0.0641081685227914,0.738923138520609,16.3104840538962,0.730170417323896
"153",251.535276422752,0,7.47041919974531,3.47584228631669,0,0.0857864813901853,0.729673449773223,22.221717288383,0.717306425509821
"154",247.584985439865,0,7.41219859400536,3.35868781709219,0,0.0834875388416196,0.710920774093842,22.18278337095,0.704863175787113
"155",255.522571282563,0,4.0265750062169,1.6574865941811,0,0.0337423314999404,0.646016089463376,12.3683640505025,0.729866235881675
"156",252.205098276043,0,7.18783844536175,2.78879283299806,0,0.0683909820639008,0.632833341925465,22.5584053039062,0.719416336052193
"157",251.521795987861,0,6.25889931761154,2.65662419444334,0,0.0716617426511007,0.67406656210683,19.0954307452708,0.717263962709375
"158",249.606967458944,0,4.84529182208532,1.77617950435838,2.1513408541074,0.0425111739042202,0.605514368160119,15.441388512854,0.71123233373199
"159",246.595029307713,0,6.48660215436113,2.49137505079747,2.1513408541074,0.0684717502016162,0.624696978215087,20.357636242881,0.701744855789863
"160",243.967834800179,0,9.67322653901527,2.04331762219609,0,0.0825368702804285,0.702038604743145,28.9494521890768,0.693469304072536
"161",242.265395943423,0,8.00183941799365,3.66027089516631,0,0.0851627901149848,0.702917714594764,23.8024946899574,0.688106693590418
"162",240.619744476295,0,3.51990082521422,1.13356504881446,15.2400000000001,0.0274286637409447,0.575071074030439,11.606974333757,0.682922960986737
"163",237.832060364664,0,6.07433058525733,2.29254444825276,15.2400000000001,0.0684806122644253,0.599143499523977,19.0637578089378,0.674141873796117
"164",247.649364307311,0,9.00537267520803,0,0,0.0870068748677338,0.710747452295021,26.629953630865,0.705065966499991
"165",241.833071825025,0,9.78073976682536,5.15776078224551,0,0.10060802753879,0.794582161326296,28.0074284083458,0.686744890880268
"166",236.069966101083,0,10.0067471423104,5.14096260278181,0,0.0981665080676944,0.755710422913445,28.7980369312266,0.668591351302539
"167",230.248057725145,0,9.8070455208455,5.18140100188777,0,0.102903023674334,0.743410397724306,27.9467229288827,0.650252585855044
"168",224.229591118695,0,9.78731678841854,5.40055611945282,0,0.11005313909785,0.727963626094518,27.5087071963948,0.631294670284709
"169",218.935074256446,0,8.98571614678327,4.74802257410197,0,0.105508592160533,0.652002880308147,25.4855738942639,0.614617165826566
"170",213.794958632819,0,9.24423229966507,4.66889610596674,0,0.100654844784896,0.571874362445097,26.4711239124425,0.598426018747665
"171",208.360099914438,0,9.67215597279401,5.02591403137959,0,0.105250861547753,0.514195548548791,27.4324763585739,0.581306443371215
"172",202.525364096892,0,9.48141156213404,5.491290500828,0,0.122284276351491,0.465729593070018,26.1058813256005,0.562927272024526
"173",207.6519027965,0,8.7854438179336,4.63934744718817,0,0.110359231115763,0.50447308431918,24.6927944402383,0.579075652366303
"174",203.150420603907,0,8.29113655628288,4.182450974902,0,0.103351280916337,0.422382498607656,23.6269012529261,0.564896173617164
"175",198.455047831829,0,8.92033647273074,4.46247506896188,0,0.103122255773159,0.336019958888891,25.4199056490481,0.550105947733231
"176",194.06589153609,0,8.57015233929818,4.2475761740586,0,0.103260941138791,0.244841062819067,24.4220007315754,0.536280290814165
"177",189.384372101506,0,8.73156795534182,4.62016837683552,0,0.112844686901791,0.17419574465001,24.4349378325893,0.521533702358126
"178",185.674913534508,0,7.31136033614471,3.69382922579986,0,0.108667573882573,0.124296915081427,20.641681964489,0.509849064571907
"179",181.180844343984,0,8.38627702141587,4.5198371713335,0,0.117935418598444,0.0921674377887274,23.2736869729512,0.495692936466138
"180",176.30896679209,0,8.39211375859836,4.93604336751317,0,0.132857013387811,0.0686911977684504,22.7722288081751,0.48034672798193
"181",171.313970860063,0,8.14068046625524,5.09052970683988,0,0.145625274519751,0.0500914997070045,21.7351664052376,0.464612701801231
"182",167.508618248852,0,6.97638449742506,3.90021400926145,0,0.128816320659982,0.0339549226093126,19.0653865679403,0.452626001826626
"183",171.948391359019,0,6.29195920381478,3.25527478273447,0,0.119103098898243,0.0440552059968667,17.4615134441912,0.466611099572918
"184",167.997890472198,0,6.90670834601777,4.05027134615336,0,0.136552253344987,0.0367817940125132,18.6777609232607,0.454167188661686
"185",163.95312839496,0,6.94189781290026,4.15866124573694,0,0.141667953271778,0.0277687847734106,18.6502456033521,0.441426358982543
"186",161.163933539747,0,5.59157739763096,2.86753235994967,0,0.0980621266240953,0.0197246218873536,15.5178062571943,0.432640513013459
"187",158.521701520406,0,5.5509705407023,2.72075367912285,0,0.0941520143687798,0.015630354587245,15.5341653144455,0.424317593769173
"188",155.577351643063,0,6.14423143462054,3.04695545746968,0,0.115253891181752,0.012648311054902,17.1218324132677,0.415043016034642
"189",152.153548394758,0,6.92258035731336,3.53557750877147,0,0.1217652709095,0.00999101044248886,19.134864361256,0.404258180435282
"190",148.669981223492,0,6.8698985225919,3.60264028201239,0,0.1269024682103,0.00782935746450975,18.8438123137529,0.393285091003218
"191",144.971918426626,0,7.11210429090078,3.82392602606637,0,0.1318703889786,0.00600715977801875,19.3665541451554,0.381636349411522
"192",141.755778297124,0,6.73971449675571,3.33390376742648,0,0.122138411409624,0.0043747734854028,18.6294006096683,0.371505643864011
"193",138.931655172201,0,6.77500202948767,2.92829103919279,0,0.107338438238107,0.00317052396801404,19.2154762108868,0.362609775320827
"194",135.519239910638,0,7.28530532217394,3.53177589955698,0,0.121976283264804,0.00261564527060359,20.1374808199752,0.351860811398637
"195",132.238733771134,0,6.60903446850991,3.41105655918815,0,0.132649693275073,0.00209927359078661,17.996674211506,0.341527355638654
"196",129.639782763849,0,5.29831109263799,2.70340431642074,0,0.106131003590828,0.00167769445551641,14.4275202466772,0.333340769754011
"197",127.450189962832,0,4.48599365687868,2.26789323388984,0,0.0796851867432145,0.00138475387032246,12.215546271153,0.326443644926466
"198",125.321428699994,0,4.6688212300612,2.20962909724929,0,0.0819650159948981,0.00109718158389332,12.8550155389509,0.319738136874458
"199",122.94740059794,0,5.39224670637919,2.47781131700536,0,0.104655289939675,0.000872074987526205,14.9048337474322,0.312260048639807
"200",120.844443962385,0,5.14668533348114,2.19444811101606,0,0.0921784664268305,0.000686990966003655,14.4027896032778,0.305635824073668
"201",118.272601600634,0,5.98509054324909,2.69495205717474,0,0.123674102942248,0.000564407518393161,16.5435270988106,0.297534629277299
"202",115.520459563616,0,5.65513761012637,2.88330625860178,0,0.131643185279369,0.000478963696366352,15.2424464703318,0.288865498120293
"203",113.481486693371,0,4.36471416100251,2.11964007550258,0,0.0810485856757794,0.000381380417625117,11.8437705226283,0.282442819711997
"204",112.413345612198,0,2.76845806031395,1.09958810791569,0,0.0317474929894249,0.000300466247061676,7.78116247926018,0.279078220428121
"205",110.434066136065,0,5.26889869244949,2.07719711370209,0,0.0981636335087673,0.00024599593909264,14.8090221775155,0.27284357368963
"206",108.228385517223,0,5.69022157790473,2.32296671092739,0,0.117488099861677,0.000202007776851062,15.8566651155551,0.265895772915537
"207",105.737153696324,0,5.71986834584513,2.62411670990594,0,0.1330544183437,0.000169529336089721,15.575438083029,0.258048497917598
"208",103.755211192114,0,5.00810019237184,2.08080470446494,0,0.0989913323815156,0.000129132126741484,13.8430054896187,0.251805462753157
"209",101.736520633676,0,5.30344810533868,2.12713054972888,0,0.108541771112679,0.000101779821618692,14.7181867192964,0.245446672770259
"210",99.6517727067051,0,5.56933463001006,2.20404560549431,0,0.119378063125202,8.03846022905072e-05,15.45607788718,0.238879804866963
"211",97.9704858285052,0,4.63532863212627,1.7667916395718,0,0.0855699540539934,6.51926820372917e-05,12.9170459908936,0.233583822223764
"212",96.3518791538943,0,5.02669437279922,1.71108901337707,0,0.0925329827247551,5.06439586477947e-05,14.2568704362774,0.228485279574051
"213",94.2256127546411,0,5.51857670156319,2.2533675804043,0,0.127145348457909,4.41673067407271e-05,15.1371993722074,0.221787630236945
"214",92.4465209596616,0,5.01989410217344,1.88196099402138,0,0.102903093277149,3.38942352958218e-05,13.9312645734214,0.216183566237495
"215",90.9886465206226,0,4.48631354580033,1.53852883895294,0,0.0806813261701344,2.69262562055318e-05,12.6094504132815,0.211591323339971
"216",89.3391733232726,0,5.0410508101847,1.75118071359715,0,0.101729594350805,2.20781036276028e-05,14.1071756857174,0.206395552447535
"217",87.4386628974131,0,5.22057442177144,2.01989238278378,0,0.119400426593611,1.84696693782002e-05,14.3197929707883,0.200409024889937
"218",85.3203950479548,0,5.17705073944442,2.24983816363835,0,0.131585353932469,1.5039752425972e-05,13.9087711161964,0.1937365706468
"219",83.4601044687377,0,4.50542504677796,1.96548918631392,0,0.105210332988706,1.17258918485019e-05,12.0662621525258,0.187876733907107
"220",91.9540152756434,0,4.59045666168067,1.76724721010802,0,0.101191414983733,3.33979699904583e-05,12.5000033538834,0.21463219413791
"221",90.2476074032359,0,4.45099914408647,1.79928518068941,0,0.0929044622644358,2.71539824929118e-05,12.1638965465423,0.209257081424152
"222",88.6483932532196,0,4.79601887298126,1.69736118837021,0,0.0981675032583515,2.04649045065915e-05,13.3648337091205,0.204219624407707
"223",87.3952377463787,0,4.48202844826306,1.33194071762293,0,0.0788009855025042,1.57747204538415e-05,12.8344168111572,0.200272237498602
"224",85.98251130319,0,4.71794267808093,1.50467695896788,0,0.0919641554260127,1.36396468496289e-05,13.3198567448788,0.195822208880805
"225",84.2552389980089,0,5.02380168040705,1.84285435171388,0,0.115593775967942,1.17294351160846e-05,13.8324098276502,0.190381374085193
"226",82.6317537371836,0,4.55450201417604,1.72499031869468,0,0.101514626287244,9.56841791496645e-06,12.4467539822065,0.185267464094992
"227",80.84556517136,0,4.76379991637866,1.90312449668591,0,0.116943604363924,7.67350161807367e-06,12.8827093119795,0.179641045567174
"228",79.0244265069099,0,4.73029592081774,1.94180614385028,0,0.120673462349261,5.98294904226816e-06,12.7085104214358,0.173904535705091
"229",77.183288315939,0,4.6653567922553,1.96409836911741,0,0.122964784668147,4.60652168731836e-06,12.4562444920677,0.168105028179313
"230",75.4076078309316,0,4.48361735959029,1.89327139578957,0,0.117594412571417,3.50178919253238e-06,11.9351958690102,0.16251170966217
"231",73.8913562430862,0,4.47676348027676,1.62373287018126,0,0.107483785542736,2.50320682871772e-06,12.1478193963342,0.15773558121195
"232",73.092949652397,0,2.90418732764275,0.842378447087294,0,0.0439737995172358,1.94311924145426e-06,8.12725013057131,0.15522063417862
"233",72.3650767011484,0,3.02095375486599,0.772206487494124,0,0.0443351460890941,1.60984349756602e-06,8.60868417391916,0.152927865129953
"234",71.6049075300114,0,3.6637168253591,0.818433312239248,0,0.0582654613884978,1.3202862383773e-06,10.6540465879456,0.150533364352938
"235",70.6251841312788,0,4.70861730124287,1.07272009806325,0,0.0929978251891646,1.12585850846219e-06,13.6205028781801,0.147447277033694
"236",69.2756424768429,0,4.7456868406259,1.46641380562963,0,0.116873192358379,1.04116466436205e-06,13.0666553875401,0.143196277831334
"237",67.7116783749723,0,4.81631097708483,1.69864574153795,0,0.134682482818102,8.43150790843825e-07,12.9815341931258,0.13826985697747
"238",66.7320419188674,0,4.57152663955039,1.07620010700177,0,0.0965642173374948,5.66440680129294e-07,13.0272861572795,0.135184043523831
"239",66.0367463082813,0,4.00283223208812,0.76412426483766,0,0.0688291017545117,4.47502930657085e-07,11.7690855465119,0.132993891722076
"240",65.2229953766395,0,3.87429307447358,0.887311295618847,0,0.0735607825359861,4.18558908086502e-07,11.040409149469,0.130430610662941
"241",64.2254684983786,0,4.43801705820882,1.09742547833879,0,0.0998989569464628,3.56868601789352e-07,12.4737059631436,0.127288443135262
"242",63.038201539317,0,4.52316823125661,1.30368945753848,0,0.116422801827077,3.03350243147585e-07,12.4068402077607,0.12354860236831
"243",62.2281200034578,0,4.12440110038753,0.89490228566537,0,0.0848209718033918,2.21997138176908e-07,11.7531314150739,0.120996879750883
"244",61.8404454012472,0,3.14584587920719,0.429138240298852,0,0.0414638017073541,1.63619179377758e-07,9.6630429138247,0.11977572113058
"245",61.357221387921,0,3.56564817285694,0.538458379020474,0,0.0552345206227425,1.54928399999513e-07,10.7378699275268,0.118253585901587
"246",60.7741323922085,0,3.77414528090194,0.649750951332241,0,0.0666621010085315,1.45388800507818e-07,11.0967025597093,0.116416880196704
"247",60.0642409577644,0,4.07745061382598,0.793252332325173,0,0.0833610297099524,1.31828886208844e-07,11.7343400100247,0.114180752166373
"248",59.4293853022874,0,3.67741476233557,0.705093577560233,0,0.0702380356642482,1.13581059030717e-07,10.5830920509026,0.112180983670027
"249",58.7026349520448,0,4.03078166838631,0.813463595636519,0,0.0867133439381811,9.85442248895523e-08,11.4863480784068,0.109891750767107
"250",57.9964436041906,0,3.7050078370109,0.784562588909049,0,0.0783713266297228,8.55748524496803e-08,10.460104540251,0.10766727785323
"251",57.375898865336,0,3.40183499237138,0.687426822999648,0,0.0668821563445839,7.21995560654645e-08,9.64839258863186,0.105712588139705
"252",56.6292002224997,0,4.0989665425689,0.842664904692439,0,0.0959663225163993,6.0660210719261e-08,11.5723421996464,0.103360518957797
"253",55.9669938439752,0,3.5386414212315,0.738325934002192,0,0.0761196073597929,5.18821614191958e-08,9.94587718309879,0.101274596839237
"254",55.4087105971447,0,3.47534745139896,0.627580045258892,0,0.0692968404795257,4.2051098366187e-08,9.95175694882809,0.0995160281954562
"255",54.7938159915305,0,3.94722088425378,0.702740279075336,0,0.0878457090942434,3.56331812642815e-08,11.302980036606,0.0975791361629577
"256",54.0607185299969,0,3.91151572093023,0.830924299838475,0,0.0978268702647086,3.19597886696243e-08,10.9000315773043,0.095269910127594
"257",53.4233368161968,0,3.6910345646841,0.723466362865241,0,0.0860846749793471,2.59142398976306e-08,10.3742007423133,0.0932621846542401
"258",52.6956350796851,0,3.9236685215257,0.830417833156758,0,0.102716118635114,2.19900211954385e-08,10.8890074490044,0.0909699549247621
"259",51.8877259962309,0,3.93454158889261,0.920207749988444,0,0.112298684895506,1.83612826594777e-08,10.7524974272222,0.0884250754406392
"260",51.0736907317776,0,3.69267711721325,0.920816254050899,0,0.106781004553471,1.49558506533872e-08,9.98607975127127,0.0858608987451594
"261",50.3468027743286,0,3.57948925641892,0.825743611629547,0,0.0988556657628452,1.15823046191453e-08,9.74709729511841,0.083571232385352
"262",49.7357493970403,0,3.24514652483206,0.692098887007231,0,0.0810455189701587,9.25125641243313e-09,8.90128607336279,0.0816464400598141
"263",56.9162045999901,0,2.47480971566133,0.488355368206999,0,0.0488106401597047,6.90029317361056e-08,6.84067873319372,0.104264570622875
"264",64.3989334848239,0,1.01493185661633,0.147275124932465,0,0.010004311589651,3.01823480746263e-07,3.01904460535101,0.127834850514828
"265",66.7535051854615,0,1.34000027173033,0.198024545117449,0,0.0125967066177086,4.60862578187614e-07,4.08823997463426,0.135251651906923
"266",66.4139209395353,0,2.62342622969864,0.376179340549251,0,0.0365955140146138,4.19391571166496e-07,8.11469448225695,0.13418197587742
"267",65.9628298172796,0,3.32314077684232,0.509298683201789,0,0.0582079583360373,3.97389935222601e-07,10.1386523957049,0.132761057897899
"268",65.3502928128791,0,3.16922507796058,0.678586647613194,0,0.066050059297054,4.16084418975705e-07,9.12059229043397,0.13083159220963
"269",64.7252246038808,0,3.17104240574302,0.693363636563375,0,0.0682957995160853,3.71950952786403e-07,9.08037073636438,0.128862653756239
"270",64.1294805457565,0,3.28995710554038,0.666919890889684,0,0.0711761509396341,3.18174243028846e-07,9.51677899439263,0.126986085139352
"271",63.4797600870657,0,3.1739087451741,0.722722436064352,0,0.0730022730150296,2.9564146144314e-07,9.00194091794695,0.124939493140822
"272",62.7554048462823,0,3.39096367824167,0.810864824094202,0,0.0865098442886807,2.609779780092e-07,9.53080695709582,0.12265780473152
"273",61.9915411012537,0,3.30714013951721,0.852491442691103,0,0.08862792868766,2.31025153042895e-07,9.1780111945087,0.120251666202817
"274",61.2656904855341,0,2.8920024256163,0.800228099466255,0,0.0743776890796825,2.05333015216943e-07,7.93262822442263,0.117965267425636
"275",60.5899937949524,0,2.80919462908184,0.746121300570094,0,0.0704247835370915,1.73548670705305e-07,7.73476619243165,0.115836851393972
"276",75.5317114165444,0,1.6663485598444,0.322395190720898,0,0.0241153560229476,2.54371002777629e-06,4.79552113031767,0.162902630714303
"277",85.4076094728693,0,1.42407719610525,0.300956652181341,0,0.0168652363584937,1.05278523182662e-05,4.21116494195273,0.194011292401054
"278",92.7696869923759,0,1.34059769264463,0.271790457225412,0,0.0138935799573289,2.56032252312923e-05,4.09006266087922,0.21720152558894
"279",95.1056067743547,0,1.07775867881055,0.213800844969898,0,0.00975353180577078,3.29048571156469e-05,3.35765011915271,0.224559574225178
"280",94.6146347453507,0,2.10900267339024,0.52192894607591,0,0.0309917626587229,3.48455868429849e-05,6.31169670364831,0.223013033074102
"281",94.0058108671012,0,2.66463918547479,0.656028069952288,0,0.0472365317851546,3.23400823431339e-05,7.97457233012303,0.221095263576355
"282",93.6223759677534,0,2.29423525316238,0.414240678708348,0,0.0308319633941461,2.61840335276316e-05,7.3114642388494,0.219887459840971
"283",93.4435600145117,0,1.2728914196831,0.189440428903709,0,0.010649594787352,2.511912535154e-05,4.23641386858783,0.219324197142038
"284",93.3404077823946,0,0.736826840906127,0.109425848171176,0,0.00629841646660382,2.48004125560891e-05,2.45229357295818,0.218999271968361
"285",93.1294740627972,0,1.519536778578,0.22533189033291,0,0.0144223289519694,2.41582164890616e-05,5.05729442673104,0.218334839662169
"286",92.762940901024,0,2.22221031280793,0.397345737679572,0,0.0308361071189902,2.35312125947422e-05,7.08192902663393,0.217180275686159
"287",92.1696953770209,0,2.7653365628982,0.647124736695888,0,0.0539045003781204,2.52876853606585e-05,8.32774936806034,0.215311577346207
"288",91.7657983569427,0,1.98896036537986,0.433454127875145,0,0.0295803032400003,2.31954430553417e-05,6.0681683767192,0.21403931879491
"289",91.3941440351905,0,1.97289130011943,0.400079856922447,0,0.0284468744014914,2.13392311837053e-05,6.10248154338647,0.212868623381301
"290",93.5028427687531,0,2.00733539110645,0.463450385161636,0,0.032178727480035,2.96087557917543e-05,6.04504574924223,0.219510935313598
"291",92.8265111709433,0,2.5862671895116,0.733266654786881,0,0.0569654586949864,3.04017179765185e-05,7.52083538094705,0.217380519350986
"292",92.3137018579239,0,2.07349680537223,0.550487140339823,0,0.0377054067941672,2.75794737274593e-05,6.09647366362757,0.21576519167774
"293",91.7483162894337,0,2.39693306524148,0.613862117579065,0,0.0485017979891294,2.5248900201148e-05,7.08801497570372,0.213984251020757
"294",91.2415366807897,0,2.38813236035309,0.552906368853593,0,0.0461492404802625,2.24802706863957e-05,7.19180732703711,0.212387916661579
"295",90.9514066778908,0,1.9506779571638,0.316967105183527,0,0.0268554545807391,1.83522961349888e-05,6.31959315250841,0.2114740194085
"296",90.5276729971987,0,2.31744424779284,0.465355154950616,0,0.04164057029906,1.90960405563649e-05,7.16824122501164,0.210139276214236
"297",90.0550926478285,0,2.34380012341233,0.518413253678631,0,0.0458518647093749,1.89604009143041e-05,7.10374055895608,0.20865066807708
"298",89.5417097574582,0,2.40068330788791,0.563952729200455,0,0.0505882049029372,1.83660728391521e-05,7.18462101166617,0.207033533659409
"299",89.0166715410444,0,2.23027436721123,0.572862576233552,0,0.0478424032600218,1.80434402625476e-05,6.55742941447458,0.20537968545706
"300",88.4967661153493,0,2.30350023036065,0.570391643117441,0,0.0505027805015252,1.65630791685922e-05,6.81172301642407,0.203742005328649
"301",87.9349317541668,0,2.27833132293293,0.615162866343652,0,0.0533446629566758,1.61577955242802e-05,6.62536140601532,0.20197225082467
"302",87.3856972280525,0,2.09916296303067,0.597855340976691,0,0.0486363202296522,1.5505367273067e-05,6.04110123642665,0.200242185268897
"303",86.8533868927106,0,2.18595129834895,0.583479374835254,0,0.0511830045854028,1.39650920520154e-05,6.35672135204041,0.198565430199123
"304",86.3705264537493,0,1.91871520039103,0.524852737380137,0,0.0420055891309935,1.32907121565933e-05,5.55022084772865,0.197044440214021
"305",88.6728511261352,0,1.0475514691046,0.252363793038555,0,0.0147052801523447,1.68147278679844e-05,3.09773377008582,0.20429666567421
"306",93.6627194631031,0,0.43289903131781,0.100144732932322,0,0.0100435402719454,3.04703717590202e-05,1.29555425578903,0.220014540147079
"307",95.9091724726641,0,1.53665327569554,0.317255387982812,0,0.0237453286310699,3.69310872235909e-05,4.7531246414583,0.227090772229574
"308",96.0627516881206,0,0.404428210315619,0.0716189272612337,2.32231657859163,0.00754925434398588,3.45330345818163e-05,1.29918652025949,0.227574540270567
"309",95.9939839470375,0,0.513117002269416,0.0751054101576908,7.40231657859164,0.00637194051138562,3.42714368156258e-05,1.72410534121418,0.227357924791133
"310",95.8280445574188,0,1.35191109250524,0.182381796826749,7.40231657859164,0.0164759968165643,3.35896085124805e-05,4.63400523965659,0.226835222723664
"311",95.7974253007742,0,0.47998245135202,0.0787652858989591,17.5212172662859,0.00708018962405207,3.34726754900789e-05,1.56860628175232,0.226738773358692
"312",103.617042953538,0,0.849006858067763,0,9.71326278157632,0.0117523489070256,8.91808525018747e-05,2.60788036625234,0.251370238638327
"313",111.103352424872,0,0.628185390679462,0.142258429056307,9.71326278157632,0.00876046403515651,0.000192563645485352,1.94308209084523,0.274951797226498
"314",110.949688554712,0,0.745057000040909,0.1622382323099,9.71326278157632,0.00875886338621358,0.000184501235862465,2.35604272876286,0.274467762526767
"315",110.814289115685,0,0.731440752764467,0.143261545414069,9.71326278157632,0.00803723910827582,0.00017513272130323,2.36964177283097,0.274041260013553
"316",110.875294376994,0,0.205132681965156,0.0385669731236305,32.4807893288883,0.00727492845885027,0.000176146714370172,0.670383703855988,0.274233424009611
"317",127.270695385518,0,0.97747921141114,0,23.7222173396702,0.0177699721293828,0.000940952822992059,2.92534115503553,0.325878244590374
"318",129.234899071128,0,1.00974567898109,0.253967224335493,26.6003047116058,0.017293029725395,0.00103474784475211,3.16899892136862,0.332065403225569
"319",128.934602186858,0,1.46254706667804,0.326020618153966,26.6003047116058,0.0266837540004446,0.00096002011609197,4.73820006724139,0.331119480725656
"320",144.981929662712,0,1.47578999738161,0,13.1198582350844,0.0308105920669115,0.00392959273418706,4.50252420745411,0.381667884382287
"321",157.97988224345,0,1.68207134596987,0,0,0.0358898603763564,0.0113993651885257,5.06552033353659,0.422610885935006
"322",157.426710500844,0,1.55292189115584,0.570655970341682,0,0.0293247695614637,0.0118405418259011,4.61936476568579,0.420868418313605
"323",156.793838297656,0,1.75139923774313,0.658781380326746,0,0.0373804119935691,0.0114712348545004,5.17909498833201,0.418874897608183
"324",156.379014668088,0,1.25625959640792,0.424331987449049,0,0.0198747787553475,0.0103664208750273,3.80755259735549,0.417568220698567
"325",156.004346403028,0,1.36186566876505,0.386034916111099,0,0.0203892072930856,0.00902255624130921,4.30653454201422,0.41638803149086
"326",155.719431002452,0,1.30393625752656,0.292982673628184,0,0.0165593445686024,0.00849207151660412,4.38130768667062,0.415490560014816
"327",155.447657561983,0,1.24312394059026,0.278925712097116,0,0.0154679975731787,0.00831572594528409,4.17697448395513,0.414634485157949
"328",155.141511088968,0,1.41736285012166,0.317528020495918,0,0.0195027017127944,0.0081211542312196,4.76242815873453,0.413670136700595
"329",154.796407843125,0,1.3967545802934,0.358137313485446,0,0.0209430183513384,0.00790895070973954,4.52505276380468,0.412583076054492
"330",154.405362883095,0,1.44644962616786,0.406995594107343,0,0.0239240188741345,0.00797338479603426,4.57400859809038,0.411351300949436
"331",154.010969386562,0,1.5144434163583,0.412455956196985,0,0.0256497528267812,0.00758729316320535,4.82635722086559,0.410108978095844
"332",153.579707417591,0,1.61773485795809,0.453474939852783,0,0.0296917423537056,0.00747877147155763,5.11565215674653,0.408750521111522
"333",153.791066978411,0,0.769337876574052,0.208823419057471,2.12188913991286,0.00951910271087839,0.00744698292101765,2.45179144745946,0.409416294799575
"334",158.228273703975,0,0.584323463686872,0,0,0.00950334001387186,0.0115544812906228,1.78272690891078,0.423393308542779
"335",157.78449463103,0,1.38726072127406,0.458114618236579,0,0.0256824145646052,0.0113468692725441,4.23242804915933,0.421995423209703
"336",157.334541942143,0,1.37143225912447,0.464725749078609,0,0.0259309775624666,0.0111579173708821,4.15662533067002,0.420578091247202
"337",158.06089224378,0,0.634744251776005,0.169833038746041,9.261950688031,0.0082698576134196,0.0101358291992258,2.03905453350056,0.422866064013915
"338",157.879897497814,0,0.739493526147534,0.179743374889113,9.261950688031,0.00877984213551884,0.0100312132125356,2.43850119767268,0.42229593820994
"339",157.616140606871,0,1.29294195789206,0.272744954072043,9.261950688031,0.0188148734766615,0.00982681034740087,4.43187413777393,0.421465115145435
"340",157.522914082363,0,1.23376139825611,0.330320917089051,11.5774383600387,0.0223335499273357,0.00975148533926856,3.96333919579925,0.42117145553143
"341",157.159749819473,0,1.24595294400621,0.37643536389694,11.5774383600387,0.0235104487130372,0.0102393477054658,3.8816426470517,0.420027503444591
"342",157.40408687249,0,0.771928919039905,0.206312242305872,16.2084137040542,0.0112789653693602,0.00965432603127018,2.47974701228796,0.420797154839987
"343",157.208706820253,0,1.01879808002535,0.199196352096576,16.2084137040542,0.0133384502702017,0.00952215041018604,3.56688544310277,0.420181715928943
"344",157.030160700602,0,0.860657287033375,0.180948717897385,18.7484137040542,0.0117964547166024,0.00939385647069169,2.95011291775892,0.41961930319442
"345",156.692005048824,0,1.28667896048239,0.354334816164195,18.7484137040542,0.0255131167744992,0.00933395238870039,4.10049806072835,0.418554127176134
"346",156.434150571341,0,1.06406815443894,0.265647195907897,18.7484137040542,0.0167677114736251,0.00897499304827061,3.47742711543716,0.417741896464692
"347",156.289856375232,0,0.666503333887821,0.144704657042768,28.9084137040542,0.00928427226128055,0.00887381132783134,2.26159910080347,0.417287375842413
"348",156.248432864713,0,0.241997386473807,0.0371830861345148,36.5284137040542,0.00459702263663086,0.00883744702066741,0.910095951927814,0.417156893534146
"349",156.178378310898,0,0.448214243869001,0.0661696392029561,41.6084137040542,0.00490367856425292,0.0087885931761614,1.70802062697155,0.416936224648966
"350",156.084698578534,0,0.676549641686418,0.0918741323219676,41.6084137040542,0.00691700518394937,0.00872260522572844,2.65019867339156,0.416641137449362
"351",155.962507222014,0,1.1120539267188,0.127010952099248,41.6084137040542,0.0134540408124209,0.00863444523365263,4.62593922143752,0.416256239838091
"352",155.882643856502,0,0.731358613961472,0.07986551951076,44.1484137040542,0.00858202148155347,0.00857986748292487,3.09172397391564,0.416004673610421
"353",155.827967893815,0,0.387476284061172,0.0503436065348118,54.3084137040542,0.00421784815038101,0.00855020430276312,1.53982887858464,0.41583244663765
"354",155.794774834505,0,0.246192836784753,0.0280668765678409,59.3884137040542,0.00339755929225519,0.00852374203392845,1.02411679178175,0.41572788990301
"355",155.750879136919,0,0.327913744781602,0.0390655198446234,67.0084137040542,0.00366632582834476,0.00849650356983851,1.3428592729921,0.415589620309913
"356",155.686428099435,0,0.406437731674209,0.0622887900843475,89.8684137040542,0.00630008955517334,0.00846233695464858,1.52851788896264,0.415386602264465
"357",155.570424242559,0,0.748186935602038,0.119347696605997,89.8684137040542,0.0117316292414463,0.00838778951129856,2.77792186948965,0.415021195015693
"358",155.471151555592,0,0.739900661264937,0.10009015251868,89.8684137040542,0.00913649668300145,0.00831903113211221,2.89835901182067,0.414708490245352
"359",155.428602691903,0,0.285323347998236,0.0385591516550518,107.648413704054,0.00430218287682104,0.00829189491022138,1.11767638582691,0.414574463122139
"360",155.313405089219,0,0.827622689319807,0.121499677761077,107.648413704054,0.0145226336148223,0.00822055853812085,3.15384136948813,0.414211595540012
"361",155.25895297202,0,0.372667428475977,0.0524615710763091,112.728413704054,0.00619456417241456,0.00818511029518939,1.43955505506432,0.414040073671072
"362",155.192324467879,0,0.377109083412114,0.0674825473508394,140.668413704054,0.00900328875214423,0.00814924554186087,1.35027651619918,0.413830196697638
"363",155.579154885576,0,0.333115880720113,0.0852565366049483,152.898428102141,0.0104878610526958,0.00838650866377347,1.07919240644491,0.415048696172385
"364",155.487571658674,0,0.44602601345531,0.0997014200632351,160.518428102141,0.0164595654809111,0.00834137231995911,1.49867540681297,0.414760212876422
"365",155.407672882779,0,0.457138427284776,0.0788574872124526,160.518428102141,0.00724386261269782,0.00828515129523869,1.65615607196174,0.414508535107542
"366",155.346681335614,0,0.281446445415699,0.0607044726070181,168.138428102141,0.00796370090266624,0.00825077546056805,0.955012519087576,0.414316414310457
"367",155.290995381943,0,0.230828667956599,0.0552663847111558,190.998428102141,0.00779736010981014,0.00821692906999298,0.761164179761945,0.414141005908752
"368",155.155307482645,0,0.801466024330176,0.149021800575942,190.998428102141,0.0214602836459152,0.00812638236745905,2.83720891183178,0.413713594757871
"369",155.080917839242,0,0.627719103004967,0.0744901636148106,190.998428102141,0.00816827326349468,0.00806775305188804,2.57061020380807,0.413479270523617
"370",155.047946088505,0,0.254122738665145,0.0301094467688975,196.078428102141,0.0051850046305131,0.00804730859831307,1.04067329145327,0.413375410901632
"371",154.996705581601,0,0.304293207144778,0.0543329124736729,226.558428102141,0.0111192513678131,0.00802684579867399,1.08955204135856,0.413214005469452
"372",155.105432295048,0,0.231477361561883,0.059141853482378,246.712891374313,0.010426975735771,0.00809513663468662,0.749915045543499,0.413556490023833
"373",155.033797192779,0,0.247560698121752,0.0717664454783093,246.712891374313,0.00866187535071152,0.00853053214164073,0.776947702428138,0.413330842477789
"374",154.96097065189,0,0.366887552552018,0.0905567274724274,251.792891374313,0.025739939536935,0.00800975295266052,1.19900658452981,0.413101441950426
"375",154.826198719753,0,0.783094646025158,0.150928015904995,251.792891374313,0.0240789143220544,0.00792283055451175,2.74167074736669,0.412676916057406
"376",155.44527614565,0,0.353542941493681,0.0991061892777741,253.632424610261,0.0263342482436903,0.00861739712039739,1.1179846328078,0.4146269837971
"377",156.6141924909,0,0.168789464283449,0.0489588372203925,254.95372125534,0.00876386488474849,0.00959203733549327,0.529731041575131,0.418309020905735
"378",156.451605853508,0,0.566487429084444,0.170358096971605,254.95372125534,0.017467465351612,0.00969600577199289,1.76483532089306,0.417796879866149
"379",165.666358727064,0,1.01339588625798,0,245.757812927163,0.0392693257937459,0.0204247804148034,3.07146560305202,0.446822962156142
"380",176.388163232831,0,1.16620568545828,0,235.032715920773,0.041216325957556,0.0445088265811695,3.58221477390674,0.480596193424743
"381",175.975155944525,0,1.22722737425259,0.409362224995372,235.032715920773,0.040408333832156,0.044053397142723,3.79601876720816,0.479295237913377
"382",187.028861065897,0,1.20894947359002,0,223.914522499359,0.0389040882329866,0.103392388274923,3.71351016308854,0.514113942100552
"383",186.610370803056,0,1.10282551518926,0.350386292295044,223.914522499359,0.0285648801788771,0.0966688507245555,3.48738960376607,0.512795715451019
"384",186.112176782169,0,1.27384085570285,0.439264647373183,223.914522499359,0.0392638952083114,0.0981932687220585,3.94020203275654,0.511226425330592
"385",185.610306269075,0,1.30080156427279,0.447883606157785,223.914522499359,0.0402822684506016,0.0942691753876118,4.02359599695249,0.509645554415018
"386",185.150024828205,0,1.25522718600067,0.408374777833014,223.914522499359,0.0355903099740812,0.0874969730106825,3.93942126350332,0.508195687320092
"387",184.72270073467,0,1.23366275005779,0.378506665941468,223.914522499359,0.0325508039581353,0.0813682315516113,3.93154148748045,0.506849634477044
"388",184.415214356236,0,0.879779172189285,0.246087317057367,223.914522499359,0.0164531573150178,0.077852218691548,2.87516164843879,0.505881065374221
"389",184.049216042661,0,1.17102153991371,0.316770502178951,223.914522499359,0.026362617635853,0.0755904290325046,3.86147724978241,0.50472818614744
"390",183.772483463081,0,0.828186756828727,0.216681526767964,223.914522499359,0.0138809606132949,0.0739320134247695,2.75635596890384,0.503856490211866
"391",183.513125998298,0,1.12501614975618,0.205600083620903,223.914522499359,0.0185870226999514,0.072344403862518,4.17704027860632,0.503039525153917
"392",183.306863051283,0,1.14302759278957,0.150852577453891,223.914522499359,0.0156611250352012,0.071071494595756,4.75478395932828,0.502389805584052
"393",183.171196008187,0,0.444900872349234,0.0809813363108248,231.534522499359,0.0157107484325107,0.0703964552179709,1.65185972147386,0.501962460129325
"394",182.927013260183,0,0.862312038180783,0.196053680188271,231.534522499359,0.0209531488202427,0.0690822166361838,2.98676346682437,0.5011932947882
"395",182.534981853665,0,1.35324529515966,0.363989987329797,231.534522499359,0.0389375532696876,0.0669789724574506,4.46236533020493,0.499958412418376
"396",182.115678544923,0,1.36415565769702,0.390629277790909,231.534522499359,0.0361188573738342,0.0647928883248983,4.41944233884312,0.4986376247086
"397",181.727038211037,0,1.43213709040074,0.35969190905601,231.534522499359,0.0338665084753888,0.0628149333053936,4.81207053360201,0.497413424074316
"398",181.358617654643,0,1.50752017464465,0.340944187646874,231.534522499359,0.0335210677851079,0.0609974365323621,5.22155088154453,0.49625291488498
"399",180.930820703636,0,1.41288470514168,0.403030877360047,231.534522499359,0.0342329361542759,0.0589990098016172,4.57730937857083,0.494905372560868
"400",180.463944128732,0,1.53124079541941,0.449856788343114,231.534522499359,0.0398505844250776,0.056870370985999,4.91896299500916,0.493434731072334
"401",180.01351926953,0,1.42103100575762,0.429397048999936,231.534522499359,0.0349394937131414,0.0559673039145091,4.52866259751335,0.492015911793289
"402",179.939544957254,0,0.296132847209681,0.0840162272633997,236.559603755386,0.00969043423636473,0.0545672632213802,0.959378818316127,0.49178289583454
"403",179.742850481845,0,0.57601419465324,0.153455087546977,236.559603755386,0.0104991103740719,0.0537384982358807,1.89942339435458,0.491163316546029
"404",179.39769880937,0,1.34843946240853,0.324498195010262,236.559603755386,0.0316367678553916,0.0522902453206609,4.5755652231806,0.490076103358082
"405",179.013661988613,0,1.47424157570616,0.366627944491083,236.559603755386,0.0333371089336313,0.0507459851996894,4.95354424755631,0.488866403595685
"406",178.74309907981,0,1.24357221846388,0.240599895447481,236.559603755386,0.0196931363849552,0.049656149740765,4.50530858402084,0.488014141862429
"407",178.651995375456,0,0.28951763907776,0.0478708624575396,244.179603755386,0.00604881030703006,0.0492816522028681,1.10327171923043,0.487727169042239
"408",178.441236530882,0,0.978325806934284,0.181851490345758,244.179603755386,0.0195871593648258,0.0484945135934774,3.5874602890491,0.487063287584981
"409",178.191695720467,0,1.19617844201184,0.222256569711784,244.179603755386,0.0202759792533753,0.0475602199562934,4.38631244204963,0.486277244573606
"410",178.12329266536,0,0.140070338520753,0.0259414610358991,246.719603755386,0.00484886060539244,0.0473104546761226,0.513629277235881,0.486061777839592
"411",178.009527413312,0,0.42989684982999,0.0796419513770273,251.799603755386,0.0127683383336059,0.0468916390051824,1.57640518753687,0.48570342210146
"412",177.926013905752,0,0.218086598799975,0.0419854049549667,256.879603755386,0.00506661687541142,0.0465947194799979,0.790100816860583,0.485440358080535
"413",177.652827337379,0,1.10198458139997,0.254411501883805,256.879603755386,0.0268577840149077,0.0456328505048234,3.77732112158732,0.484579831930464
"414",177.323848315276,0,1.25205736019299,0.309520900439442,256.879603755386,0.0250297346845282,0.0444878563477263,4.20699133466217,0.483543561908005
"415",176.880861895346,0,1.7899155118465,0.441763402573172,256.879603755386,0.0417583635783066,0.0429813809352282,6.01422849106127,0.48214817339844
"416",176.404293588375,0,1.87948808857591,0.47893542959147,256.879603755386,0.0437923968807336,0.0414252742605389,6.25527777245203,0.480647003363306
"417",175.808410192081,0,2.12377397522266,0.614311373319977,256.879603755386,0.057992313736685,0.0395643367101295,6.8224185413127,0.478769995837072
"418",175.288890190904,0,1.87890050123436,0.525747674633284,256.879603755386,0.0442363723043298,0.0380086988478322,6.08705639915541,0.477133529779612
"419",175.163910463312,0,0.382148556228032,0.0999536764217396,264.499603755386,0.012618983800935,0.0376450349715717,1.26014586889707,0.476739848917254
"420",176.47776108131,0,0.321422528542007,0.095317908918507,273.219078867616,0.0108872660481329,0.042243626900951,1.02433668027553,0.480878422862543
"421",176.257819903719,0,0.65822278092194,0.190686912634774,273.219078867616,0.0117173497606983,0.0409716147174887,2.11447703817232,0.480185617444174
"422",176.154218196803,0,0.268952774816115,0.070655217967285,275.759078867616,0.0076929689773117,0.0406394579259033,0.886879519991418,0.479859276443869
"423",176.037990261567,0,0.537590722333343,0.0949881575836783,278.299078867616,0.0189940223403738,0.0402337999921558,1.99600521386124,0.47949316335773
"424",175.777632150342,0,1.57731673628802,0.257812125751505,278.299078867616,0.0368723431319401,0.0394183286058146,6.01071821723447,0.47867304630576
"425",175.635341588517,0,0.591429553959397,0.130444467828154,280.839078867616,0.0271783685558194,0.0390244625522899,2.04851620614372,0.478224837046838
"426",175.782048684656,0,0.525170636672922,0.151261508066305,285.60829649615,0.0266248557035063,0.0394386229645241,1.68705988998415,0.478686958202281
"427",181.528678274427,0,0.536780539355179,0.168903694493832,292.360389730631,0.0316307058979357,0.0640041871523411,1.68463899934163,0.496788598653375
"428",181.105682522492,0,1.52878945497591,0.409765158500616,292.360389730631,0.0465787631806875,0.0598093566150821,5.04122725234563,0.495456179903523
"429",180.94341186976,0,0.545493488726861,0.127410666200656,297.440389730631,0.0241783252048025,0.0590383117361483,1.86981207490095,0.494945034202267
"430",180.823704242277,0,0.33256042924794,0.0698831400946581,305.060389730631,0.00864740596878671,0.0584718933573722,1.17727188045609,0.494567960232542
"431",180.540374980286,0,1.55698804156757,0.260279230376388,305.060389730631,0.0340842503340473,0.057134281948081,5.93325117914525,0.49367548502604
"432",180.080320060517,0,2.24915885676961,0.455092378922071,305.060389730631,0.0501734493656858,0.0551359902132661,8.053336604938,0.49222633146301
"433",179.720781325274,0,2.12265943302257,0.340200812115954,305.060389730631,0.0342266019444874,0.0535645250709367,8.19949607478125,0.491093799635105
"434",179.596976357058,0,0.614772823030943,0.0941417189583787,312.680389730631,0.0233781515936188,0.0530414008513201,2.40820483767097,0.490703819215156
"435",179.355659089043,0,1.46966345019594,0.216536521051805,312.680389730631,0.0272583267326661,0.052039073696444,5.84043544212057,0.489943680014948
"436",178.938949024497,0,2.36309673411256,0.408732530508732,312.680389730631,0.0424204718622309,0.0503980058991398,8.88705784416583,0.488631060914844
"437",178.334328518978,0,2.72829892398948,0.611897385291777,312.680389730631,0.0553866701986186,0.0481097904263221,9.44992437997211,0.486726531863632
"438",178.137214026003,0,0.812344663774463,0.221475613842363,315.220389730631,0.071753581644068,0.0473924607765746,2.65478235497002,0.486105629537531
"439",177.964542030807,0,0.572884730528039,0.156397952791496,317.760389730631,0.0304933493369942,0.0467673917412495,1.8722155039106,0.485561720046902
"440",177.850179438628,0,0.288772649020987,0.0764397215539049,330.460389730631,0.00843187726234113,0.0463547478872757,0.952236125935064,0.485201482712594
"441",177.732611409533,0,0.318026324913501,0.0814051031375027,340.620389730631,0.0097668573035641,0.0459297832614536,1.05844937958259,0.484831148387406
"442",177.365991561195,0,1.44580386225065,0.357975531944412,340.620389730631,0.0359874040075076,0.0446317204004341,4.85799174502041,0.483676311352382
"443",177.192481147315,0,0.686570185612307,0.186585443827362,343.160389730631,0.0571132628646447,0.044038232917722,2.24374516814465,0.483129760878313
"444",176.615702119124,0,1.84589046509053,0.601864484669517,343.160389730631,0.0705265016758823,0.0454410451975718,5.75068840725477,0.481312931304569
"445",199.026049993001,0,2.48933583791298,0,320.571286623036,0.0860433218662074,0.264798555583588,7.54483958764361,0.551904580419898
"446",199.764298925505,0,0.647076977721291,0.219310400813337,321.921705269933,0.0399220649751971,0.271944084761699,2.03079477053118,0.554230033371204
"447",199.101140214745,0,1.70710036975904,0.457400726715206,321.921705269933,0.0429472059554239,0.24870518999993,5.73596441449607,0.552141111446333
"448",198.684739018652,0,0.932547834197968,0.232470425386217,324.461705269933,0.0589573274804716,0.242888098187499,3.19653531497822,0.550829465268806
"449",198.333510610591,0,0.467613353437678,0.128851176214064,327.001705269933,0.0156929333608209,0.238070165207972,1.55630218336568,0.549723110620465
"450",197.990152108899,0,0.515997213208113,0.128613471366272,334.621705269933,0.0184251176922509,0.233170148017569,1.76870639120474,0.548641545844738
"451",197.327818247049,0,1.96974478517937,0.490964925129135,334.621705269933,0.0522954931886069,0.223664429910085,6.75178102015023,0.546555222159087
"452",196.972897539614,0,0.733753607269965,0.220580032721229,337.127448911587,0.0499747498479824,0.218571782907455,2.37713470596328,0.545437236923694
"453",197.388262187211,0,0.523252742782531,0.162185243856551,349.050492982921,0.0245256086468897,0.223931645858812,1.68089884130819,0.546745618017245
"454",197.068042804157,0,0.562498321274124,0.121470976592483,351.590492982921,0.0211006577251083,0.219849064186679,2.01408108960313,0.545736940487753
"455",196.509757178358,0,1.64357963515073,0.381574182418608,351.590492982921,0.0349995617456697,0.211711005126053,5.75429065890408,0.543978364350322
"456",196.182831264968,0,0.598946939528737,0.148237744246948,359.210492982921,0.0282244782532332,0.206912647395968,2.05303682427008,0.542948561533579
"457",195.878306709731,0,0.599989375284747,0.128919617505349,369.370492982921,0.0266854891196985,0.202290426851838,2.14832153096311,0.541989322048708
"458",195.559434344893,0,0.554480178817984,0.151182187406591,382.070492982921,0.0299152069085857,0.197605384339335,1.84541075780555,0.540984887569696
"459",195.005936571729,0,1.75076369424204,0.404297543920843,382.070492982921,0.0398925771287486,0.189092806372319,6.12954976824196,0.539241392965809
"460",194.027347972762,0,2.99323742079612,0.870103399375353,382.070492982921,0.0655207935700442,0.174005993162042,9.78204725570983,0.536158880217888
"461",192.921744979928,0,3.20568753837389,1.01637270438025,382.070492982921,0.0718853980448702,0.161115686498227,10.216157983554,0.532676277494798
"462",224.681018330647,0,3.49809116347898,0,349.900038376737,0.0830826071930504,0.494263862659231,10.7450289451837,0.632716646932573
"463",256.670551662142,3.20601115411108,3.72353540748446,0,316.737184709489,0.095008228178409,0.645939691158798,11.0761322659409,0.733482325582852
"464",256.66384275565,1.15782132004153,2.00277587738638,0.812964768427937,316.737184709489,0.0309809057343435,0.652648597650946,6.19491952068022,0.733461192810808
"465",255.095792320431,0,2.7573444055399,1.03957671860017,316.737184709489,0.0507533502531348,0.622768216232634,8.71936138712948,0.728521900179517
"466",255.045750793237,0,0.726005217681318,0.266259435978686,321.06717617423,0.0299949572592052,0.609209475366958,2.31369524070309,0.728364271482775
"467",253.706851701831,0,2.17573156873021,0.819583382419842,321.06717617423,0.0593488940577628,0.622127772543397,6.8801669428851,0.724146795904383
"468",254.808693968733,0,2.25032563081084,0.88937465216266,321.06717617423,0.044672494216727,0.640249266497645,7.01066599692172,0.727617552499652
"469",253.289785546276,0,2.92636988783666,1.01945004995682,321.06717617423,0.0556043435927612,0.598447284248824,9.48053318435404,0.722833055132641
"470",252.555841194179,0,0.745053610339897,0.20322116660743,323.60717617423,0.023611459289104,0.597681472473025,2.60848634204966,0.720521161427777
"471",251.371323650651,0,1.94539035572278,0.674447731931924,323.60717617423,0.0435201426698282,0.596899054030059,6.30246295952235,0.716789981203612
"472",249.653779344171,0,3.14179416512847,1.20601696729653,323.60717617423,0.0751033556676969,0.629899881323973,9.8602475135136,0.711379789192967
"473",247.593231687603,0,3.81215802749018,1.53250656331515,323.60717617423,0.0789982276547946,0.650267127530896,11.7916400167729,0.704889151119141
"474",256.743348552796,30.7773296553761,4.38901204779485,0,283.243301634964,0.0807883438478613,0.573142800504513,13.4816559347223,0.733711632713231
"475",256.645052022396,40.475421882834,4.67209842161619,0,242.33992217428,0.0998208403126605,0.671439330905329,13.6603740273998,0.733402002794839
"476",256.593478293277,40.4569361423286,4.77781275567058,0,201.366931494814,0.109765069608204,0.723013060024233,13.6814036456425,0.73323954772676
"477",256.570669150081,41.8820078173674,4.99653217775948,0,158.922226723866,0.1145917533114,0.745822203220066,14.1713234595043,0.733167699889227
"478",256.655813512373,44.7990142893849,5.18576523609803,0,113.521786899064,0.098974220218968,0.660677840927914,15.1622432471963,0.733435901033667
"479",254.803392605371,0,3.97966124262094,1.35064109928548,113.521786899064,0.0544523163567847,0.599179387193575,13.0057288695398,0.727600853429011
"480",252.736370083965,0,4.76741788521307,1.57227724800891,113.521786899064,0.0603378131645049,0.597992973183675,15.7206977638623,0.721089819804467
"481",250.763116063585,0,4.26620161762155,1.48197795425907,113.521786899064,0.0620603610266358,0.596208966143235,13.8211735212003,0.714874152997058
"482",248.685405194212,0,4.48090158248315,1.5935689170579,113.521786899064,0.066514630575196,0.593491805257674,14.3944630618828,0.708329451527929
"483",248.042210157557,0,1.74040152686475,0.616191790359668,120.649997454486,0.0297874741442772,0.591378103239388,5.59087162039743,0.706303414333155
"484",247.1055342722,0,1.28093424668438,0.404551075958594,123.189997454486,0.0159875921416187,0.59087309537283,4.26318185784755,0.703352924862575
"485",245.984225332385,0,1.9388554909053,0.610485208500389,128.269997454486,0.0351277939520998,0.588675007122135,6.45286327164009,0.699820849069964
"486",245.14623021378,0,1.8749638065709,0.659993066254977,133.022137824767,0.0376833420070922,0.586231319044722,6.02313993272211,0.69718119984605
"487",243.221775110007,0,3.74738573879291,1.42322448123222,133.022137824767,0.0728527025256176,0.61673028071467,11.7608439544601,0.691119247564531
"488",254.372580569439,0,2.50452456661454,0.996654284684392,133.022137824767,0.0321980181548396,0.627344444899379,7.74691182519686,0.726243813714754
"489",254.036711973052,0,1.24537266068172,0.446194255285236,142.493119190271,0.0186108503339561,0.597303825932882,4.00063925361367,0.725185841824337
"490",253.655599560773,0,1.3898728234865,0.497459327159644,151.964100555774,0.0244134428822409,0.597085162498456,4.4648320544689,0.72398535382511
"491",256.670056029236,0.54483668721582,2.25375347640254,0.913842490403036,151.964100555774,0.0338666144221823,0.646435324064554,6.97123505600992,0.733480764360136
"492",256.69580185763,4.63560448545746,1.48703962336838,0.575353812493728,158.845485878661,0.030969711751854,0.620689495671417,4.66694442034355,0.733561862631985
"493",255.632380729036,0,1.46425721105519,0.496889431753439,161.385485878661,0.027252703916471,0.59947853928076,4.78526465476503,0.730212130999349
"494",254.401870429038,0,2.92811649745769,1.07691792869199,163.543508561921,0.0685137926462746,0.609772566554783,9.33157095761514,0.726336075535188
"495",252.23989988909,0,3.91109336798919,1.5872093368456,163.543508561921,0.0762984392219599,0.656743287512196,12.0976635109955,0.719525959663155
"496",256.70022200861,37.9032511522909,4.78544345182598,0,120.664181325241,0.0870139953737465,0.616269344690974,14.3215881333293,0.733575785920851
"497",256.721071248869,45.8980197656497,5.14842016039658,0,74.2441450088616,0.0843416851233826,0.595420104431564,15.5043524583919,0.733641460146928
"498",255.131866336564,0,3.10307335920262,1.02561764534063,74.2441450088616,0.027924635368435,0.599320743833656,10.2324737611998,0.72863553180645
"499",254.148940335901,0,3.26770600460842,1.20303691796815,78.5601903753807,0.0571033851470794,0.608749013691654,10.4138037120803,0.725539356426414
"500",256.730916642437,37.1772139206483,3.57532213689154,0,45.9017912886538,0.0534508566126479,0.585574710864258,10.9080387449177,0.733672472720763
"501",256.72957109652,44.3234017785077,6.75470895815223,0,0,0.0808856612893102,0.586920256781143,20.4726075020896,0.733668234307965
"502",251.540347593403,0,8.59507428936835,4.49189568895442,0,0.101126154312853,0.80623112968128,24.7354373296093,0.71732239948315
"503",245.854862055804,0,8.42754966941677,4.92483479049437,0,0.118264370825778,0.886682091267548,23.4846448460897,0.699413360213471
"504",240.333501915934,0,8.09403257681781,4.77114019038609,0,0.120772962193291,0.878749557165461,22.4626470197288,0.682021309013435
"505",236.511706859371,0,7.11099180989473,3.23088982596505,0,0.0871421686519596,0.685795795717815,21.1525545507372,0.669982816030554
"506",233.116733044336,0,7.31188740545776,2.87575141962482,0,0.073639331655565,0.600602713469022,22.6168861591233,0.659288791928142
"507",228.709633312595,0,8.20570441490787,3.84259518685956,0,0.0911766765854724,0.663413691659758,24.1263264681123,0.645406613943659
"508",224.056327948986,0,7.96048431815812,4.0821512751521,0,0.103013364856226,0.681890692249656,22.7950748053631,0.630748898619336
"509",225.922141085982,0,5.36482480931513,2.62783167416414,0,0.0711802384111473,0.665249738023133,15.5186983951576,0.636626131182739
"510",221.743134117174,0,7.26156448609992,3.63776238807737,0,0.100671725465318,0.64962155369621,20.8977801952241,0.623462435766101
"511",217.5234770865,0,7.48038681190009,3.72164113920813,0,0.100468048035421,0.606180134378262,21.5275206423595,0.61017069437178
"512",213.535772137072,0,7.14511698048485,3.52876120038296,0,0.100514054409098,0.559457803453963,20.5626603486285,0.597609592234959
"513",209.544715109183,0,6.87370235775938,3.56703655274883,0,0.10782845642517,0.531848931565274,19.4954132207441,0.585037931192588
"514",215.717835587237,0,6.52167884276448,3.48345547203558,0,0.112565408904972,0.615989458815708,18.3301468209163,0.604482999925384
"515",217.493854424176,0,4.94953332194048,2.71730817919137,0,0.070140634403164,0.656813618272754,13.851067716647,0.610077384236819
"516",213.477662801068,0,6.13333884390523,3.48738650911559,0,0.104675769112857,0.633480883105024,17.0213085004903,0.597426550281277
"517",210.182480125317,0,5.12251384555306,2.80244625350813,0,0.0744146715311288,0.567151093773921,14.3351466773034,0.587046864052101
"518",209.353122000896,0,5.43819371364844,2.908757221636,0,0.0814320730346728,0.542032975819741,15.2848509739718,0.584434420995012
"519",207.002435440634,0,3.85715058806275,1.91489443269609,0,0.0419492132941663,0.477741340860136,11.045061164166,0.577029857630979
"520",212.298310043935,0,3.68793558989943,1.82295218613668,0,0.0389325609209295,0.540105771483598,10.560509171202,0.593711638916077
"521",226.971050047187,0,4.89683147663823,2.49039759387588,0,0.0638250580583576,0.680687460930143,13.9542935959822,0.639930150101144
"522",232.125516822354,0,3.85120006406514,1.8227036309928,0,0.0375756930089771,0.680405286848984,11.2602151286182,0.656166502701157
"523",234.750324837005,0,3.74816025003478,1.78970265435023,0,0.0355085377833788,0.700997868782323,10.9589452767555,0.664434537066716
"524",237.554762327135,0,3.83688212362167,1.65371191785196,0,0.0334865962949511,0.65533718831326,11.5546849193737,0.673268396691888
"525",234.377808096435,0,5.52963065694003,2.55569851965117,0,0.065599846428805,0.686855557476882,16.3517728028641,0.663261125070263
"526",230.810035810712,0,6.03302008413144,2.94819137811095,0,0.0809219978417923,0.700502905454149,17.5439533419856,0.652022793084764
"527",227.744523311662,0,5.0338267685325,2.4462559533545,0,0.0597106819627443,0.678967227658234,14.6383106184349,0.642366558210166
"528",224.65068411104,0,5.17578832045614,2.50233393874325,0,0.0629029182359463,0.654408180114899,15.0511331863318,0.63262109542223
"529",235.32299783616,0,2.98106012071322,1.37671963643208,0,0.0238365908693771,0.674803229316831,8.76488185008612,0.666238432822449
"530",256.626431774152,4.48737744172962,3.22402456070036,1.51675649212735,0,0.0266777338211833,0.690059579149153,9.47924336043035,0.733343349799452
"531",256.577065926255,5.94088688894902,2.13562941567492,1.03597718171158,0,0.0134677441748152,0.73942542704632,6.27915531588832,0.733187849463953
"532",256.532408109851,2.37393120870314,3.97036310708281,2.03899337624376,0,0.0387154748966521,0.784083243450176,11.4849729055634,0.733047179228775
"533",252.418422196964,0,6.4188467907928,3.41573752851101,0,0.0912270475900074,0.820318495646059,18.3805515986672,0.720088297391585
"534",248.949173051724,0,5.30182597586811,2.76273571149153,0,0.0648825589321583,0.802202819935544,15.2579232876204,0.709160309136664
"535",244.737177312182,0,6.84652054274062,3.55029096309161,0,0.0992709998999993,0.79174640975269,19.7033410194398,0.695892700485769
"536",244.8745553296,0,3.52223746946112,1.71615246593455,0,0.0309751027140702,0.748180831128232,10.2983877701611,0.696325435437334
"537",241.49214974778,0,5.91504712471161,2.76670256236397,0,0.0721220140811797,0.718527996348672,17.4914949482435,0.685671000738625
"538",247.518514447743,0,2.53367670124378,1.00771607269828,0,0.0152788932022043,0.63187172102619,7.83708423536183,0.704653794969885
"539",244.503008936771,0,5.96767828446683,2.45553497919665,0,0.0647352937699867,0.655349553275772,18.3308189825356,0.695155079995272
"540",240.138488318083,0,7.37039837493893,3.72912741309368,0,0.0966343128039202,0.76263582157729,21.3201723258952,0.681407024418224
"541",234.900066487256,0,7.4898278545787,4.51795535303839,0,0.123280592823448,0.874313455029323,20.6223045840233,0.664906216939424
"542",230.722966505377,0,6.35087655306882,3.52489747955882,0,0.100022739674782,0.78275278220824,17.850081622529,0.651748528451054
"543",226.654207282712,0,6.73757959993233,3.46628506366268,0,0.101724109905637,0.704198268907966,19.2932521250267,0.638932108777537
"544",222.081083798334,0,7.53353521010611,3.99428123256744,0,0.106141897420435,0.684984149230509,21.366852140208,0.624526962985643
"545",217.321046704446,0,7.08018199137168,4.17830417069551,0,0.12362638675182,0.7053593099446,19.4943959155383,0.609533047219642
"546",212.809716377484,0,6.9249711937396,3.99919651120143,0,0.121269453761452,0.633403269522242,19.1414729274791,0.595322547263259
"547",208.618783522329,0,6.75970291469925,3.75599382182872,0,0.116448884207674,0.551387917533476,18.8369370035141,0.582121285808418
"548",204.349387592633,0,6.95401664607511,3.90207938427884,0,0.118844450267926,0.486160995685554,19.2988624406447,0.568672868983312
"549",200.279282019539,0,6.67143771391194,3.77812134255183,0,0.121572889145259,0.413557119687773,18.4406751761877,0.555852208362816
"550",197.367648835789,0,4.67090646335646,2.62861746600273,0,0.0676862135966706,0.350701931343462,12.9109605099805,0.546680686831043
"551",197.131749455509,0,4.54170034158107,2.50190415868586,0,0.0638367126861976,0.337831934280091,12.6041760610786,0.545937613748334
"552",193.53787031781,0,6.04680260745788,3.43829177126217,0,0.109003031318611,0.264590397756212,16.6491149798899,0.534617046281948
"553",190.471431670651,0,5.83842146667053,2.97441839064947,0,0.0930841392328646,0.185104395741706,16.4832306915414,0.524957894079933
"554",187.914842657906,0,5.44487827213848,2.49457014377279,0,0.0758521586344746,0.137871027607021,15.7502671022822,0.51690474668858
"555",185.377670721707,0,5.7578264032203,2.50974576885905,0,0.0809186926833461,0.10834486002281,16.8348470333849,0.508912762268108
"556",182.726579630423,0,5.8510166880083,2.64760914895005,0,0.0870171791524726,0.0904991214867411,16.9250938313167,0.500561937321438
"557",179.413112641645,0,6.48442087570421,3.35043814731363,0,0.114764033234085,0.0777928746989651,18.1463881159216,0.490124656278616
"558",176.253768573026,0,5.72031954703057,3.19933139525743,0,0.105503543262116,0.06551621662284,15.6905706197051,0.480172855923635
"559",173.030909283098,0,6.01378286806541,3.28671867512303,0,0.114201891736223,0.0503425065416012,16.5581992557561,0.470020985304621
"560",170.992482426363,0,4.82253225723693,2.06597673555139,0,0.0632804193654238,0.0357305405493057,14.0238685983698,0.463600026815812
"561",167.872478554719,0,6.48933609128696,3.20118035430034,0,0.11263721374486,0.0314607310879019,18.2392427151686,0.453772146419442
"562",164.577423428172,0,6.32816935115956,3.39407574223281,0,0.125390401537438,0.0263697858519133,17.4238231308768,0.44339286196487
"563",161.234305527026,0,5.97254825756039,3.44832895207452,0,0.127151943687686,0.0219408927595366,16.1515186205407,0.432862181800641
"564",158.108135734916,0,5.53826318187858,3.2228910676427,0,0.114227990812346,0.0175067152788015,14.927431639724,0.423014879015272
"565",154.711136067373,0,5.9096479241457,3.51684344581981,0,0.133690046963085,0.013846268687051,15.8269997484183,0.412314473563036
"566",151.889364891058,0,5.52800666405416,2.91854526242531,0,0.106852513777886,0.0100784276670901,15.1630653209868,0.403426013558614
"567",148.845148753734,0,5.92901086109094,3.16025947150813,0,0.124097030210791,0.00805369602712045,16.2030754001499,0.393836861323823
"568",145.745979276491,0,5.69743087744669,3.21742457718304,0,0.124920552022066,0.00666545208138417,15.3564406659869,0.384074608389702
"569",142.536723930571,0,5.6899506258065,3.33608578213287,0,0.132197464877134,0.00536702866426287,15.1918533348822,0.373965589619639
"570",139.675888902543,0,5.4438673218386,2.97252020951522,0,0.11570969268225,0.00402451119526425,14.7218106283405,0.364954080132505
"571",137.04751807479,0,5.52484898405384,2.73555710888252,0,0.110202117208291,0.00301583607929149,15.2119809349475,0.356674823056178
"572",134.426252730593,0,5.35549860958221,2.72775750399162,0,0.108984588900617,0.00249242910599206,14.6357545650527,0.348417947952895
"573",132.386138787823,0,4.34327542227136,2.11156991579252,0,0.0734921235312181,0.00203615050832785,11.958665858472,0.341991675214347
"574",129.918310748848,0,5.12711544301354,2.56887192339745,0,0.102738314459908,0.00169443003705651,14.0116184730914,0.334218121140814
"575",127.304921779665,0,5.19678286852602,2.72367938321957,0,0.111696502697794,0.00140608866197378,14.0536219463198,0.325986056286098
"576",125.029464231109,0,4.55171722226548,2.3634333714681,0,0.0891237928896585,0.00114796997706408,12.3091756316568,0.318818461131019
"577",122.545916648085,0,5.12811265727811,2.59204371776675,0,0.109399639722858,0.000903504980421689,13.91527309386,0.310995391157775
"578",119.843212860662,0,5.26390811857638,2.82560320722382,0,0.123642922415602,0.000743502614531595,14.0976033661851,0.30248198839856
"579",117.259062861265,0,5.17636057161614,2.70290652174999,0,0.119330798595722,0.000574276242966126,13.9069168970978,0.294342025063522
"580",114.939793729976,0,4.51927496054988,2.41643639379696,0,0.0976388706011235,0.000471608092516935,12.0662140844057,0.28703642527358
"581",112.45901348362,0,5.08073488535437,2.59826030285168,0,0.117839206393046,0.000359149898148761,13.6500069593778,0.279222072293937
"582",115.284449678916,0,5.04179996639243,2.36404591857358,0,0.109925261475969,0.000443147605655209,13.7290298404517,0.288122076953331
"583",113.078026012803,0,4.95809419021076,2.31087541328604,0,0.104807863543359,0.000356116370497253,13.5497093675838,0.281171935611724
"584",135.142907527184,0,2.39900160745659,0.817053236258671,0,0.0239540202821799,0.00201926964290956,6.93953366957562,0.350675380288283
"585",155.145713542284,0,0.942338515187158,0.316694180533098,0,0.00875993131586444,0.00925973568249541,2.8031064274355,0.413683374251014
"586",153.359378702132,0,4.44932435107225,1.84137699545264,0,0.0644413182850684,0.00939916298411459,12.8704524603731,0.408056494965241
"587",151.251627542348,0,4.7424071170287,2.17870376859617,0,0.0795870162540825,0.00863440744209789,13.3889255836423,0.401417167850317
"588",148.723921150812,0,5.20730058868867,2.62347752573506,0,0.103407514827728,0.00763638062864088,14.3936199090243,0.393454999495676
"589",145.980268384193,0,5.40807217833749,2.85492854119084,0,0.117694264302316,0.00641848973053034,14.7794300479544,0.384812609181814
"590",144.156187708712,0,4.02932375262645,1.88306144494849,0,0.0640582788962145,0.00507750942883607,11.2758986594806,0.379066832109263
"591",142.805703434522,0,3.41598538195715,1.39001136123886,0,0.0436736670797112,0.00414658003104942,9.83073438222395,0.374812863694497
"592",141.654800890009,0,3.41114278147145,1.1868374854742,0,0.0393540871079452,0.0034191461465663,10.1468804485231,0.37118756929722
"593",140.081234367307,0,4.6123088507454,1.63852410900645,0,0.0680165818172103,0.00305899551274335,13.6391435708951,0.366230901223375
"594",138.190502990201,0,4.93222554705567,1.97274629085417,0,0.0848589218123416,0.00284400806393156,14.1942642736203,0.360275177256253
"595",136.18231772951,0,4.81325868209386,2.09411501545053,0,0.0884936047234755,0.00256384996465639,13.5889561395884,0.353949478517477
"596",133.77777147787,0,5.25186596414729,2.51628737089374,0,0.113999629217131,0.00225850996259142,14.5168040933304,0.346375259400818
"597",131.180442446767,0,5.12166678399749,2.71767054881783,0,0.122313371917722,0.00197185420323065,13.850486067689,0.338193782672631
"598",128.513243605219,0,4.96782860511673,2.79078219868871,0,0.125235582468975,0.00165222532833762,13.2638274960547,0.329792218993075
"599",126.135411950691,0,4.86436181730216,2.48921444575506,0,0.112632508198901,0.00124971697168216,13.1995780200025,0.322302149728804
"600",123.935433692327,0,4.91174281365541,2.30740478480732,0,0.108394743528979,0.000968217085836611,13.5238697481769,0.315372311149331
"601",122.098209933272,0,4.49974345435906,1.92408839306959,0,0.0876360148858983,0.000771380871236862,12.5923490640187,0.30958513391873
"602",119.923795032611,0,5.29579222909649,2.29398996643596,0,0.12021511416812,0.000640048392978719,14.7575279360673,0.302735818836142
"603",117.814381354054,0,4.75331111739317,2.21679139772648,0,0.107934134338323,0.000556415169061908,13.0381114466941,0.296091254857314
"604",115.614681199663,0,4.91916422926349,2.3174308584626,0,0.118187570073273,0.000456866001720106,13.4433197678121,0.289162292293608
"605",113.218360408142,0,4.84280442315366,2.52467078198241,0,0.128742681363804,0.000392690901983053,12.9698190773306,0.281613983028852
"606",111.089881412189,0,4.33190640726372,2.23497503614851,0,0.106813285281141,0.000317245085855143,11.6015509718958,0.274909364105608
"607",109.649756342915,0,3.77479714992305,1.50920791835156,0,0.0693133817437582,0.000230532665995419,10.5636163127581,0.270373030973053
"608",108.077946165649,0,4.28334300431931,1.65768323775695,0,0.0860659900125755,0.000192929521689241,12.0389715664435,0.265421895313137
"609",106.403004398543,0,4.2985805521944,1.76723414000966,0,0.0924616093946336,0.000169236491178109,11.9294673839546,0.260145899501845
"610",104.657234667832,0,4.14157524848207,1.83950059905801,0,0.0938796728868683,0.000148804540275751,11.3182885980077,0.254646798597205
"611",102.873594458971,0,4.19360059968211,1.882406528793,0,0.0988905295269233,0.000124209594070719,11.4193478828491,0.249028407286171
"612",101.244679608613,0,4.13444598152615,1.72164512040694,0,0.0928294788396036,9.92087907290195e-05,11.3836801022204,0.243897394318306
"613",99.4960005851241,0,4.51118729011635,1.85843567174329,0,0.109837977942314,8.13296882524026e-05,12.4209901934505,0.238389129264314
"614",97.8953043141788,0,4.27079943948412,1.69984788176678,0,0.0992181852007193,6.65743793161328e-05,11.8050154379678,0.233347003629552
"615",96.9444454637189,0,3.50821760769127,1.00789948975836,0,0.057089976888178,4.93375897044631e-05,10.2573962202608,0.230351838418034
"616",96.1747918982864,0,3.23336502683886,0.816009978928316,0,0.0463984816796491,4.20681838068946e-05,9.67662091617193,0.227927462199639
"617",95.0591534338235,0,4.22956553972956,1.19654183825993,0,0.0809427310056007,3.93572085702705e-05,12.3664876105329,0.224413248164848
"618",93.6908421261975,0,4.07250206719448,1.45905908253048,0,0.0907861769049475,3.84020004560115e-05,11.3967314168481,0.220103125347832
"619",92.2676325521396,0,3.97561051902997,1.51613225679033,0,0.0929563194724472,3.36367400082712e-05,10.9890769204945,0.21562007531064
"620",90.6632222520771,0,4.14564779348314,1.71321675980415,0,0.108835520995216,2.90612535968105e-05,11.2887704082116,0.210566250641053
"621",89.0459762565496,0,3.9603500510863,1.72413440424614,0,0.106912967586812,2.45588681989397e-05,10.6744393893025,0.205471994072973
"622",87.646870773916,0,3.69783474643773,1.49027531138743,0,0.0911893780073921,1.95492535315758e-05,10.0693569592823,0.201064870905531
"623",86.8049821575569,0,2.71089287222812,0.888329923676424,0,0.0464568113307422,1.55040134233421e-05,7.61936697003212,0.198412957328166
"624",85.5770492432586,0,3.85405094053737,1.31884091071603,0,0.0909214971903578,1.35007726338502e-05,10.7398972545625,0.194545020520083
"625",84.3174558329256,0,3.60779527501372,1.34743630329592,0,0.0878549004262428,1.20074633116552e-05,9.89601473809741,0.190577354486935
"626",83.3841463151343,0,3.14175815603522,0.99600849496479,0,0.0627085918454896,9.61467204310812e-06,8.83037783128946,0.18763746893198
"627",82.1794422671698,0,3.82839761249744,1.30003711879312,0,0.0953415199696499,8.44914098620576e-06,10.6246105886705,0.183842702071585
"628",81.2308998347791,0,3.19032156384336,1.01593673238247,0,0.0674014294664876,7.12947473473297e-06,8.92798515423451,0.180854833479131
"629",80.5847281486335,0,3.17714160199713,0.70041361110907,0,0.054247259762625,5.33479916793327e-06,9.45081401417841,0.178819419964206
"630",79.6813087681556,0,3.73519652175919,0.985441721846718,0,0.0820274817444175,5.14037556284659e-06,10.7493799782549,0.17597368707913
"631",78.4465046886099,0,3.80253849700113,1.33984347192738,0,0.105044418850849,5.0264691697285e-06,10.4301863437534,0.172084106390779
"632",77.2182301861122,0,3.46281588059798,1.32465196484965,0,0.0963818472576855,4.38490572955084e-06,9.36446768834111,0.168215093594298
"633",75.9957598440733,0,3.50186337796545,1.3223651725325,0,0.0998984316908541,3.60119729949169e-06,9.47006355021094,0.164364363658075
"634",74.9203914543693,0,3.3580857431602,1.16474995645146,0,0.0893844585210994,2.89177364755851e-06,9.17713220153917,0.160976998657633
"635",73.9063815933298,0,3.38774904722521,1.10309031818203,0,0.0890828267455368,2.36960302367882e-06,9.32774344919078,0.157782910430497
"636",73.0902852307274,0,3.27059524467948,0.892358896062732,0,0.076264416864731,1.88340435671353e-06,9.23365608743099,0.155212241362915
"637",72.1616352088577,0,3.47232026200309,1.01964423571053,0,0.0909958915722627,1.67773138416615e-06,9.67614684502563,0.152287033023281
"638",71.8903288873542,0,1.86042206861464,0.29297489649219,0,0.0216697427186469,1.16773003794627e-06,5.75459546906736,0.151432429571423
"639",71.7283549794423,0,1.39437962754035,0.174150797861551,0,0.012177922725808,1.03277607669246e-06,4.51735865155999,0.150922218603816
"640",72.2504601592063,0,1.41453761897674,0.197867138489291,1.833742435772,0.0137159272252925,1.17320002585085e-06,4.47309544312539,0.152566827864619
"641",71.9327989676645,0,2.21067198334438,0.348343428748473,1.833742435772,0.0306834136726808,1.17646608658804e-06,6.8379768191101,0.151566208530323
"642",71.8912673773742,0,0.448509241170025,0.0537260752467091,4.36826078755007,0.0067138996150066,1.06288051208201e-06,1.46575028137288,0.151435385775341
"643",71.9066541833304,0,0.582929653895843,0.0727126588411379,6.82706968423208,0.0069094269664815,1.06548705047516e-06,1.88851175337546,0.151483853564114
"644",71.6652034892324,0,1.9780792717909,0.26684924198343,6.82706968423208,0.0253995890463327,1.04116098376226e-06,6.30391143949736,0.150723294077382
"645",71.2986962805974,0,2.64312648748064,0.412093234964097,6.82706968423208,0.0455870776013799,1.0512722488492e-06,8.17563066232289,0.149568811852662
"646",77.1437269536742,0,2.37293604656356,0,0,0.0388345084219918,2.80785939694833e-06,7.28890852576793,0.167980411559382
"647",76.7815897165532,0,2.34641333708863,0.397914201009898,0,0.0357796221323635,2.65824345076888e-06,7.25784744545856,0.166839694560328
"648",76.6202379878814,0,1.18179434084333,0.17225206276659,0,0.0109027375396757,2.40344493791911e-06,3.76624282485432,0.166331443431044
"649",76.4481225725307,0,1.57457212595648,0.187600396563567,0,0.0154872737321905,2.292519301117e-06,5.24046206011393,0.165789287143415
"650",76.2386334213781,0,1.95404462721636,0.232066287473648,0,0.0225793523560164,2.21603500485593e-06,6.50341547642757,0.1651294051668
"651",75.9466487439428,0,2.24650800332669,0.324309354298786,0,0.0323268316353223,2.15477179896404e-06,7.15936297551501,0.16420966576728
"652",84.7210617377709,0,0.74048543597135,0.114754910156298,11.4388133906468,0.00798943576862761,8.14113743469611e-06,2.32394908612066,0.191848696037547
"653",109.664549782134,0,0.777999784075032,0,4.2838807237933,0.00871388807998012,0.00015851057042316,2.38976910793799,0.270419629681668
"654",113.313644087026,0,1.49482121661226,0,0,0.0187441533889171,0.000257672075765272,4.53060054002244,0.281914122592238
"655",112.635324805991,0,2.30841404716583,0.720203856732752,0,0.0421504859395945,0.000265910241529044,6.78717488584123,0.279777445511434
"656",111.974745845107,0,2.12812637158501,0.698866152666006,0,0.0385444951715303,0.000257303389814233,6.18856712695855,0.277696649689693
"657",113.956021995494,0,2.02781867834446,0.59181632027923,0,0.0333830089826762,0.000290538317027051,6.03200599289118,0.283937585867738
"658",113.528745425981,0,1.71869317678438,0.450530133119532,0,0.0235154809825559,0.000261917375703695,5.24360352583203,0.282591682723352
"659",115.607706077431,0,2.00041596193164,0.490470159925255,0,0.0297375871486956,0.000306775772863683,6.18761990893494,0.289140320953231
"660",115.352925568023,0,1.03242750466193,0.265396537860729,0,0.0109237196257856,0.000307691173519717,3.17129054188612,0.288337773111368
"661",114.897850016269,0,2.01734528900365,0.485105016013066,0,0.0303131972513884,0.000283732992173281,6.28483888199421,0.286904304347243
"662",124.717255681774,0,1.30845503627344,0.356063050645921,0,0.0162072455290849,0.000738529377827299,3.96574990243345,0.317835017389339
"663",124.24299397061,0,2.10505036604886,0.505251215169809,0,0.0316468786199143,0.000657374614310894,6.65665661598602,0.316341113033558
"664",123.743271135298,0,2.23526232371136,0.534753780990092,0,0.0356592117799864,0.000628266102265211,7.06841697261896,0.314767007212273
"665",123.821336082781,0,1.52987807542144,0.35312127324565,2.12728771160814,0.0190937371322927,0.000619804795583179,4.87554570649426,0.315012908499123
"666",123.685652795412,0,0.820588569885192,0.141841447064674,4.66728771160813,0.00675946664733668,0.000601306951864281,2.81276760989041,0.314585511875621
"667",123.453526055648,0,1.55431032416852,0.248054428420841,4.66728771160813,0.0165163170161873,0.000588628358630783,5.44175237275975,0.31385432245117
"668",123.183968795643,0,1.56866826941152,0.291463049387275,17.3672877116081,0.0224803131617154,0.000574523779918896,5.27082386653318,0.313005228469145
"669",142.583378099968,0,1.84215607651843,0,0.540309323785401,0.0356303529412078,0.00319943643875657,5.62027954055049,0.374112548282412
"670",142.525502021566,0,2.11114176205029,0.0928987601520705,0,0.0385049252774422,0.0034822435275247,6.39858459387251,0.373930241080322
"671",142.039148394625,0,1.99670725346022,0.514052775241641,0,0.0306419954452928,0.00294284714444268,6.36327667749092,0.372398247700648
"672",141.497755774162,0,2.24658787196622,0.576759874316407,0,0.0381835223246152,0.00281626847181807,7.15961750769559,0.370692883816407
"673",140.902025791731,0,2.25768581902698,0.634523770580583,0,0.0416327767967068,0.0028389886462168,7.03359593228367,0.368816359537361
"674",140.262096506531,0,2.08967739515262,0.677825340891223,0,0.0408444443597765,0.0029483886694555,6.29301685748292,0.366800609321713
"675",139.590237971429,0,1.96817018527281,0.709221180359904,0,0.0403513048700067,0.00298865961210004,5.78679343462922,0.364684283317673
"676",139.762042173547,0,1.00574109028443,0.254992919813124,2.12188913991286,0.0111267642159241,0.00244050237135871,3.20518133657828,0.365225459296768
"677",139.488660577058,0,1.24387888126728,0.285453754425566,2.12188913991286,0.0144166627979298,0.00234450486095996,4.06505742324301,0.364364318816374
"678",139.167212658063,0,1.47777167928918,0.338513422338303,2.12188913991286,0.0193488667487247,0.00228336340585535,4.82943060230472,0.363351771450564
"679",139.014029092234,0,1.0596098004011,0.250812567327166,4.5742481096706,0.0122421108109412,0.00225413955494542,3.43280797035393,0.362869249689184
"680",138.705902246596,0,1.27844386840926,0.322941210658918,4.5742481096706,0.0170556708014097,0.00224130578068066,4.07425376816361,0.361898663141723
"681",138.606817440516,0,0.591225306230552,0.134828404680952,12.1634236254413,0.00709935529816852,0.00218024092674636,1.93215340825872,0.361586550188241
"682",138.423525582102,0,1.14766650689171,0.194589850455667,14.7034236254413,0.0134444660311459,0.00214647398888206,4.06276690753714,0.361009188577095
"683",138.298607788113,0,0.875128600696526,0.131507735910983,19.7834236254413,0.00871373260701352,0.0021237906852343,3.20904250972169,0.360615702802971
"684",138.10567304712,0,1.45219423347675,0.209179730354631,19.7834236254413,0.0183348480638451,0.00208985870227417,5.39181042592752,0.360007966519046
"685",137.93326508232,0,1.14042408235604,0.185221252169708,22.3234236254413,0.0148743088665073,0.00206102149640337,4.08340165922373,0.359464888713011
"686",137.683599333476,0,1.38481433646851,0.272025041406701,24.8634236254413,0.0243789675691772,0.00201967500665153,4.69899353671358,0.35867845215086
"687",137.922110583508,0,0.751576884136263,0.188369891859124,26.9853127653541,0.0108676438072792,0.00209736200332445,2.39518920456551,0.359429752512955
"688",137.69186374117,0,1.31167013316893,0.2482489009127,26.9853127653541,0.0200229986708924,0.00202094009682636,4.49606952964797,0.358704484685978
"689",137.504232630613,0,0.971754720480523,0.197852828147183,26.9853127653541,0.0122118204347095,0.00199010284397112,3.265156867772,0.358113454613886
"690",137.340241716138,0,0.793558832728156,0.173379251348378,29.5253127653541,0.01135178750506,0.00196345063233431,2.61678310304136,0.357596890160807
"691",137.205933826273,0,0.819331830646134,0.143176384288078,32.0653127653541,0.010809315319443,0.00194082089600293,2.86853974021007,0.357173825981344
"692",137.110689586302,0,0.573994048503622,0.100231380022178,37.1453127653541,0.00691269071200257,0.00192555066027934,2.00959449784618,0.35687381064887
"693",136.896220629304,0,1.35202089377498,0.235763289127224,37.1453127653541,0.0231857135467497,0.00189138141839664,4.73352250983508,0.356198242494203
"694",136.631523961605,0,1.26746971533532,0.285634746646111,37.1453127653541,0.0227891353345328,0.00185105638711993,4.14215343041298,0.355364459172617
"695",136.340554193709,0,1.30162458448605,0.31368019637264,37.1453127653541,0.0245172422654305,0.00180681378902766,4.18134311966747,0.354447916695271
"696",136.247576427408,0,0.834850766453374,0.194125153320277,39.5976717351119,0.0152985502421346,0.00179219346439203,2.70465822801222,0.354155040659114
"697",136.10409758031,0,0.787494660053016,0.176766744440658,44.657122078959,0.0145094853794524,0.00177124419051314,2.57357131938063,0.353703088351775
"698",135.856494831286,0,1.30841471188345,0.273228447697391,44.657122078959,0.0273604967640796,0.00173479809053042,4.35464183792471,0.352923150151911
"699",135.555607531293,0,1.42775397175938,0.33088794943822,44.657122078959,0.0316924938465187,0.00169184440128233,4.62548120270762,0.35197536786741
"700",135.235294290622,0,1.36709043186975,0.349138592883306,44.657122078959,0.0305367655385555,0.00171141332575667,4.32305645258169,0.350966394690391
"701",135.005540757907,0,1.35997257176056,0.252886982545569,44.657122078959,0.0247483613265414,0.0016149114962133,4.66163792742403,0.350242680767889
"702",134.823287610031,0,1.32115050726899,0.20175376600793,44.657122078959,0.021090203622768,0.00158958549076614,4.78636514454698,0.349668591051057
"703",134.644817999795,0,1.2940719115843,0.197375144511294,44.657122078959,0.0204713981895921,0.00156586391414917,4.68826273620263,0.349106419317962
"704",134.442417189186,0,1.36027843414043,0.224413964179215,44.657122078959,0.0235528174402276,0.00153966387026708,4.81541821955746,0.348468865314624
"705",134.324018442524,0,1.10417449808338,0.130648685007511,44.657122078959,0.0137727812213961,0.00152284287626946,4.32530240163767,0.348095914264193
"706",134.249451790523,0,0.90281428320501,0.0816588678923755,44.657122078959,0.00860385045256371,0.00151163456130546,3.88027170856158,0.347861032460333
"707",134.188186600184,0,1.01142945851307,0.0689258626802661,44.657122078959,0.00916232386446538,0.00150165152300564,4.84977226307344,0.34766804969881
"708",134.148588389136,0,0.823667553764889,0.043942780125565,44.657122078959,0.00583898001490078,0.00149441093689976,4.38797550704725,0.34754331700677
"709",134.081416973967,0,1.06431264880694,0.0760203062009663,44.657122078959,0.0103374349203669,0.00148854388854131,5.0049071800917,0.34733172988653
"710",133.999545316334,0,1.00833821955734,0.0910077691292831,44.657122078959,0.0106161220494756,0.00148001055352804,4.33381077237701,0.347073837623516
"711",133.886240596777,0,1.1168156001735,0.126073154118536,44.657122078959,0.0142356807918682,0.00146724622977225,4.4382197929035,0.34671693254328
"712",133.797196992638,0,0.587607070727626,0.0964658113891719,49.737122078959,0.0088801951904132,0.00145798794094522,2.08014309666728,0.346436448951737
"713",133.706956325365,0,0.549654453525782,0.0974819339419711,52.277122078959,0.00868841505131438,0.00144714838218253,1.90382108619472,0.346152194661892
"714",133.61668872572,0,0.577234393477233,0.0984161163153844,57.357122078959,0.0095844956263546,0.00143597895548206,2.02093917894011,0.345867855536215
"715",133.596963264193,0,0.134336954945718,0.0246496059783774,92.917122078959,0.00635798829306584,0.00143384384209165,0.460472701606712,0.345805721165672
"716",133.636130250155,0,0.191980834795529,0.0423205903844673,105.541678002418,0.00748212623169041,0.00143862642666285,0.627402819807389,0.345929095516909
"717",133.677682659188,0,0.256795466769485,0.0586754782987592,107.987680882035,0.00767442799260077,0.0014436610435529,0.831937874435809,0.346059983850051
"718",133.554802771722,0,0.629256566651865,0.134164752860258,107.987680882035,0.012713935351363,0.0014290699564485,2.07499164924108,0.345672917395389
"719",133.566120060356,0,0.181609308021385,0.0400165428681461,115.56241443611,0.00749766893748606,0.00143028336034687,0.593508159693341,0.345708566376506
"720",133.568988144473,0,0.151737172498438,0.0334177811824067,120.612236805494,0.00753895408040778,0.00143071939736956,0.49588455012457,0.345717600720318
"721",133.499388285605,0,0.368161914037166,0.0783856363282548,128.232236805494,0.0102081564534394,0.0014223789935015,1.21402451349924,0.345498364105011
"722",133.42414842076,0,0.601735583299727,0.0837545766702732,128.232236805494,0.00992663488003788,0.00141192305482826,2.23416683312356,0.345261361709131
"723",133.310274299138,0,0.93532195630769,0.130076982434892,128.232236805494,0.0176011463057716,0.00139828549271097,3.47273013441522,0.344902663036442
"724",133.150684287101,0,1.0671232499129,0.181344508449463,128.232236805494,0.0231346639692122,0.00138016755731675,3.73607534283549,0.344399961240135
"725",132.979124950207,0,1.05306996692747,0.193078344780372,128.232236805494,0.0228794039028703,0.00136039601618808,3.60965434156166,0.343859556576155
"726",132.876664870556,0,0.817668029279499,0.113425730757363,128.232236805494,0.0123133088618653,0.00134765775572655,3.03589623452901,0.343536811653507
"727",132.787062183271,0,0.705498722094702,0.0978191530787031,128.232236805494,0.00955388500774091,0.0013374192133485,2.61942602275844,0.343254566973676
"728",132.732018813426,0,0.406422060604739,0.0587057096052461,128.232236805494,0.00499368632122394,0.00133134656166749,1.49032458581658,0.343081182683877
"729",132.686748122092,0,0.358612861211839,0.0517139799464768,133.312236805494,0.00776948874055193,0.00132620012830032,1.31501120549114,0.342938581918558
"730",132.640866884756,0,0.30559120819819,0.0517108397586977,138.392236805493,0.00715118695640063,0.00132158453292976,1.06989682590999,0.342794057959128
"731",132.614233798007,0,0.190387674249786,0.0309445210435982,158.712236805494,0.00562989971315068,0.00131846541845372,0.6739769243941,0.342710164860938
"732",132.563296303486,0,0.287772416058473,0.0587347327609123,171.412236805494,0.00911059277978838,0.00131335454014135,0.957758875215498,0.342549713904965
"733",132.419539063774,0,0.860266877504599,0.169217807807599,171.412236805494,0.0267577173238081,0.0012971492287237,2.89055071614361,0.342096884672653
"734",132.296492512836,0,0.749970386526315,0.136896880581328,171.412236805494,0.0151337781345719,0.00128344849101341,2.57070655016965,0.341709293235093
"735",132.249940809396,0,0.285905456544662,0.0540948287413331,179.032236805494,0.00882160405340054,0.00127847875208734,0.970142969374915,0.341562657335755
"736",133.301974616863,0,0.245265849749482,0.0574928235120292,198.250748098908,0.00943056022011326,0.00139263582645836,0.787892826827886,0.344876519387883
"737",133.143662384808,0,0.934304774209136,0.19144787508795,198.250748098908,0.034515450120108,0.00137980708781782,3.10953600734682,0.344377842544541
"738",133.034333775589,0,0.913971854040204,0.126862092956181,198.250748098908,0.0188993246473255,0.00136584091027033,3.39345995047788,0.344033462043904
"739",132.923092807929,0,0.913577146729379,0.126753129816657,198.250748098908,0.0168651363155394,0.00135297415808516,3.39199445299508,0.343683057694964
"740",132.86127383751,0,0.46404483548033,0.0847547455394874,200.790748098908,0.0242825734896677,0.00134679836981921,1.59062693617413,0.343488330549581
"741",132.772260656239,0,0.4975529266291,0.0981736188430015,200.790748098908,0.0104973261416011,0.00133688856965332,1.67180906994691,0.343207942788789
"742",132.670075878163,0,0.500416329472538,0.109999023548432,200.790748098908,0.00913976983785801,0.0013255243649801,1.63538520146099,0.342886065054474
"743",132.705018707751,0,0.245945468442344,0.0558522275268433,210.867979734993,0.00935578585418227,0.00132909265397638,0.796787236227634,0.342996133491574
"744",132.654761231709,0,0.271575031054043,0.0595610477953116,215.947979734993,0.0106273570543815,0.00132378530057564,0.88752057180113,0.342837824565086
"745",132.512772136229,0,0.855570766625622,0.168425966954353,215.947979734993,0.0277443887010042,0.00130751722713483,2.87477148876746,0.342390564912413
"746",132.388212516999,0,0.667975790627,0.136464068466207,215.947979734993,0.0131982845006028,0.00129383526441412,2.22314477066525,0.341998207373649
"747",132.347136345086,0,0.218972826463468,0.0479431782153964,221.027979734993,0.0081564744078384,0.00128946810483162,0.715613977461326,0.341868819167319
"748",132.332132794814,0,0.102196930784891,0.0207786451948114,226.107979734993,0.00706277434102335,0.00128767941862911,0.340129949977987,0.341821558617761
"749",132.287041147061,0,0.243267509317017,0.0532414399404872,231.187979734993,0.00943264414446382,0.00128285195731552,0.795010197114592,0.341679521832158
"750",132.198636055234,0,0.457594880063608,0.0967863629016967,231.187979734993,0.00965438978751763,0.00127311871283852,1.50893229437329,0.341401049527427
"751",132.176102044219,0,0.142731412866967,0.0279888982980494,236.267979734993,0.00672541361052698,0.00127052632689271,0.47958650793991,0.341330068344643
"752",132.116738415285,0,0.39503776767169,0.0803031900626916,238.807979734993,0.0222036481446995,0.00126408701612512,1.31475745040137,0.341143075421217
"753",131.997841985328,0,0.756510524952955,0.137814703681659,238.807979734993,0.0201692999478977,0.00125102622290103,2.59312447092283,0.340768556689433
"754",131.952632339579,0,0.328809717496932,0.05752379638679,243.887979734993,0.0135602697357406,0.00124611909842663,1.13888802228549,0.340626148215127
"755",131.909104346481,0,0.35869248797441,0.0579983036350928,248.967979734993,0.0157115474954338,0.00124123695831689,1.26977999390384,0.340489036875636
"756",131.879131079434,0,0.187203322165271,0.035343145305701,251.507979734993,0.00660840226625136,0.00123852400735354,0.635223926948365,0.340394622350608
"757",131.840729992055,0,0.245427571581614,0.046320373507996,261.667979734993,0.00915372519054107,0.00123443906125437,0.832792196197443,0.340273660547555
"758",131.702668055241,0,1.00897166404511,0.169776370195709,261.667979734993,0.032933912733096,0.00121947935217442,3.53248245314332,0.339838771278782
"759",131.546593934727,0,1.06812934815755,0.179764947505513,261.667979734993,0.02489410771438,0.00120328072239623,3.73959776524041,0.339347144392253
"760",131.360421776936,0,1.11294649908906,0.209955904363144,261.667979734993,0.0249682129283265,0.00118446635587719,3.77648343767448,0.338760709959741
"761",131.325851729067,0,0.226650945924714,0.0410709050430479,264.207979734993,0.00768179865067995,0.00118094147681259,0.776901437388107,0.338651815769306
"762",131.274378838188,0,0.347548304001053,0.0677870801194968,269.287979734993,0.0174900356252423,0.00117584638511553,1.16778412059619,0.338489678337422
"763",131.222068398213,0,0.465111088935697,0.0840073248549622,271.827979734993,0.0328672024469493,0.00117031756669685,1.5942817801401,0.338324902661268
"764",131.090390348251,0,0.847323072089023,0.153537818215732,271.827979734993,0.0230169314684123,0.00115716321462066,2.90440664146502,0.337910122366405
"765",131.046759022178,0,0.304748284958984,0.0550970457988193,276.907979734993,0.012618588092576,0.0011528683669152,1.04459912867445,0.337772685532407
"766",131.003137408384,0,0.307093582213218,0.055502923272108,281.987979734993,0.0130298479670383,0.00114853848902842,1.05263820744592,0.337635279291677
"767",130.94978658312,0,0.373936068406388,0.0754660829956647,292.147979734993,0.0232587162130567,0.00114345848104083,1.24452716207045,0.337467226445812
"768",130.808021420753,0,0.840922530313802,0.164006426179475,292.147979734993,0.0233707447610773,0.00112948094939187,2.82555249514052,0.337020672172984
"769",130.57245326052,0,1.4166541071458,0.276008569039734,292.147979734993,0.0415470488995874,0.00110664009267848,4.7600467378406,0.336278642419431
"770",130.354371828889,0,1.5169304917714,0.253510570934325,292.147979734993,0.0365147664043531,0.00108562710110429,5.3108828877686,0.335591695122275
"771",130.217536389516,0,0.853638546559826,0.148320952901827,292.147979734993,0.0125585469497387,0.00107303342058568,2.95672136285707,0.335160669268634
"772",130.169686252329,0,0.403279577292044,0.0696902303868142,297.227979734993,0.0229086394285025,0.00106854622817024,1.39682696638839,0.335009943357845
"773",130.123473733721,0,0.290364571613925,0.0583745320647116,307.387979734993,0.0132266402113364,0.00106462675457783,0.966386039775526,0.3348643758764
"774",129.996418621229,0,0.676702745600744,0.141365357813102,307.387979734993,0.0153632512222431,0.00105300590160214,2.23144679063301,0.334464157639278
"775",129.939770764732,0,0.458588730411595,0.0952589218308071,309.927979734993,0.039658800968131,0.00104773563396228,1.51220954451569,0.334285719284307
"776",129.900370481011,0,0.217728225713316,0.0470046650192972,312.467979734993,0.00864872420485671,0.00104434290683837,0.711546560935029,0.334161610054983
"777",129.72489161434,0,0.977459991059362,0.203769757540405,312.467979734993,0.0293192867364186,0.00102839586745351,3.22320246844169,0.333608859037777
"778",129.664859743867,0,0.452802190215727,0.0973380424331333,315.007979734993,0.038329227363199,0.00102305540267813,1.47977985020683,0.333419761181734
"779",129.472539461324,0,1.13986858549777,0.228765107651177,315.007979734993,0.0374507877911501,0.00100596268309648,3.7936897124914,0.332813960415969
"780",129.214331770579,0,1.62196342923897,0.302035592289392,315.007979734993,0.0448113091812966,0.000983407637139365,5.50369495033966,0.33200061709767
"781",128.949335885467,0,1.782779367859,0.307169837569456,315.007979734993,0.0431347138081631,0.00096076135059882,6.17495761344478,0.331165891253873
"782",128.715937933718,0,1.84933760988534,0.271364711411519,315.007979734993,0.038907742429177,0.000940982766763098,6.69992179373458,0.330430697565366
"783",128.493506174368,0,1.92663594063721,0.259893299248364,315.007979734993,0.0383841386745219,0.000922598775956979,7.15335146788453,0.329730046919669
"784",128.180561708663,0,2.12057637487456,0.363644031365959,315.007979734993,0.051597688797727,0.000898123136197408,7.34497463174501,0.328744285072512
"785",128.12445410121,0,0.460430381948532,0.0847348326092306,317.547979734993,0.029521152641739,0.000893927485803092,1.56234618021079,0.328567548479205
"786",128.071569685606,0,0.342162891958727,0.0679174520390643,322.627979734993,0.0159229851409657,0.000889948706124702,1.13878025917635,0.328400964804065
"787",128.010821474097,0,0.416678891370685,0.0856506195608873,325.167979734993,0.0257876291330895,0.00088522108130458,1.37401064340031,0.328209610504017
"788",127.989360461284,0,0.13361500577726,0.0274772358353171,330.247979734993,0.00689984212944375,0.000883619106612343,0.44059932926294,0.328142009220242
"789",127.785896956569,0,1.0965306328724,0.234248193108697,330.247979734993,0.0316525733995491,0.000867885006664804,3.58351609316654,0.32750110777536
"790",127.398677284649,0,1.97235281166746,0.451182665890558,330.247979734993,0.0648016827964479,0.000838688825669879,6.33599269475914,0.326281382166255
"791",126.965761368863,0,2.0158677470349,0.491578770361187,330.247979734993,0.059501585748592,0.000838731173367787,6.3746405272192,0.324917715319333
"792",127.260842153806,0,0.456538105231749,0.107046720953731,332.420252869179,0.0352441604355179,0.0008435203527281,1.45493450398033,0.325847207326714
"793",127.262501166618,0,0.503417995200239,0.110406992313864,337.431740152488,0.044381744491827,0.00082845605756211,1.63091857558208,0.325852433146989
"794",126.991788498893,0,1.40475889445995,0.32025711975839,337.431740152488,0.050353527052781,0.000809075019340436,4.51265211809213,0.324999699679456
"795",126.633939737713,0,1.94505596159519,0.413003307796852,337.431740152488,0.0559382484811835,0.000783701864699823,6.35653864245213,0.323872491198456
"796",126.195504685405,0,2.19909571546679,0.499836039643478,337.431740152488,0.0621547471889482,0.000753759853491941,7.06438234876148,0.322491439304635
"797",125.70157364333,0,2.30999170987673,0.559361540685812,337.431740152488,0.0661799171040011,0.000749418492968398,7.30472859292474,0.320935577387384
"798",125.344904365389,0,2.13151172156408,0.402577710021214,337.431740152488,0.0466068568194024,0.000698424739352454,7.1620132011913,0.319812084228762
"799",125.115762750941,0,2.07874865064489,0.262691866045306,337.431740152488,0.034233807697957,0.000683556100471285,7.81769075936732,0.319090297822953
"800",124.847155808599,0,2.039195075613,0.303763326893078,337.431740152488,0.035823945066214,0.000667560515248844,7.30154043926906,0.318244197301423
"801",124.790212866833,0,0.617083505047582,0.115118415225822,342.511740152488,0.0588399016523545,0.000664428192736109,2.07343931758684,0.318064829440318
"802",124.726320913323,0,0.414135486586956,0.0864527716057929,350.131740152488,0.0232216441777876,0.000660826081164294,1.35341515908969,0.317863572485772
"803",124.575513592437,0,1.06515164524856,0.171393573205235,350.131740152488,0.0212378394156361,0.000651587097232682,3.72917261292789,0.31738853579558
"804",124.199872217169,0,2.33146061566639,0.436802101751265,350.131740152488,0.0617906717089574,0.000629945225412376,7.83385403820699,0.316205281331824
"805",123.727547388108,0,2.39599084050551,0.53643275149683,350.131740152488,0.0647116236612518,0.000603701225358505,7.69688889956681,0.314717478072848
"806",147.082567361673,0,2.56520466780397,0,326.854176775709,0.0820624881875942,0.00460589140153591,7.77478772983949,0.388284804396113
"807",146.482186922188,0,2.49049947966769,0.656963151824771,326.854176775709,0.0607856438523303,0.0042029315121873,7.93693578605933,0.386393631373797
"808",145.886125331097,0,2.66241604295093,0.656180745544895,326.854176775709,0.0640505747590255,0.00393142030579581,8.62540437921626,0.384516062541476
"809",145.301142364134,0,2.61294628714712,0.642138616456839,326.854176775709,0.0609078598081012,0.00375221031411022,8.46513767353791,0.382673390907162
"810",145.54793921471,0,0.714870701102792,0.185904956466742,329.026449909894,0.0688706347593953,0.00389569353146358,2.27821081526391,0.383450790560958
"811",146.177579175606,0,0.48634063351081,0.12698339918154,333.370996178265,0.0252604531991429,0.00409082475025069,1.54991173852474,0.385434129839702
"812",146.088748832704,0,0.506104017308254,0.108105711095016,335.910996178266,0.0232705382580729,0.00399517006494759,1.70054127146807,0.385154318012049
"813",145.97954050133,0,0.761083041067313,0.173868739849787,338.450996178266,0.068620733437766,0.0039603249614911,2.50969324483409,0.384810316381544
"814",145.576347843127,0,1.73592206500387,0.455184398746698,338.450996178266,0.0559022377266529,0.00391049718301387,5.53218423533965,0.383540276540399
"815",145.484146945276,0,0.460990759153591,0.109091683848443,343.530996178266,0.0206986752247148,0.00380788922770989,1.50654049663945,0.383249847607039
"816",145.256263182279,0,1.19996333731152,0.247223766425957,343.530996178266,0.0230782796988719,0.00373827626997446,4.07175158274244,0.382532023380163
"817",145.178324847044,0,0.645991239693479,0.157533589477296,346.03673981992,0.0490541276347805,0.00371523173768458,2.09281178369543,0.382286520916548
"818",144.829312697967,0,1.36910969292937,0.380939312285256,346.03673981992,0.0357536739911092,0.00382651078327927,4.29683159873149,0.381187147390385
"819",148.276977359516,0,0.554483115632034,0.153436897697535,350.087995760608,0.0373209762759377,0.00496347634022605,1.74019699408681,0.392047145433482
"820",148.026095276674,0,1.35558874115833,0.273418779759038,350.087995760608,0.0271946638958985,0.00465796697890469,4.64661127804366,0.39125687747062
"821",147.771666742186,0,1.43814826087257,0.269200914209782,350.087995760608,0.0193369521198706,0.0045645723981493,5.03506062418401,0.390455438334887
"822",147.349052294955,0,2.47339788649643,0.461929372308208,350.087995760608,0.0437288853169406,0.00441396024020213,8.6595441131237,0.389124220678743
"823",147.280123035408,0,0.429068581909296,0.079707989812558,367.867995760608,0.0151691623821494,0.0043904321166544,1.5022000030339,0.388907096422971
"824",147.044020350701,0,1.59223656915113,0.263865730144564,367.867995760608,0.0320704340374744,0.00430738859951912,5.76847647147469,0.388163382939905
"825",146.962807582084,0,0.576508534607845,0.106718639797294,370.407995760608,0.0297869621272785,0.00428109094703512,2.01839789476837,0.387907566149458
"826",146.872732342265,0,0.534971260697173,0.114754977404905,375.487995760608,0.0289317075768348,0.00425196999040888,1.7975370215462,0.387623832949106
"827",146.785829358435,0,0.538028031682454,0.1112714322258,378.027995760608,0.0285908972672458,0.00422244887226497,1.82565285242053,0.387350092221109
"828",146.204971786695,0,2.53257510381307,0.646877721565131,378.027995760608,0.0700527294872335,0.00403257966189412,8.13565263869934,0.385520415407478
"829",145.752360385327,0,2.51234430188942,0.501288933571002,378.027995760608,0.0525660178405536,0.00388848563745296,8.61167329961223,0.384094708612975
"830",145.178629322593,0,3.35649344886049,0.620558451928797,378.027995760608,0.0505412076407207,0.00371381844569125,11.7513252697849,0.382287480001666
"831",145.075280462615,0,0.633677113145422,0.149358631063833,380.567995760608,0.0496948634471356,0.0036850923619934,2.07088800326491,0.381961935458532
"832",163.846530096889,0,2.04818170044646,0,361.859098264321,0.079190291317048,0.016838153329865,6.24884821274477,0.441090578846686
"833",167.213701242156,0,0.589207887615618,0.1775406488726,365.950258815574,0.037259508283637,0.0213871628915532,1.84917766838075,0.451697025713804
"834",167.233438700446,0,0.539340651325446,0.150678381774206,368.326329000715,0.0269796278022056,0.0204936025969492,1.73257969191407,0.451759197873643
"835",166.618064611365,0,2.18619120562879,0.669304220634193,368.326329000715,0.0746463822168298,0.0207162506640701,6.86117080444865,0.449820795488478
"836",193.636343419024,0,2.98729565721394,0,341.218564517538,0.0871631248536488,0.176648800370944,9.05408831997518,0.534927232390942
"837",226.319622612521,0,3.74441259389194,0,308.065386733969,0.0960789072488393,0.565977497320882,11.0726715424763,0.637878181200401
"838",256.679378281783,3.31230653452394,3.81429392392912,0,273.887915202333,0.0909028777682656,0.63711307151776,11.415190075463,0.733510129061855
"839",256.673642404075,36.4910094093301,4.15349924759155,0,236.895682638078,0.0929194187051871,0.642848949226177,12.3551146956569,0.733492061289376
"840",256.62886931786,39.0022403093671,4.53615669360007,0,197.396132429937,0.102452948667327,0.687622035441316,13.1910917375825,0.733351027959162
"841",256.687452676384,47.4738403849711,3.13285760707361,0,169.657686782321,0.0600878931966079,0.629038676917018,9.26423101157727,0.733535563063758
"842",256.672440091625,15.4801554778499,1.47927415794019,0,156.145414612436,0.0141412106847404,0.644051261675653,4.51315411908482,0.73348827405595
"843",256.712219209619,31.9292788445198,3.27746499829344,0,126.207759819711,0.0530059414736401,0.604272143681674,9.99929903311569,0.733613576597229
"844",254.123074125346,0,5.0443568731798,2.04909059904275,126.207759819711,0.0774860501809525,0.65808819612068,15.6030363735554,0.725457878955839
"845",252.287050960312,0,3.4582861993387,1.30342380710159,126.207759819711,0.0480231160561856,0.621133463216281,10.9359016202593,0.719674483545688
"846",249.873315152686,0,4.92547783560048,1.89684973277633,126.207759819711,0.0728478404441523,0.630207569945869,15.4581834546631,0.712071317715866
"847",256.685354623199,34.5815394315097,4.70252212758335,0,84.3257750612002,0.0913180086744403,0.631136730101932,13.9882534657607,0.733528954284855
"848",256.693121649541,3.17963782602664,2.54183333639449,0.98341738403542,89.7806557962041,0.04661915542472,0.623369703759909,7.97732267540986,0.733553420089727
"849",255.664235059217,0,1.51560047977393,0.486070422074186,92.3206557962042,0.0162716137063147,0.599445981449125,5.04419370927266,0.730312470793786
"850",254.230213170031,0,2.83222330155567,0.908222592093071,92.3206557962042,0.0328081137766996,0.598930489126628,9.42615362796238,0.725795362420688
"851",252.483371355678,0,3.64323914758545,1.23517232836539,92.3206557962042,0.045907081309606,0.597864551031604,11.9062849000645,0.720292884497867
"852",251.442228083761,0,1.48600763363221,0.502105512726071,102.480655796204,0.0177144370439381,0.597005115992674,4.85634610657433,0.717013327172671
"853",250.385222287971,0,3.34702608472823,1.25432748747378,104.317048524699,0.0708755188491437,0.617377613512124,10.584071379063,0.713683803567362
"854",249.313107169786,0,2.58361900803316,0.941951162494084,106.475071207958,0.0527760976547533,0.605098199025327,8.23369702736804,0.710306686234775
"855",248.178405332516,0,2.12580494834994,0.614443717442529,111.555071207958,0.0321392574653086,0.592543246702172,7.28671532007816,0.706732423380943
"856",247.2919170123,0,1.2080062931438,0.348591169733856,124.255071207958,0.0130818428767087,0.59108993365636,4.14073641602642,0.703940022620465
"857",245.588862222019,0,3.8471598730529,1.21295461730724,124.255071207958,0.0576284927471734,0.587804699955436,12.8040469036499,0.698575471973762
"858",243.564458779112,0,4.39243627442498,1.54663554726855,124.255071207958,0.0654410450156619,0.583250092364328,14.1102768137225,0.692198686646118
"859",241.57118817346,0,3.90596010576349,1.48024203724954,124.255071207958,0.0589857267592854,0.612018545293283,12.2585158022798,0.685919968440672
"860",239.133931313136,0,4.89680887075462,1.89539428439003,124.255071207958,0.0734724286593947,0.615335004594034,15.2555216781023,0.678242712288459
"861",239.296643648435,0,1.17508035966789,0.419329002961512,130.729139257737,0.0155256909945577,0.579416302955814,3.74484613800763,0.678755249271142
"862",256.733809837987,18.4597075715714,2.85422964071344,0,104.480004858141,0.0477900182013869,0.582681515313863,8.76729012264109,0.733681586164528
"863",256.724594991168,42.2545445740763,4.70892211847345,0,61.7496003704083,0.0821986168328503,0.59189636213284,14.2721048214914,0.733652559786314
"864",256.731946053649,55.7453641999506,6.27505491582564,0,5.52280846021324,0.0858495765302488,0.584545299652453,18.7796079763907,0.733675715322594
"865",256.561374336286,0.651840054970933,7.20185690875001,0,0,0.0923453567452564,0.75511701701452,21.1748245088455,0.733138421618418
"866",252.301636315014,0,6.99351528272713,3.58759471804101,0,0.0994667594513024,0.79414352058126,20.22997176089,0.719720426796864
"867",248.309407366242,0,6.2138087141043,3.2933685686461,0,0.0924546979648404,0.813821634868336,17.7934191944992,0.707145074253217
"868",247.607487291868,0,5.00694055549023,2.54585512400083,0,0.0618410308550749,0.780386520130416,14.4834553084045,0.704934055670371
"869",256.658216953544,4.33455295119865,2.90876461964734,1.253492758149,0,0.021234778327656,0.658274399756584,8.81607138707795,0.733443471771828
"870",256.23644061132,0,5.40426614320635,2.35629345761884,0,0.0593583884728178,0.689120807150756,16.3795983323848,0.732114894111051
"871",254.042085034478,0,4.73805530767752,1.65738191582956,0,0.0395272124342012,0.598916526063422,15.349833512314,0.725202766740853
"872",252.407876209857,0,3.27780497906888,1.08212843065104,10.16,0.023351605885881,0.59782814439368,10.8086563094567,0.720055077977696
"873",250.439561726948,0,4.22475248773323,1.4298340360902,10.16,0.0350187385543156,0.595875837798593,13.8066991250204,0.713854970504662
"874",248.036203876107,0,5.12166188995183,1.87230933295196,10.16,0.0506592980840637,0.604064612600202,16.3221481756258,0.706284494800313
"875",246.082522605648,0,5.04284973669673,1.78717393973685,14.8954906827516,0.05475780805097,0.588111793099942,16.1996671708375,0.70013048132834
"876",256.664133964635,1.45202333271817,5.28499792574364,0,0,0.0642889075937103,0.65235738866619,16.1241308988574,0.733462110106808
"877",256.682705181668,12.8896986302459,4.22014489346171,1.75918914458588,0,0.0367840808479111,0.633786171632832,12.9629494812873,0.733520608655953
"878",256.704276928744,7.78307248663759,2.40337360093627,0.932863525208547,11.0102165166198,0.0156073939580604,0.612214424557218,7.54277884773749,0.73358855874798
"879",254.499457613528,0,4.34412970153617,1.64383268737537,11.0102165166198,0.039336849738994,0.622576243939206,13.7371438635501,0.726643471043925
"880",254.356413027974,0,5.34483870778781,2.12221861243609,11.0102165166198,0.0569719803227825,0.640029826625516,16.6513141363534,0.726192886642108
"881",256.640257716736,4.95066212746218,6.2327071708853,0,0,0.0793250520269129,0.676233636564664,18.8904908228495,0.73338690093454
"882",256.614907236894,5.27590531572184,3.78503948969681,1.72508138624594,0,0.0326291959093722,0.701584116406905,11.3276391593637,0.733307047993925
"883",256.627321731894,5.54515385508,3.18673845007716,1.42174682548229,0,0.0239269724541028,0.689169621407144,9.59679175036483,0.733346153128745
"884",256.670020066906,33.753381647879,2.48788371771627,1.15846247563532,0,0.016561411158725,0.646471286394929,7.40052828940938,0.733480651080314
"885",256.639690222494,5.39278429580202,3.74865176041331,1.63587936595908,0,0.0307331297908683,0.676801130807055,11.3616554952136,0.733385113351649
"886",256.639166648641,25.0082922706212,4.90827943669952,2.33165146391885,0,0.0522709549586177,0.677324704660001,14.5143636494329,0.73338346411613
"887",252.564886741734,0,7.24489845579382,3.44097241923688,0,0.0879395938291442,0.743316764019401,21.4240228468566,0.720549654520461
"888",251.979453225902,0,4.8318852964642,2.42653393872424,0,0.0538650521862701,0.774809212528844,14.0510671293743,0.718705563676244
"889",248.152318865789,0,6.60837322857122,3.18800799622178,0,0.0883318738092885,0.749478568688783,19.4298699872719,0.706650252112731
"890",246.208399747585,0,7.68739160115429,3.83621940980451,0,0.0945295534382678,0.764224549667569,22.3548467751603,0.700526989007976
"891",255.969481600389,0,5.07330118627904,2.32901248135428,0,0.0546978238024122,0.701622265259972,15.0911831941311,0.731273984503853
"892",256.650233586147,0,3.17913163923935,1.26483535760263,0,0.0213742351048219,0.640654712127567,9.90426886571192,0.733418324501769
"893",253.33398084189,0,6.22588636669317,2.71571589833094,0,0.0716821273896058,0.694148083309179,18.86981788965,0.722972268446871
"894",248.843222366201,0,7.30413961794541,3.80996075110835,0,0.0992134447052906,0.801914515544018,21.020305547549,0.708826568952974
"895",243.900417784324,0,7.76255255577194,4.24309056653566,0,0.106138842445805,0.827729216970593,22.016398419068,0.693256943320512
"896",241.95131578877,0,7.44378446395897,3.83371247358943,0,0.0990784651319713,0.776318644517943,21.4221841376205,0.687117354371048
"897",238.212237609122,0,7.08849588595386,3.1623826881088,0,0.0830681362955257,0.681591444254613,21.2140253218735,0.675339416056213
"898",235.987148948712,0,4.6576057975285,1.70618264267697,0,0.0399710356791558,0.580685128660115,14.7284278546584,0.668330480771042
"899",233.051933619395,0,6.16991588268304,2.42513467230997,0,0.0684197022856095,0.600287578708229,19.084577947118,0.659084676476918
"900",228.932136363925,0,7.44089266133912,3.55729603518413,0,0.0919661559862098,0.67623022336768,21.7558295393241,0.646107489156081
"901",233.627514361188,0,4.74567507293167,2.29936287805743,0,0.0539063220920443,0.700903543538871,13.8003687862286,0.660897731499127
"902",239.866601268768,0,1.82052616742566,0.765930756721539,0,0.0101046831131587,0.646803173872296,5.51776810872168,0.680550591698293
"903",236.5263268443,0,6.05463808989437,2.75032014522162,0,0.074247265608015,0.685894605268534,18.0102953153813,0.670028868365483
"904",232.011271440785,0,7.46118026522439,3.87270596333542,0,0.101321778574179,0.743671218753481,21.3653033514726,0.655806634575319
"905",230.332908683077,0,6.54889246163803,3.56012334931032,0,0.104010948377966,0.762250356775903,18.4890566457914,0.650519862788145
"906",252.306263715997,0,4.96458133374418,2.69328980680504,0,0.0647788245307384,0.798133984806241,14.0161754128538,0.719735002914483
"907",250.753644344665,0,6.21881606508684,3.3560420190151,0,0.0885598234474306,0.825137175763755,17.7214971774377,0.714844317482578
"908",246.032441882397,0,7.14963563874319,3.98252593924439,0,0.108738670601135,0.847415193625123,20.1850952807413,0.699972729165676
"909",241.05447746781,0,7.27325550408194,4.22510018506081,0,0.116035775058701,0.86890000458506,20.2680291530163,0.684292351545445
"910",235.721705943653,0,7.45672405061866,4.56608566205065,0,0.12588164414735,0.892567506252861,20.4534474597002,0.6674943465183
"911",230.962175163072,0,7.08841998813694,4.06688247580452,0,0.116205360076343,0.808853664853395,19.7529569651104,0.652502025617826
"912",227.002513501282,0,6.80469423641803,3.37225040837129,0,0.0970356934601843,0.684446946878458,19.683773707369,0.640029258652424
"913",225.467099316325,0,6.67926695884206,3.47954526765604,0,0.104304775138735,0.700173692439694,19.0336246191612,0.635192768830794
"914",223.531908653778,0,3.25580398720539,1.37896471260275,0,0.0257729690951541,0.581998919039656,9.80478107466306,0.629096999992639
"915",220.517348517719,0,5.68474013993246,2.50729729791088,0,0.0693632723571614,0.576626110505261,16.909986557623,0.619601262909067
"916",216.699100244716,0,6.83485177891458,3.32813558438913,0,0.0971844898664749,0.587297178480815,19.7710096979145,0.60757394214457
"917",213.367313499125,0,6.07161392680364,2.87759512186491,0,0.0851272923713131,0.539318916097164,17.6561837946755,0.597078954641676
"918",209.566454661675,0,6.63878579004558,3.38167857474917,0,0.10457706895998,0.523757331660919,18.9182671441921,0.585106409864586
"919",205.587654809193,0,6.62339336688307,3.60012648113442,0,0.114445234847536,0.493118606195332,18.5352969808315,0.572573358406962
"920",201.241846061099,0,6.77160785369116,4.02221513303202,0,0.129438792926181,0.453032407987882,18.5057634745868,0.558884244431835
"921",197.190837575431,0,6.36002947662923,3.80838359375175,0,0.125229227398297,0.367854119314037,17.3186233196145,0.54612373883001
"922",193.560546142006,0,5.81578338959553,3.4613220190225,0,0.108165191036641,0.277134605439279,15.8366187142669,0.534688474170265
"923",189.993384757246,0,5.96780694911658,3.47886617252439,0,0.112351925351407,0.200647137587361,16.3090991458029,0.523452066496992
"924",186.679863428384,0,6.14657851706903,3.2817154544746,0,0.109517058995589,0.14132293338247,17.1283729143492,0.513014614285203
"925",184.208942716692,0,5.64250332141341,2.4515758847882,0,0.0792422615005868,0.0985870884051595,16.4976631195816,0.505231318423253
"926",181.020364034602,0,6.68647405911817,3.21077732142941,0,0.105152693708644,0.082954054368842,19.0541623880651,0.495187430270805
"927",177.260336422026,0,6.69893979744436,3.81833611162373,0,0.130184016541694,0.0718755174942686,18.307172845874,0.48334350212722
"928",173.815603818063,0,6.01755442017623,3.51152094463968,0,0.123439044421825,0.0566507037445954,16.3287974953268,0.472492739941663
"929",170.40169045437,0,6.12786126118717,3.49753056262396,0,0.126589429821621,0.0429722308910642,16.6864196663447,0.461739057061046
"930",167.479123862831,0,5.64545129392461,2.99354466303764,0,0.103407209362748,0.0324291378641918,15.6047223999649,0.452533095756599
"931",164.60117020651,0,5.94294606299828,2.96130280132163,0,0.108236110404269,0.0248869654037143,16.6310928729535,0.44346766331349
"932",161.515209754661,0,6.09373164261725,3.18576958570696,0,0.120373107707661,0.0205639738498249,16.8438244725018,0.433747018251365
"933",158.876816663409,0,5.04548601767101,2.71143657262491,0,0.0903443464183197,0.0173008650450793,13.8395336169808,0.425436191468393
"934",156.131609060596,0,5.50164564206545,2.83415016095283,0,0.102544140045464,0.0136015819051032,15.2072258740054,0.416788903486203
"935",153.430754501625,0,5.79456733032069,2.79776356776259,0,0.107459217455611,0.0105502086644952,16.2158610237371,0.408281325718493
"936",150.354117311131,0,5.96904673342771,3.19455226911672,0,0.126982806976796,0.00906772835416508,16.3124872857716,0.39859004853579
"937",147.206880556162,0,5.67545207725537,3.26724328611807,0,0.127596982980783,0.00759045183120586,15.2477864128404,0.388676385707353
"938",157.941784772362,0,3.81635633013665,2.00821349891703,0,0.0589325647612765,0.0158148496447603,10.4295152800016,0.422490880510441
"939",155.494900923639,0,4.81268485465272,2.51800231012419,0,0.0842599896318654,0.0131415282310244,13.2511260427557,0.414783299751448
"940",153.308614922046,0,4.40171452775678,2.2468399155601,0,0.0714861000996299,0.0109321861325004,12.1668808591893,0.407896591202398
"941",150.456780823378,0,5.52515221193236,2.95584237319508,0,0.113149584184906,0.00914130965740634,15.0993917846817,0.398913434262522
"942",150.95172317522,0,3.8833962468681,2.09788165514479,0,0.062403846507473,0.00957983952026543,10.5746485998926,0.40047248176282
"943",148.704898806452,0,4.60255164341618,2.31826323421077,0,0.0790642917949844,0.00762542635288272,12.7220193723578,0.393395079914508
"944",146.300655788475,0,5.18051448665533,2.49297353947922,0,0.0948484900754296,0.00611796857319329,14.4362890296134,0.385821815971075
"945",143.671504052179,0,5.3012649739117,2.7308023663492,0,0.10690970926992,0.00525907921663993,14.5411234045674,0.377540099065828
"946",141.20165010543,0,4.8354368323592,2.56040227751854,0,0.0949804693377745,0.00443213856835768,13.1670944911724,0.369760163468387
"947",138.582527053766,0,5.09249908315689,2.72242899439466,0,0.10693315655257,0.00362721382164486,13.8186346923924,0.361510036496086
"948",139.136948919174,0,3.9312208469936,2.04910714286359,0,0.0672490064524483,0.0037199981809876,10.7048769640894,0.363256441951503
"949",140.030672797804,0,3.35911421433946,1.69198991943775,0,0.0496029101362524,0.00388911206798219,9.21389414811776,0.36607163441533
"950",137.843748342472,0,4.86593435085416,2.2730471690743,0,0.0892044510177634,0.00308173727541592,13.559663788028,0.359182914763973
"951",135.68262086165,0,4.85175576064859,2.2481980909778,0,0.089644669779862,0.00257405962478113,13.5201529968185,0.35237545449257
"952",133.667253071235,0,4.46054480275933,2.09266127569881,0,0.0794981853951712,0.00220470011093933,12.3789523292802,0.346027131088581
"953",134.870096378297,0,3.29691325373612,1.37832391329014,0,0.0434121241287754,0.00224490377700999,9.35081021685165,0.349816036693736
"954",141.698445368444,0,2.34781785295438,0.809480909631972,0,0.0212331728753437,0.00340327309616961,6.94277547557996,0.371325047560603
"955",139.78323392053,0,4.7190820675591,1.991144563729,0,0.0792806012299379,0.0033474854149234,13.4477686210804,0.365292212404554
"956",137.860980671809,0,4.36271115619794,1.99421789133928,0,0.0750045871400881,0.00303994452180633,12.2088697503663,0.359237195873432
"957",135.637540185618,0,5.00631977789323,2.31904098633964,0,0.0981647931602016,0.00256429301111108,13.9508690641646,0.352233452267429
"958",133.210748851654,0,5.00084434908581,2.53258601761749,0,0.108043196435946,0.00224851278271532,13.6665389811314,0.344589162081152
"959",130.73502119407,0,4.96678851047448,2.58555780839169,0,0.111701263988781,0.00187111318087214,13.4775156362073,0.336790724542706
"960",128.204046115164,0,5.13473864560517,2.64942125341044,0,0.119946989222242,0.00150081471827215,13.9332528933008,0.328818259960929
"961",128.878182273861,0,4.17950382345279,1.94190056467548,0,0.0775083442355732,0.00147162086333506,11.5526631156591,0.330941760383078
"962",126.824416420656,0,4.70480265462592,2.14692900475524,0,0.0943812261064856,0.00121807455561801,13.0568193697454,0.324472484703362
"963",124.607902724139,0,5.03538098036244,2.32501493084723,0,0.109515131708241,0.00101389737819352,13.9184129462207,0.317490560192219
"964",122.595037204119,0,4.70790510154179,2.10875881399148,0,0.0967252971462167,0.000832003175033158,13.0654293140849,0.311150118834267
"965",121.22343439589,0,3.99019610790938,1.43320411042654,0,0.0622387833758896,0.000637481177727165,11.54234334524,0.306829627929397
"966",119.54670916308,0,5.10184072616691,1.77072859683281,0,0.0945397052869236,0.000536341264859198,14.8360944286497,0.301548014276475
"967",117.531845732184,0,4.95909772521053,2.12202686240509,0,0.107673994136303,0.000510562627253531,13.8192776550768,0.295201279583663
"968",115.154926540457,0,5.0267160098659,2.50476440816453,0,0.128301053192488,0.000455836754770445,13.5937113828667,0.28771408453867
"969",115.301531424319,0,5.44322554077342,2.53175821379969,0,0.138803403355558,0.000440305693192076,14.8754987844541,0.288175883729761
"970",114.000642527703,0,4.45614879234478,1.37422180844811,0,0.0736322480541351,0.000299336222217693,13.1773597820187,0.284078138659279
"971",113.39993625435,0,2.21788204727378,0.62167962636479,0,0.0212412736060027,0.000267920594452286,6.67910230726463,0.282185939274041
"972",112.437188900216,0,3.51612949824469,1.0104527942986,0,0.0479531344873678,0.000247694322344992,10.522861466077,0.27915332577816
"973",114.260977267734,0,2.69149152101047,0.745919041402763,0,0.0299965211389103,0.000289112218713857,8.1053666718035,0.284898182092973
"974",113.203305981824,0,3.73873788044907,1.11258475163885,0,0.0551854445306184,0.000271978801949308,11.1213539659916,0.281566562221898
"975",114.780352454372,0,3.12455772037252,1.00587917549188,0,0.0432571685460598,0.000331520506281912,9.13564383254652,0.286534191990752
"976",113.247201979344,0,4.48584932980364,1.62088421764088,0,0.0880403885378131,0.000306645924446821,12.8453580148653,0.281704832759774
"977",111.35264988723,0,4.52756136977276,2.00091017409093,0,0.106649100668293,0.000291018691087896,12.4660741746198,0.275737073701777
"978",109.691812903972,0,4.49998928711626,1.75841209961642,0,0.097803122832422,0.000228006474175744,12.647888115022,0.270505507363773
"979",108.935421741328,0,3.33824002754547,0.798728382751294,0,0.0424959260558651,0.000158705948627534,10.3257326717681,0.268122907153915
"980",107.781415068267,0,4.28712703504326,1.22844276933802,0,0.0745926026177164,0.000156506340271246,12.7526076388542,0.264487834882841
"981",106.678831381498,0,3.54558273673825,1.16215258664372,0,0.0597203929325516,0.000151493057857915,10.2562210476995,0.261014742846309
"982",111.41786475306,0,1.32377933775526,0.351633370439409,0,0.0108826356071949,0.000215893606199506,3.98653194383289,0.275942497774249
"983",113.59849035763,0,1.43344107914108,0.370674050071984,0,0.0115609977526012,0.000261343110519366,4.37332084527128,0.28281137631179
"984",112.527768283698,0,3.95310084348054,1.13587298532542,0,0.0654008433320375,0.000249931938944882,11.8306030987039,0.279438647009753
"985",111.187896141933,0,4.09181299700373,1.42016113338233,0,0.0805345050646282,0.000245513446848999,11.7756729662083,0.275218106363836
"986",109.65754751831,0,4.15767656263487,1.62220152236317,0,0.092080107832282,0.000227209092409853,11.6857673713161,0.270397572846421
"987",108.222668985309,0,3.9293744089815,1.51917267193676,0,0.084490003686759,0.00019586475060582,11.0440902668631,0.265877766081495
"988",107.088698939188,0,3.27122415331171,1.19359108263555,0,0.059789656379426,0.000168619865506805,9.27794997327742,0.262305808338866
"989",105.751547493042,0,3.72125894290461,1.41583302831165,0,0.0788324723612701,0.000150890195762163,10.4591508454555,0.258093837769215
"990",104.626480135983,0,3.13825761000113,1.18406293990937,0,0.0591292755838493,0.000133692732877074,8.82053902684887,0.254549923121056
"991",103.462133272517,0,3.19884656571091,1.22730446942177,0,0.0630771789380541,0.000119572982748684,8.95184202527091,0.250882279687008
"992",102.505924749965,0,2.84538361373301,1.0054474122302,0,0.0493416421048676,0.000102752426460014,8.07016749257985,0.247870263234388
"993",106.934605712902,0,2.28789874559995,0.68190792261697,0,0.0307370847731067,0.00014819921953542,6.68940372855048,0.261820421185473
"994",106.238157969091,0,2.68008229440184,0.73385261159749,0,0.0375355944177569,0.000130726630429497,8.02078954024741,0.259626640212732
"995",105.488692359744,0,2.82080455320522,0.791683944421775,0,0.0423410983636045,0.000122763289337433,8.39084389122996,0.2572658552032
"996",104.607720073044,0,3.36730077879586,0.939248215912894,0,0.0583875674248414,0.00011163821223076,10.0164668046881,0.254490829715283
"997",103.641543987302,0,3.6261328630325,1.03475984054577,0,0.0686859721444873,0.000102217340363819,10.7229043688279,0.251447415859678
"998",102.501566681528,0,3.63223409758553,1.21829045336341,0,0.0784126495065942,9.95019174791446e-05,10.401006352866,0.247856535502909
"999",101.111201911786,0,3.75010710211516,1.48600764413831,0,0.0957377598974168,9.4885500517452e-05,10.4073379148801,0.243476945211841
"1000",99.8095048327426,0,3.5386965042743,1.38927139934201,0,0.0876561764026189,8.18561043061568e-05,9.82062893014857,0.239376654400853
"1001",98.3817738592318,0,3.6670538388729,1.5277055845673,0,0.100047165251018,7.25541944745607e-05,10.0585582242454,0.234879362146383
"1002",97.0283916970717,0,3.50727222976293,1.44715719606859,0,0.0938369377551883,6.19038467805554e-05,9.6202846975905,0.230616265506928
"1003",95.7906758557897,0,3.47962339975386,1.32687075131973,0,0.0892060185651788,5.11085274057543e-05,9.65668860959651,0.22671751289211
"1004",94.4921713438185,0,3.43558692852047,1.39182831846909,0,0.0933694424711752,4.56359733169625e-05,9.42365524843261,0.222627278532535
"1005",93.1374460495336,0,3.38787583666931,1.45208623023658,0,0.0974012446811026,4.03087293577804e-05,9.19309317599223,0.218359951083626
"1006",91.8117659977072,0,3.35221849889586,1.42281029248471,0,0.097164371329072,3.41306707587616e-05,9.09633602066465,0.214184114921492
"1007",106.418004854753,0,2.0170184013303,0.667373728929984,0,0.0337652445499895,0.000152658574018933,5.69451517126787,0.260193150305238
"1008",105.972147993853,0,1.65822344466309,0.465746109130395,0,0.0200185375196459,0.000129289289266385,4.93259770342312,0.258788720027875
"1009",105.267152674703,0,2.60066543303591,0.749360944856717,0,0.0444875634002927,0.00012193769423169,7.69047571810124,0.25656801455389
"1010",104.352145627507,0,2.96074617716461,0.97724212225113,0,0.0623550426916225,0.00011996763575317,8.52061879264078,0.253685781008156
"1011",121.893600317387,0,0.896326437502598,0.247769160526273,0,0.00981089369595508,0.000587043289670265,2.66623761795928,0.308940622272082
"1012",121.337270037852,0,1.92213145731525,0.581365525786962,0,0.0256178174211423,0.000582571169340864,5.75243973665203,0.307188205392782
"1013",123.397356977039,0,1.51677968826059,0.497834985053286,0,0.0186565794508556,0.000734655210330803,4.45961980700807,0.31367739222632
"1014",125.15686438815,0,2.21728212014391,0.817709119099728,0,0.0381368287221872,0.000920298511925193,6.38103186527705,0.319219766243892
"1015",124.668632856148,0,2.06267768259836,0.513573320596912,0,0.0260379217777113,0.000696133182542987,6.47353436350559,0.317681857542605
"1016",123.913994626632,0,2.77060884888565,0.802557166827285,0,0.0486310814189189,0.000712144107996985,8.39733996778576,0.315304778998049
"1017",123.103309166859,0,2.57889626510704,0.857991947002746,0,0.0480275646246591,0.00072107739444855,7.58244387969057,0.312751154045807
"1018",122.172168117349,0,2.68166529040775,0.986794221232314,0,0.0563603169475474,0.000707145225743779,7.7174625252418,0.309818099074333
"1019",121.593173966052,0,2.01084580776058,0.608744360056911,0,0.0303467100940316,0.000596501334226409,6.01793872360778,0.30799429195638
"1020",120.87183393493,0,2.39304638496859,0.764077862303631,0,0.0433152336560317,0.000577402474304186,7.07652160178373,0.30572210133014
"1021",120.224069633518,0,2.35899905408638,0.687734555786136,0,0.04048648246493,0.000516228090995352,7.10407302514157,0.303681671144403
"1022",119.508700410452,0,2.55217177758583,0.763016825813002,0,0.0481388639855069,0.000491261237570771,7.63798661755041,0.301428288311315
"1023",118.719246800854,0,2.59910738594454,0.84252626762262,0,0.0535526392710469,0.000479981247018461,7.64186840620971,0.298941542790217
"1024",118.006688977537,0,2.27968339391999,0.756118783396664,0,0.0440171566035919,0.000456196523921221,6.66538352037257,0.296697015747573
"1025",117.218344306123,0,2.40826455449499,0.839080707595551,0,0.0511733119902847,0.0004372758083854,6.96632837144356,0.294213763334913
"1026",116.687698151546,0,1.85454672222228,0.560220842242372,0,0.0299569934094479,0.000382305743926536,5.51658639996078,0.292542250364248
"1027",124.072323999431,0,0.945262549126434,0.24476623791648,0,0.0100698632292146,0.000677777427782841,2.90354738527178,0.31580350983401
"1028",124.697336251779,0,0.519495577486269,0.11221097175228,22.1292800701381,0.00716050415424073,0.000657209916409422,1.6830049687002,0.317772272026315
"1029",124.613879426455,0,0.44359305165934,0.089537752813897,27.2092800701381,0.00673509987576398,0.000654172385694692,1.46276086199945,0.317509386552038
"1030",124.526505103686,0,0.496250334049745,0.0930120783796363,29.7492800701381,0.00628671450610367,0.00064895889550488,1.66743227710325,0.317234161126297
"1031",124.349398171436,0,0.925632042528017,0.193532626646717,32.2837984219162,0.0115827923977155,0.000638746223251847,3.02501108615701,0.316676281771292
"1032",124.649401005439,0,0.571706681092995,0.128101988749234,36.942506970453,0.00746860229238968,0.000655231003107461,1.8365524329736,0.317621278025288
"1033",124.425323903002,0,0.951738022956927,0.235850693721857,36.942506970453,0.0124546454133854,0.000681054128605082,2.98694694214433,0.316915444618371
"1034",129.304228082509,0,0.822473791684744,0.210161043971977,36.942506970453,0.0101143808892702,0.00104915740958925,2.56233540860745,0.332283786682734
"1035",131.368951845737,0,0.640647090090962,0.163334501191836,39.8022103181147,0.00900644512121087,0.00124483304020479,2.01061512788532,0.338787579316124
"1036",142.468700307784,0,0.935936617261084,0,31.2529970175844,0.0138055815604597,0.00327042004381663,2.85547217648681,0.373751318081402
"1037",157.212825249261,0,1.65291585674661,0,16.531663477589,0.0338670613832778,0.0110756599017574,4.9168096043875,0.42019468880634
"1038",173.27860653007,0,1.81477522562827,0,0.463571571634017,0.0360504674773594,0.038361092623069,5.36650529099919,0.47080122116903
"1039",172.957571379939,0,2.01294328638977,0.319754826779935,0,0.0389037513859184,0.0401840747366497,5.91843483918374,0.469789974007707
"1040",172.39778670102,0,1.33096007092019,0.540905200495351,0,0.0196164933708305,0.0384959717945453,3.91327490772199,0.468026675916273
"1041",171.676828343864,0,1.67902022793931,0.713580548370989,0,0.0302798782028218,0.0376576869883245,4.88257160235496,0.465755687546901
"1042",173.350928627258,0,1.43042956677513,0.431724255262891,5.50010338562713,0.0196712662339364,0.0337433419495223,4.52334946134712,0.471029032720047
"1043",173.09644039525,0,0.951438888551417,0.231302221428589,5.50010338562713,0.00891756984773001,0.0321035804268873,3.19689439705817,0.47022740553965
"1044",172.892115285595,0,0.794649416598868,0.180036300662147,10.5801033856271,0.00731065553443924,0.0315994645279587,2.72385483085674,0.469583790075604
"1045",172.575586908915,0,1.28167003351138,0.300341156280902,10.5801033856271,0.014655390835431,0.0308426112343596,4.34900119464962,0.468586739060271
"1046",172.157183922737,0,1.76856150628151,0.413705170330417,10.5801033856271,0.0251696152469912,0.0298674310941274,6.00113594179723,0.46726878732854
"1047",171.798784660882,0,1.43740610215123,0.347482802660305,10.5801033856271,0.0181446763341922,0.0290611355295643,4.82977474387329,0.466139844793668
"1048",171.496734895462,0,1.11596354380138,0.288103216132283,15.6601033856271,0.0144538592080001,0.0284004084953342,3.67992192209645,0.46518840079218
"1049",187.655712784591,0,0.938710505485298,0,7.02718266007642,0.0127964276419562,0.106739264064127,2.88342158085904,0.516088498534142
"1050",187.397066269012,0,0.457474220493723,0.158444583658607,7.02718266007642,0.00888711567924733,0.109089047599389,1.41504399505895,0.515273772936155
"1051",187.293296745066,0,0.771220232300547,0.231902127218455,9.34949923866807,0.00872226350500774,0.098273081640725,2.47747042466283,0.514946903319294
"1052",186.890306316027,0,1.06780605791682,0.320923789177709,9.34949923866807,0.0130974598365782,0.0951640996983545,3.43022371168004,0.513677500491471
"1053",186.36935395263,0,1.72633552080061,0.456419688735496,9.34949923866807,0.0266449532721067,0.0911776279329902,5.74555820635218,0.512036522553528
"1054",186.070096665203,0,1.02566278019293,0.220198489700316,9.34949923866807,0.00988770638178374,0.0889465041088203,3.6308707944664,0.511093874739751
"1055",185.712755064823,0,1.33535884996542,0.286258130658786,9.34949923866807,0.0153169906781603,0.0864004603990805,4.7272022950464,0.509968263793849
"1056",185.472305650373,0,0.789729267347988,0.163036751089725,11.8894992386681,0.00731456894311021,0.084727232304058,2.82770405370966,0.50921085829571
"1057",185.315668545054,0,0.406963080314488,0.0778571023759291,32.209499238668,0.00486176343128623,0.083641766373865,1.49230847166581,0.508717458030827
"1058",185.09993240765,0,1.38160959529022,0.147883456016547,32.209499238668,0.0141349697944544,0.0819876511817665,6.2582369829868,0.508037898311414
"1059",184.91386086699,0,1.30853671759583,0.11666321910047,32.209499238668,0.0112733340235248,0.0806816555835849,6.40110199808458,0.507451780818613
"1060",184.724507639578,0,0.854192838627988,0.118385616396075,34.7494992386681,0.00867824107769563,0.0796458520931342,3.49805640211576,0.506855326151174
"1061",184.535873405641,0,0.721000083078311,0.117647566179587,37.289499238668,0.0075121050211949,0.0784987727790805,2.78510874573006,0.506261136282807
"1062",184.354627317168,0,0.5801125583047,0.110532900812679,47.4494992386681,0.00669237087596195,0.0774055585357093,2.12723690957136,0.505690218760554
"1063",184.125221153689,0,0.875821153449652,0.166659894707988,49.989499238668,0.0132443197751633,0.0759905885467807,3.21158205787866,0.50496759903647
"1064",183.866746759228,0,1.24180189845381,0.201944323360828,49.989499238668,0.0178598168255725,0.0743898879257366,4.79688339713029,0.504153415612733
"1065",183.769798326084,0,0.152976954952933,0.0279061370827668,80.469499238668,0.00480724748293142,0.0738495435433062,0.567983759766855,0.503848032143756
"1066",183.605063460976,0,0.434386185763316,0.0990078251212883,85.5494992386681,0.00720150306469435,0.0729285430521359,1.5045699615515,0.50332912427761
"1067",183.425547846555,0,0.461473611199727,0.11650736983843,93.169499238668,0.00889723578724315,0.0719054803696317,1.55058030503752,0.502763657675519
"1068",183.188366842952,0,1.05856327322077,0.185653083370942,93.169499238668,0.0189547600155771,0.070482680247531,3.98101055492993,0.502016547533482
"1069",182.970197055405,0,0.737749293195486,0.167602419939046,95.7094992386681,0.0187535829778457,0.06932095058624,2.55531934964106,0.501329321918922
"1070",182.790484752499,0,0.449454522269819,0.120898981437498,98.249499238668,0.00954917472902588,0.068362496197107,1.48208923013032,0.500763235756413
"1071",182.572755013025,0,0.577634537509314,0.160409445098773,98.249499238668,0.00987163923935881,0.0671919336148693,1.88773810697026,0.500077396274695
"1072",182.34468737001,0,0.640003600414968,0.171991197181151,98.249499238668,0.00990535278322423,0.0659817986171475,2.11043030255733,0.499358992833531
"1073",182.350555445532,0,0.442332002627961,0.126502485197774,103.141504997903,0.010344326172815,0.065968006218044,1.4330188561762,0.499377477023539
"1074",182.263827551583,0,0.266590348377454,0.0738432638615107,110.716238551978,0.00740042052148021,0.0655514965338009,0.87123038340567,0.499104287821273
"1075",182.146027499523,0,0.252139400723818,0.0591056636638337,115.796238551978,0.00623871479198966,0.0649331031885222,0.864269337351794,0.498733222633548
"1076",181.990422867257,0,0.424059481060346,0.102829744085795,138.656238551978,0.0113655730016918,0.064140461181252,1.43893134856349,0.498243074615168
"1077",183.996582581479,0,0.341664204411595,0.109779344034273,141.551868622662,0.0106387387359579,0.0790696097962917,1.07228336579086,0.504562392968129
"1078",185.975038284264,0,0.190637497462455,0.059879462493988,147.050995551859,0.00849140016535363,0.0910293056893648,0.602839903123256,0.510794444855374
"1079",185.679116725775,0,0.891512751152021,0.234478173250429,147.050995551859,0.0247598963419542,0.0862032815804809,2.96711638133565,0.509862304446841
"1080",185.447281929636,0,0.812337259454009,0.161274437972946,147.050995551859,0.0139837190748981,0.0845440772407644,2.94299757890934,0.509132034632474
"1081",185.218307737206,0,0.86983725039063,0.159944445875169,147.050995551859,0.013942701377224,0.0829724479316153,3.22959384316506,0.50841077559895
"1082",184.984585958656,0,0.949182908904972,0.167733889549986,147.050995551859,0.0154218007240258,0.0814096897244777,3.5696564149753,0.507674561869699
"1083",184.837225127415,0,0.372763565059565,0.0765169628623985,159.750995551859,0.00964498183646111,0.0804888502146696,1.33471695627273,0.507210381476301
"1084",184.710386841412,0,0.243547270669391,0.0537235487556791,185.150995551859,0.00657258890458559,0.0796873261523472,0.852676532759508,0.50681084623346
"1085",184.573925277567,0,0.287562732506072,0.0634422801684921,185.150995551859,0.00579756442712806,0.0788168481036228,1.00677783425862,0.506380998071937
"1086",184.381167522133,0,0.54226690749521,0.12394258292634,185.150995551859,0.0087952345106124,0.0776104070182239,1.87823307209237,0.505773819285047
"1087",184.280964924033,0,0.122157693930049,0.029817629802142,190.230995551859,0.0066161018189272,0.0770010701166021,0.414509150519753,0.505458185333922
"1088",184.063901462807,0,0.64161569683448,0.156877802783311,190.230995551859,0.015482640213971,0.0756682986565811,2.17714962438054,0.50477444460054
"1089",183.888645225149,0,0.441247970705914,0.107878425344264,190.230995551859,0.00723727858199607,0.0746150908962272,1.497255847107,0.504222394855321
"1090",183.672116768709,0,0.63013271708609,0.153945999646743,190.230995551859,0.0107490379475058,0.0733314947400933,2.13818523312684,0.503540339364417
"1091",183.551340265615,0,0.234417209505904,0.0552212544864878,197.850995551859,0.00706671892584336,0.072621967533983,0.803522201377177,0.503159898481668
"1092",183.442203897323,0,0.196911726019035,0.0432028505273412,213.090995551859,0.00604549668281422,0.0719790144473268,0.689402132654255,0.502816123531831
"1093",183.34943432534,0,0.111992853412128,0.0281690512258357,246.110995551859,0.00686968202194646,0.0714702027788785,0.376303018398688,0.50252390329898
"1094",183.236212876654,0,0.30244541588396,0.0549867994595383,258.810995551859,0.0125289032691394,0.070763552495783,1.12294093244878,0.502167260518467
"1095",183.097915179601,0,0.677083184392081,0.081712300288544,258.810995551859,0.0132831980158384,0.0698685947799644,2.91008546676125,0.501731628614905
"1096",182.952472925358,0,0.850129113428283,0.0898530302057081,258.810995551859,0.0134269457705516,0.0690161698081043,3.8508052318883,0.501273491658001
"1097",182.799361513546,0,0.841703016868758,0.0971766003506425,258.810995551859,0.0122768189193286,0.0682116303802722,3.67974000579911,0.500791197178729
"1098",182.59609671708,0,0.950623676583267,0.153547234622604,258.810995551859,0.0174982831495051,0.0672158449936603,3.67210819761106,0.500150921656437
"1099",182.359118594553,0,1.01886071606047,0.192246218748739,258.810995551859,0.0212649683370115,0.0659968721145392,3.73609929640198,0.499404450581221
"1100",182.128034659676,0,0.944972514056091,0.185020292193354,258.810995551859,0.0187421794059261,0.0648058220896899,3.42351872776605,0.498676545948109
"1101",181.863647285025,0,0.910254248279591,0.220820638619662,258.810995551859,0.0199304586235085,0.0634971946545877,3.08870201354183,0.497843736886559
"1102",181.591145001885,0,0.887772643335698,0.230129148455374,258.810995551859,0.0197776244051622,0.0621507590899689,2.95466862312307,0.496985366206067
"1103",181.458133264435,0,0.356127640381112,0.0950399209631057,261.350995551859,0.0235313806776011,0.0615031971650025,1.17434114956732,0.496566384851954
"1104",181.28121855849,0,0.717838191223809,0.134740508735062,261.350995551859,0.01842385420804,0.0605980514178493,2.63226829623154,0.496009111001692
"1105",181.189987260423,0,0.239190329572287,0.0383284956282971,266.430995551859,0.00723031339877981,0.0601331158370353,0.923954233044762,0.495721736266695
"1106",181.061781861014,0,0.551891715606075,0.0782854868962562,266.430995551859,0.00957807236464926,0.0594979848772722,2.22592508641453,0.495317894674378
"1107",180.978912086693,0,0.204154300884976,0.0289129004460151,268.970995551859,0.00515460035621075,0.059111474232084,0.823408228442497,0.495056858385958
"1108",180.871393531874,0,0.286669241082892,0.062192278187722,279.130995551859,0.0133702905150995,0.0586965671459533,1.00364965644462,0.494718179480219
"1109",180.831734969365,0,0.182081999041122,0.0517270860517797,286.688919278923,0.00852358528726336,0.0585313346797313,0.58988935108918,0.494593256683626
"1110",181.089213685596,0,0.13970514436848,0.0421459177131659,288.876716618323,0.00825376103301899,0.0608317876896478,0.445224248744964,0.495404303762997
"1111",181.814859861875,0,0.155197615384783,0.0455093493057025,303.290600088384,0.00810098802673328,0.063061992381145,0.498557332899634,0.497690058564577
"1112",220.301366834997,0,0.36970350139509,0,299.913582849087,0.01057290736165,0.461083173536586,1.12793755721703,0.618920929732273
"1113",219.554192208665,0,0.823699921225403,0.287199629193729,299.913582849087,0.0222182103078277,0.48219320744614,2.60472985285568,0.616567361222461
"1114",219.04628573338,0,0.205345808284247,0.0563018933697902,307.533582849087,0.0082636137295529,0.45986819564423,0.696785554935542,0.614967477280968
"1115",218.452329338242,0,0.727204729014804,0.156850587179425,307.533582849087,0.0177652264175145,0.454871034375839,2.66661481160801,0.613096539726971
"1116",217.931891310068,0,0.327858024175678,0.0895118959690226,312.613582849087,0.0200853224962826,0.451011454701438,1.11249768000668,0.61145718192325
"1117",217.967677112096,0,0.235317732234143,0.0771123408958071,322.222838495794,0.0125949338670338,0.45044114423632,0.75593546122325,0.611569905687927
"1118",217.305268325689,0,0.814436693161563,0.24441421573431,322.222838495794,0.0279831809282317,0.44597775160087,2.68562844904044,0.609483345993088
"1119",216.495132525236,0,1.13408436797655,0.392417212259421,322.222838495794,0.0388675661986194,0.456586154392497,3.58623733328867,0.606931452444482
"1120",216.661500048918,0,0.274546219481191,0.0946757386918815,324.062371731743,0.0173850041300431,0.45680850580772,0.86817870858535,0.607455503116165
"1121",216.01949314281,0,0.721116557958791,0.22907502773723,324.062371731743,0.0223055648451791,0.435237443215951,2.33619457537867,0.605433208482424
"1122",215.276808256779,0,1.05637752477115,0.344985025596083,324.062371731743,0.0311078840397924,0.428807744474387,3.39351065400879,0.603093782464899
"1123",214.549037505476,0,1.07993824175715,0.331942018309242,324.062371731743,0.0265060546760193,0.422334787670036,3.52929134211709,0.600801335341743
"1124",213.912220605119,0,0.935238101505102,0.237118554133681,324.062371731743,0.0167290971387988,0.416427443361818,3.23935521096366,0.598795389006876
"1125",213.200508463422,0,1.09634183744683,0.325756116426531,324.062371731743,0.024045030233819,0.410001055504381,3.61521878034588,0.596553525825611
"1126",212.475169038411,0,1.17659771281364,0.348896058661609,324.062371731743,0.0267232439242298,0.403166610273461,3.87986484049705,0.594268737277568
"1127",211.797444500745,0,1.36459066155427,0.309873946683288,324.062371731743,0.0285433607772809,0.396393951760506,4.88605235347202,0.59213393361325
"1128",211.2102174265,0,1.36254886278037,0.219648479742616,324.062371731743,0.022583665521009,0.390162260023,5.49551951834921,0.590284193135798
"1129",210.490637460677,0,1.53385666098583,0.371905577031503,324.062371731743,0.0358673912763687,0.38354178006802,5.37014262506309,0.588017546640898
"1130",210.362545542187,0,0.448986309017101,0.148120674115649,326.2422405098,0.049303936648316,0.389406402964951,1.43086779683408,0.587614062508682
"1131",212.18611852147,0,0.894722013221526,0.321016237992347,326.2422405098,0.0327014926609931,0.428112275385734,2.78741756699867,0.593358240359656
"1132",211.560321734238,0,0.785269252776872,0.246809019096319,326.2422405098,0.0154131599157772,0.394400928051486,2.54402946139787,0.591387006915606
"1133",211.38710067487,0,0.271880655701122,0.0876727955379698,331.028956968827,0.0134162455644678,0.392248050367855,0.873390317481936,0.590841367896028
"1134",210.930511505055,0,0.311020573443959,0.0832861813065753,333.568956968827,0.0147731569183953,0.388076145426403,1.0553643372332,0.589403131298952
"1135",210.372251805155,0,0.90647177474779,0.19763553301391,333.568956968827,0.0216262259217343,0.382250392808505,3.28403530354554,0.587644636827005
"1136",209.764026318393,0,1.2756979385163,0.258138568857141,333.568956968827,0.0258655447471272,0.375952462651638,4.73650238147469,0.585728752237167
"1137",209.305468104099,0,0.489940831441357,0.130301724389977,336.108956968827,0.043224939646827,0.371481429550774,1.66248192244027,0.58428431323316
"1138",208.991576964824,0,0.36271795543433,0.116174641203171,338.50231519834,0.0237672464102678,0.368125514969129,1.16519635954328,0.583295569404245
"1139",208.298240426729,0,0.993032194046631,0.345845173808857,338.50231519834,0.0349563377345396,0.382447702020768,3.11654510370728,0.581111588598079
"1140",207.58341526477,0,1.16611885100127,0.38406533761043,338.50231519834,0.0294261393506665,0.360185963698628,3.71628683919473,0.578859919534494
"1141",206.910265550227,0,0.934035206835385,0.324535487396641,338.50231519834,0.0177864618326255,0.366400688978999,2.93138819466748,0.576739526369759
"1142",207.191747054157,0,0.30452272338449,0.0997454290694648,342.862052754456,0.015739878781638,0.354775389667461,0.970478942328912,0.577626181216426
"1143",206.785761979473,0,0.340792254960369,0.0759604470373383,345.402052754456,0.0141339873579585,0.34415861500418,1.22024050604125,0.576347345381328
"1144",206.40634841173,0,0.221100519461252,0.0458316987421296,350.482052754456,0.00624628749860649,0.339828156499171,0.810761944367937,0.575152208670625
"1145",206.007639448394,0,0.34117230948126,0.0785689293780638,358.102052754456,0.0152596491664675,0.335399683125065,1.20775814263549,0.573896292278903
"1146",205.623478541772,0,0.273144840398578,0.0628716568468985,360.642052754456,0.00970678439425599,0.330996034168993,0.966939273623474,0.572686201651275
"1147",205.238794136999,0,0.337633133091979,0.0722201833158508,363.182052754456,0.0139914821655791,0.326455703623331,1.22320314830459,0.571474462026582
"1148",204.700319210473,0,1.20937046431654,0.24947236834866,363.182052754456,0.0310655858827887,0.320068144060088,4.43468677278375,0.569778288754992
"1149",204.338468974432,0,0.264332139926483,0.0543900540386078,368.262052754456,0.00833415393694458,0.315794335939125,0.969289625587202,0.568638475797217
"1150",203.987351725359,0,0.255805906245697,0.0469578498552539,373.342052754455,0.00729458394062044,0.311453983158032,0.974805621073699,0.567532471294994
"1151",203.523002016989,0,1.05604276693911,0.179284573467337,373.342052754455,0.0206414998368325,0.30570663473922,4.13675947416137,0.566069789329301
"1152",203.045508606758,0,1.59143919193385,0.202091170889558,373.342052754455,0.0240295040511406,0.299431743392607,6.95742125665766,0.564565705257977
"1153",202.515619417359,0,1.84643791378026,0.265699892433373,373.342052754455,0.0288275235018906,0.293016820467728,7.68084115354708,0.562896576695646
"1154",202.167718978515,0,0.384430647345864,0.0755440801966205,375.882052754456,0.0166656562164989,0.289022014863924,1.42734155295672,0.561800705009755
"1155",201.82358059769,0,0.275555527818233,0.0694634988123692,378.422052754456,0.010181118387115,0.284856000400184,0.944533828300606,0.560716683647701
"1156",201.452978118499,0,0.413264660948295,0.118294735087723,380.962052754456,0.027835775366251,0.280143519468932,1.36275212026286,0.559549301493728
"1157",201.128741312551,0,0.326173785503955,0.0992921308880666,383.46779639611,0.0167319630953578,0.275932996501512,1.05670216543358,0.558527969251828
"1158",200.569141475792,0,1.25402846078853,0.326098206842003,383.46779639611,0.0350150195284415,0.268516649445339,4.25520698112312,0.55676525340539
"1159",199.902590075762,0,1.72206352257478,0.447246382137035,383.46779639611,0.0403022363785468,0.25960725427118,5.84335758902157,0.554665644652637
"1160",199.566639588431,0,0.346912750332556,0.0988169714946903,391.08779639611,0.017999054195727,0.255132570031726,1.14395478427094,0.553607414809207
"1161",198.984084795033,0,1.36712476465237,0.377505990641162,391.08779639611,0.0420591600082126,0.247107962765603,4.55003955836634,0.551772391819048
"1162",198.392288626967,0,1.59420407509868,0.385188084425657,391.08779639611,0.0322001684239646,0.238808252064269,5.52179521952704,0.549908258889072
"1163",198.080964213148,0,0.423523350786829,0.101746794439591,398.70779639611,0.0248527108074299,0.234430330187122,1.46694469689398,0.548927600136916
"1164",197.761422209546,0,0.399881979291275,0.116760259016176,406.32779639611,0.0272016116890116,0.22998335627444,1.30683399551167,0.547921056324085
"1165",197.44757571569,0,0.390013032597886,0.113786802956147,408.86779639611,0.0254281896369732,0.225487880537356,1.2745817918448,0.546932453126353
"1166",196.940814041244,0,1.40550597139599,0.326072531465771,408.86779639611,0.0373382914209812,0.21802743440081,4.9207776181141,0.545336175259143
"1167",196.643624667025,0,0.453070466615575,0.115844478694564,411.40779639611,0.0323922966306906,0.213737192154872,1.53737229478112,0.544400041284618
"1168",196.356059728077,0,0.339904754408557,0.0958523524731649,419.02779639611,0.0178365762115411,0.209549162686656,1.12084571590224,0.543494223874627
"1169",196.066743666966,0,0.409119487030713,0.11153325664493,421.56779639611,0.0274451629126687,0.205227967378856,1.36162397040743,0.542582890503797
"1170",196.108615871848,0,0.237046551450412,0.0710635047585337,444.119489170999,0.0102651270672981,0.20563664253732,0.767957497992053,0.542714786180356
"1171",195.846008016736,0,0.319942789322617,0.0763405031534032,451.739489170999,0.0156071678758518,0.201874519834941,1.10817591812668,0.541887582530178
"1172",195.378932309637,0,1.3204988183071,0.304814385871806,451.739489170999,0.0325302278948685,0.19479154912248,4.62316145367764,0.540416313783641
"1173",195.119483744291,0,0.311768760304835,0.0848177338195229,454.279489170999,0.0162937181187259,0.190924549644561,1.03762306786282,0.539599061762771
"1174",194.864001330038,0,0.415592255875959,0.0986639243088265,456.819489170999,0.0301178730970192,0.186936363041356,1.4394740093901,0.538794302950297
"1175",194.611907889851,0,0.332015773197808,0.0901089277392362,474.599489170999,0.0211188621624303,0.183103374610026,1.10500880469073,0.538000219262971
"1176",194.36908520612,0,0.294659649165023,0.0799487779134088,484.759489170999,0.0164560688261077,0.179329974643372,0.980680838077067,0.537235338066855
"1177",193.876309087377,0,1.66906171001413,0.369769790371573,484.759489170999,0.0486148318533693,0.171621160225632,5.90851840788502,0.535683114109308
"1178",193.645823791885,0,0.394551801267499,0.0964624800208835,492.379489170999,0.034221330846946,0.168244146318062,1.35242259977422,0.534957095164972
"1179",193.411735200041,0,0.345553885218471,0.096384759566436,497.459489170999,0.0271824295403349,0.164886261817522,1.139473887426,0.534219725989342
"1180",193.192747726307,0,0.372934530478407,0.0849791614240507,502.539489170999,0.0276878463203709,0.161696158630355,1.30567064669055,0.533529924697837
"1181",192.974016389865,0,0.319030764499378,0.0806099839666302,510.159489170999,0.0205738571680748,0.15869520964378,1.08254475774592,0.53284093022798
"1182",192.762999931479,0,0.36399724733555,0.0828090435174419,515.239489170999,0.0275667413859539,0.155774156254405,1.27438057482239,0.5321762372981
"1183",192.551243291194,0,0.358392581319452,0.0873268952275093,517.779489170999,0.0285433432278198,0.152973088284711,1.22847804777662,0.531509212826506
"1184",192.340828719278,0,0.324311480776174,0.0872655783526899,535.559489170999,0.0271048328341695,0.150253826398031,1.07936752000771,0.530846415813578
"1185",208.125995919735,0,1.21002286045469,0,524.506664287603,0.0382214682547015,0.385879151193928,3.69168867551372,0.580569025677228
"1186",228.304480838006,0,2.30812978857732,0,503.824975431501,0.0800498299468651,0.583253767777851,6.90763239040251,0.644130400763687
"1187",255.956987816386,0,3.14413867159233,0,475.652340578765,0.0940209000134853,0.651514227436234,9.40958963195702,0.731234629612022
"1188",255.279763687286,0,0.494307667786496,0.15275009478045,478.192340578765,0.0374592650821653,0.599266237711422,1.66090479649776,0.72910140221355
"1189",254.584007892929,0,0.65245723437256,0.195440706437658,480.732340578765,0.0613178665121135,0.598933408553807,2.21393745468954,0.726909800852355
"1190",254.397551219032,0,0.404494260730827,0.144162094672168,487.860551134187,0.0265833417126452,0.597935353000452,1.29939870083173,0.726322470206128
"1191",253.727091824435,0,0.407679786361616,0.133574589448864,490.400551134187,0.0246068624559776,0.598727221198573,1.3443358354856,0.724210551435574
"1192",252.695576663393,0,1.84197243153068,0.519431677466021,490.400551134187,0.0484946154766008,0.597781258350041,6.37998279253998,0.720961322252912
"1193",251.506723628014,0,2.64960814452977,0.676803147296381,490.400551134187,0.0473624781266022,0.596583168721021,9.48718504024688,0.717216485412562
"1194",250.832008042778,0,0.542781825993972,0.171328674347557,492.940551134187,0.0556826555002151,0.596208021458694,1.80647651457244,0.715091159821291
"1195",249.563222931955,0,2.31483855075186,0.776818995389645,492.940551134187,0.0656235253490504,0.594695773013794,7.5650063491358,0.711094540319889
"1196",249.249082855269,0,0.545066339281035,0.196976518406997,495.105546866558,0.0757273613464396,0.60496839356568,1.73706381765366,0.710105012348644
"1197",248.075094051331,0,1.98661880134249,0.683232067631468,495.105546866558,0.064716934820978,0.592514609901782,6.4360303695964,0.706406997209419
"1198",246.51302245701,0,3.21485419464652,1.07384863193947,495.105546866558,0.0644821486019762,0.589713811791491,10.5063017833998,0.701486537674391
"1199",245.804843818721,0,0.484043365938312,0.160368741750119,497.645546866558,0.0405501773394307,0.588360073878784,1.58187755054928,0.699255804879593
"1200",245.112483162667,0,0.502838849150329,0.143137386985001,500.185546866558,0.0374828326991251,0.586706101767842,1.72360288674566,0.697074898060633
"1201",244.429696065057,0,0.352869081989979,0.116750632101344,520.505546866558,0.019358195123258,0.585394660631697,1.15319353256877,0.694924147546352
"1202",248.356071169843,0,1.45710727273365,0.565720236793694,520.505546866558,0.0396149631131755,0.627519621533943,4.53947298602308,0.707292063263326
"1203",246.938293857979,0,2.51092392661068,0.887178028369022,520.505546866558,0.0599779425394388,0.590577226033777,8.06610032545408,0.70282612462257
"1204",245.625011809407,0,2.69576887216441,0.773780950491392,520.505546866558,0.0482780215138219,0.587779119595075,9.24040578390667,0.698689341646954
"1205",244.093135233379,0,3.49623013685417,1.00096036185715,520.505546866558,0.0534155596852978,0.584331773855712,11.9841821426321,0.693863995144012
"1206",243.40247131361,0,0.456257881704827,0.146090451365452,525.585546866558,0.0382541687631667,0.582827637166492,1.50452350378366,0.691688432972673
"1207",242.42372001888,0,1.51172830840243,0.43014383893015,525.585546866558,0.0315157016508851,0.580123157450839,5.18181775481431,0.688605407739973
"1208",240.873313708459,0,3.41364404855881,1.03182758269905,525.585546866558,0.057124070042237,0.57570279776465,11.4700583124198,0.683721693356447
"1209",240.297452912169,0,0.691392228027149,0.239291185117413,527.961617051699,0.073158745252178,0.573658171283628,2.22103067974425,0.681907756174404
"1210",239.657019959063,0,0.424062575142428,0.1426974328467,530.460554058722,0.0331720219279941,0.571970535163587,1.37383156264381,0.679890419426131
"1211",238.988366406186,0,0.392120289786501,0.124441639820724,538.080554058722,0.0255916972591343,0.569803610315611,1.29302794746221,0.67778418898071
"1212",238.321949009392,0,0.427471694741159,0.131387598234135,540.620554058723,0.0324189703953694,0.567448768955555,1.42270345139183,0.675685002332488
"1213",238.265155315575,0,0.687275140141615,0.249403305703079,542.457641769832,0.0775721694179958,0.587874846421835,2.17332311017978,0.675506104596122
"1214",237.605529085383,0,0.389548861624695,0.119621681123532,544.997641769832,0.0248834716048484,0.564888020674194,1.29648937400357,0.673428309835813
"1215",236.950282329678,0,0.441577948828778,0.127194797555906,547.537641769832,0.0342900205361957,0.562341978685321,1.49837553876946,0.671364310235137
"1216",235.767479496448,0,2.11429219383485,0.688825778056816,547.537641769832,0.063793926800665,0.557770981973398,6.90961098133338,0.667638531275977
"1217",233.89695771094,0,3.65235977412349,1.36106180318161,547.537641769832,0.0729245600089887,0.582384542335658,11.4626132357673,0.661746466668667
"1218",235.532026667101,0,0.435693461481639,0.160715088733017,550.290195898987,0.0528227628088161,0.584484588759671,1.36738600444017,0.666896864809841
"1219",234.481087078643,0,1.71346954387872,0.54078331685352,550.290195898987,0.0422626497410101,0.55241892134527,5.65021516373669,0.663586449501371
"1220",232.541344878325,0,3.74503632084219,1.42777267339904,550.290195898987,0.0747364210996094,0.586705948018857,11.6672886947054,0.65747634351151
"1221",256.68326578815,5.9773163270479,3.39756240868511,0,519.656532467333,0.0864532155914731,0.633225565150789,10.2316833985009,0.73352237454269
"1222",256.682037253669,3.88418622200368,1.55219308462195,0.616193799273124,519.656532467333,0.0191807336675158,0.634454099631687,4.83570338888918,0.733518504710973
"1223",255.00755416472,0,2.8089719587224,1.11406782838669,519.656532467333,0.053809846142782,0.646510550239411,8.75107314590113,0.728243953716497
"1224",253.567499138489,0,2.5486608626456,0.9143152205373,519.656532467333,0.0406818843484929,0.598679032047938,8.18732658356848,0.723707841216568
"1225",251.950788505108,0,2.76144289886067,1.06611836463144,519.656532467333,0.0498263311906844,0.632646213858652,8.66654817155641,0.718615271016635
"1226",256.681624644975,29.8780053643226,3.91899324034159,0,484.540916687395,0.0876995577874087,0.63486670832646,11.7285279097923,0.733517205011014
"1227",256.649426686083,36.9148564523333,4.25063608784054,0,447.120126095791,0.0944716271040268,0.667064667217775,12.4976758565745,0.733415782800655
"1228",256.703192058642,28.1465749770012,2.86663132445668,0,420.935187719857,0.0544335767399272,0.613299294659172,8.7458764154199,0.733585141452987
"1229",256.629680411068,39.3611223565817,4.57538938831092,0,381.09401046944,0.0988100806640813,0.686810942233368,13.3051799646875,0.733353582868504
"1230",256.633686031274,35.6160303631431,2.97494746659934,0,355.048881681288,0.0632362668613357,0.682805322026546,8.69821040532673,0.733366200402945
"1231",256.719171922173,9.70277913573443,0.599873011664729,0.225992885077718,382.594772608708,0.0233877255936393,0.597319431127957,1.89693734470807,0.733635477348068
"1232",255.962552359584,0,0.632896399167356,0.214275454840396,392.754772608708,0.0251989392870552,0.599540370380406,2.0683365915481,0.731252157688031
"1233",255.232077550833,0,0.704328512456452,0.2450385479796,395.246911724055,0.0340096172438597,0.599276236390822,2.28180650121658,0.728951192898143
"1234",253.755408849613,0,2.24831264152742,0.91280541174133,395.246911724055,0.0621179327148503,0.657920122380112,6.95440564710937,0.724299748868682
"1235",256.63802953393,23.9983146923918,3.0987887884775,0,367.81011274904,0.0845326144514018,0.678461819370762,9.16348547974933,0.733379882252826
"1236",256.622407359117,30.939109698598,3.59660688268418,0,336.322467837132,0.0956216717850293,0.694083994184162,10.51583053552,0.733330673062097
"1237",256.691348866305,33.4204628598495,3.2094248849293,0,307.385121025556,0.0631348171247489,0.625142486996369,9.66511144281683,0.73354783589742
"1238",256.702679105559,33.0697604087687,3.70116378189748,0,273.799467770561,0.075340911733412,0.61381224774182,11.2177258675649,0.733583525672445
"1239",256.684386759389,0.341440172053979,0.663430840688778,0.256800162139564,275.175744835138,0.0144851494445629,0.632104593912262,2.08211994595205,0.733525905554738
"1240",256.716725332695,28.7451878101865,2.90614886309782,0,248.449131459482,0.0768793490233834,0.599766020605997,8.92676954191864,0.733627770694564
"1241",256.707131404244,18.7414541604909,2.58938882261866,1.05307863694155,248.449131459482,0.0405583244317263,0.609359949056526,8.00941111034603,0.733597550225224
"1242",255.796494961951,0,1.09557771819575,0.371604204511812,250.989131459482,0.0287877539804491,0.599505566345521,3.58040192108889,0.730729083900302
"1243",255.426637298014,0,0.965810407356716,0.346228585382454,258.092367483609,0.0246261929192653,0.598226247919079,3.10257254652177,0.729564047882914
"1244",254.622969683902,0,0.870810979192625,0.303885430343764,260.584506598956,0.0198334239319379,0.599106933260276,2.82115819324489,0.727032528848044
"1245",255.884772479367,0,1.76487245172911,0.700317226566789,260.584506598956,0.0275289167682043,0.640577180445836,5.49828483346339,0.731007154351027
"1246",256.670059393744,2.74926721440971,2.38179728508368,0.968906303156284,260.584506598956,0.0352444841500147,0.646431959557077,7.36729589280022,0.733480774958192
"1247",256.712730188396,32.1304882989553,3.57718644992867,0,227.909078143446,0.0678570660562497,0.603761164905148,10.9137266236775,0.73361518615879
"1248",254.91618982342,0,2.97871207567484,1.21189507698092,227.909078143446,0.0423686365889251,0.658522980319968,9.21365280680579,0.727956159900935
"1249",254.230891761202,0,0.878253515280117,0.31511908360659,230.268714147624,0.016622101910418,0.598646706325721,2.8213044968648,0.72579749995421
"1250",256.718915649768,27.2043031768908,3.28126850046955,0,200.092285229152,0.0770680017029864,0.59757570353289,10.0790183465088,0.733634670100818
"1251",256.629196012876,39.1742932216429,4.55245583320362,0,160.450806792643,0.0966507600498262,0.687295340425131,13.2384894489661,0.733352057034662
"1252",256.588537090484,38.372434118244,4.53863418647471,0,121.528934854646,0.103894922932063,0.727954262816673,12.9965089635158,0.733223983146697
"1253",256.624593257231,26.5113988681431,2.79779587217753,0,96.898331037419,0.0349224506623787,0.691898096069763,8.22605021948625,0.733337558548818
"1254",256.675331729231,47.6834334249467,5.48080598036305,0,48.6476484040414,0.0910185052135084,0.64115962407,16.1146085338374,0.733497382592255
"1255",254.459566548677,0,4.27384964293712,1.65794029126301,48.6476484040414,0.0452831908586629,0.63438792174345,13.4131050921913,0.726517815874777
"1256",256.725036813002,45.3498468982403,6.26109218478974,0,0,0.0813773045804341,0.591454540299023,18.8551394375679,0.733653951506427
"1257",256.621133176752,2.96125831130058,3.56181641410695,1.58920967257806,0,0.0284473992021179,0.695358176548914,10.7263306715328,0.733326659441473
"1258",256.621170359414,2.41426773045686,4.59040144845411,2.04761891141273,0,0.0436721073384314,0.695320993886655,13.8238915560581,0.733326776565289
"1259",256.583661043553,1.92289053377272,5.38035328658218,2.55595954750601,0,0.0605039594332143,0.732830309747695,15.9103419377417,0.733208623804844
"1260",252.824867087973,0,6.43231781950417,3.11711803511542,0,0.0834358779393978,0.75622733695447,18.9122337112305,0.721368581628682
"1261",248.392357064832,0,7.6971475398097,3.79294992535189,0,0.0919537785029402,0.762594607376714,22.5050726353295,0.707406362299708
"1262",245.641762234428,0,5.27963616161203,2.1760996731733,0,0.0526224892567134,0.658168108318139,16.2173713392135,0.698742104778177
"1263",242.13653531181,0,6.85211961101887,2.9426212943471,0,0.078717014948504,0.672341763755259,20.7678459905302,0.687700788044335
"1264",238.007867562999,0,7.4310513686324,3.53274051257043,0,0.0896839333062536,0.716596164539403,21.8486996674192,0.674695659044193
"1265",248.959859319461,0,2.50874684130834,1.11268694246876,0,0.0166308649279843,0.682904771651067,7.50802707287228,0.709193970428612
"1266",245.597486778122,0,5.95528621057128,2.74558406037514,0,0.0710444773347293,0.718752646545438,17.7147604443981,0.698602638961157
"1267",241.165777341112,0,7.48357632852363,3.7924115207591,0,0.096587464954381,0.766769325887122,21.6475594427331,0.684642941444673
"1268",236.307225697941,0,7.47165588933448,4.18118789139745,0,0.110959504083214,0.819167952774349,21.0001983766515,0.66933870901001
"1269",231.456967660142,0,7.15970609356189,4.17468303199177,0,0.118505371914819,0.824884060027391,19.8696940268446,0.654060601081923
"1270",227.484444753522,0,6.67091950085565,3.37236504549155,0,0.0993388333730531,0.699496694501683,19.1979854610902,0.641547321738606
"1271",224.048170809213,0,6.5602329798648,2.91499001940247,0,0.0854628109790595,0.606746735885329,19.5142519752375,0.630723203973636
"1272",220.29752058801,0,7.04131134463769,3.24586942954221,0,0.0898223036705303,0.594603095332192,20.7027901170456,0.618908814216742
"1273",216.268434870866,0,6.97450888462357,3.52892121777593,0,0.101598284017765,0.60176278338569,19.9717059165628,0.606217364409676
"1274",212.075498070698,0,6.63248424550736,3.70475420925221,0,0.115850727817002,0.604033318732566,18.4824228943174,0.593009790612698
"1275",211.349644922517,0,4.9475626163938,2.74683704045167,0,0.0703239167135927,0.589340024442487,13.7871333255328,0.590723383858372
"1276",208.440865364099,0,5.08151879330332,2.48284218927373,0,0.0652322579287358,0.491169627073496,14.6239096276879,0.581560851125845
"1277",205.472612889433,0,5.73554825159903,2.61983155927236,0,0.0763921134077919,0.424813028801296,16.7697097318294,0.572210981219472
"1278",201.756159168563,0,7.10203738573218,3.43057598884306,0,0.0992932712285202,0.385171003254957,20.4386832216933,0.560504308994058
"1279",197.708330851238,0,6.75783634453784,3.81107175006908,0,0.121512577712473,0.358269144968831,18.6794916279574,0.547753820788169
"1280",194.391623906479,0,5.68741490114642,3.13410633456252,0,0.0942401072259803,0.27684071742219,15.7837755366961,0.537306334020875
"1281",190.711134421202,0,6.4597952144222,3.59714816076995,0,0.120650317037779,0.203991641544707,17.8556692518382,0.52571294761833
"1282",186.952214634669,0,6.63756727924373,3.73202418831308,0,0.124276030622272,0.151171628842237,18.2757116434702,0.513872509079983
"1283",183.196758939242,0,6.44290560196267,3.77005098475837,0,0.131045722403761,0.116450433072481,17.5442984367052,0.502042982282286
"1284",179.444829716159,0,6.84234540335035,3.79339409938888,0,0.124271341552121,0.0828064652462388,18.8395426058721,0.490224563723502
"1285",176.719348428105,0,6.20666774324837,2.76623391874662,0,0.0972034990196483,0.0564508683274726,17.9538769987758,0.481639412799495
"1286",173.492238182351,0,6.57747338322254,3.2908755883542,0,0.112149840836633,0.0483844982366078,18.4869656620551,0.471474151849204
"1287",170.546006808623,0,5.95271531043948,3.01167941503525,0,0.104638756880895,0.0391907155736867,16.6584317146275,0.462193647480541
"1288",167.782202557472,0,5.41767761159547,2.82384856333774,0,0.0927438055827055,0.0326994933953236,15.0351976843416,0.453487780841671
"1289",165.09021423413,0,5.42534510319352,2.75784961582093,0,0.0920902394044145,0.0262289469255091,15.1185466611186,0.445008131341654
"1290",166.237517048151,0,3.27190277091113,1.40117444977831,0,0.0335396184724302,0.0250623546735385,9.46455365921484,0.448622086739944
"1291",163.98572700005,0,5.25513639188058,2.30756225782278,0,0.077388627701812,0.0216164179793963,15.1235571099949,0.441529043211505
"1292",161.224437142382,0,6.00089033140437,2.84825990342323,0,0.105616037122672,0.0186459913675323,16.9419183338927,0.432831096805887
"1293",159.157402558168,0,4.58735353686418,2.11695327405773,0,0.0655896973464932,0.0156710075033299,13.010797985725,0.426320025184005
"1294",156.264068965669,0,5.91147769082153,2.99212639799018,0,0.11233121250206,0.013538407011037,16.4055970214703,0.417206146591635
"1295",153.242201223585,0,6.01316457941888,3.1318047191874,0,0.120972581169291,0.0110356040657659,16.5564968752693,0.407687390857781
"1296",151.428803286877,0,4.53594683755512,1.86661450704084,0,0.0613035163433311,0.00808694600983771,13.1210232226526,0.401975263961093
"1297",149.137609284537,0,5.68318494293424,2.37721398766795,0,0.0928868374233753,0.00686685209590579,16.3554217515507,0.394758099641351
"1298",146.893570406793,0,5.2366898651335,2.32392957196599,0,0.0859222164047514,0.00603152218275616,14.852466329796,0.387689471972098
"1299",144.770305833722,0,5.22892430554909,2.20159093086688,0,0.0832604397254825,0.0049340819298809,14.9731744869703,0.381001278260658
"1300",142.051051523423,0,6.08153610544444,2.83140096565807,0,0.116430624750884,0.0042839693917354,17.0189314706381,0.372435742053533
"1301",138.80192991394,0,6.01908142589147,3.38894236386328,0,0.143671338154981,0.00385058377482015,16.1709880964886,0.362201146237329
"1302",136.064647180076,0,5.78337703132767,2.8546315883069,0,0.120127298711446,0.00277844426773379,15.9238055907218,0.353578821257556
"1303",134.076062644685,0,5.13430448285998,2.07024255532145,0,0.0837069080852615,0.0020488881554005,14.7022279151206,0.347314863975476
"1304",131.927547157663,0,5.22651791334833,2.23873136116102,0,0.0920045237632021,0.00178864962445453,14.7556837016637,0.340547130951772
"1305",129.470247593415,0,5.67124556678247,2.56882937925446,0,0.1130439599941,0.00151414498754508,15.8037855836291,0.332806741128871
"1306",126.801615327525,0,5.63185927733357,2.79046656445718,0,0.123123072925927,0.00128877435863165,15.3910057936509,0.324400662223191
"1307",124.13497256384,0,5.28101721790621,2.78426395355672,0,0.118694939966595,0.00107375009509476,14.2340695845662,0.316000850165413
"1308",121.799949231094,0,4.83068957463368,2.43320267828688,0,0.0990230161887043,0.000843670647762554,13.1082074742034,0.308645625306389
"1309",119.444325045953,0,5.12720960316503,2.46244997177697,0,0.107484385009874,0.000658598373767283,14.0118757983131,0.30122550863257
"1310",117.04531940241,0,5.18184829705066,2.51098970345168,0,0.112516108370936,0.000532048461750536,14.1103872373197,0.293668742197362
"1311",114.812719631283,0,4.96941396570575,2.33593283635525,0,0.103755601878858,0.000422536650675778,13.5806445741731,0.286636147230727
"1312",112.805575624981,0,4.50370882330517,2.09479835327223,0,0.0880009529873853,0.000346606017546175,12.3079439984205,0.280313728399291
"1313",110.866366033279,0,4.49029468925991,2.0258302086105,0,0.0869017286027606,0.000281111694346869,12.3166696101257,0.274205300104071
"1314",108.685329881746,0,5.02379558738871,2.28971862278781,0,0.108910466802262,0.000227995547009286,13.7292611878302,0.267335128360941
"1315",106.59772763356,0,4.9723480177445,2.19362566387135,0,0.106203965743434,0.000180550058507308,13.6389194828584,0.260759269466393
"1316",104.626268112616,0,4.85732470287899,2.07247946428828,0,0.10116401038017,0.000144067035555244,13.3740362837626,0.254549255256406
"1317",102.742375824897,0,4.80733771359069,1.98237227499166,0,0.0985955141546208,0.000115526882411939,13.2880732819704,0.248615074131945
"1318",101.000707349919,0,4.71580566286268,1.83449302158931,0,0.092916866033731,9.23194217556747e-05,13.1413074380816,0.243128892009616
"1319",99.3142413765331,0,4.8676279424646,1.78209461433678,0,0.0957025464759322,7.39055253605047e-05,13.6811911481905,0.237816595435363
"1320",97.3481456386701,0,5.10955877715383,2.0811875456287,0,0.115155160583799,6.33528180973655e-05,14.0685312717862,0.231623476915496
"1321",95.5045941994902,0,4.62762534310654,1.94452013474661,0,0.101021047768732,5.23522019640212e-05,12.6465888011889,0.225816367759804
"1322",93.767255156154,0,4.74620328654723,1.8386816862275,0,0.101383188673989,4.05457827511101e-05,13.1190901992324,0.220343823164255
"1323",92.5976606816265,0,3.96309504045321,1.23412334639515,0,0.0645598852161049,3.10133484829535e-05,11.3484361374631,0.216659649977041
"1324",90.9392903591575,0,5.0216777047203,1.76660034589878,0,0.108257189296121,2.71658663438446e-05,14.0529608379297,0.211435853516324
"1325",89.215716052728,0,4.66798687698246,1.82859167606967,0,0.105040765358286,2.33957181040131e-05,12.8040710213769,0.206006667260563
"1326",87.6869014701544,0,4.51790643030597,1.62386247797717,0,0.0950661697723093,1.82743687132773e-05,12.5381429403667,0.201190965907652
"1327",86.1249464051756,0,4.57261735735883,1.66182476763637,0,0.0998847040739199,1.50014163727744e-05,12.6392773204215,0.196270873435129
"1328",84.4383586491086,0,4.66804653205101,1.79693579509799,0,0.110360430000462,1.23909694487019e-05,12.7570536978766,0.190958193250576
"1329",82.515365132299,0,4.73853862898279,2.04980932923624,0,0.126826042947161,1.02305205045256e-05,12.6905782969503,0.184900844906247
"1330",80.7972424868682,0,4.48977998915873,1.83080103099749,0,0.112686110637398,7.72507068200745e-06,12.1014263252897,0.179488831152336
"1331",79.2614725575527,0,4.48568954912907,1.64216173454606,0,0.106397589998028,5.78476753155485e-06,12.2587000916421,0.174651220751004
"1332",77.5920514200495,0,4.62899369399656,1.78924583064659,0,0.119829345861674,4.65271823732427e-06,12.5181538296168,0.169392614689753
"1333",76.1666900053439,0,3.99476260668603,1.51835906598215,0,0.0930013540411422,3.70276465275263e-06,10.8030073335706,0.164902786445421
"1334",74.5346238649448,0,4.47239958431431,1.75125846275944,0,0.119195230919165,2.90855881916455e-06,12.0156408134944,0.159761847047048
"1335",72.9945800955373,0,4.29462110617994,1.65215745665844,0,0.112115926106139,2.23885522066494e-06,11.5380174935379,0.154910774229968
"1336",71.5159488241677,0,4.19982542542949,1.58761580074876,0,0.108986257597816,1.72821865468827e-06,11.283337465715,0.15025314818744
"1337",70.29364991233,0,4.10723281108698,1.3181024677067,0,0.0958048303192781,1.27445023260213e-06,11.2659486841751,0.14640295824911
"1338",69.1960555362945,0,4.07824121547965,1.18839495004262,0,0.090801570060875,9.96053779309233e-07,11.3179792662319,0.142945582330623
"1339",68.4682223466897,0,3.73251104877509,0.793150217661033,0,0.0653177709437121,7.42887474544015e-07,10.8540994021212,0.140652938529454
"1340",67.6164040666606,0,4.17993103850465,0.93546899628324,0,0.08365136825555,6.52001401920154e-07,12.0292645257193,0.137969746930991
"1341",66.761945473747,0,3.97970551780453,0.934994218207179,0,0.0805361951076056,5.69814008659221e-07,11.3407985318539,0.135278238458476
"1342",65.7828608637289,0,4.38666153514876,1.07951357506965,0,0.10042944878224,4.83730691964553e-07,12.3845725188459,0.132194163296699
"1343",64.6399395341379,0,4.36608607206,1.25531428012594,0,0.112393369766544,4.19231659542464e-07,12.0214721307701,0.128594009389273
"1344",63.5108777301031,0,4.03111372215476,1.23290183502986,0,0.10384037642966,3.45434615543579e-07,10.9768893947843,0.125037512401877
"1345",62.4212621663566,0,3.96912965599694,1.19185513440961,0,0.102239843748825,2.73085687687088e-07,10.8081042189373,0.121605269405049
"1346",61.3507914707783,0,3.75981632817866,1.16754672977735,0,0.097076255750313,2.2155122995096e-07,10.1676438290003,0.118233331934208
"1347",62.9490724259483,0,3.65891668385342,1.03070864410319,0,0.0889898992648274,2.99991698287753e-07,9.99925692503029,0.123267849426308
"1348",61.914108889996,0,3.69958121173769,1.12946765964859,0,0.0945043714267506,2.47730534834831e-07,10.0389141843791,0.120007758008348
"1349",60.8700074029762,0,3.81941440988062,1.1455130555158,0,0.101411764438569,1.95942505333139e-07,10.3640848249857,0.116718882430544
"1350",59.8755193777478,0,3.70825983468256,1.0918779986567,0,0.0973901291894846,1.55761190145175e-07,10.0624638636525,0.113586287161546
"1351",66.6326336837948,0,3.6803683066944,0.953771284973782,0,0.0908862058758115,6.14855168299876e-07,10.133433995501,0.134870911782686
"1352",65.6873985613869,0,3.43043448709165,1.02630689036265,0,0.0810722949374283,5.26982654156258e-07,9.40952234109445,0.131893461076966
"1353",64.7215470197804,0,3.5771422145633,1.05442010328398,0,0.0885689943222594,4.3264474842347e-07,9.81193481812914,0.128851069521676
"1354",63.9763510465971,0,3.44929547122964,0.819481887371431,0,0.0742862477382014,3.33550116286992e-07,9.73816866427597,0.126503733685697
"1355",63.516054932401,0,3.01342317916077,0.509388896582614,0,0.0490930395366407,2.5715011536782e-07,8.96381262779119,0.125053820370413
"1356",63.0101339382862,0,3.25110586665878,0.563783773006795,0,0.0578630136070412,2.34715042874374e-07,9.61390512094007,0.123460190610731
"1357",62.4684221310816,0,2.82628561119743,0.592975604588938,0,0.0512640277210974,2.30336772464539e-07,8.09314978255913,0.121753821301739
"1358",61.8691168753108,0,3.08471272819245,0.66102557526741,0,0.0617205245912141,2.05094583132882e-07,8.79037542415322,0.119866035062702
"1359",61.2040541035344,0,3.387810724648,0.740294859132879,0,0.0752322668859764,1.79529529337122e-07,9.60861651452285,0.117771115426062
"1360",60.4039780915321,0,3.67538303378472,0.894991685318623,0,0.0949158323498912,1.59033556538252e-07,10.2420120447361,0.115250909786118
"1361",59.5428666407643,0,3.56636065126804,0.959006432513474,0,0.0978951197480429,1.38002327503608e-07,9.78236149116998,0.112538445092402
"1362",58.6235742947924,0,3.5685153210699,1.0240104977056,0,0.104718267355113,1.15621425337211e-07,9.68326332726625,0.109642713036547
"1363",57.7506418414071,0,3.34741420545891,0.969118893796154,0,0.096186535068517,9.46576868590137e-08,9.0523877813281,0.106893012683943
"1364",57.165757103662,0,3.30113236642547,0.661908649723629,0,0.0770239804533997,6.84748104884652e-08,9.36277659843507,0.105050650467517
"1365",56.674267033159,0,3.23757914829673,0.56143950207577,0,0.0699494882614977,5.66887801482596e-08,9.36526654992152,0.103502477507602
"1366",56.1004873522457,0,3.22384646884952,0.651097013631417,0,0.0773173856217672,5.29036858501043e-08,9.10167334844044,0.101695095751081
"1367",55.6990252518659,0,3.03272609205834,0.46188678663814,0,0.0604247281121606,4.18537550726777e-08,8.91678959973647,0.100430507093975
"1368",55.0507538510493,0,3.30276865052801,0.737616252681018,0,0.0893448944167297,4.25523585201442e-08,9.16587939083937,0.0983884795665351
"1369",54.3929726433911,0,2.98773354805396,0.738857713347913,0,0.0810765434028655,3.77130926051671e-08,8.16501657508657,0.0963164965492707
"1370",53.9328188788222,0,2.52866249095492,0.515059663298903,0,0.0549059291102765,3.038032942215e-08,7.07635914673071,0.0948670316292989
"1371",53.6050284598421,0,2.21982576980573,0.367500504000214,0,0.0397101102460296,2.52258959481669e-08,6.38835213787509,0.0938345056564656
"1372",53.2212001073523,0,2.47628761872616,0.434484341104033,0,0.0506560119629963,2.33487266143464e-08,7.05657211702188,0.0926254625603048
"1373",58.1931390236586,0,0.968283424139735,0.118163273211911,0,0.0101022619603529,7.24422062156656e-08,2.91596393063705,0.108286860115488
"1374",60.6041618375292,0,0.710656757637657,0.0725957598466939,12.7637262696488,0.00734495505053894,1.11684411867609e-07,2.26478146144878,0.115881480129584
"1375",60.9576510573701,0,0.615836286919817,0.0666004845957367,14.8910139812569,0.00737753812339189,1.22078679409643e-07,1.96259951223117,0.116994956239526
"1376",60.8698518126457,0,0.813697712857003,0.0959678309666234,14.8910139812569,0.00816871073331115,1.24491086518588e-07,2.55371944445059,0.116718392327576
"1377",75.3825481098745,0,2.28744852710464,0,0,0.0400638584339145,2.04271940291606e-06,7.02631792188997,0.162432772599445
"1378",75.0075362430723,0,2.2325925714803,0.410442947843274,0,0.0354331814776903,2.10043658503072e-06,6.76668553910582,0.161251501060763
"1379",90.1248899810361,0,0.744235641828521,0.131456948706402,0,0.00882846173110722,1.77750609193907e-05,2.27060692871506,0.208870526728213
"1380",92.3998317342016,0,1.30815957868656,0.279347085853346,0,0.0143137389631119,2.48999442711454e-05,3.99109641663072,0.216036497149603
"1381",92.0115308997434,0,2.1207343796276,0.418380115542565,0,0.0301019372160827,2.26561316450124e-05,6.60693732506655,0.214813365924175
"1382",91.5100162667028,0,2.24832516714366,0.539550846953642,0,0.038059885769951,2.36718569362542e-05,6.72865270643702,0.213233616015737
"1383",90.8152040584748,0,2.62156488803391,0.751613058009917,0,0.0568248047021994,2.39549202451072e-05,7.58333706444496,0.21104498691099
"1384",95.531534503663,0,1.38220237361532,0.382646957276066,0,0.0190191039030401,4.17014388512658e-05,4.01942867978703,0.2259012285799
"1385",95.1142192840418,0,1.91567946506635,0.445977484310803,0,0.0286980184244747,3.57537348572729e-05,5.80616485937314,0.224586703266872
"1386",94.5540995895734,0,2.63674606005553,0.610962526178829,0,0.0508762279680598,3.33962576205736e-05,7.99161999497382,0.222822349890609
"1387",93.9875056538335,0,2.41949521559509,0.613705191918729,0,0.0471440843384682,3.28281596102304e-05,7.19709794376497,0.221037602927835
"1388",93.4302654502926,0,2.31462762057389,0.602367797066847,0,0.0451587666003418,3.11730743951554e-05,6.84462802725465,0.219282319826354
"1389",92.9234493030319,0,2.1077151093638,0.545685991286173,0,0.0388991141868357,2.92701614137921e-05,6.23276322410887,0.217685870372077
"1390",92.4422733651124,0,2.07804324354822,0.518952475330931,0,0.0378036312707755,2.70938592834002e-05,6.18140538522084,0.216170186494097
"1391",91.9182472395473,0,2.21458732894872,0.567788237316391,0,0.043787910094866,2.57983435726398e-05,6.54879703576988,0.214519526335168
"1392",91.3845435581107,0,2.19927624482645,0.578479280159329,0,0.0448001176871062,2.45189643771408e-05,6.46628905860276,0.212838382284055
"1393",91.054673360389,0,1.98413910803336,0.360378754894635,0,0.0305278809990191,1.93238261441594e-05,6.27430722492285,0.211799305096043
"1394",90.8215412658367,0,1.69587909941515,0.254418451844177,0,0.0213044050827372,1.80477908778201e-05,5.5922101665659,0.211064948846475
"1395",90.4792087991845,0,2.26612600243158,0.380343709666421,0,0.0380285142476076,1.72712333811633e-05,7.27971066427591,0.209986616037779
"1396",90.1423923953857,0,2.06409091982005,0.371011376197843,0,0.0342121541216914,1.71817226241095e-05,6.52713336413245,0.208925658594054
"1397",89.8208319691903,0,1.75552963595553,0.34940321394697,0,0.0278602138082919,1.74260567504439e-05,5.43014569613543,0.207912756835317
"1398",89.4362206382265,0,1.91082540962108,0.419399412799194,0,0.0348055736768044,1.74918414382941e-05,5.79145287510555,0.206701247390039
"1399",94.0395551579834,0,2.2543523122549,0.525905366346987,0,0.0492718002712045,3.19141672313731e-05,6.7466903848198,0.221201556667163
"1400",93.7226444337404,0,1.93343633568657,0.348334679574765,0,0.0314504655625943,2.65102308909857e-05,6.16163952976441,0.220203301273157
"1401",93.5146348127876,0,1.52957249816027,0.227173092776146,0,0.019188812099537,2.53402761641302e-05,5.09069512451419,0.219548079754172
"1402",93.2869720415241,0,1.61961385849172,0.249559364167279,0,0.0219212292644452,2.4636360639979e-05,5.34072333841012,0.218830951641922
"1403",93.1641166340363,0,0.891849121700685,0.131856462858051,5.08000000000001,0.00902531842971387,2.42630594670098e-05,2.96823588362415,0.218443962298155
"1404",93.0451911799012,0,1.08452628905645,0.130495031983386,10.16,0.0115934750919037,2.38972436071344e-05,3.79700463609185,0.218069352141435
"1405",92.9486872203571,0,0.953577921616528,0.105248769534,10.16,0.00876841713918096,2.36071493302525e-05,3.41438042879944,0.217765368745518
"1406",92.8341522657174,0,1.05172100876854,0.126197478283993,12.7,0.0116858001259895,2.32764816953938e-05,3.68215098745429,0.217404588476739
"1407",92.6748958547885,0,1.5751340655813,0.180810970927363,12.7,0.0215773744978682,2.28144994010547e-05,5.57601229812835,0.216902937509832
"1408",92.4916148841055,0,1.44615505580101,0.203796242893017,12.7,0.0205375780394515,2.23058293457537e-05,4.85917177739762,0.216325610194576
"1409",92.3049835894779,0,1.41346982777575,0.206859451252434,12.7,0.0202499469826512,2.1790357893708e-05,4.70428434713657,0.215737729500424
"1410",92.0609173525365,0,1.66404116298109,0.272999584332634,12.7,0.0289544804256269,2.11330343608598e-05,5.3909786084615,0.214968931164225
"1411",92.9418141305145,0,1.2848027672523,0.243120401252772,14.1390436859678,0.0230857517941546,2.48865955744632e-05,4.03224165089023,0.217743718802856
"1412",92.8487797609044,0,0.782654953206692,0.102001603897544,19.2190436859678,0.00899055759822523,2.3323310852864e-05,2.68274088001015,0.217450664468664
"1413",92.7673711857114,0,0.557010183029253,0.0885099575058929,19.2190436859678,0.00712447718134946,2.3094868382565e-05,1.82033670114098,0.217194230895775
"1414",92.6325081126834,0,0.923490144961777,0.146602905486763,19.2190436859678,0.0117625404781337,2.27080194484514e-05,3.01801125945957,0.2167694179128
"1415",92.4779682434768,0,1.47901272632275,0.176560377476198,19.2190436859678,0.0220427687041857,2.22604345725813e-05,5.17813006042676,0.216282623853075
"1416",92.3958803032264,0,0.805291160336495,0.0920090588449975,26.8390436859678,0.00994314974325055,2.20311486670501e-05,2.85074998486125,0.216024050308953
"1417",92.3112821348237,0,0.613666835781719,0.0932707592701759,34.4590436859678,0.00869440078556495,2.1809918055268e-05,2.02358406275916,0.215757569652192
"1418",92.2454900358753,0,0.685263690937237,0.0748362141352756,42.0790436859678,0.00906573143647752,2.16162495758583e-05,2.4536546850168,0.215550327319781
"1419",92.2098367835579,0,0.441958164014255,0.0404528613119514,44.6190436859678,0.0048211183993988,2.15094048817403e-05,1.66210198321443,0.215438021081092
"1420",92.1237201268891,0,0.999979901621341,0.104338980607536,47.1590436859678,0.0182436079513497,2.12840125737176e-05,3.62280370028531,0.215166757250439
"1421",92.0669130078327,0,0.496630375838166,0.0640392311772532,52.2390436859678,0.00725325528079706,2.11431599449634e-05,1.7023218291241,0.214987817225132
"1422",92.8725560612272,0,0.431215218842937,0.0732159047615571,61.5283100003343,0.00814859159732807,2.331907478734e-05,1.38523719503712,0.217525558810291
"1423",92.7762582966259,0,0.554327981104264,0.10573481288405,61.5283100003343,0.00946153094602221,2.44826632493144e-05,1.7397101178749,0.217222224919734
"1424",92.8691074085359,0,0.571163681670274,0.0940688539714401,66.4330279398498,0.0116592795467578,2.33741498628058e-05,1.85039364308655,0.217514695699996
"1425",92.7930551590414,0,0.777974718556149,0.0929725078342439,68.9730279398497,0.0169434151287345,2.31567890224347e-05,2.72374551260526,0.217275134326788
"1426",92.6961757736173,0,0.900651878756541,0.121683064124602,71.5130279398498,0.0248265616171369,2.28829166231916e-05,3.05611896530374,0.216969968355208
"1427",92.5605382086084,0,0.953475142413891,0.156837510727015,71.5130279398498,0.0212224500666627,2.25043484915241e-05,3.088964510496,0.216542715755211
"1428",92.3847543903425,0,1.14840966869027,0.203099960354137,71.5130279398498,0.0273385843186578,2.24422304563258e-05,3.65984970922401,0.215989004153364
"1429",92.2437251875696,0,0.932311834375203,0.158789301629539,71.5130279398498,0.0177817263501462,2.16274934825906e-05,2.99496161989639,0.215544768122171
"1430",92.1779427283028,0,0.579316409636967,0.0778278278458519,74.0530279398498,0.0120668110494376,2.14424704109726e-05,1.96575381472311,0.215337556154349
"1431",92.2799299508187,0,0.920279566782764,0.156084616917036,76.3685156118575,0.0335812163948626,2.17049541783588e-05,2.9563091236918,0.215658811596996
"1432",92.1639400411433,0,1.10126345032217,0.141999760412068,76.3685156118575,0.026031252549348,2.14018126507165e-05,3.77484926880681,0.215293448281317
"1433",92.0306561319085,0,1.13266348225869,0.158268752120768,76.3685156118575,0.025005891063967,2.10481779960779e-05,3.80582040923118,0.214873609597582
"1434",91.9172454316869,0,1.03149053195016,0.132693459980038,76.3685156118575,0.0193035059204937,2.07461620844835e-05,3.53568556113809,0.214516370682727
"1435",91.8143043354521,0,1.13980591769134,0.123672193925767,76.3685156118575,0.0207515676464474,2.04699554774217e-05,4.08118825926438,0.214192110578161
"1436",91.6409504475947,0,1.25442929213461,0.204211491633635,76.3685156118575,0.0308776427101257,2.00389338780328e-05,4.06396285751138,0.213646053154453
"1437",91.4935091812114,0,1.20677154599733,0.174433982343073,76.3685156118575,0.027012380238388,1.96642786895407e-05,4.01635491812258,0.213181619393753
"1438",91.3335956621999,0,1.26760417958251,0.190261448924238,76.3685156118575,0.0303671987077119,1.92687949201557e-05,4.17996128538137,0.212677898564144
"1439",91.1569311464665,0,1.23591084304586,0.207847324210384,76.3685156118575,0.0312016502409181,1.88417639812538e-05,3.97024407935007,0.212121412802479
"1440",91.0368870887508,0,1.01065007971601,0.139601527498625,76.3685156118575,0.0195760205604127,1.8550777427886e-05,3.39584771666173,0.211743279091734
"1441",90.9312411907859,0,0.968145449062881,0.123080592915232,76.3685156118575,0.0174529938783251,1.8298928049799e-05,3.31855482847862,0.211410498975977
"1442",90.8466099760512,0,0.980126646477751,0.100615764112881,76.3685156118575,0.0160026421615638,1.80927833438261e-05,3.55087780849459,0.211143914224666
"1443",90.7267836740418,0,1.06919183359435,0.141269301510818,76.3685156118575,0.0214608255096626,1.78260082812375e-05,3.62801379452721,0.210766466435196
"1444",90.615226725972,0,0.939165076028343,0.129075747171136,76.3685156118575,0.0175363726304738,1.75735291150676e-05,3.15565361642822,0.210415066761312
"1445",90.5397792298066,0,0.642991752934947,0.084785484466251,76.3685156118575,0.0093553912323973,1.74029316038285e-05,2.1818188992082,0.210177410335543
"1446",90.3938323406706,0,1.10940458779804,0.171270883771949,76.3685156118575,0.0253410760092746,1.70813732518817e-05,3.62558881168047,0.209717683800045
"1447",90.2778691828615,0,0.856691783217574,0.132095952760572,76.3685156118575,0.016149622851855,1.68279003608701e-05,2.79971092462947,0.209352404751615
"1448",90.1498248883238,0,1.006188019208,0.148948516206021,76.3685156118575,0.0209207717184699,1.6550050214148e-05,3.31793396854307,0.208949070632836
"1449",90.0223448651738,0,1.05400525711926,0.149721625897827,76.3685156118575,0.0222578803722926,1.62776244330798e-05,3.50792095836121,0.208547513945093
"1450",89.8638463870139,0,1.12052261851974,0.185662745384137,76.3685156118575,0.0271802157826861,1.59485584391233e-05,3.59957056529421,0.20804825043439
"1451",89.7898811337543,0,0.858419688699321,0.0869645900535324,76.3685156118575,0.0130151194231569,1.57826292463156e-05,3.10994852954082,0.20781526301116
"1452",89.6800900227308,0,1.15863254846804,0.133366880132602,76.3685156118575,0.0235913316160343,1.55625069079193e-05,4.05645598677696,0.207469425649376
"1453",89.5967851970203,0,0.72192278867739,0.105994935718942,78.9085156118575,0.0227055110505222,1.54010420718231e-05,2.38056118488021,0.20720701896746
"1454",89.4932505632677,0,0.796795802785788,0.121666559948448,78.9085156118575,0.0181471213061539,1.51951103179568e-05,2.6039679117498,0.206880889244786
"1455",89.3909812496126,0,0.885928795507518,0.119957775185959,78.9085156118575,0.0177034520145376,1.49904837038192e-05,2.97677637169381,0.206558745226967
"1456",89.3009930721697,0,0.798241382322172,0.103677858573335,78.9085156118575,0.0137044950447863,1.48139143007205e-05,2.70861659753946,0.206275286269421
"1457",89.2863114459403,0,0.154730293469299,0.021706447172699,91.6085156118575,0.00703960874012374,1.47877968581406e-05,0.514970523807284,0.206229039766999
"1458",95.63249546258,0,0.141775567014872,0.0249793829666961,108.10589639945,0.00857744209575005,3.32548971376863e-05,0.448327166597025,0.226219251335563
"1459",96.2622607440259,0,0.211856676780334,0.0358887565003178,125.227916556771,0.00770949707099761,3.53018030038986e-05,0.68635009637409,0.228202985368745
"1460",96.2874055407509,0,0.383726385947405,0.0630012454354623,137.85247248023,0.0127374556336795,3.54900147150428e-05,1.25403672108372,0.228282190416229
"1461",96.2363775289079,0,0.58729571812084,0.0614654192681248,137.85247248023,0.0104726606036005,3.52531784179138e-05,2.15357711281208,0.228121454334516
"1462",96.1922769475382,0,0.431032989710188,0.0580292979304147,140.39247248023,0.0139638049101006,3.5088349404121e-05,1.47747077737223,0.227982539366156
"1463",96.1061201584172,0,0.613088496491504,0.100687918274849,140.39247248023,0.0145658688060499,3.47396521754565e-05,2.00360339041093,0.227711149119973
"1464",95.9625063450409,0,1.01306708511406,0.172600271643521,140.39247248023,0.02902060498209,3.41467149201251e-05,3.28202397049023,0.227258771674561
"1465",95.803085616248,0,0.937858089490213,0.184334268085941,140.39247248023,0.0249490119231555,3.54726300861135e-05,2.94338597912138,0.226756603113324
"1466",95.6323881449702,0,1.1532249138934,0.203388750416047,140.39247248023,0.032724098872238,3.28197340166509e-05,3.70462352709883,0.226218913289626
"1467",95.5520543777429,0,0.788557361090482,0.0932597526448213,140.39247248023,0.0129584697833251,3.24843657966918e-05,2.79151193495231,0.225965865316424
"1468",95.458796813184,0,0.886674019272785,0.109259595407374,140.39247248023,0.016034154619867,3.21237713226453e-05,3.10430959198787,0.225672107927573
"1469",95.295723810824,0,1.13932830568594,0.192886497321,140.39247248023,0.0298450073462327,3.15123852860835e-05,3.69107126710988,0.225158434858883
"1470",95.1448741986854,0,1.0401892351736,0.175849052739412,140.39247248023,0.025030383462316,3.09428614768644e-05,3.36989134663403,0.224683264953034
"1471",95.0123124673399,0,1.14539225246635,0.158916318916871,140.39247248023,0.0263850280458973,3.04404745706616e-05,3.8865793410737,0.224265701099142
"1472",94.9209532068266,0,1.14479502022294,0.113005718343231,140.39247248023,0.0216765390059366,3.00811759192093e-05,4.25047668093964,0.223977923287844
"1473",94.793449339913,0,1.21552919045167,0.155001620805954,140.39247248023,0.0275273905073462,2.96366150652199e-05,4.21019076407525,0.223576291493252
"1474",94.7410481453563,0,0.620353136755003,0.104089904185618,142.911780389251,0.0310260771158866,2.9458465474375e-05,2.00975226114417,0.223411229943999
"1475",94.6123887644814,0,0.99584641283255,0.160979288184276,142.911780389251,0.0323489083675661,2.9001058165233e-05,3.2544751051409,0.223005958329241
"1476",94.5584658267696,0,0.709854825400512,0.063837794375887,142.911780389251,0.00994363231586448,2.87756518363496e-05,2.70506058324582,0.222836103353333
"1477",94.5415467188036,0,0.291712823195022,0.0218000460518412,145.451780389251,0.00490963665632947,2.86985704231486e-05,1.17655487991068,0.222782808877959
"1478",94.5214239611156,0,0.272265928430582,0.0255666340558408,155.611780389251,0.00547252667902782,2.86503112455629e-05,1.02392890651883,0.222719423041294
"1479",94.4930531508823,0,0.276088279586113,0.0365059385980206,186.091780389251,0.00816370364225494,2.85752774984742e-05,0.946359965017347,0.222630056187536
"1480",94.7010543008147,0,0.0419238016786146,0.00697411955497715,211.284859479466,0.00808365545256286,2.92957507501346e-05,0.135820148601313,0.223285251023165
"1481",94.7024274132119,0,0.0400547606151113,0.00642654301200021,218.904859479466,0.00782897951156147,2.93241023289425e-05,0.130900929686009,0.223289576269211
"1482",94.6696765253667,0,0.32763878799117,0.0470183709912637,223.984859479466,0.0142966845932331,2.92014472208082e-05,1.10088689687955,0.223186412356005
"1483",94.6508194379985,0,0.260463329387629,0.0267355795987243,231.604859479466,0.00790760569586619,2.91134652848043e-05,0.955102936372199,0.223127013327381
"1484",94.5721040923862,0,0.902881205126596,0.105495617550034,231.604859479466,0.0268091144635709,2.88425258556489e-05,3.19622107955418,0.2228790633139
"1485",94.5513435814847,0,0.254977454351578,0.0297477339555572,249.384859479466,0.00901599466993295,2.87716158366666e-05,0.902626292121462,0.222813668581553
"1486",94.5388149196308,0,0.279749243336231,0.0468458992466341,251.904167388487,0.0136538893121023,2.87428979387436e-05,0.90630100992042,0.222774203825965
"1487",94.5137726427671,0,0.443274071356293,0.0608405127413026,259.524167388487,0.0358268825269392,2.86466493955248e-05,1.50413087259608,0.222695321711713
"1488",94.4498825807455,0,0.979486756352564,0.0918869453014006,259.524167388487,0.0280252816116828,2.83983318663009e-05,3.68362214531544,0.222494070715273
"1489",94.3146973135402,0,1.25558565088241,0.172884769914568,259.524167388487,0.0377274600784419,2.79573691723642e-05,4.26049088524939,0.22206824283425
"1490",94.2999477076624,0,0.321047469080667,0.0536044812994685,262.043475297509,0.018190699312217,2.79148690831212e-05,1.04009448601257,0.222021782198807
"1491",94.2023325787537,0,0.826508606760618,0.123101746524809,262.043475297509,0.0255141977007062,2.75800845993947e-05,2.75077078063705,0.221714298666332
"1492",94.17234607607,0,0.443728459310777,0.0657616073985789,264.583475297509,0.0358025823811437,2.74776661963132e-05,1.47680891696111,0.221619842449607
"1493",94.1431282018668,0,0.393813849178008,0.0539079255398956,267.123475297509,0.0247174282288721,2.73768922666851e-05,1.33630096340199,0.221527807380127
"1494",94.0554126869947,0,1.03796325034063,0.120618774991472,267.123475297509,0.0329303334390519,2.70733196328618e-05,3.67441475324114,0.221251507213674
"1495",93.9348452554422,0,1.26371136601917,0.153174052430707,267.123475297509,0.0326332983344431,2.66774562773296e-05,4.42434449388157,0.220871724897452
"1496",93.7945098815512,0,1.30280342740816,0.171433165921559,267.123475297509,0.0311240169324381,2.62249018485482e-05,4.46567673149601,0.220429674397927
"1497",93.6182653171592,0,1.52197756773731,0.216814076939016,267.123475297509,0.0405951758055169,2.56632584913079e-05,5.11394017765619,0.219874511465246
"1498",93.4494544727544,0,1.51173457638693,0.206486833799001,267.123475297509,0.03770112072292,2.51313287752376e-05,5.12966310110855,0.219342764436501
"1499",93.419065807071,0,0.457163773581422,0.062063344472723,269.663475297509,0.0316997162917641,2.50375024444977e-05,1.55126182673481,0.219247041423316
"1500",93.3372944796316,0,0.620534709115819,0.0953749686339412,269.663475297509,0.0136284327230731,2.4791528508859e-05,2.04623107285256,0.218989465196174
"1501",93.4495417730399,0,0.267481102125803,0.0459769879928647,272.056833527022,0.0116076384433268,2.51275287952928e-05,0.859257177027285,0.219343039428712
"1502",93.3602181534282,0,0.59457969152295,0.102572941827725,272.056833527022,0.013274187810895,2.48655948434558e-05,1.9100297673197,0.219061673800261
"1503",93.3210235112634,0,0.401492220923298,0.063870602552092,274.596833527022,0.0247007020860932,2.47416988407274e-05,1.31209634444133,0.218938212333154
"1504",93.1930074786921,0,1.20622794924159,0.170825607292087,274.596833527022,0.0428339201620432,2.43454412668394e-05,4.05300163668578,0.218534967238376
"1505",93.0448052375807,0,1.33433821657878,0.181479076569941,274.596833527022,0.0333007353758078,2.3899917220602e-05,4.52771645293852,0.218068136439429
"1506",92.9104864040323,0,1.42168049402681,0.16352843021129,274.596833527022,0.0292330920510133,2.34953882059578e-05,5.03278298141379,0.217645037787824
"1507",92.7760342543014,0,1.57212188238017,0.165672854656224,274.596833527022,0.0312438040216583,2.3099096253636e-05,5.69560344518112,0.217221519195876
"1508",92.7435842231387,0,0.438722798519064,0.0568190207982089,279.676833527022,0.0243920069312548,2.30172958139522e-05,1.50382947396836,0.217119302968511
"1509",92.6198417841227,0,1.00130221846525,0.152710157862606,279.676833527022,0.0289903881010669,2.26692543947011e-05,3.30182289989741,0.216729519512901
"1510",92.5901174099683,0,0.456219256050001,0.0542691524299709,282.216833527022,0.0245673537355738,2.25754600023862e-05,1.59725646835478,0.216635888989971
"1511",92.4997755125199,0,1.0600247890401,0.116162149307433,282.216833527022,0.025842568497261,2.23166382889908e-05,3.79552400668546,0.21635131582935
"1512",92.4704747344677,0,0.373161911468391,0.046271754478872,294.916833527022,0.0169932183840266,2.22419572626986e-05,1.29250934120727,0.216259019616247
"1513",101.548233908649,0,0.323558090629322,0.0591779616372097,318.819360482477,0.0195294506421062,6.53593695966306e-05,1.02316559232079,0.244853577540277
"1514",101.373615724821,0,1.21169456687265,0.218223516848587,318.819360482477,0.0436692911661138,6.39581452525798e-05,3.92551556735363,0.244303537637671
"1515",101.230473346833,0,1.35547017043531,0.17091477492707,318.819360482477,0.0278352986048256,6.29016660941122e-05,4.79839685093986,0.243852645193816
"1516",101.193300648044,0,0.448554325302952,0.0715863420536035,323.899360482477,0.0344763107291935,6.26674637473729e-05,1.49287027561359,0.243735552762931
"1517",101.17069402187,0,0.273240736238967,0.0315357127844272,328.979360482477,0.00899155813786376,6.24715279418706e-05,0.989917446050883,0.24366434284546
"1518",101.099307846623,0,0.851760104973498,0.0864625708864707,328.979360482477,0.0151383423603031,6.19467212417568e-05,3.20327188175602,0.24343947940902
"1519",100.956194560601,0,1.79674203018802,0.182122318166811,328.979360482477,0.0390699814579579,6.09493128139546e-05,6.75712937300529,0.242988678603631
"1520",100.929588025796,0,0.457430479558834,0.0547995125108808,334.059360482477,0.0282537763454952,6.07986394027297e-05,1.63787525018863,0.242904869142944
"1521",100.903415867128,0,0.32494634815974,0.0390089938620065,339.139360482477,0.0128974582771791,6.06230837313627e-05,1.1635026634065,0.242822427948737
"1522",100.880975437475,0,0.340144717963318,0.0358648131761599,346.759360482477,0.0134848318050983,6.04482818566881e-05,1.26291359265899,0.242751741543289
"1523",100.851848986528,0,0.409244329424593,0.0533056348974296,349.299360482477,0.024239464213339,6.02802624785845e-05,1.43279386751554,0.242659994453205
"1524",100.648138890576,0,1.30451839615144,0.25113977352782,349.299360482477,0.0474897608328063,6.00832566331196e-05,4.15735029319041,0.242018316256347
"1525",100.287158870172,0,2.04130669703997,0.435213064958639,349.299360482477,0.0742940633217791,6.10187676933575e-05,6.35948826884677,0.240881244441065
"1526",100.633452176332,0,0.540628720302745,0.102838992371084,351.471633616662,0.0814653196368176,5.98869198899178e-05,1.72292163566919,0.241972053726893
"1527",100.540059881401,0,1.24754486803357,0.12043629429895,351.471633616662,0.0271021411696353,5.81418017773262e-05,4.75404875418598,0.24167787194306
"1528",100.303963699055,0,2.22455463567321,0.290106224198606,351.471633616662,0.0540666860979901,5.66442455458802e-05,7.78832597247545,0.240934178942155
"1529",99.8933398264836,0,2.46194620264962,0.48882816998414,351.471633616662,0.0782604916510086,5.6194238053814e-05,7.78524387938033,0.239640731089669
"1530",99.4251869833762,0,2.51234216031954,0.550674945650751,351.471633616662,0.08257842192057,5.63193772947455e-05,7.77109294520867,0.238166069410209
"1531",121.024091236528,0,2.3565591811611,0,329.945894882317,0.0736610409210629,0.000495522114363227,7.1896846965364,0.306201705398323
"1532",120.654568794492,0,2.19192210402081,0.415902647857386,329.945894882317,0.0468353500017514,0.000455144181015708,7.29511493026625,0.30503772531576
"1533",120.594810046668,0,0.479093685914619,0.0869489744531915,340.105894882317,0.0276428540618902,0.000452627432591185,1.6097848622714,0.304849487784523
"1534",120.402428906662,0,1.15900212392587,0.219186076168967,340.105894882317,0.0272495558185458,0.000444619655945984,3.85736960403483,0.30424349532032
"1535",120.34926693777,0,0.362029730287208,0.068200983811543,350.265894882317,0.0154814578799175,0.000442442959590722,1.20490070599397,0.30407603736405
"1536",124.347983679447,0,0.24696075863567,0.0556217951187494,374.160899358359,0.00998364955598812,0.000640636718333453,0.787035572169381,0.316671826181281
"1537",124.417578449189,0,0.183684803962226,0.039694154934787,381.678130283322,0.00716232787675094,0.000642478236753607,0.595081943216966,0.316891046766056
"1538",124.170880760805,0,1.57472743070037,0.294605347739569,381.678130283322,0.0485359885592273,0.000628329204224238,5.29118302885911,0.316113959468973
"1539",123.908658559951,0,1.78099236962308,0.297040118087265,381.678130283322,0.0354313924223208,0.000613475188764913,6.16876804306886,0.315287970613418
"1540",123.605708121145,0,2.46443028723505,0.349435606764015,381.678130283322,0.0470817385259644,0.000596570567779301,8.92832660857929,0.314333689528811
"1541",123.5620969065,0,0.317982926378819,0.0568714878337768,401.998130283322,0.0138548960624358,0.000594622873841415,1.07898920201085,0.314196316044961
"1542",125.879959116554,0,0.322757368850835,0.0792383170006355,404.698967577114,0.0187067946817673,0.000768973835061807,1.01294590810646,0.321497484092446
"1543",125.602869858761,0,1.35446224328237,0.317046502292329,404.698967577114,0.0406861245563835,0.000728880057088706,4.31651559750916,0.320624664635567
"1544",125.230453909223,0,1.99161671422052,0.419891671852639,404.698967577114,0.0481671273173059,0.000691405002759094,6.50870147433375,0.319451570126606
"1545",124.60919940082,0,2.64306036860711,0.70088610630043,404.698967577114,0.0803499866031567,0.000718388705209394,8.17542614562938,0.317494644668988
"1546",148.22730387123,0,2.2861653721332,0,383.67407831914,0.0580597117626863,0.00484449932715963,7.02237647592275,0.391890676043751
"1547",147.683296335258,0,2.27838692512207,0.586315042751819,383.67407831914,0.0468423967027914,0.00453488992254533,7.31909769287363,0.390177075286122
"1548",147.615515252425,0,0.314367246466039,0.0752757551754239,391.29407831914,0.0120055560376228,0.00451088369477779,1.02736763853509,0.389963567738497
"1549",147.275446127186,0,1.46903233609304,0.376549450342402,391.29407831914,0.0408712112611541,0.0043908861581451,4.71912433454616,0.38889236435964
"1550",147.451384537729,0,0.284990877827243,0.070449332914289,408.83428381072,0.011041748623049,0.00444851358532474,0.923282284208009,0.38944656292063
"1551",152.251769750169,0,0.983818892913991,0.294117012968527,408.83428381072,0.0215006592440876,0.00699843383594792,3.04311577413266,0.40456757355563
"1552",151.566372729869,0,2.47180085254199,0.75428923075874,408.83428381072,0.0756525198001698,0.00676030934158581,7.64569192466473,0.402408601895127
"1553",151.48956075569,0,0.453766364610964,0.096165130418808,411.37428381072,0.025467770238357,0.00611461399784218,1.53973363672887,0.402166647421258
"1554",151.028751530849,0,2.33541292942091,0.514688821030189,411.37428381072,0.0597775217779487,0.00589792558948707,7.84713406054924,0.400715117829116
"1555",150.232438433449,0,2.94861329532704,0.869461992521641,411.37428381072,0.0791279819645229,0.00597908684258871,9.18611186069641,0.398206765211212
"1556",150.157279751945,0,0.501214724289705,0.101649164993702,416.45428381072,0.0319991309464954,0.00550864745648964,1.71803580237472,0.397970018539427
"1557",149.829092393753,0,2.04734358913896,0.372597788575189,416.45428381072,0.0497771956089,0.00536676522603124,7.24764531539733,0.396936242224843
"1558",149.763815175875,0,0.615224596584282,0.111051631763708,418.99428381072,0.0511137120111718,0.00533929812533269,2.17790979931539,0.396730621746054
"1559",149.374294979561,0,1.8097860537336,0.438682161028677,418.99428381072,0.0543432860491525,0.00518132133429086,5.91446992388529,0.39550364958229
"1560",178.650875201217,0,3.24285633871627,0,389.755506802976,0.090197398553082,0.0523941846415103,9.76578952008347,0.487723640540704
"1561",209.58826299913,0,3.55130034604759,0,358.491370369963,0.0997827556745001,0.426531390774744,10.4414962083455,0.585175105206313
"1562",239.547853134873,0,3.46587061263411,0,327.979320941882,0.0997137587985411,0.652173051136084,10.1903165978939,0.679546548541502
"1563",240.37650215006,0,2.90681163472119,1.14636129080252,327.979320941882,0.0602889810980364,0.625278675109106,8.99125276182893,0.682156757934457
"1564",239.729061789926,0,0.807483282348465,0.279870409116699,330.355391127023,0.0404233123955873,0.571923078271488,2.59396196655844,0.680117348150065
"1565",238.381635633272,0,2.34933388597902,0.836614923806274,330.355391127023,0.0679700723575007,0.578781305205284,7.4870572530763,0.675873012676352
"1566",236.703889957237,0,2.98986187006483,1.14728413468847,330.355391127023,0.0754312803228172,0.60589282166948,9.31461769841889,0.67058818467038
"1567",234.998426081736,0,3.30580721012129,1.2017828026536,330.355391127023,0.0727201947354282,0.576401267582543,10.4537277546153,0.665216045507
"1568",236.526283958046,0,0.482208731765759,0.169976821263856,343.345365521247,0.0145451148236197,0.566736023025993,1.53674384224831,0.670028733275593
"1569",236.468758883071,0,0.80206987835909,0.283072663772999,347.675356985989,0.0454223444739598,0.569883290933548,2.55610457759177,0.669847531719474
"1570",236.356077045996,0,0.763688555480124,0.276727395341131,349.512444697098,0.0417176265407011,0.580584357165694,2.41496002061528,0.669492588692742
"1571",240.259077752792,0,1.57862649412076,0.603661273103555,349.512444697098,0.034095663191133,0.607433683291938,4.91805405077506,0.68178687604346
"1572",256.650097372463,15.4924003078112,3.66279050212104,0,317.08195215499,0.0954048612575912,0.666393980838079,10.8313053494816,0.733417895434419
"1573",256.611254495434,37.0009685868321,4.33334882823911,0,279.54564894841,0.104685576893285,0.70523685786652,12.5349728829332,0.733295542012631
"1574",256.547452529018,37.7531467377592,4.53082539399589,0,241.23116283588,0.117276802444947,0.76903882428324,12.7915808440115,0.733094568513625
"1575",256.550972379072,39.1524591578848,4.70387869048208,0,201.453268282643,0.116923431850156,0.765518974229442,13.2801508152267,0.733105655892604
"1576",256.61449287978,38.2496301802758,4.48901113891126,0,162.56858812262,0.104050406467415,0.701998473521352,12.9852534674212,0.733305742786518
"1577",256.660149063258,30.7970719188604,2.95808306577549,0,136.223068311342,0.0474252448584308,0.656342290043429,8.79919638317714,0.733449557835805
"1578",256.701694810209,7.03501003242144,1.5517404259192,0.600193746290168,145.769109597599,0.031745232507003,0.614796543091809,4.87000225734478,0.733580425183673
"1579",255.56933785082,0,1.7473954792243,0.592555841932536,148.309109597599,0.0359094037409477,0.599444181331551,5.71057445474524,0.730013548596109
"1580",253.834042661968,0,3.05494135723125,1.18198251268547,148.309109597599,0.0570203443782838,0.634044807943594,9.5876675359277,0.724547442055845
"1581",256.727016543517,40.3743837672074,4.5406905335128,0,107.105297287889,0.0837676397590041,0.589474809784335,13.7622176850223,0.733660187573917
"1582",256.688654506986,10.8166004551067,3.35963659727414,1.365536088277,107.105297287889,0.0458799844436531,0.627836846315393,10.3919158273495,0.733539348779384
"1583",255.528835879049,0,2.22251645652061,0.796869969900325,109.473042629265,0.0402070732716522,0.599054991523477,7.13961921477502,0.729885969095968
"1584",253.649735837564,0,3.81586039929773,1.36846415981135,109.473042629265,0.0644089810110831,0.598668883811906,12.2580825657308,0.723966883344705
"1585",256.68644174878,0,1.66878162780253,0.628463681854337,120.491399000233,0.0273204633949658,0.612750444722539,5.27707386127679,0.73353237868451
"1586",255.336104809593,0,2.36138211028147,0.802208452941868,120.491399000233,0.0276985038392345,0.599409103363655,7.71711299313418,0.729278874368782
"1587",253.699730147409,0,3.3400154798736,1.1027867608659,120.491399000233,0.0415209671599048,0.598670458522691,11.0137972273366,0.724124363308791
"1588",251.010401174355,0,5.41136299618046,2.14282118697645,120.491399000233,0.0734563871220388,0.643503641211853,16.8585639495442,0.715653090649842
"1589",256.710298401327,46.1676219738873,5.87806756541509,0,68.1396759237635,0.0889958878951954,0.606192951974126,17.4850637090247,0.733607526132249
"1590",256.639587936239,54.3337687467233,6.35991793093907,0,13.3286271455431,0.10307540450357,0.676903417062279,18.30296587393,0.733384791154266
"1591",256.607137452159,8.94780283215624,7.30315889232362,0,0,0.0881480137448113,0.709353901141784,21.7241801133313,0.733282573500232
"1592",253.558728372125,0,6.85737579530208,2.52780844588895,0,0.0662324717274694,0.610274117484095,21.8536690300583,0.723680213673028
"1593",249.75486676481,0,7.59206686106892,3.22803701907597,0,0.0787361758528402,0.677978532357,23.162824580206,0.711698210297711
"1594",245.16969547412,0,8.05251662917335,3.9481597980639,0,0.0945511279053422,0.754954192459604,23.544107826888,0.697255114424873
"1595",240.181174199968,0,7.92164391403882,4.30762572980179,0,0.108999349510235,0.813257645074868,22.4676183887196,0.681541483142968
"1596",235.250312745486,0,7.34438519716513,4.23509929532139,0,0.11911683227743,0.838211138086489,20.4662428266932,0.666009477857283
"1597",230.201017555134,0,7.3940951597212,4.36909421866113,0,0.123997673604946,0.827499303683398,20.4381893243049,0.650104411306642
"1598",226.231499019135,0,6.19760199482101,3.35880579146832,0,0.100847516774505,0.734831761226933,17.4972814138491,0.637600595603867
"1599",223.491759674931,0,5.14823840054304,2.23107816719466,0,0.0600064635690398,0.591914814257229,15.4073390955302,0.628970532405298
"1600",220.84482063181,0,5.61926320889585,2.20418985748546,0,0.0643536172591557,0.530327336352779,17.2605981400847,0.620632786234946
"1601",217.561160828628,0,6.33183835979362,2.83771388687511,0,0.0888681118530483,0.558013438435025,18.7239959967055,0.610289396567597
"1602",216.972906908705,0,5.40231031698336,2.61592432591102,0,0.0733852501200251,0.585714844131253,15.6271318125326,0.608436421569637
"1603",224.587974425911,0,4.12734584246717,1.9572240919916,0,0.0453279799895664,0.633036370792328,12.0022744623279,0.63242356256314
"1604",225.246315201463,0,3.32170054976808,1.33920230180935,0,0.0265727957071379,0.569029718346244,10.1342583712993,0.63449730819563
"1605",224.530429057638,0,2.86150491204414,0.99198740420117,4.31604536651889,0.01943568352991,0.507289056634802,9.11928748582519,0.632242297083985
"1606",223.326524725293,0,2.6806999454203,0.902988038469202,6.68379070789475,0.0175952677834939,0.49076622028367,8.61148936972636,0.628450049294008
"1607",221.416014966876,0,3.70346661432711,1.41769277160729,6.68379070789475,0.0324929232217365,0.525309910030581,11.4554393641003,0.622432024261263
"1608",225.272462107,0,4.42701789052865,0,0,0.0443726213652838,0.555080829758812,13.5983978551514,0.634579669843541
"1609",222.766313485794,0,4.8159680706526,1.99053754673514,0,0.0500766408118175,0.565687715283041,14.596546596441,0.626685407554767
"1610",219.606712243256,0,5.90720248147537,2.65822456652528,0,0.07672641256628,0.578103088579218,17.4682974090448,0.616732797112802
"1611",216.371028861056,0,5.89381608925427,2.75080979983517,0,0.079705615315204,0.564579197679387,17.2324563745105,0.606540531144866
"1612",212.918921295971,0,6.20857592390474,3.0001689985371,0,0.0908208900057993,0.54275945655366,17.959396746604,0.595666538143316
"1613",209.356160832706,0,6.03170528392876,3.12715597623049,0,0.0934958953028991,0.5291003823379,17.1073143432221,0.584443993186842
"1614",205.537234619736,0,6.44822638732836,3.44353240794557,0,0.109285109464153,0.48467891448856,18.1236977876287,0.57241453694009
"1615",208.654261622835,0,3.28195529533542,1.52276847184776,0,0.030355795246619,0.470560320299249,9.54388842883104,0.5822330403263
"1616",205.827407741831,0,5.13940122180845,2.4483071829207,0,0.0661424553053142,0.444689153389289,14.8666210599207,0.573328570016814
"1617",228.525559177841,0,4.9750046083304,2.16338251038972,0,0.0582359673689816,0.596702020968754,14.7116778851262,0.644826788195086
"1618",227.773455054574,0,1.77317371539943,0.603486190678377,4.71927200835692,0.00879244705989886,0.518138371291853,5.69614910722367,0.642457691978166
"1619",225.014399467384,0,6.06920849204271,2.28699677378519,4.71927200835692,0.0698311969141694,0.541890010318709,18.908016253657,0.633766783430172
"1620",235.147134764537,0,3.12085955747505,0,0,0.0234892195582328,0.597405864050472,9.58629284137132,0.665684471575874
"1621",234.477061780158,0,3.38356926641811,1.26387248653199,1.38815118200477,0.0245157570303834,0.582565072872132,10.6190376238846,0.663573769981186
"1622",232.797887016067,0,3.23352914801876,1.14523375988508,1.38815118200477,0.0217128245442378,0.555653828750253,10.3048859956399,0.658284440408208
"1623",230.707928038849,0,6.87864868585605,1.53038755886993,0,0.0832785872948305,0.642850005643204,20.5860072079856,0.651701157916766
"1624",226.746768912863,0,6.66851341096828,3.36703779482655,0,0.0995384013494583,0.693659732508899,19.1910610665341,0.639223674002403
"1625",228.887239510493,0,4.56802588235936,2.29294769362861,0,0.0526842157600816,0.699265924501807,13.146147913218,0.645966065964362
"1626",225.256082023344,0,6.47416636147822,3.0727244310464,0,0.0900536569146742,0.648486713017401,18.9292960105942,0.634528073271972
"1627",221.120339188892,0,7.33034853763111,3.59933381006818,0,0.0967457344067667,0.633154758790496,21.2043211344684,0.621500658050936
"1628",217.276441544168,0,6.57641825740351,3.33172288786409,0,0.101133644560707,0.613308401420015,18.8317620056005,0.609392542849036
"1629",212.791128808867,0,7.39326461977102,4.00070809222825,0,0.111055922141624,0.595660565214511,20.7798680728724,0.595263997207316
"1630",208.830786264495,0,6.44650799535755,3.52272944463213,0,0.108714308763483,0.546327408503231,18.0402904620909,0.582789085490542
"1631",206.859187247861,0,4.14981100908651,1.61586303012371,0,0.0381763875954727,0.393912374106031,12.6607610553821,0.576578631875022
"1632",204.432102610085,0,5.65186052309225,2.13509631650722,0,0.0634137769807676,0.35540209824971,17.3607267725893,0.568933417794128
"1633",200.747035841667,0,7.39899623324372,3.42388653205999,0,0.0942799806277985,0.355460216985765,21.5161963466666,0.557325613143048
"1634",196.398131279949,0,7.23427147998654,4.13876791206938,0,0.123425598877078,0.333562248525855,19.9186620574456,0.543626747485781
"1635",198.646381557811,0,4.88243924761029,2.54868148600053,0,0.0681332281438779,0.351201464280811,13.7228205206996,0.550708640887504
"1636",195.760994790452,0,5.92017289189649,2.70524004689966,0,0.0832812323445254,0.263427952804563,17.2157949987785,0.541619794458623
"1637",192.577630260403,0,6.36050761416273,3.07223615630795,0,0.100291022427317,0.211419396168434,18.2134956957578,0.531592330664839
"1638",189.320979646021,0,6.5354885583626,3.19816315821798,0,0.104238454725737,0.162725910889003,18.6239053909985,0.521334018801256
"1639",198.042612828903,0,3.36340062682579,1.21313158774772,0,0.0271990677225028,0.252434297093435,10.3313022447219,0.548806794896634
"1640",194.655445347295,0,7.09997342484027,3.24034990429311,0,0.0944809280347708,0.241298505349608,20.6466414428767,0.538137360414752
"1641",190.790485783601,0,6.89987050201503,3.78144747312154,0,0.118789668385556,0.202301758957511,19.148595474215,0.525962901057821
"1642",188.343318010592,0,4.64642997111968,2.35477633459964,0,0.0624214165945373,0.154812855004255,13.1179596305735,0.518254425949321
"1643",184.960425930908,0,6.22309650805432,3.370081638484,0,0.111905681813828,0.124716123013634,17.2704049438221,0.507598458802893
"1644",182.39982648032,0,5.07330393112108,2.53877603760748,0,0.0736917970575738,0.0955152100386065,14.3231247593814,0.499532678701748
"1645",178.853475564201,0,6.70617928345714,3.58870052951568,0,0.119091827868849,0.0767422144711715,18.611061503108,0.488361823125595
"1646",176.283159043871,0,5.84828712571395,2.60293533758999,0,0.087193864994765,0.0545750477356874,16.9171980927787,0.480265434665243
"1647",173.011826606676,0,7.07013182014715,3.33110366776237,0,0.104267829283136,0.0444965987151158,20.1474556866638,0.469960875680008
"1648",169.845085554324,0,6.18769411116284,3.24357411312764,0,0.115114004769837,0.0382809439939489,17.1721558278865,0.459985775138739
"1649",166.482354369262,0,6.20347685012484,3.45633715548181,0,0.125002126095452,0.0313961556762613,16.9531487630236,0.449393313958705
"1650",163.013601234236,0,6.16573160334427,3.57487226364352,0,0.131257548745928,0.0251384201283858,16.6739429312454,0.438466888115004
"1651",159.436704072179,0,6.05639319463408,3.69373001140284,0,0.137031786663562,0.0201989373173603,16.1702347176727,0.427199813154519
"1652",156.144494808382,0,5.61111117062969,3.39731626226065,0,0.12078734451573,0.0156803460526103,14.9813563519004,0.41682949304739
"1653",153.194476607977,0,5.28879909025072,3.04264093298652,0,0.104599103746606,0.0119763711642666,14.2550442771073,0.407537060334665
"1654",149.983738697517,0,5.7337563073405,3.32504816726079,0,0.123759532093487,0.00944927529304032,15.4044277579178,0.397423371548928
"1655",146.74516724912,0,5.75105799113591,3.35880112214697,0,0.127647844794243,0.00741817104430562,15.4022700755062,0.387222008294471
"1656",147.148671476366,0,4.10347870328322,2.19474630139923,0,0.0653509224208595,0.00710039377544078,11.1739422314575,0.38849302956494
"1657",153.489526353806,0,2.76187566000164,1.29819958477599,0,0.0294329493252251,0.0103784871091866,7.72899671612757,0.408466454570146
"1658",150.836269344885,0,5.6200696888817,2.74631345962929,0,0.101806156282576,0.00874970557500793,15.6611762411357,0.400108807074414
"1659",148.205860080327,0,5.51231861654178,2.72419831987493,0,0.1010116184915,0.00722256317396422,15.2978464280333,0.391823129008266
"1660",145.476541268924,0,5.35793430329443,2.82697543194057,0,0.103822598561123,0.00616597802404464,14.6424109416044,0.383225890047819
"1661",142.814608658992,0,5.2708667627919,2.75871473842107,0,0.101761626218157,0.00497949772927461,14.4044687356074,0.37484091477539
"1662",140.088484483704,0,5.17084665095924,2.82627611377247,0,0.104314916756835,0.00416297827223581,13.9834828226307,0.366253738783756
"1663",137.335444761246,0,5.67227406162476,2.865843372161,0,0.115937773282829,0.00313412357941251,15.5587840865369,0.357581779955539
"1664",134.561942859593,0,6.01016980661764,2.89499910973158,0,0.123910475498184,0.0024132674198917,16.6128492703229,0.348845366127245
"1665",131.571407487573,0,6.0731242216669,3.12280642132371,0,0.134253571336889,0.00198252203329819,16.5373684437732,0.339425306035509
"1666",129.438366802646,0,5.24550483782843,2.22344880722686,0,0.0918505697833887,0.00144244748328895,14.8092882346895,0.3327063179847
"1667",126.813704442712,0,5.99579053773085,2.74522826273211,0,0.121782730995802,0.00121682819728777,16.6395829489271,0.324438742425348
"1668",124.229937910783,0,5.39831673213779,2.6979490953823,0,0.115220912692912,0.00103834924038181,14.6998397393303,0.316299986996632
"1669",121.753206160489,0,5.03184467768634,2.58204582005995,0,0.106165976361071,0.000851906594608857,13.6075808017861,0.308498386608567
"1670",119.435475743749,0,4.93713686501718,2.41730765856638,0,0.100244779912872,0.000667538086818325,13.4440278864763,0.301197633704451
"1671",117.061735916378,0,5.33376004369622,2.4853812655679,0,0.112159236784219,0.000517798587150223,14.630255870517,0.293720453522872
"1672",114.487008896534,0,5.52791389525059,2.7013350794626,0,0.127029120427171,0.000421060808013234,15.0001446209616,0.28561017217537
"1673",112.300764829569,0,4.92436009627861,2.28692554028738,0,0.101011026670065,0.000329553347983367,13.4575192737647,0.278723595718626
"1674",109.984885328609,0,5.41005731419691,2.43405650250981,0,0.118433932305637,0.00025693075636773,14.8395357369719,0.271428673121028
"1675",107.807973546817,0,5.25998132364173,2.28853669551076,0,0.111827043824012,0.00020213010456746,14.4827009470054,0.264571492968355
"1676",106.002820756748,0,4.59805268422954,1.89094893973917,0,0.0859583314564651,0.000162181786314196,12.7605656937659,0.258885337935276
"1677",104.094135250989,0,4.934441155392,2.00679639963938,0,0.0982429175746222,0.000132023694975889,13.6941146284304,0.252873059221335
"1678",101.795109267107,0,5.5368766900571,2.42938945765264,0,0.130472089706622,0.000108615935622699,15.1314329813557,0.245631224490587
"1679",99.3698475325736,0,5.24504889883742,2.55763663121751,0,0.13246462924876,8.97325645563526e-05,14.0470953037937,0.237991752477903
"1680",97.1790384078049,0,4.8890702221608,2.30686136342624,0,0.116120816329714,6.85776722263568e-05,13.1350767287136,0.231090796281921
"1681",94.7885944706015,0,5.12615461341205,2.52457979867876,0,0.134189488106304,5.36266309105679e-05,13.6456023025778,0.223560998860007
"1682",92.9624428825033,0,4.36030163480987,1.91964520550725,0,0.0935336151844298,3.99977754040921e-05,11.7915318568849,0.217808698500194
"1683",90.7298811071451,0,5.23235359390561,2.367975715219,0,0.135444934975558,3.0995114741405e-05,14.0573489037217,0.210776223218626
"1684",88.9826433372946,0,4.50736298027183,1.84525057037819,0,0.0980361513913777,2.33508637163768e-05,12.273735822601,0.205272498052712
"1685",86.9828811513444,0,5.15732492460493,2.12791231613799,0,0.128168256532361,1.81263445571279e-05,13.9945413753332,0.198973331643553
"1686",84.8772847727283,0,5.07022032437807,2.23998077106058,0,0.134398724473183,1.43320286778671e-05,13.5788759040087,0.192340791998283
"1687",82.8764236625103,0,4.79535976155609,2.12578283707188,0,0.124932654521015,1.09276671508418e-05,12.8033452267839,0.186038164024103
"1688",81.0232070339867,0,4.71529257886068,1.97182977664833,0,0.11862124923514,8.10111042034462e-06,12.6682021340032,0.180200609930267
"1689",79.4239305629424,0,4.31445844966083,1.6981604029937,0,0.0988901202920807,6.1883427008572e-06,11.6675584661932,0.175162956605217
"1690",77.8167839635676,0,4.64311154551695,1.717378186281,0,0.11023627371912,4.68681290718471e-06,12.6433847804081,0.170100512708387
"1691",76.083099155415,0,4.64954980141546,1.85312857593388,0,0.119447522988271,3.75520702012572e-06,12.4915762344226,0.164639478799299
"1692",74.3593476339252,0,4.72114719495985,1.84792202209325,0,0.124173324879547,2.82427608561659e-06,12.6839312661664,0.159209734323585
"1693",72.9564254024818,0,4.29307073518605,1.50189225590533,0,0.0989721277426663,2.10328074599204e-06,11.6902091759726,0.154790588558624
"1694",71.5379411443239,0,4.3162222114304,1.52118978272471,0,0.102707188634067,1.66406724513219e-06,11.7121862992997,0.150322423066904
"1695",70.3286383935256,0,3.92588600551616,1.29398292798067,0,0.0846814784561534,1.30127377381122e-06,10.7288430482091,0.146513170486846
"1696",69.1706368077218,0,4.29008419191034,1.2515499017534,0,0.0935493072823299,9.9133268522574e-07,11.9058881927168,0.14286551440939
"1697",68.0500704446963,0,4.35831739996702,1.21605425310228,0,0.0954886803060134,7.90229292082169e-07,12.1451121950898,0.139335777702298
"1698",67.0840584207522,0,4.46892761502493,1.05798945498756,0,0.0919780380111626,6.06967699414583e-07,12.734914055499,0.136292880634424
"1699",65.854753168774,0,4.70826961234817,1.34526326029816,0,0.115958537614771,5.29294758732999e-07,13.0142368536506,0.132420621020622
"1700",64.6529650771859,0,4.17740941511528,1.30324305996121,0,0.101455407341033,4.38967979056146e-07,11.3752586175962,0.128635039299632
"1701",63.5105561392734,0,4.29302610590766,1.24651454211195,0,0.104105939830764,3.35631325444896e-07,11.7755710556325,0.125036499404348
"1702",62.4026938197477,0,4.38448930379243,1.21528828074763,0,0.107426221677391,2.60455412245175e-07,12.0721431284866,0.121546779897619
"1703",61.6938201831471,0,3.88768976474222,0.781949111318251,0,0.0730756657748084,1.91057115094177e-07,11.1882344811951,0.1193138578875
"1704",60.720481312781,0,4.37198441939547,1.07682930426526,0,0.103490604915351,1.71016205827637e-07,12.1831974167701,0.116247881562907
"1705",59.6858461104541,0,4.2031153984802,1.13935802434634,0,0.104722964747076,1.42727666025566e-07,11.5289501644813,0.112988824381998
"1706",58.9757956581434,0,3.61220062423603,0.781409330948932,0,0.0713589872284774,1.08590233777751e-07,10.1980880505645,0.110752195452104
"1707",58.1998913854997,0,4.05837039982843,0.864590986524302,0,0.0886868038427906,8.99622185927898e-08,11.4577297843219,0.108308129770045
"1708",57.3497759598396,0,4.12584332327522,0.947667560696656,0,0.0975522112948137,7.62582707726547e-08,11.4972879352291,0.105630302090909
"1709",56.6016650196932,0,3.67147757228798,0.828213634940323,0,0.0801027578511051,6.30571325264174e-08,10.2311288841723,0.103273784232135
"1710",55.7445836979678,0,4.06983143229867,0.95802732382025,0,0.100946054061662,5.19668062866051e-08,11.2495151245069,0.100574014274656
"1711",55.0576382000952,0,3.50464872011267,0.762366129949298,0,0.0754206740762158,4.19995354506923e-08,9.76623499483272,0.0984101649752121
"1712",54.270383462259,0,4.02064944380512,0.88656170730623,0,0.0993070038550417,3.43850060161666e-08,11.1581499566648,0.0959303458072779
"1713",53.4214868342697,0,3.78421136925209,0.947240995975218,0,0.0983443971338681,2.91479395209675e-08,10.3045640757963,0.0932563572893193
"1714",52.6736321153356,0,3.7357591056868,0.840217925726874,0,0.0923632292975381,2.25047445522803e-08,10.285945635308,0.0909006465165394
"1715",52.2073529264572,0,3.5830304350502,0.535881413930835,0,0.0696022413445506,1.62921420314094e-08,10.4194114885804,0.089431886768751
"1716",51.8078240419866,0,3.65433743297422,0.466891337246353,0,0.0673624662970271,1.35212714884621e-08,10.8702940411533,0.0881733876600932
"1717",51.2648055695464,0,3.89837731370039,0.630578555941659,0,0.0875600963733433,1.28719303557029e-08,11.163115073618,0.0864629024108067
"1718",50.6101483145725,0,3.88879412241182,0.753341933890359,0,0.0986846904448051,1.15283639245555e-08,10.8367143982342,0.0844007597125315
"1719",49.9062861155009,0,3.6116829462545,0.79941596684398,0,0.095553777690141,9.91769099566109e-09,9.87017437995204,0.0821836235189288
"1720",49.3488233620778,0,3.06692442585201,0.627080517140245,0,0.0696177717512848,8.03415304368138e-09,8.4443929652451,0.0804276393947207
"1721",48.8565522910414,0,3.04902664580271,0.558496657250731,0,0.0662255927380977,6.52375357204017e-09,8.49657500836734,0.0788770063161179
"1722",48.3286751514286,0,3.50901911684709,0.612621693502298,0,0.0847445592607787,5.37130508701005e-09,9.8198472957048,0.0772142156256178
"1723",47.7078363405138,0,3.57732949996389,0.717995343146403,0,0.0971565368936255,4.66202868082594e-09,9.81244853327734,0.0752585995975256
"1724",47.1356555601931,0,3.11817044961422,0.651589939607334,0,0.0794091631998344,3.9132312418335e-09,8.49090710375803,0.0734562543103283
"1725",46.6280585581262,0,3.00464240172324,0.580340842544647,0,0.072743843637841,3.16009792646071e-09,8.24159444303627,0.0718573451963976
"1726",46.0824041713929,0,3.224698360019,0.630876381051503,0,0.0852219969337123,2.61543279529712e-09,8.81260498492554,0.0701385569284381
"1727",45.6218082574937,0,2.94265585950369,0.531318306759981,0,0.0707223949920938,2.13132013606486e-09,8.10223500444653,0.0686876992567538
"1728",53.1399786780975,0,1.02344343589965,0.112674268125144,0,0.0108447089121751,2.01833669254783e-08,3.00911770734783,0.0923696184892146
"1729",52.7729407284484,0,2.65306612925046,0.415724565636415,0,0.0486866355406415,1.95532980561972e-08,7.67445993963445,0.0912134644527197
"1730",52.3308766005468,0,2.82505660945725,0.50141023837993,0,0.0593461287874851,1.83091841389593e-08,8.01251539662482,0.0898209811240838
"1731",51.8605926294396,0,3.08455281955706,0.540659417096091,0,0.0703754619059966,1.59171343130541e-08,8.74850680006435,0.0883396064814499
"1732",51.3392801139961,0,3.14442521461488,0.599332502066265,0,0.0780200008574467,1.4234693961681e-08,8.79954608740521,0.0866974940797716
"1733",50.9459212562471,0,2.25649222907782,0.437826940353901,0,0.0444680954088409,1.28039184188493e-08,6.28805770082412,0.0854584302946445
"1734",50.5095976687478,0,2.77546362507331,0.499290939862005,0,0.0629673631989851,1.0836264803555e-08,7.80085265930406,0.0840840294257764
"1735",50.0994402481783,0,2.74361380093886,0.471591839556325,0,0.061434428354006,9.36715818598204e-09,7.74586409486494,0.0827920508773917
"1736",49.5742370360092,0,3.17413251743405,0.61230625365984,0,0.0871030498893844,8.39867799881101e-09,8.80888699869748,0.0811376829453837
"1737",49.1752359397657,0,3.01836025793549,0.471310752939732,0,0.0723096634141093,6.71782897082483e-09,8.6012935953826,0.0798808463473458
"1738",48.959041637316,0,2.63017899635573,0.261658554671634,0,0.0454642573318145,5.10995764109092e-09,8.02447815884387,0.079199843427393
"1739",48.7675711359779,0,2.56013241416184,0.233673690594949,0,0.042203193878279,4.6214064104393e-09,7.91891616385672,0.0785967194365268
"1740",48.5665711591388,0,2.75419668516436,0.249617439364432,0,0.0486174668426974,4.31735146718294e-09,8.51918929190587,0.077963578000389
"1741",48.3598533564697,0,2.59988030265559,0.253132946925926,0,0.0464151484284572,4.17163401706992e-09,7.93203912478,0.0773124256544266
"1742",48.114967380921,0,2.639185862465,0.297251595681968,0,0.0523656242456491,4.11240534951164e-09,7.850595868729,0.0765410451762435
"1743",47.8040391180299,0,2.80825700520189,0.376343191304242,0,0.0654149324245607,4.01143016548889e-09,8.1233768163587,0.075561634282777
"1744",47.5144287600673,0,2.62946618690209,0.348630161597304,0,0.0590198072566945,3.62195921696265e-09,7.60619295973018,0.0746493738892965
"1745",47.215778743539,0,2.65303520100884,0.36068826304179,0,0.062038249822106,3.30865718640026e-09,7.63506908008636,0.0737086389531989
"1746",46.930251100941,0,2.56255413237726,0.344705427026529,0,0.0591777874127416,2.98413428491896e-09,7.37467705468864,0.0728092389406496
"1747",49.2512445223007,0,1.91168217036389,0.25469421215073,0,0.0356876401327685,6.62234684825569e-09,5.50155739522323,0.0801202701714765
"1748",49.1418752833697,0,1.04926524055239,0.121936623911789,0,0.0125673908066559,5.82587265255383e-09,3.12117364670477,0.079775761688963
"1749",48.9113316595974,0,2.10165429100645,0.27136036301768,0,0.0408167449193777,5.67405433543541e-09,6.1448584984018,0.079049559013007
"1750",71.669330213313,0,0.917889256791742,0.113533704626056,0,0.0115334554695854,1.19712794887053e-06,2.69876841172803,0.15073629308391
"1751",73.9799274147276,0,1.4837588556956,0.248680841016584,0,0.0192797637332139,1.72130198517288e-06,4.52683659439815,0.158014576661081
"1752",73.7092710335753,0,2.00096139989205,0.300500221201563,0,0.0298453819763989,1.54192714425704e-06,6.27984318225236,0.157162020493874
"1753",75.8375113483038,0,2.39446549032645,0.459510859299077,0,0.0477536462131146,2.47218548494412e-06,7.16601270021085,0.163865887581342
"1754",80.7558478740316,0,0.839011147739891,0.171962281698699,0,0.0103041889021872,5.38147574805124e-06,2.49574595860875,0.179358439870546
"1755",80.5463252299739,0,1.47462380505054,0.227050061006798,0,0.0175318426927566,4.42574360344437e-06,4.69945669325828,0.178698452392695
"1756",80.3422946261259,0,1.63870477153655,0.2239616023891,0,0.0199352080553328,4.20951430436789e-06,5.35536787090687,0.178055764609503
"1757",80.2683483482452,0,0.63924656870262,0.0803833271552924,2.54,0.00644121185272195,4.16257813694249e-06,2.12752870136651,0.177822836957915
"1758",80.1871262977969,0,0.758847484066302,0.0877735901431315,5.08000000000001,0.00655565094912435,4.11125430115988e-06,2.57494404056526,0.177566990930091
"1759",80.1132444707478,0,0.696423046404755,0.0804347626348591,15.24,0.00655700114158434,4.06555579637118e-06,2.36312356660004,0.1773342662959
"1760",79.9984983281556,0,1.14468114897636,0.126580673754006,15.24,0.011838526245276,3.99508340278666e-06,3.92367402819578,0.176972820793992
"1761",79.9147077143823,0,0.761925207036225,0.0914565952365094,17.78,0.00766992670082973,3.9452376776621e-06,2.56011652945996,0.176708883900199
"1762",81.2903672353035,0,0.741394951056957,0.108586026871965,34.0854799198789,0.00973029007338566,4.82240125016324e-06,2.3816595925639,0.181042153278683
"1763",99.2875934476567,0,0.582728774293901,0,28.7975954304469,0.00939656045668022,5.48375355255233e-05,1.76617194762989,0.237732655585099
"1764",108.201862715959,0,0.70588973699679,0,22.4330357779911,0.00986275957202334,0.000153143725459493,2.12577119547228,0.265812227211967
"1765",120.160339960674,0,1.34022860421687,0,10.4965828593574,0.0225344859541434,0.00051015987269386,3.98668138271636,0.303480925367099
"1766",130.510462037157,0,1.44568998132032,0,0,0.0246054274996294,0.00134560813861692,4.25060259270928,0.336083372684552
"1767",131.366872414786,0,0.989503534197019,0.254169257822818,1.43904368596776,0.0108733362044946,0.0012500147845144,3.10547071191728,0.338781029196471
"1768",130.951715991412,0,1.64739275845755,0.438620110091567,1.43904368596776,0.0246976267368938,0.00123394001938901,5.13228851734315,0.337473304000427
"1769",131.446038238698,0,1.66559076114699,0,0,0.0281134362217385,0.00140660753457895,5.01588942000318,0.339030398197568
"1770",130.945944222133,0,1.60719084999122,0.526234178066523,0,0.0275372362589735,0.00139707475770775,4.78079472410309,0.337455123171017
"1771",130.268165263436,0,1.98104774694013,0.719809506051997,0,0.043439535156681,0.00140898780199833,5.76086417016578,0.33532014808275
"1772",129.600746422019,0,1.95889947107226,0.709354076818952,0,0.0432648779812363,0.00132964257936581,5.69645723748321,0.333217806926271
"1773",129.102363528875,0,2.03188371926442,0.53507184068352,0,0.0377398549979462,0.00105090745819007,6.33013191749195,0.331647921866214
"1774",128.899070540251,0,1.15166141967439,0.214235650965909,0,0.0118994848028914,0.000956822461239549,3.90785206725467,0.331007557539817
"1775",128.717608724991,0,1.20976442863124,0.192462425084302,0,0.011942034338319,0.000941424513587567,4.28259503701135,0.330435960487298
"1776",128.577375772213,0,1.10277132832553,0.148833307077483,0,0.00952987134207946,0.000929517042409695,4.09444811748366,0.329994232609953
"1777",128.420993999175,0,1.13383413121994,0.166014915667293,0,0.0105502175146462,0.000917074885312996,4.10774104502832,0.329501636630968
"1778",128.367443289991,0,0.353582719289527,0.058256135198899,10.16,0.00561850182869248,0.000913075814156074,1.23791856216997,0.329332954159196
"1779",128.278453254544,0,0.492332800160317,0.0945378274917869,17.78,0.0064540473681651,0.000906255323117031,1.65426911729121,0.329052639306773
"1780",128.083450653664,0,0.963726996468981,0.20627695227603,17.78,0.0121653419549684,0.000890990559018722,3.14950727114573,0.328438389351557
"1781",127.911258328405,0,0.989612101953773,0.182705557058703,17.78,0.0113906124808397,0.000877380681360676,3.3579814625497,0.327895990800965
"1782",128.085528071012,0,1.10456795329681,0.26133800678868,19.9018891399129,0.0184039268490647,0.000907037540525328,3.52013119786941,0.328444933128446
"1783",130.768500707647,0,0.618613697603302,0.151419671727299,27.235360320749,0.00902050091003127,0.0011570117113076,1.95619973246522,0.336896183596189
"1784",130.667135038321,0,0.570364546533992,0.107173862768966,29.775360320749,0.00692400838371019,0.00111581494141141,1.93537808437813,0.336576886019831
"1785",130.927347631748,0,0.695381562362877,0.167333851398297,31.8972494606619,0.0105973907008091,0.00116180596215748,2.21610116859779,0.337396544696885
"1786",148.597856812299,0,0.414819214754962,0.113444993284531,31.8972494606619,0.00895888591787149,0.00500471208277779,1.28310495450559,0.393057902154734
"1787",148.37607615006,0,0.958032255622078,0.230182855502429,31.8972494606619,0.0131924958006373,0.00479030253690582,3.13089657769175,0.392359302437433
"1788",148.148385161359,0,1.19323240296459,0.239799673534891,31.8972494606619,0.0168120698041528,0.00470338497052256,4.09009530147376,0.391642085441446
"1789",147.875398822403,0,1.1155437916319,0.285867847767516,31.8972494606619,0.01748637838675,0.00460486957482198,3.58357656533476,0.390782190005584
"1790",148.992089673279,0,0.533877600900094,0.141014538342452,38.2629168804006,0.00847418576487025,0.00510137680809796,1.70140659355803,0.394299719013119
"1791",148.803793514777,0,1.06256130819305,0.198775276108585,38.2629168804006,0.0154312568121281,0.00495213920534324,3.72010365636312,0.393706594068092
"1792",148.618665983267,0,1.039632047514,0.19430134374819,38.2629168804006,0.0140542426196448,0.0048804303813708,3.6398266635608,0.393123450164237
"1793",148.392495518234,0,1.01968146644924,0.236649795101288,38.2629168804006,0.0152755536458072,0.00479622357723885,3.36242899939198,0.392411022753574
"1794",148.15517184048,0,0.96481222827,0.247494835507133,38.2629168804006,0.0148790161355149,0.00470785838262721,3.09936599272263,0.391663463193987
"1795",150.159175163529,0,0.434380752883208,0.118472518365919,43.7630202660277,0.00825926602259111,0.00568003898116428,1.37361250788708,0.397975989005845
"1796",153.600458289568,0,0.33720375240168,0.0927995559895066,52.9298592420729,0.00830916435870393,0.00738750628467904,1.06631633407096,0.408815885481662
"1797",156.069068085979,0,0.259803530957721,0.0703968503085317,65.6301612540745,0.00811508801944283,0.00880642929788627,0.827964012455063,0.416591902058097
"1798",157.00000001689,0,0.39751288015518,0.102264534344981,92.5361929298659,0.00856417640867474,0.00933603536178553,1.2878187638492,0.419524298314814
"1799",156.892561393758,0,0.421827388552555,0.105463934042362,92.5361929298659,0.00732331325839692,0.00929800234785815,1.37855267340479,0.419185871190513
"1800",158.815621709884,0,0.359197865418998,0.0958019943250484,113.375581977936,0.00894249975467582,0.0106911412342982,1.15388841073711,0.425243429949866
"1801",158.939999762931,0,0.366299237315559,0.0985303479033421,115.691069649943,0.00926953130732879,0.0108734583488824,1.17670088130182,0.425635215562824
"1802",158.867775069389,0,0.319003940311162,0.0676008921110568,115.691069649943,0.00619522926730097,0.0108190306984519,1.09346386686837,0.425407710829176
"1803",158.817584643499,0,0.20926073382155,0.0458989453161695,118.231069649943,0.00648677483521433,0.010778255408666,0.71006979767628,0.425249613107834
"1804",158.789464388912,0,0.133128923533747,0.0224227973556643,125.851069649943,0.0050503700806687,0.010747827312368,0.488175537347604,0.425161035493776
"1805",158.702175604149,0,0.491477976987028,0.0895694404135778,133.471069649943,0.0129588045682421,0.0106781489175418,1.75978569529558,0.424886079509141
"1806",158.505044656304,0,0.797547631030958,0.207521538777501,133.471069649943,0.0209157938220276,0.0105252028890919,2.58380760870992,0.424265125350895
"1807",158.340142401409,0,0.713438061238206,0.167758438352768,133.471069649943,0.0132476579566329,0.0103914744988144,2.37445146559352,0.423745690213994
"1808",158.144101969844,0,1.05826722516914,0.207684739250364,133.471069649943,0.021876199459802,0.0102318917752177,3.70506976247407,0.42312817113596
"1809",157.959896144521,0,1.12188574684367,0.196172267017211,133.471069649943,0.0220514070111915,0.0100849653165428,4.06445352388855,0.422547930567658
"1810",157.784293872239,0,0.931337873494308,0.182473581424284,133.471069649943,0.0168243591471873,0.0099530500053554,3.26068096191786,0.421994790827991
"1811",157.721881774203,0,0.378629229444903,0.0610370502052493,143.631069649943,0.00852524189117458,0.00990028972186225,1.40580163439591,0.421798195355671
"1812",157.668059677293,0,0.278153737750086,0.0504251037921671,156.331069649943,0.00646596110215436,0.00986295421909219,0.995957075811185,0.421628658024031
"1813",157.589368698671,0,0.42223420897645,0.0824851916502354,161.411069649943,0.0135993319611615,0.00980511893363405,1.4782723712442,0.421380784765538
"1814",157.494247155151,0,0.76327007879825,0.100012224145281,161.411069649943,0.0146117582682808,0.00972107764252934,3.03323160110508,0.421081155921701
"1815",157.38851830784,0,0.796432461490307,0.108854994061804,161.411069649943,0.0127701300066765,0.00964398325570788,3.11980691856741,0.420748114519009
"1816",157.331229277622,0,0.305991829010141,0.0553635045177736,163.951069649943,0.00768513424088593,0.00961065994206203,1.09563412560313,0.420567656493897
"1817",157.304464767956,0,0.121988612904256,0.022883225326167,179.191069649943,0.00571066946701297,0.00959195380656707,0.431842609876332,0.420483349419072
"1818",157.245995623423,0,0.294843231081407,0.057507678067542,181.731069649943,0.00858823388462627,0.00954970035023549,1.03226738404875,0.420299174083723
"1819",157.207664206817,0,0.183516642452614,0.0344540151727946,199.511069649943,0.00564336896714237,0.00952077040008966,0.649653307351555,0.420178431740661
"1820",157.097511655146,0,0.70092203722457,0.117202259459839,199.511069649943,0.0164865648000023,0.00943685701111612,2.57023780466567,0.419831455856106
"1821",157.065672809916,0,0.17590931166266,0.0271219850507662,212.211069649943,0.0046949371178197,0.00941179729654017,0.661554055534905,0.419731164838612
"1822",157.021029517014,0,0.245689906585544,0.0426687617352883,217.291069649943,0.00740837354635835,0.00938290471374657,0.890104192351964,0.419590540351849
"1823",156.90329045064,0,0.736348010992958,0.127899290605021,217.291069649943,0.019457992352278,0.00929776812081052,2.66769791532586,0.419219667266461
"1824",156.785366593274,0,0.848302000021614,0.125526398119784,217.291069649943,0.016811621912056,0.00920908115893536,3.23264450819552,0.418848212097251
"1825",156.690593049034,0,0.705098147973862,0.0960114764598873,217.291069649943,0.0103774996094068,0.00913956738924115,2.76202965936578,0.418549679436444
"1826",156.574482004754,0,0.945361921027921,0.123282415671124,217.291069649943,0.01622783966878,0.00905646827741141,3.75686370132327,0.418183934551878
"1827",156.428528263183,0,0.972228357943969,0.155775878183423,217.291069649943,0.0187838115352462,0.00896167492272852,3.60975885725317,0.4177241864315
"1828",156.264955029883,0,0.968883992353303,0.174529475816633,217.291069649943,0.0198086843934611,0.00885244187662355,3.46918533480741,0.417208937656481
"1829",156.129544241193,0,0.890024351667518,0.142399999799602,217.291069649943,0.0157467515717313,0.00875754046283119,3.30454595399489,0.416782399392306
"1830",155.999060266276,0,0.9375076670409,0.13819043899561,217.291069649943,0.0163739161263017,0.00866745204732349,3.57258265473115,0.416371380383394
"1831",155.828907752848,0,1.01670480860394,0.182734908964527,217.291069649943,0.0211419434287968,0.0085595478921438,3.64041251550659,0.415835407153903
"1832",155.714953022725,0,0.667328614396227,0.115356309062117,217.291069649943,0.00988561692267251,0.0084840379839469,2.41764916436929,0.41547645456784
"1833",155.537662942096,0,0.977197588743441,0.189249975281019,217.291069649943,0.0203308014938122,0.00837090684158559,3.42123912742098,0.41491799830318
"1834",155.47840148383,0,0.280586879603232,0.06269349292337,235.071069649943,0.0117676600432533,0.00833562538565381,0.942789530767781,0.414731327213043
"1835",155.422321582022,0,0.241812383286234,0.0579062911366432,242.691069649943,0.0101270465690442,0.00830065724054369,0.797383297359555,0.414554677891348
"1836",155.373547044829,0,0.220777897576094,0.0493116008268872,252.851069649943,0.00880553616743885,0.00826847253337966,0.741827596336636,0.414401040159589
"1837",155.34093859221,0,0.196153892624011,0.0287787455573752,252.851069649943,0.004408701634835,0.00823840869634045,0.74748828098487,0.414298324911329
"1838",155.261214872908,0,0.686554951547876,0.0815618276534132,252.851069649943,0.0100190334897759,0.00818092513919454,2.81155242125865,0.414047198563319
"1839",155.170908831003,0,0.924653497471535,0.096145355206772,252.851069649943,0.0139583776520677,0.00811906434967638,3.97413606896445,0.413762738346147
"1840",155.088122078028,0,0.868280329548753,0.0862867696433395,252.851069649943,0.0115656152178895,0.00806559855011008,3.79593015690375,0.41350196357146
"1841",154.962227122968,0,1.00017732827149,0.134902524773962,252.851069649943,0.0170054420892785,0.0079978723746961,3.91792185704833,0.413105399781244
"1842",154.886148415695,0,0.435030400763292,0.103713963340024,255.391069649943,0.0355980514747562,0.00796279540779594,1.434525274091,0.41286575506715
"1843",154.683943823948,0,0.902084657628905,0.230495155848344,255.391069649943,0.0361304943586566,0.00783993025779235,2.92247523708283,0.412228819144938
"1844",154.502107406671,0,0.996333723985625,0.199204181535345,255.391069649943,0.0250949826134983,0.00772721835489397,3.45097022400778,0.411656042111889
"1845",154.218083174987,0,1.18604974199523,0.312845667171992,255.391069649943,0.0363838613262807,0.00756242583774825,3.81007011344465,0.410761377780211
"1846",153.919483630378,0,1.20250825979246,0.326871610307155,255.391069649943,0.0358054198992379,0.00753335420111045,3.83225570537046,0.409820801828528
"1847",153.573742611469,0,1.32192897709185,0.381419739300336,255.391069649943,0.04329585457162,0.00761713418114532,4.1487590288648,0.408731732224208
"1848",153.279091952322,0,1.27302497697012,0.323628553257637,255.391069649943,0.0360087056202164,0.00703081150900421,4.12420712393225,0.407803595094918
"1849",153.009998330166,0,1.29167750412071,0.296142025208174,255.391069649943,0.0339326994899147,0.00688429643740915,4.298937370135,0.406955961552534
"1850",152.939207410238,0,0.348396058570738,0.0824157040419735,257.931069649943,0.0184721228965064,0.00684733878329438,1.14884603590119,0.406732973145201
"1851",152.782156727372,0,0.690547251766085,0.169290152842512,257.931069649943,0.0190040177711043,0.00676454779439085,2.25674241613609,0.406238270128516
"1852",152.920118875106,0,0.0325256126775054,0.00818023268373614,275.566225013093,0.00813184017762552,0.00683409660989367,0.105372923502331,0.406672845065899
"1853",152.867456060801,0,0.267386072276438,0.0569353380071772,278.106225013093,0.0110806615476188,0.00680813784497695,0.907302439284635,0.406506959425491
"1854",152.776866855556,0,0.552241218867044,0.0939906858902755,278.106225013093,0.01015807100185,0.00675659035667834,2.00070174202279,0.406221607255758
"1855",152.744648527493,0,0.176749933891974,0.0312145510321293,293.346225013093,0.00573676246851951,0.00674053949983651,0.632870687745472,0.406120120883367
"1856",152.702604329741,0,0.195267253606105,0.0430673734180982,300.966225013093,0.00774512693434147,0.00672195126820235,0.656110231034097,0.405987683436534
"1857",152.647997054486,0,0.242820548609831,0.0593832415561716,303.506225013093,0.0114704760236249,0.00669450972179057,0.793549507518517,0.405815672826276
"1858",152.48725845338,0,0.658787521883769,0.172412928839392,303.506225013093,0.018285986997875,0.00661165926522565,2.11629121390569,0.405309353022921
"1859",152.234184101995,0,1.18770747098929,0.280868295540011,303.506225013093,0.0342752364398593,0.00648129228395542,3.91649958800903,0.40451217950676
"1860",151.934168864825,0,1.35914745523832,0.332183261834663,303.506225013093,0.0384997226486168,0.00633169798487056,4.44176079793992,0.40356714418331
"1861",151.597376288586,0,1.48051450003846,0.373643851465023,303.506225013093,0.0430189255145463,0.0061676502883612,4.7964089932282,0.402506261795393
"1862",151.297635694313,0,1.15982901372873,0.321660191704694,303.506225013093,0.0281807381576078,0.0062611407260927,3.66764786352417,0.401562091585468
"1863",150.991848140547,0,1.27255318896246,0.331106441433023,303.506225013093,0.031202032987844,0.00588314532058444,4.08795407254854,0.400598873708586
"1864",150.807870764962,0,0.844402793583245,0.191769036158888,303.506225013093,0.0135900112604087,0.00579835068654802,2.81032588490616,0.400019352747308
"1865",150.768557984377,0,0.207693856717345,0.040693798975228,311.126225013094,0.00716001276477724,0.00577899437470927,0.719382771039513,0.399895519149167
"1866",150.645825874802,0,0.729006597429754,0.132606335966362,311.126225013094,0.0155967026831944,0.00572247629096906,2.5807008060516,0.399508918188619
"1867",150.582600768162,0,0.361057824816427,0.0787155759204308,313.666225013093,0.0211869165153323,0.00569644723540155,1.21317695866629,0.39930976177354
"1868",150.410658776972,0,0.995161149183788,0.194900882648045,313.666225013093,0.028577665226736,0.00561877376895627,3.44690881302755,0.39876815176469
"1869",150.117894238689,0,1.52099082151869,0.332026083061732,313.666225013093,0.0447537205658497,0.0054921757863844,5.1106246484135,0.397845955836445
"1870",149.886058531693,0,1.05446983466038,0.246849603186884,313.666225013093,0.0204082578758435,0.00539436168566416,3.47714464536915,0.397115683152915
"1871",149.634155314873,0,1.10710048151511,0.267907563434079,313.666225013093,0.021293299362176,0.00528895274831159,3.61805887891094,0.396322198661158
"1872",149.303495346137,0,1.61693173183957,0.364504732563828,313.666225013093,0.0389970725162253,0.00515230868749853,5.3814425232203,0.395280633727816
"1873",148.905463502473,0,1.76917843180943,0.441174989183055,313.666225013093,0.0481371308923481,0.00499398537324784,5.73159083598012,0.394026850234459
"1874",148.500625501944,0,1.80352305444443,0.448883750751207,313.666225013093,0.0488828758414803,0.00483712561950746,5.8428567890466,0.392751627634491
"1875",148.233100243993,0,1.57294817006213,0.293811316450157,313.666225013093,0.0310199240000455,0.00473386550159737,5.50700481336806,0.391908934373097
"1876",148.169901840106,0,0.491951207914339,0.0913438286781905,316.206225013094,0.0328556890181559,0.00471026422691648,1.72235660493472,0.391709862070563
"1877",148.108899000216,0,0.516453116264803,0.0922427329527732,318.746225013093,0.0359270069027687,0.00468711383993725,1.82825639456695,0.391517705701872
"1878",147.919215459282,0,1.22453845313239,0.219462499524825,318.746225013093,0.0343963693415599,0.00461741075052681,4.33489543740988,0.390920210560792
"1879",147.865950166995,0,0.378389821551138,0.0650564560677879,323.826225013094,0.0163890362828405,0.00459787250143975,1.35486232627004,0.390752427140192
"1880",147.827200689741,0,0.213326553845133,0.0411786746194169,344.146225013093,0.00701450190503152,0.00458530454015548,0.738892569414188,0.390630367923747
"1881",147.786121591081,0,0.280529992669303,0.0463903281853114,351.766225013093,0.00987978793056064,0.00456855840510505,1.01632552197854,0.390500970498286
"1882",147.602710334383,0,1.37453355699285,0.218551147432752,351.766225013093,0.0396415590535691,0.00450166831871846,5.04032962917484,0.389923232787587
"1883",147.55583598577,0,0.331119464097913,0.0568379461655341,359.386225013093,0.0144500753430898,0.00448647779054898,1.18560611794987,0.389775580569584
"1884",147.506678756221,0,0.502588422520323,0.0860026336926578,361.926225013093,0.0413139658081243,0.00446856166501414,1.79956774868017,0.389620737373067
"1885",147.265686802676,0,1.42394556647917,0.28478840191196,361.926225013093,0.0481820247195474,0.00438557635193914,4.8809209811441,0.388861622899701
"1886",147.209895162526,0,0.271305447650904,0.0646563123297317,379.706225013094,0.0132329215823024,0.00436824940245566,0.886639559967409,0.388685881590053
"1887",146.894358619781,0,1.24638076693097,0.359912139909222,379.706225013094,0.0489712062641127,0.00459560909987682,3.88297548688175,0.387691954809716
"1888",146.600878395289,0,1.11776982373138,0.313231883563014,379.706225013094,0.0241589665418834,0.00440730747078188,3.50802329683401,0.386767504500144
"1889",146.29592972293,0,1.6815722444187,0.335326238598966,379.706225013094,0.0344383741334429,0.00406080789439829,5.76399930046963,0.385806929064253
"1890",145.980781258291,0,2.06687166740896,0.353347738653949,379.706225013094,0.0421578853746396,0.00395861135960015,7.40063922419459,0.384814224713556
"1891",145.647997841019,0,1.69071824250144,0.361539474139763,379.706225013094,0.0326131959011279,0.00385713903347184,5.68091943843727,0.383765971007024
"1892",145.585781402234,0,0.370756340499367,0.0816534359002134,384.786225013093,0.0232754324172212,0.0038384353015929,1.23394444999042,0.383569991853081
"1893",145.336024185973,0,1.48243335131552,0.293569574727856,384.786225013093,0.047573863444392,0.00376150497785105,5.08140213918039,0.38278326717243
"1894",144.956124749618,0,2.02885866929779,0.431921049362749,384.786225013093,0.0556710338207463,0.00364942081276313,6.81709250099722,0.381586599996124
"1895",144.474388325999,0,2.29175397846001,0.541074953881726,384.786225013093,0.0628503651101495,0.00351183484761861,7.48956483037494,0.380069150611867
"1896",143.91612620918,0,2.39325989065609,0.622526281263712,384.786225013093,0.0676877628048332,0.00342359836019363,7.62704438469639,0.37831064852673
"1897",144.230877978092,0,0.227788284590293,0.0590038497202099,386.958498147279,0.00953562642025695,0.00350687360192462,0.72593509951305,0.379302103302646
"1898",143.851440159364,0,1.48533255729455,0.435945981772697,386.958498147279,0.0601791931067195,0.003671030061772,4.59438110763238,0.378106890202365
"1899",160.452100149878,0,1.83604736288362,0,370.404024617853,0.0597870944313265,0.0136006333437283,5.52921567346514,0.430398267905574
"1900",180.483821241561,0,2.24817092062403,0,350.381182050073,0.0738796273654981,0.0650011034624936,6.68747191801152,0.493497343138072
"1901",179.719793823905,0,2.24785371756728,0.762609139945993,350.381182050073,0.057543749963946,0.0589620276736815,6.95298611882803,0.491090689047508
"1902",179.70313225505,0,0.516530692443928,0.150987837682511,352.76579086434,0.0324750035048567,0.0535399204110486,1.65930490457069,0.491038205809452
"1903",179.452380190706,0,1.02886088179292,0.215592700709794,352.76579086434,0.0173401372519365,0.0524995008856518,3.64219215068737,0.490248347399369
"1904",178.974088031831,0,2.01836320901013,0.470017414156484,352.76579086434,0.0423052304806276,0.0505799751992764,6.9184325344581,0.488741747303558
"1905",178.802228932009,0,0.686733552474209,0.187656415358238,357.84579086434,0.065713995386348,0.0499166798501266,2.24427905909231,0.488200398399017
"1906",178.643714191891,0,0.510582567507072,0.139710925635854,365.46579086434,0.0305060500361857,0.0493098645181998,1.66860896786711,0.487701083663834
"1907",178.535335555381,0,0.364734470262531,0.0705088331950375,370.54579086434,0.0109894147652098,0.0488592180805671,1.321387946244,0.487359695537099
"1908",178.245411842285,0,1.59856827301867,0.275578748323268,370.54579086434,0.0333998873244214,0.0477448520967729,6.01184391019033,0.486446448088187
"1909",177.835643637209,0,2.3512357811838,0.405094962634798,370.54579086434,0.0415706858828063,0.0462439283246433,8.84245155562792,0.485155695552163
"1910",177.678571636193,0,0.759043596011554,0.168683025873242,373.08579086434,0.0573258101269876,0.0457147852698421,2.62907576598045,0.484660925384204
"1911",177.516250949604,0,0.615134392653412,0.167426863728746,375.62579086434,0.0502672655657123,0.0451610884255794,2.01028947979262,0.484149622078414
"1912",177.019511056307,0,1.57213902951138,0.499354480863595,375.62579086434,0.0486370383480359,0.0460224507817903,4.93402149914663,0.482584912398467
"1913",178.028823996659,0,0.546329799530383,0.172663080583898,376.976209511236,0.0419458759465388,0.0495512081143758,1.7146085211975,0.485764205523851
"1914",194.154574427199,0,1.77878074335545,0,360.728126351156,0.0667495446385351,0.189082274177326,5.42692616898129,0.5365596381749
"1915",215.39295390695,0,2.35041914356918,0,339.112322522734,0.065872077351127,0.44329642602284,7.2197437261319,0.60345963635656
"1916",242.776151111428,0,3.09566771227382,0,311.200651922772,0.0918571994279748,0.620330594912188,9.32253425514127,0.68971555079364
"1917",256.644170260315,15.5463419696828,3.38455999118758,0,281.233623372009,0.0990324494226895,0.672321092985642,10.0085447739812,0.733399225281535
"1918",256.658904310799,30.3068104510017,3.46496973898327,0,250.37362827585,0.0962195287925043,0.657587042502269,10.3069956174767,0.733445636918142
"1919",256.682453544058,29.7480553766757,3.36053424451312,0,220.073824294677,0.0830425607469235,0.63403780924341,10.1201739081477,0.73351981600811
"1920",256.672979586037,30.9970536754121,3.51793157754037,0,188.551868006165,0.0863554868699427,0.643511767263947,10.528254620905,0.733489973440557
"1921",256.689008125806,27.3605298488025,2.24002960650939,0,168.225056743958,0.0345225300311657,0.627483227494823,6.78922618446493,0.733540462663731
"1922",255.08006307019,0,2.57830254590793,1.02162752193333,168.225056743958,0.0387371366043362,0.646571249033259,8.03244550072534,0.728472353705711
"1923",255.570343916941,0,0.890064772763714,0.335520582631447,171.899232166177,0.0164317668497196,0.61953747007894,2.81459087812445,0.730016717661891
"1924",254.650825248916,0,1.07114936248455,0.362854501105619,179.519232166177,0.0220574905872359,0.59920184085513,3.50056885195577,0.727120272701128
"1925",253.430592619809,0,2.11313229949027,0.67575455887898,179.519232166177,0.0335559736102055,0.598496404554044,7.03288814842525,0.723276591466113
"1926",251.758880673354,0,3.11538304333521,1.14150290375724,179.519232166177,0.0582486474943077,0.608901893745281,9.92836793012658,0.718010769453433
"1927",249.726729600501,0,3.65704973675984,1.47521335046324,179.519232166177,0.076439096937373,0.653801471366256,11.311864227123,0.711609579418745
"1928",248.098852104522,0,3.20819846600999,1.10661278084489,179.519232166177,0.050915068280196,0.592586658378698,10.3935705959188,0.706481834073352
"1929",248.114246937427,0,1.5989968491861,0.609376709572404,180.882952349928,0.0528160490803083,0.624712391016702,5.0183124283887,0.706530327146674
"1930",247.260148851094,0,1.01518556210761,0.301342966151516,183.422952349928,0.017941446664631,0.591066894916251,3.44475809448488,0.703839954254661
"1931",246.019943683716,0,2.47976106098339,0.712345259624856,183.422952349928,0.0403979532761089,0.588610465795257,8.49998628859455,0.699933360367797
"1932",245.093008724669,0,1.36822660963918,0.391520670424786,185.962952349927,0.0309298973203798,0.586679082823261,4.68993065687193,0.697013554403605
"1933",244.067188955924,0,1.74246867381945,0.482870483467271,185.962952349927,0.0210321584131997,0.584298649558437,6.03533471251245,0.693782265466086
"1934",242.525453703728,0,3.2465380793516,1.01490148637315,185.962952349927,0.0536344552316215,0.580468221055203,10.8050684697739,0.688925864549674
"1935",240.636861172452,0,3.82513894340316,1.37215881129265,185.962952349927,0.0699028239099456,0.586336543892936,12.1902784619721,0.682976877856565
"1936",242.85425447808,0,0.576068683128713,0.205921640534964,203.282918208894,0.00906089840106417,0.585780093272302,1.83586472660594,0.689961573099248
"1937",242.177551451763,0,1.41596190098536,0.507499427546778,205.447913941264,0.0458707801295341,0.590078646528448,4.51250794283516,0.687829987152531
"1938",240.627466517679,0,2.75865558084904,1.01451698649842,205.447913941264,0.062074066763286,0.597642014349408,8.72350762701857,0.68294728509089
"1939",239.118640497977,0,3.00356473866328,0.988208767136232,205.447913941264,0.049600391777902,0.570217644343669,9.81579743893933,0.678194546866642
"1940",237.174245770088,0,4.17285172725325,1.44809096894877,205.447913941264,0.0669960132090709,0.563299772149307,13.4048826882232,0.672069785611471
"1941",256.752085801381,23.991093564972,4.78748660238134,0,161.419438632333,0.0797624846518519,0.56440555191981,14.7056436534108,0.733739154677182
"1942",256.675432549068,37.2940456109067,4.23750974658994,0,123.678984934153,0.090787488370259,0.64105880423325,12.6050146688822,0.733497700170482
"1943",256.631831473897,40.2230554301678,4.67809261195509,0,82.943497497187,0.10119314697742,0.684659879404333,13.6038397633552,0.733360358625547
"1944",256.631833753611,40.1804367469703,4.67940471883037,0,42.1965846102418,0.0907182838971622,0.684657599690422,13.6076553551282,0.73336036580655
"1945",256.693588160565,34.3552909127382,3.87785188806071,0,7.23245583574592,0.0486067241532822,0.622903192735825,11.678064450999,0.733554889579746
"1946",253.973591015398,0,5.28627245258127,2.14904343974595,7.23245583574592,0.0621237595972613,0.658045522844025,16.3513215721701,0.724987013474165
"1947",252.35658316572,0,3.54455129200526,1.06946677765112,7.23245583574592,0.025179828162876,0.597667232773415,12.02747774417,0.719893507055453
"1948",249.524624858124,0,6.32447066811658,2.31797874418647,7.23245583574592,0.067382594388781,0.606286354392287,20.1553615985316,0.710972958017831
"1949",252.445738970992,0,6.57521342033614,0,0,0.0848014203287261,0.697159364176109,19.8011085307745,0.720174344075823
"1950",248.98220454714,0,5.84272301499893,2.81783432223978,0,0.0805043581423502,0.751075660042048,17.1787132213195,0.709264356951862
"1951",245.755544550101,0,5.51157686499907,2.59153940831222,0,0.0715831462330563,0.731548030777712,16.2983856017355,0.699100514266006
"1952",241.852264207839,0,6.73275780444336,3.27983824850924,0,0.0961437402104759,0.744402337656752,19.6853708002102,0.686805346075381
"1953",237.624753105849,0,6.71634708412012,3.57207186365566,0,0.108292088861027,0.788517730713353,19.1392902842294,0.673488864688196
"1954",233.597704744537,0,6.41570621241855,3.39219880723951,0,0.106248615231756,0.76585450915595,18.2825667047699,0.660803832465935
"1955",229.412138730604,0,6.54427563333283,3.56251724312516,0,0.113087522067649,0.760861652619138,18.4760222585941,0.647619476334231
"1956",225.170071951565,0,6.57810710595631,3.62075437526401,0,0.115432930140238,0.736745333916123,18.4887468339027,0.634257145179219
"1957",220.905153111983,0,6.61054601062916,3.67748123073643,0,0.117786275411281,0.705223884256344,18.4993441768239,0.620822830998847
"1958",217.060408310108,0,5.94126505304788,3.28512971741685,0,0.101283720841937,0.660898805300067,16.6263886349696,0.608712047287706
"1959",215.58572223872,0,6.3500920872165,3.49078030674971,0,0.113919534130401,0.637825298768667,17.7704744641454,0.604066848458462
"1960",214.121611479828,0,7.05245131953533,3.53715663363896,0,0.104584397561907,0.571538522815402,20.1948963109302,0.599454961416843
"1961",211.043148175122,0,6.219732985607,2.68925189756172,0,0.0874539676622961,0.47666537480635,18.5013911963737,0.589757932051515
"1962",208.06839997001,0,5.94236868219543,2.61073089033365,0,0.0826821291992892,0.446699443977341,17.5722880297914,0.580387600868639
"1963",208.415778235927,0,4.45546460624017,1.81593464667897,0,0.0478640819837831,0.424551169388152,13.4175322659985,0.581481827731867
"1964",219.737642987223,0,2.36457064751975,0.896834934782094,0,0.0155932435195091,0.496893557441068,7.26321266746606,0.617145223425351
"1965",217.494063580225,0,4.74060047966395,1.79921060549126,0,0.0477935139163718,0.492162315423353,14.6634672320604,0.610078043069538
"1966",215.256884501942,0,4.52112655226031,1.79418267159775,0,0.0459087999423582,0.488905206627886,13.7936168307365,0.603031023478807
"1967",211.889062870575,0,6.37533362631657,2.94981563569534,0,0.0943645692672935,0.512370564938676,18.6403268993673,0.592422527607951
"1968",212.059559481766,0,4.75165620864528,1.95377914152863,0,0.0521062581167902,0.467830505397492,14.3095066689871,0.59295958473086
"1969",210.892017698611,0,2.58264098503699,0.794750706239646,0,0.0149969203558697,0.387787997270848,8.44019788896177,0.589281877434758
"1970",209.652929097768,0,3.79893452637122,1.2702680659615,2.15802268325945,0.0312210713885131,0.382018923010611,12.1067679946977,0.585378800685313
"1971",209.742823874803,0,2.76689644222543,0.948080420014318,5.83080814024862,0.0196070160454903,0.388846362007276,8.7495671386043,0.585661965435519
"1972",212.143713015715,0,5.45249431255711,0,0,0.0664003519561936,0.451715081868992,16.6351497684979,0.593224664807877
"1973",215.396654378422,0,3.39644048299147,1.36529594364135,0,0.0284557262607402,0.490218419913103,10.2941508425129,0.603471292685375
"1974",221.433943086087,0,2.90513236704773,1.0927081403713,0,0.0205094207353259,0.510512572698008,8.9860585070907,0.622488497079434
"1975",219.483494298339,0,3.6265498977688,1.45252781092556,0,0.0305439666110445,0.528464943434343,11.0643307877238,0.616344665791448
"1976",228.005996579424,0,2.9170050051875,1.10765413092309,0,0.0204103280357946,0.550253916027571,9.0227825552503,0.643190187958118
"1977",225.641768007323,0,4.79540272597526,1.85420810496734,0,0.046390318387628,0.556410785520732,14.8329797118562,0.635742967828854
"1978",222.187225311334,0,6.82984607878261,2.95731212338536,0,0.0838930826980314,0.581123655301807,20.4399536927002,0.624861304267823
"1979",218.456379505998,0,6.59978356605373,3.22238650751249,0,0.0978454200124316,0.606304717835747,19.091033589218,0.61310929758431
"1980",215.624074533482,0,5.14543202033002,2.34697405066441,0,0.0617534953978613,0.547084417249949,15.1285455172412,0.604187656566834
"1981",211.918848944696,0,6.93281272448825,3.27899877270838,0,0.0951636104716474,0.521390426549548,20.160540039816,0.592516352483169
"1982",208.177189716014,0,6.58038664993922,3.34317336462983,0,0.10483897370572,0.503324837757613,18.7518495840443,0.580730283972911
"1983",203.929090420889,0,7.18754417437226,3.8983113710557,0,0.114205511824719,0.463993435893778,20.1140500730261,0.567348950647065
"1984",199.830555753163,0,6.63228100666711,3.81269759431326,0,0.124452262659728,0.410289336072253,18.2611565528452,0.55443873957942
"1985",196.022863288793,0,6.53127200952967,3.61168707171977,0,0.119068734341885,0.315074126992666,18.1256569389271,0.542444669166204
"1986",192.078119918713,0,7.10650953991253,3.83870568663891,0,0.116512259418032,0.222549942858752,19.8033662436717,0.53001889418949
"1987",188.403893632718,0,6.76659640161924,3.62793026956462,0,0.116662155550312,0.162958171980825,18.8561467499312,0.518445236600104
"1988",184.662917578495,0,7.27389207803042,3.73605190626078,0,0.111377467338806,0.116301615301279,20.4443538181466,0.50666132006053
"1989",181.957905998971,0,5.99717206331235,2.70921820173532,0,0.089336749025674,0.0851301268144493,17.3478739348229,0.498140647853686
"1990",179.74925544832,0,5.67588451808078,2.21668893939569,0,0.0726646165185867,0.0646262277736083,16.9864467480597,0.491183491919857
"1991",177.850810795153,0,5.30453726168453,1.9068036902809,0,0.0611961410073707,0.0528371038936355,16.1837439421952,0.485203471458976
"1992",175.428733109019,0,6.22326900110218,2.46081788725651,0,0.0857162505632144,0.046976049440483,18.5119095266789,0.477574029064245
"1993",172.215405888245,0,6.83131458826269,3.27735286259586,0,0.106547044507437,0.0425214026856542,19.3751916809053,0.467452184060401
"1994",169.054847708561,0,6.18822157864481,3.23819553405187,0,0.113673812573224,0.0360364582055662,17.173619661365,0.45749655930685
"1995",165.808387129068,0,6.5398968770733,3.33524086103581,0,0.116485250270466,0.0277049687274109,18.2244141550989,0.447270345622705
"1996",168.990035503218,0,4.59043020355369,1.92534871843916,0,0.057167513018231,0.0301704204287443,13.3489184832346,0.457292403597904
"1997",178.746805299792,0,1.83762112398111,0.570882705245689,12.4933606380425,0.0115595753771743,0.0505464355153536,5.76721394406621,0.488025816298811
"1998",191.696026451582,0,4.52736319130866,0,0,0.051482393195686,0.151661165721658,13.9066268609164,0.528815315908921
"1999",195.495677619961,0,3.08382272581931,1.09094627951798,0,0.0228878292724599,0.21229038137521,9.53877756278253,0.540784056579455
"2000",192.724943660448,0,6.27628321384118,2.66430334445153,0,0.0872635505653477,0.193694165626718,18.5597128499633,0.532056361651977
"2001",192.549895809382,0,5.37768229951832,2.58123758328845,0,0.0754933801584573,0.209303647936729,15.3991472626078,0.531504968315718
"2002",201.574141256674,0,1.9160249423846,0.808663331322867,0,0.0123513075703303,0.339442528955503,5.66591269584564,0.559930960260645
"2003",210.618316841509,0,1.53406861313976,0.661585487357864,0,0.00941364051598598,0.463652568322867,4.53642258992168,0.588419731296918
"2004",219.159125047443,0,2.24034072941861,1.05076017077705,0,0.0159751150943598,0.584406738383061,6.51488519497092,0.615322916353559
"2005",214.439587405713,0,7.35158132302041,4.19117396071107,0,0.118458831441831,0.646822512460358,20.4021882453013,0.600456572151026
"2006",209.640018542133,0,6.85680768615884,4.29746858775213,0,0.136367782774628,0.638468058602961,18.5428149333528,0.585338132980447
"2007",205.287591617983,0,6.28870610701673,3.91762917998118,0,0.122842732199105,0.557640476368075,17.0065019831381,0.571628172030316
"2008",200.534833803974,0,6.8644984101018,4.41967565151942,0,0.144062654808065,0.477144817297293,18.3842448829816,0.556657185688434
"2009",195.804235078137,0,6.6379319752413,4.50315082731522,0,0.156699084075941,0.384146982598149,17.5194266649503,0.541755999538218
"2010",191.569520892516,0,6.1560026259734,4.10703516479122,0,0.136449099464539,0.264128120294001,16.2927084967837,0.528416828741878
"2011",187.710904720744,0,6.10105372030127,3.80602844208374,0,0.125382914197004,0.177970643885428,16.3912165505249,0.516262350801534
"2012",184.15661833442,0,6.25056128761977,3.55160480540601,0,0.119512711895704,0.122194292813487,17.1449990668972,0.505066498829454
"2013",180.89132386853,0,6.35029986766729,3.29139541605655,0,0.113494667494437,0.0873937173277152,17.771055929287,0.494780959198763
"2014",177.250637334529,0,7.04109047556194,3.69056815002712,0,0.116590272297719,0.0667086562720547,19.6210661027407,0.483312950411327
"2015",173.705361065936,0,6.49846949015666,3.61851334562631,0,0.127040291044462,0.053803214011182,17.8249997429309,0.472145479929481
"2016",170.553782727217,0,5.92501501327073,3.22078860939559,0,0.110840158223216,0.0416298875465849,16.3137880657543,0.462218141295632
"2017",166.626589893984,0,6.9949854140334,4.02895570520657,0,0.13442462151755,0.0326617495439939,18.9810830668268,0.449847649768592
"2018",163.118982706189,0,6.23650909527764,3.61681600882603,0,0.134550272549607,0.0253414515180248,16.8653459856167,0.438798835299995
"2019",160.250651602333,0,5.66829548069448,2.95334062160977,0,0.10367698414219,0.0186674663884383,15.6678665445934,0.429763713490663
"2020",157.187705609394,0,6.47273985660637,3.1637839263381,0,0.114943663221508,0.014105729822818,18.1136992590133,0.420115563001896
"2021",154.206388017487,0,6.61926890027831,3.08044594220356,0,0.109994204727986,0.01086585443157,18.6877458086035,0.410724538528127
"2022",151.082548643927,0,6.14824242603971,3.24143630149827,0,0.12705929243025,0.00946236449206775,16.8643431856741,0.400884576462743
"2023",147.778465030731,0,6.23878478897317,3.43213027827713,0,0.135663511646383,0.00761684656529012,16.9291121147991,0.39047685265662
"2024",145.214262128752,0,4.77340398627236,2.64645989533148,0,0.0885576538968341,0.00630066054379314,12.9086815280306,0.382399721835819
"2025",142.349913344867,0,5.58797444120321,2.97368982319344,0,0.114205846906005,0.00486480759807072,15.2162855254756,0.373377144166168
"2026",139.163242053831,0,6.08655276215651,3.32151002041423,0,0.138697128892626,0.00385839951454394,16.4598201694614,0.363339264214963
"2027",135.929376917026,0,5.94413394366618,3.37198423137543,0,0.141194457428379,0.00307536285734023,15.9193589260343,0.353152725643213
"2028",132.865116812845,0,5.87698790345341,3.1972264731508,0,0.135276270265454,0.00230990129554633,15.8404056100722,0.343500435759548
"2029",129.684063812194,0,6.26599040435453,3.31832258244844,0,0.139001799328124,0.00173221753098258,16.945072074378,0.33348025318572
"2030",126.904779164099,0,5.74742067968891,2.90415186943209,0,0.126186563471022,0.00131934213424185,15.6504642276672,0.324725623950416
"2031",123.875466433164,0,5.91166937653826,3.17157173901935,0,0.143322316317721,0.00106330823305134,15.8824126729965,0.315183416816184
"2032",120.936162432094,0,5.60584139723018,3.07457165085745,0,0.136102101438338,0.000834451650682964,14.9672863485105,0.305924733378759
"2033",118.33263632361,0,5.09101724584285,2.71675970270571,0,0.113878474449313,0.000644880228208742,13.6345734472491,0.297723736118606
"2034",115.670993512237,0,5.17960747325283,2.78166840951316,0,0.120531980486198,0.000506382345260577,13.8292653558419,0.289339673699399
"2035",113.383543825413,0,5.12369667669366,2.39346439893192,0,0.106381789608382,0.000367077500676778,14.0022755102002,0.28213430381536
"2036",111.301968541695,0,5.14064399295177,2.18204188978348,0,0.100747718309572,0.000281112243874983,14.2663709803307,0.27557742960429
"2037",109.113908316988,0,5.36018980135431,2.29921757795468,0,0.11138550309664,0.000228149849784325,14.8162245153494,0.268685132327377
"2038",106.952462156395,0,5.01785383378197,2.26662372348904,0,0.105367742372488,0.000190179475532114,13.7130232884648,0.261876668228163
"2039",105.114048345568,0,4.29826096421382,1.9190420113745,0,0.0807845327717531,0.000156332225022641,11.7464865766603,0.256085742384749
"2040",114.186130912506,0,3.14328385839771,1.12792495823031,0,0.0403446637031153,0.0003371385343355,8.9150816401561,0.284662419235764
"2041",143.547954445088,0,3.37235181949133,1.15613877543547,0,0.041890742697392,0.00392843468035785,9.75512018177677,0.377150923022636
"2042",141.399782232275,0,5.13676803932311,2.23303453486961,0,0.088742373205928,0.00388005114934086,14.5690648697741,0.370384271298191
"2043",138.822472583161,0,5.39228760056892,2.68431825440102,0,0.110501639316033,0.00349303402884906,14.8469897389704,0.362265854777586
"2044",136.455505683891,0,4.71047122151709,2.45651902349781,0,0.0925499840181217,0.00299785979004642,12.8268079641944,0.354810009033414
"2045",133.910832339563,0,5.03089221089333,2.64904944285282,0,0.106831153032702,0.00245505450816969,13.6514627698354,0.346794395494218
"2046",131.428508095539,0,4.95216843515982,2.58535799736388,0,0.10502015636618,0.00198640302672718,13.4378436644211,0.338975178987146
"2047",129.181124484309,0,4.51254188894302,2.33576415289222,0,0.0900155591422189,0.00163501747955644,12.2449050808205,0.331896015548707
"2048",126.955361288069,0,4.5956617601134,2.31686321815777,0,0.092425405548248,0.00132538363035954,12.5141770522018,0.324884955504167
"2049",153.266627308625,0,3.87153668094783,1.6804432488187,0,0.0613294269535662,0.00962015757885909,10.8343379561828,0.40776433199382
"2050",156.081595091886,0,4.89239272103556,2.34037067338172,0,0.0881111749006404,0.0127727182577308,13.691162068776,0.416631361597521
"2051",159.287951536656,0,3.81956527750763,1.91595329009427,0,0.0591635496683888,0.0168538148042518,10.6000989967844,0.426731248951421
"2052",156.685995106202,0,5.12766717129827,2.69011556488923,0,0.102565179861277,0.0144060454261067,14.1183904710662,0.418535196110756
"2053",153.990599374604,0,4.91998559167862,2.78770768268999,0,0.104875779398708,0.0125638283070678,13.3050810926806,0.410044813418672
"2054",151.157729081209,0,5.22556126421733,2.94091200620783,0,0.118118105094426,0.0100763922809429,14.1314471515476,0.401121391664312
"2055",148.568527295542,0,4.9699899507554,2.68708777085277,0,0.10587983225465,0.00799384706869546,13.5334881977654,0.392965515415928
"2056",148.801616365912,0,4.52626647862098,2.38827894010259,0,0.0893434360852595,0.00797542561264553,12.3695906033089,0.393699736141139
"2057",146.304900895422,0,4.91384681714837,2.59408492984797,0,0.103956225939946,0.00658676658216138,13.4287880977826,0.385835187878633
"2058",143.760088889245,0,4.96669278566023,2.64842127227079,0,0.109060323534143,0.00545105744088016,13.5245098808385,0.377819137560469
"2059",141.296645648591,0,5.02919167293525,2.56824383557337,0,0.109140466158037,0.00433987123835825,13.7948389867811,0.370059395416418
"2060",138.768112894666,0,5.02530513901555,2.63907474224296,0,0.114173235207107,0.00363124688888525,13.6841137432682,0.362094624055161
"2061",142.175588805533,0,3.49946799459209,1.72603955541408,0,0.0580490007400471,0.00453353445977798,9.63534760313645,0.372828029231311
"2062",140.357259990597,0,4.00615884623157,1.88457360253322,0,0.0700344778085809,0.00378969021087101,11.1637689947047,0.367100370276501
"2063",140.858416200808,0,4.44959370909487,2.12152675791425,0,0.086663078155687,0.00398011003041728,12.3485607353337,0.368678991168166
"2064",139.053086408904,0,4.08745886794632,1.87456758837132,0,0.0725920389118263,0.0033542424448496,11.4385874154975,0.362992278586783
"2065",137.21151112855,0,4.20601679881193,1.91590493396762,0,0.0772101680886766,0.00288051447448668,11.7703669635785,0.357191394247914
"2066",135.026286842157,0,4.65718914405764,2.2828857965455,0,0.100208355968753,0.00254684581677738,12.8229880444383,0.350308030056892
"2067",132.934262450184,0,4.23841042376883,2.1801501256248,0,0.0903536726951499,0.00222793904298457,11.5413668871993,0.343718241596224
"2068",130.919244606634,0,4.19178798092101,2.10143257449668,0,0.0882626005209548,0.00184786957423922,11.4555122781151,0.337371020510075
"2069",129.040302449306,0,4.26977933663333,1.96374337020903,0,0.0862817224677568,0.0014805095872489,11.8495379380637,0.331452432087235
"2070",126.837998502538,0,4.58856857066843,2.30911664539807,0,0.108124307549932,0.00131160891964196,12.4948620039644,0.324515267687536
"2071",125.038744979321,0,3.68534595304302,1.87354200166333,0,0.0754214257819266,0.00113294733544441,10.0002864229517,0.318847695095836
"2072",124.000419856539,0,2.33257358235477,1.06911540330265,0,0.031750202643626,0.00095992212315299,6.44752054974047,0.315577014821368
"2073",125.61705564108,0,2.12460736076835,0.949311268001109,0,0.0270336457441831,0.00108659320178459,5.89623339757053,0.320669349250618
"2074",134.657087883787,0,2.62443121721604,1.15585402000927,0,0.0381830975220829,0.00229683480591758,7.31337547412819,0.349145068934215
"2075",136.081940331358,0,2.74584563884564,1.15091353867716,0,0.0382511877901306,0.00248520154188972,7.78785472275286,0.353633293953574
"2076",135.109839386335,0,2.68391014067023,1.0038558123497,0,0.0338847272840837,0.00212985995777811,7.80477996515399,0.350571217041516
"2077",133.450620585048,0,4.24061562147245,1.73885974027268,0,0.0816151418398769,0.00197420285349054,12.0843030216673,0.345344747908367
"2078",131.9850976854,0,3.58337834196221,1.527546295342,0,0.0638210339407716,0.00179763824682049,10.1167159998333,0.340728412683021
"2079",130.282422498358,0,4.02944235536155,1.78339321954276,0,0.0823186317960184,0.0016005992960802,11.2762305644115,0.33536505777048
"2080",128.389535815325,0,4.16134360236143,1.98617165139833,0,0.0947253514870664,0.00144038312155001,11.4577393383231,0.329402544680735
"2081",126.308119378823,0,4.20394187863671,2.18658250918599,0,0.106453137969294,0.00128706528481503,11.3686893105501,0.322846170831686
"2082",124.766342502307,0,3.28993468803872,1.60712645084207,0,0.0664240930222963,0.00107451869665656,8.99088584264316,0.317989638800425
"2083",123.178412849488,0,3.5621421335187,1.66204679542214,0,0.0750210499019276,0.000903907298549844,9.8079130088548,0.312987727473459
"2084",121.500981015069,0,3.64828524738582,1.75872470057048,0,0.0820905866917079,0.000797720540682649,9.9702028432058,0.307703888055319
"2085",125.446712796199,0,2.67036284847441,1.17808878492632,0,0.0448833534867564,0.00106278742977941,7.41081994797962,0.320132776485089
"2086",126.696706687118,0,3.36376670407862,1.35080866058105,0,0.0619103312571487,0.00110777975729569,9.54042209874936,0.324070204437598
"2087",128.619368029076,0,1.9891801275789,0.637726064841888,0,0.0215189920131787,0.00113158521281779,5.91707068222288,0.330126506445179
"2088",127.962771525484,0,2.44154055898131,0.683391094826261,0,0.0277810772982078,0.000986486064858375,7.49963987530938,0.328058255195674
"2089",126.802709354466,0,3.69082426309731,1.22354759075303,0,0.0644743411997697,0.00098892146412446,10.9142045011127,0.324404108361841
"2090",125.423335534273,0,3.68217435974929,1.45271634906282,0,0.0743230685971228,0.000980539727570696,10.4929365718777,0.320059139097555
"2091",124.723234019406,0,2.22157643378057,0.72684124207311,0,0.0275609528311849,0.000821225624490099,6.56946464657359,0.317853848900335
"2092",129.33153359285,0,1.62520899373359,0.486400997285786,0,0.0158532035890885,0.00115263285963847,4.89428062830308,0.332369797886832
"2093",128.501273034902,0,2.74792618899687,0.867945684344381,0,0.0387952784597623,0.0011101520636787,8.22382867873733,0.329754512202253
"2094",138.108955373995,0,2.0460108019915,0.572068084421218,0,0.0220055773801434,0.00225515386609206,6.28469764284045,0.360018305710044
"2095",138.496398828497,0,1.25015888987671,0.325907252862495,1.83416726739674,0.00975711563437513,0.00223914087297805,3.95329184496024,0.36123873622483
"2096",138.02970709601,0,1.73037192442543,0.480858635003348,1.83416726739674,0.0164097659082573,0.00224286339211799,5.39080186729522,0.359768676982101
"2097",143.304079826928,0,1.2352840384693,0.332034735896618,8.93519413069732,0.0107470649746709,0.00331273485946263,3.87683143090372,0.376382728277504
"2098",159.455965425929,0,1.62393157810214,0,0,0.0175839549181985,0.0126219690248568,4.89043371962649,0.427260485605168
"2099",170.95352803943,0,1.72494116771184,0.497294624314381,31.180843545745,0.022681179476524,0.0269803959164128,5.45466332845413,0.463477322142537
"2100",170.401690666995,0,1.69935375050162,0.543509236819747,31.180843545745,0.0198536387014003,0.0281817743170899,5.29416782720925,0.461739057730805
"2101",169.630579471109,0,2.68707448467693,0.78532947045946,31.180843545745,0.0393223762667989,0.0251041016929655,8.56339774866565,0.459310090038058
"2102",168.853101012195,0,2.81434932712498,0.795619877960301,31.180843545745,0.0413454253278443,0.0232040062810127,9.04082508549216,0.456861065735748
"2103",168.342626229851,0,1.74223036700742,0.506384780418563,31.180843545745,0.0186645141844184,0.0227545161102329,5.55228806926135,0.455253091735511
"2104",167.444609643928,0,2.83251723397556,0.922212409843451,31.180843545745,0.0470966661756689,0.0229008422557288,8.76144780029876,0.452424377425049
"2105",195.32112014545,0,3.10798946895938,0,3.15807548772698,0.06090692205331,0.207164478548604,9.35964095051727,0.540234207908632
"2106",196.299750640707,0,3.33983366102517,0,0,0.059794720725407,0.259335441529118,9.87628371813582,0.543316852628094
"2107",194.922684369979,0,3.04920712915041,1.20233030997745,0,0.047692668803803,0.222428629553857,9.18261924554108,0.538979152047146
"2108",194.719748826478,0,0.626081279884356,0.187577016423184,4.91761779336402,0.00694798189485993,0.184688715609483,2.02830967292191,0.538339913657786
"2109",194.115843091843,0,2.15285084547039,0.664291533919897,7.24697206763243,0.0249983478929198,0.175258274339277,6.91582517545354,0.536437636104667
"2110",193.069133453136,0,2.73423328173199,0.916394321661745,7.24697206763243,0.0392941250450775,0.169609442090582,8.58115315662686,0.533140544959224
"2111",192.118678466211,0,2.4763334626357,0.827425348297759,7.24697206763243,0.0331954531982535,0.156225091825535,7.77175702297664,0.530146651900779
"2112",192.462168378267,0,1.06958407307509,0.337015907051585,11.5015474908487,0.00943433959529144,0.154353097270595,3.40864158980732,0.531228630613606
"2113",191.675041296042,0,2.05056435438946,0.66506796966339,11.5015474908487,0.0254927029542285,0.147551815516123,6.48435923258799,0.528749213555453
"2114",190.762220008152,0,2.51098107180269,0.812188188151641,11.5015474908487,0.0358768615163923,0.136509961254578,7.94030348813185,0.525873865059198
"2115",189.704071577463,0,2.95447749174516,0.979728422627554,11.5015474908487,0.0488325601492675,0.127252568210605,9.27237043885747,0.522540742202225
"2116",199.938567569911,0,2.8926935509681,0,0,0.0517344033729777,0.285687093082608,8.82539030694648,0.554778972239397
"2117",198.606147744583,0,3.01291281724701,1.11139293302052,0,0.0501042769546185,0.271131169261733,9.25471461939753,0.550581906075445
"2118",197.240624675165,0,3.09198445826898,1.16588692176274,0,0.0543633314080461,0.253999479063525,9.43341186559626,0.546280566090999
"2119",195.626211221889,0,3.21533801741976,1.4259346140539,0,0.0679430986399348,0.256421937862068,9.40106906550958,0.541195231911355
"2120",194.146947247187,0,2.89415485791929,1.30693044393718,0,0.0586000450802695,0.230933575844814,8.4161691961493,0.536535612880059
"2121",192.727987937093,0,2.9010132294136,1.27722042859172,0,0.0587548113336356,0.20049369283661,8.48204001629663,0.532065950994806
"2122",191.399093360698,0,2.74486581742028,1.20436557065187,0,0.0542515565840609,0.178780562326314,8.02549311622053,0.527879989216076
"2123",190.156346561318,0,2.65597107421353,1.13570709754936,0,0.0511144732563895,0.158154175087694,7.80905842890494,0.523965389295772
"2124",188.867675000644,0,2.75436890266657,1.20079896377035,0,0.0564842943439603,0.144356891247657,8.05327842533945,0.519906128317407
"2125",187.618313381096,0,2.63619887100656,1.1712412507402,0,0.0542153793307302,0.132335748138515,7.6660361391442,0.515970691993007
"2126",186.419178512716,0,2.61961509430078,1.13471913535123,0,0.0535250919453022,0.117940824973894,7.6592825678514,0.512193467813043
"2127",188.117406225149,0,2.07038787861343,0.754378167269316,0,0.0315686923110044,0.118962812608405,6.31659759099589,0.517542813368439
"2128",187.845065339986,0,0.883141282979875,0.258522471731373,2.45880889668201,0.00788114166940118,0.102890658418846,2.86110456322159,0.516684951084758
"2129",187.274840323772,0,1.73837913593095,0.492550568606457,2.45880889668201,0.0205245236569768,0.0981989712649199,5.68110860096549,0.514888766371878
"2130",186.634799910577,0,1.90172598451007,0.572026566537869,2.45880889668201,0.0251787080799478,0.0931925547370344,6.10911084163624,0.512872666107743
"2131",193.43937039227,0,1.17292333237813,0,0,0.0132333400999566,0.180521472405899,3.60284925918,0.53430677567746
"2132",193.760166667665,0,1.87829172073371,0.627445763205736,1.43904368596776,0.0266834469647851,0.179397722396173,5.89485507185045,0.535317270393457
"2133",193.523617216174,0,0.967394863205478,0.2972155972994,3.7613602645594,0.00937369969570061,0.166390975295809,3.10766245773012,0.534572149613893
"2134",193.264913800859,0,0.429377971830717,0.101692503997149,8.84136026455939,0.00573420954069218,0.162745120858475,1.48722316625512,0.533757244784141
"2135",192.787057603983,0,1.59029948083381,0.338373145019246,8.84136026455939,0.016591642513617,0.156074694370551,5.69422519145995,0.53225201795021
"2136",192.340170574895,0,1.22790396846111,0.310586034596613,16.4613602645594,0.0139321047759736,0.150233099266889,4.16656057029125,0.530844342686574
"2137",194.712983879265,0,0.847219733953113,0.274281515372618,23.7948314453956,0.0104484914643638,0.18988249088554,2.67910494597733,0.53831860435984
"2138",196.811921391401,0,0.629887577832875,0.199632357802368,36.5261662848728,0.00822991373417557,0.218325204318177,2.00737936245746,0.544930168856991
"2139",196.430246738353,0,0.61060783206565,0.178083607066599,36.5261662848728,0.00707619136083948,0.210667237342654,1.99549645693794,0.543727909823091
"2140",196.121660636459,0,1.09273658698433,0.338131772876897,38.8484828634644,0.0177724897601423,0.205910240185308,3.5103106257016,0.542755876637826
"2141",206.338215992095,0,1.14861121460757,0,28.2851947120664,0.0187416495431104,0.365474445305544,3.52817012791816,0.574937594426912
"2142",220.078720748396,0,1.57892911253731,0,14.0489932247107,0.0299592940681081,0.525656025122489,4.75490979852522,0.618219603964791
"2143",231.240605005597,0,1.29387546260907,0,2.30791522787164,0.0187937165763691,0.597987456214413,3.92156119037676,0.653379067859982
"2144",230.111178280255,0,1.52906437157726,0.57666133708733,2.30791522787164,0.0210433083534819,0.573808696608078,4.76364818057849,0.649821421385884
"2145",229.125293177718,0,1.40742853594711,0.476591989003703,2.30791522787164,0.0171594519524305,0.526452565485769,4.52122808323397,0.646715924959947
"2146",228.400342662026,0,0.742203217239853,0.209536324177206,9.92791522787163,0.00688081533439499,0.522295006849445,2.51846621521267,0.644432361459829
"2147",227.805086610718,0,0.293718181714571,0.0826513872570235,22.6279152278716,0.00631665006405255,0.518921314114837,0.996653342722972,0.642557330043798
"2148",227.045920436467,0,0.846865908678987,0.25352442706646,22.6279152278716,0.00892525783149746,0.514567005016519,2.81852357937575,0.640165988664602
"2149",226.414732309209,0,0.661708610602565,0.216143745569705,25.0802741976294,0.00800792639183484,0.510693338322563,2.14373120338115,0.638177772727218
"2150",226.728415061395,0,0.161275157443584,0.0539914097065487,34.3695405119959,0.00789159599152431,0.510951119732022,0.518080849107719,0.639165860145606
"2151",225.855221053607,0,1.53238924897571,0.389348101259956,34.3695405119959,0.0233056009835408,0.50715150751147,5.36500510994548,0.636415335907683
"2152",224.992022111416,0,1.56791271361895,0.384163397717421,34.3695405119959,0.0226578342481924,0.501693378721953,5.55044853931499,0.633696295704166
"2153",224.035087574794,0,1.64708511833561,0.489081784826747,34.3695405119959,0.0278712393843683,0.495723991179867,5.48179847091653,0.630681992337893
"2154",223.002295558862,0,1.65038081766795,0.565560495616746,34.3695405119959,0.0312360040736488,0.498467524389031,5.25957410524028,0.627428741116265
"2155",221.863388614274,0,1.70276950374494,0.64628731096698,34.3695405119959,0.036197590307157,0.528817223927727,5.26694981554015,0.623841232352019
"2156",236.453617538074,0,1.65945409853234,0,19.2114338740603,0.0364367975108676,0.604314511646309,5.06286955668309,0.669799837122353
"2157",235.390244925064,0,1.33237073142185,0.494960755135392,19.2114338740603,0.0208426543314547,0.589254512206247,4.18152956593942,0.666450258311756
"2158",234.244063177657,0,1.52057118602374,0.578017954820377,19.2114338740603,0.0269670457153227,0.59513083830211,4.73718850454299,0.66283983422594
"2159",233.113480032543,0,1.56912991848912,0.580070558474787,19.2114338740603,0.0282340105192687,0.578746597158289,4.92457766612775,0.659278545078411
"2160",231.98985245265,0,1.57030406700461,0.579079294304652,19.2114338740603,0.0285974709023786,0.573145756491121,4.92826262904126,0.655739165667501
"2161",231.644546671192,0,0.638120460510708,0.222806161779102,21.3333230139731,0.00852631906856337,0.549136798833714,2.03361661393316,0.654651467042772
"2162",243.522306939459,0,0.614745602312252,0.231891745523222,21.3333230139731,0.00875478571493104,0.599102771925196,1.91517886650687,0.692065910131843
"2163",242.659983999178,0,1.0471345135644,0.296630385576017,28.9533230139732,0.0151056119755496,0.580798166680127,3.58930912645344,0.689349629297338
"2164",241.903709255118,0,1.01354005293912,0.188189867865605,28.9533230139732,0.00980520756680329,0.577890083762024,4.02780326775168,0.686967395801099
"2165",241.198508669883,0,1.08170581069618,0.139027871174272,28.9533230139732,0.00860976930492657,0.574782483365331,4.99111431989075,0.68474604374762
"2166",240.479481367135,0,1.16736967107336,0.156175523347527,28.9533230139732,0.00989991542137092,0.572751694821791,5.28780060100393,0.682481138118061
"2167",239.839059775912,0,0.549548082242749,0.0733679588111689,31.4933230139732,0.00369470482667743,0.57074833723837,2.48927203744456,0.68046383715924
"2168",239.14735662588,0,1.08633878257613,0.132778524719563,31.4933230139732,0.00925408292150637,0.568178708234495,5.10848459709849,0.678285001456472
"2169",238.435911753415,0,1.23146353064813,0.156754513200707,31.4933230139732,0.0111956488838658,0.565886008148024,5.68211356679809,0.676043980161997
"2170",237.663269767547,0,1.2611469608824,0.222326727618717,31.4933230139732,0.0137666914319883,0.564081949680797,5.08653885989347,0.673610190545473
"2171",236.941299089194,0,0.828396949528867,0.169626263854835,34.0333230139732,0.0094169846629138,0.561761399161142,3.15679186119116,0.671336013407096
"2172",236.159141846395,0,1.07682325756791,0.236639586011463,34.0333230139732,0.0133518765490037,0.558869533336751,3.99810626787538,0.668872251133193
"2173",235.436197475015,0,0.695496045171165,0.175295446406779,36.5733230139731,0.00856839252349083,0.556217317496919,2.46207264887185,0.666595006902912
"2174",234.650375155568,0,0.798171236378652,0.24326884455243,36.5733230139731,0.010631513698821,0.553184988593493,2.65645886445228,0.664119699792394
"2175",233.818851753793,0,0.942032622914062,0.295277064973331,36.5733230139731,0.013338924300179,0.549585261101555,3.10637970178035,0.661500436203108
"2176",232.736447192792,0,1.38264936413073,0.523593321150422,36.5733230139731,0.0289831940471129,0.587794433897304,4.3075067670469,0.658090907560313
"2177",231.672384885116,0,1.41743592028698,0.5220408835228,36.5733230139731,0.0294889517532792,0.57151037590716,4.44849925679427,0.654739156240651
"2178",230.667910216999,0,1.25768587855222,0.462191392361881,36.5733230139731,0.0239214325412007,0.566204708296104,3.9471376560624,0.651575103468423
"2179",229.781708593127,0,1.13890653645879,0.374847429239748,36.5733230139731,0.0186021841847933,0.529956378816291,3.68970486528529,0.648783605789323
"2180",229.055447475556,0,0.946920572419167,0.211255830292028,36.5733230139731,0.0105493859335826,0.525554673213494,3.4722992344263,0.646495913948648
"2181",228.359450408149,0,0.706084273008755,0.186479605591626,64.5133230139731,0.0124526819477851,0.521970143762279,2.44564220113516,0.644303552587542
"2182",227.736571897876,0,0.361058868738393,0.11138612059785,72.1333230139732,0.00713375400565792,0.518626143681003,1.19060201708008,0.642341511592635
"2183",227.156842637815,0,0.274268324831713,0.0869880506963752,74.6582341986649,0.00741874550420239,0.515248770176904,0.896322388464129,0.640515388913129
"2184",226.690476159368,0,0.568137252181967,0.190742384971776,76.9737218706726,0.0119398203639112,0.51207624183173,1.82508598773574,0.639046354206886
"2185",225.95527908582,0,0.962892246791682,0.244378156224567,76.9737218706726,0.0169620843345496,0.507781001658017,3.37115509510217,0.636730514482371
"2186",225.068468138182,0,1.23263987056212,0.41259332469589,76.9737218706726,0.0282913266612427,0.502508949603156,3.9597363965262,0.633937097459146
"2187",224.17715959432,0,1.1968838482124,0.410876601279614,76.9737218706726,0.0260633768880807,0.506495319471232,3.81433135167769,0.631129513197806
"2188",223.310311164539,0,1.20323222349791,0.401076361122712,76.9737218706726,0.0252168548402968,0.490988923497988,3.86526717384623,0.628398977262549
"2189",222.507366593389,0,1.18521862216275,0.339387377423561,76.9737218706726,0.0218073663583596,0.485364560084974,3.98240897873112,0.625869735782467
"2190",221.638905713372,0,1.33392634913822,0.417711456008612,76.9737218706726,0.0285619997526869,0.479311423761275,4.3593369815068,0.623134120697079
"2191",221.392908691009,0,0.57483279882443,0.195712273334382,79.0904388726729,0.0125838479411268,0.486151594968779,1.8319261052803,0.622359240468367
"2192",220.957816298649,0,0.601153638513466,0.198998961073093,81.4059265446806,0.013408939624349,0.474014698904098,1.93114793637203,0.620988717812177
"2193",220.223749501652,0,0.969378562338322,0.284543526254886,81.4059265446806,0.0193855232637082,0.468908794005616,3.22626794548132,0.618676438411052
"2194",219.488960032745,0,0.895550979390202,0.287244238816307,81.4059265446806,0.0158671118577506,0.463412341948535,2.9013081407375,0.616361882623937
"2195",218.680137068476,0,1.29460179278501,0.378486099496012,81.4059265446806,0.0266899910446795,0.457026855817608,4.30866993401409,0.613814124453853
"2196",218.013744984214,0,1.02692168356344,0.229485356606877,81.4059265446806,0.0145208405038988,0.451427568159039,3.72041044933483,0.611715017539039
"2197",217.217685772075,0,1.33745353246999,0.377424725454582,81.4059265446806,0.0265695152301721,0.445204001915017,4.49392783470183,0.60920746464898
"2198",216.48839135708,0,1.09615603280781,0.308725351816146,81.4059265446806,0.0185640789621201,0.439133142140134,3.68315308713118,0.606910218049562
"2199",215.931757691732,0,0.464531431856905,0.130552807818597,86.4859265446806,0.00833305691506329,0.43441391444449,1.56085477441623,0.605156845517767
"2200",215.419207424588,0,0.300251204199053,0.0896386286493492,99.1859265446806,0.00712299657676521,0.430034635071776,0.990086992182785,0.603542333828084
"2201",214.944338671659,0,0.211035043342725,0.0553645598953192,106.805926544681,0.00624611008393657,0.425750303117787,0.723374119809253,0.602046517316388
"2202",214.487280470221,0,0.139552445364179,0.042757461843009,111.885926544681,0.00751374144927987,0.421814481043733,0.456064261965287,0.600606803289513
"2203",213.9582164117,0,0.393446123227448,0.120634487606891,114.425926544681,0.00860053932235653,0.417030110236758,1.28580130104183,0.598940273854591
"2204",213.45671528616,0,0.345945273225577,0.0965046906315069,127.125926544681,0.00736022561007872,0.412356660518406,1.162397836552,0.59736056649421
"2205",212.856696105803,0,0.651992745585664,0.205455689224951,127.125926544681,0.0122782066075018,0.406841697739383,2.11225480626187,0.595470531422886
"2206",212.098924805183,0,1.19678391392807,0.387573264970198,127.125926544681,0.0294197065891464,0.399617742239409,3.84455260285955,0.593083583836703
"2207",211.207602820806,0,1.34864429452592,0.498750930143723,127.125926544681,0.0373799333753137,0.429950987608596,4.17158153388363,0.590275957238311
"2208",210.335482368709,0,1.37976001353395,0.496092547466211,127.125926544681,0.0365928398301917,0.41262074446094,4.29850528223747,0.587528814655464
"2209",209.439081397813,0,1.42542376172855,0.524905891045328,127.125926544681,0.0387742592053495,0.410269339056262,4.40907322006357,0.58470518946409
"2210",208.603666976156,0,1.38962936909806,0.484406658257643,127.125926544681,0.0348935771161207,0.385901340515547,4.36123081627606,0.582073669326544
"2211",207.781896564689,0,1.44280327147221,0.488417006490079,127.125926544681,0.0360806997067088,0.369434104683101,4.56247798034342,0.579485127244731
"2212",206.998731840523,0,1.40890689035756,0.462959776427717,127.125926544681,0.0334001885881907,0.35360513632703,4.49002443429404,0.577018191447081
"2213",206.186812289218,0,1.47626585975451,0.497633503320764,127.125926544681,0.0367069022197762,0.35099295020341,4.6682944317072,0.574460679158645
"2214",205.414309826893,0,1.44012842963069,0.471183090658534,127.125926544681,0.0339230912604463,0.335242462926833,4.5895238938907,0.572027329035387
"2215",204.696680586253,0,1.48236820076677,0.429638930200304,127.125926544681,0.0323138130648625,0.320304123505297,4.88815182979775,0.569766827242406
"2216",203.92136749769,0,1.51764334152474,0.49450509011923,127.125926544681,0.0363832253832882,0.317191223826708,4.83655501483164,0.567324623765229
"2217",203.061614923408,0,1.57594742950857,0.571085947611672,127.125926544681,0.0419533016359374,0.330619928305767,4.8746680069709,0.564616439475041
"2218",202.218214858855,0,1.56308499075157,0.565185110217228,127.125926544681,0.040791926438946,0.319006880775702,4.83488234056707,0.561959764899711
"2219",201.524514034058,0,1.40647573617311,0.442465648533789,127.125926544681,0.0298696288357534,0.281104805098527,4.51816730608907,0.559774636605824
"2220",201.107620084562,0,0.518574142262929,0.153234953049257,129.665926544681,0.0120299346937925,0.275688931140319,1.69472582761442,0.558461438275895
"2221",200.912747785127,0,0.385936245134627,0.117426833122849,152.339697725874,0.00926955096837427,0.272943836087402,1.2503140475344,0.557847598764727
"2222",200.463557836666,0,0.837150635576861,0.196313483617035,152.339697725874,0.014196084364471,0.267072549208685,2.93092465942715,0.556432669402346
"2223",200.137027102686,0,0.308112708970627,0.0696362725888928,159.959697725874,0.00580812065119765,0.262702582042733,1.09072636543849,0.555404111384049
"2224",199.757455663475,0,0.595522095032226,0.129822621851236,159.959697725874,0.00781648974058901,0.257565307100417,2.13232599046411,0.55420847738489
"2225",199.404099577842,0,0.516709459612361,0.112359062742129,165.039697725874,0.0117625738273683,0.252759596717697,1.85012952406154,0.55309542064208
"2226",199.023842220883,0,0.797927750535018,0.143884410526286,165.039697725874,0.0110135187354358,0.247386465168594,3.04068216347258,0.551897626030989
"2227",198.654688707479,0,1.1259365339103,0.140161952036122,165.039697725874,0.0128808081713053,0.241872369538361,4.92234627271928,0.550734808058037
"2228",198.311469654457,0,1.12232466317459,0.116994845155772,165.039697725874,0.0106281006192324,0.236852308486432,5.27770742122919,0.549653682539725
"2229",198.027660470287,0,0.465727039597206,0.0577656677821929,175.199697725874,0.00704887792785427,0.233092394315369,2.03605593070536,0.548759695598631
"2230",197.715212691448,0,0.507453015105776,0.0945163593582851,185.359697725874,0.0111343719148478,0.22906579139539,1.90841290301008,0.547775498294119
"2231",197.384078274886,0,0.486244797318678,0.120717707513367,203.139697725874,0.0140943756829524,0.224511084731606,1.66672272387008,0.546732438870164
"2232",197.042779242479,0,0.503957440421979,0.137976030918005,205.679697725874,0.0162929310374183,0.219615932526201,1.67726190684294,0.545657361335685
"2233",196.51091049474,0,1.30338286820975,0.356600681191343,205.679697725874,0.0365408064456226,0.211808872993239,4.33789494813177,0.543981997248207
"2234",196.216927454894,0,0.326652107079631,0.0950686294600706,210.759697725874,0.00858938859028079,0.207503798976068,1.06751516783465,0.54305596309151
"2235",197.540219716265,0,0.233216273744992,0.0720464582547451,237.086638250521,0.00762070034166313,0.225341456068849,0.749184729023191,0.547224277814577
"2236",197.069162057379,0,0.901915527026279,0.27168277274597,237.086638250521,0.0206553951112709,0.220030281252021,2.9219273062497,0.545740466088121
"2237",196.792114327425,0,0.23451954943321,0.0683568565193075,259.946638250521,0.00729976353579756,0.215990636969982,0.766421433530411,0.544867777442182
"2238",196.519133351804,0,0.234944196473607,0.0684214585798519,270.106638250521,0.00741978503290675,0.211979302073759,0.767809200964864,0.544007898900598
"2239",196.107187799874,0,0.87587168520763,0.224272577238109,270.106638250521,0.0181381002860933,0.205811074978324,2.97203406940225,0.542710287813964
"2240",195.801601750768,0,0.451474335003523,0.123048887836919,272.646638250521,0.018727951286572,0.201265112556129,1.50258859832409,0.541747704668246
"2241",195.534728008278,0,0.287263360739412,0.0782919618064437,280.266638250521,0.00866724427941377,0.197249024962551,0.956064646642501,0.540907063653035
"2242",195.27582506924,0,0.369250348359207,0.0762588366037543,282.806638250521,0.0105363538326959,0.193180456266568,1.33774841494157,0.540091530331985
"2243",195.020216499667,0,0.318444637465383,0.0757934542882826,295.506638250521,0.00953768488111022,0.189352800166138,1.10298681599565,0.539286374135582
"2244",194.598879018845,0,0.99230872933623,0.261327765884103,295.506638250521,0.0228784162149015,0.182888131152987,3.334219627912,0.537959178869684
"2245",194.160765929488,0,1.14452088183477,0.281713686520375,295.506638250521,0.01963876773804,0.176038170574173,3.92312467345048,0.536579141145561
"2246",193.493980021751,0,1.77253295333273,0.544778217533174,295.506638250521,0.0440787735215345,0.166086463726112,5.6940907210416,0.534478793703434
"2247",194.373281826145,0,0.492601809066337,0.164147248544323,296.842941550816,0.029008711511012,0.189256358276545,1.54598789981521,0.537248557242654
"2248",195.231554564039,0,0.525715812983713,0.175606507698311,298.179244851112,0.033400399549076,0.203217853661264,1.64991331874075,0.539952080110734
"2249",194.574686411983,0,1.44284794482288,0.510911035223411,298.179244851112,0.0549202797899328,0.200877396623068,4.46296912184755,0.537882973180044
"2250",194.081855179354,0,1.00824668806209,0.32884763241219,298.179244851112,0.0178527272848734,0.181836327501123,3.18830945562217,0.53633057561609
"2251",193.925582132806,0,0.517059975277983,0.158559937147055,300.572603080625,0.0280385432495652,0.17239342313716,1.66100517449714,0.535838322120955
"2252",193.669100297495,0,0.346622480319496,0.100062026220242,310.732603080625,0.0122376842277198,0.168657493318246,1.13277933077385,0.535030415174369
"2253",193.73078734459,0,0.168961473930309,0.0502389562273708,330.77855221386,0.00726535525167421,0.16939021869477,0.547382908473625,0.535224726766853
"2254",194.251219535321,0,0.296471141867496,0.0909274188737932,342.701596285194,0.011359017765838,0.176955336826987,0.95238487656338,0.536864066182874
"2255",193.68692808464,0,1.38514730203115,0.43817561212664,342.701596285194,0.0461345608839352,0.172250399438224,4.41430535529421,0.535086571950771
"2256",200.447429404636,0,0.358798136845505,0.119736951109286,350.804108166571,0.0178135733433816,0.275063420861341,1.12605672133188,0.55638186552277
"2257",200.770373662063,0,0.342211768775907,0.113327855720828,352.64194962572,0.0153578757378612,0.281244303440934,1.08215284129574,0.557399126291429
"2258",200.088983074727,0,1.49827298048485,0.469747266546436,352.64194962572,0.0505462880912568,0.262189608880443,4.81305707728904,0.555252774725519
"2259",200.850672367349,0,0.593907075165091,0.201454262629053,353.992368272617,0.0607588406706217,0.287196638523703,1.86392565946957,0.557652063820996
"2260",222.923089454491,0,0.877701066291084,0.316209675923153,353.992368272617,0.0199487770540171,0.491322013988478,2.71487565347757,0.627179245233427
"2261",222.332848875637,0,0.392488440803754,0.123154202322901,364.152368272617,0.0171559807049768,0.484242357236161,1.2826715477321,0.625320012343755
"2262",221.394411976396,0,1.75913220037536,0.519178573904633,364.152368272617,0.0581853839988812,0.477443709334841,5.85471151357511,0.622363975753833
"2263",220.179528962861,0,2.37742140790461,0.810604761706778,364.152368272617,0.0734807796651037,0.477759031494112,7.57656895935568,0.618537145581881
"2264",218.783033659631,0,2.57309824491948,0.971920100715937,364.152368272617,0.0788767993051046,0.503452001818514,7.95902163894719,0.614138244369299
"2265",218.874844189729,0,0.465967790193948,0.161912246583343,365.990209731766,0.0269547432245447,0.475390507393905,1.47349803285368,0.614427443660727
"2266",217.815337319435,0,1.74466721330628,0.640084523154518,365.990209731766,0.0664685579089764,0.485890905049001,5.43533741997301,0.611090041776382
"2267",237.364631355362,0,2.22869436199291,0,345.895487467713,0.0744754059944124,0.61990363412035,6.71166335183244,0.672669492162566
"2268",236.683289189215,0,0.519242791656503,0.140377780208323,348.435487467713,0.0202975560757674,0.561261942014219,1.79848515602702,0.670523293121355
"2269",235.686753373154,0,1.79871141982941,0.486113937118204,348.435487467713,0.0468352071156861,0.557257086058388,6.23014096781052,0.66738424739774
"2270",234.401208324896,0,2.30858823847201,0.79270706919616,348.435487467713,0.0592743200719028,0.552112299133559,7.41611649175453,0.663334834801412
"2271",233.337923298139,0,1.9744546461932,0.548640842705974,348.435487467713,0.0325877614450878,0.547231945495925,6.7679252183428,0.659985531883812
"2272",232.197877222377,0,2.38559009654191,0.639972354193707,348.435487467713,0.0417744418476686,0.541848163416218,8.26289444155436,0.656394434904487
"2273",230.914501752723,0,2.72937959292728,0.802866081209763,348.435487467713,0.0551180665869831,0.535627455031006,9.17088678323726,0.652351856389112
"2274",230.342766329691,0,0.750576331995716,0.254101699398122,350.82009628198,0.059465663247748,0.532490572615095,2.41115389105434,0.650550913958559
"2275",229.080707130972,0,1.95388264035296,0.754651897898041,350.82009628198,0.0709731775588919,0.578380478379955,6.04368459122676,0.646575480796158
"2276",227.822668459912,0,1.97676772387951,0.743403897194843,350.82009628198,0.0456050578190438,0.560239831684643,6.15842350807734,0.642612712126042
"2277",227.173965306976,0,0.478256902919914,0.152090114361671,355.90009628198,0.0187443540852236,0.515357392659303,1.56296710452314,0.640569324597666
"2278",226.574781289431,0,0.332863646685266,0.0966003207300609,366.06009628198,0.00914302361905581,0.51172672043341,1.1184427501094,0.63868192025392
"2279",225.973729852205,0,0.325444343781862,0.103254606678616,386.38009628198,0.0103629923354484,0.508159822883021,1.06356813791634,0.636788633617063
"2280",225.809177738236,0,0.428514448352951,0.143700971697685,393.53392272478,0.0191753238343957,0.506200023305042,1.37656123098366,0.636270301409288
"2281",224.945798392308,0,1.30064451375241,0.388354562078727,393.53392272478,0.026607524559642,0.501632308409546,4.32878120706885,0.633550692941618
"2282",224.304902861942,0,0.593953485613607,0.181715404459218,396.07392272478,0.0383211079403938,0.497501233847303,1.9585787228943,0.631531899094517
"2283",223.891759084618,0,0.282604915436468,0.0918269114276584,406.069670752876,0.00899023683382792,0.494559074634741,0.915552504142823,0.63023051364851
"2284",222.94155946998,0,1.59211143497414,0.50222602595017,406.069670752876,0.0404334078335398,0.488406996521003,5.20309855311468,0.627237425001983
"2285",222.345675043048,0,0.667443597966132,0.215311620432601,408.568607759899,0.0625465369550199,0.484182336430624,2.16231078836052,0.62536041422928
"2286",221.789767040469,0,0.417719641857316,0.134939351112457,411.067544766923,0.0183180201688685,0.480349664612186,1.35328242094248,0.623609327504552
"2287",221.340180108323,0,0.499271541066454,0.165620116121485,413.443614952064,0.0289854957050653,0.476882126589003,1.60386154960978,0.622193147660334
"2288",222.806236171974,0,1.62299270348378,0.599919912119977,413.443614952064,0.0470642236773046,0.521088247905855,5.05627256952408,0.626811162329768
"2289",246.093570079606,0,2.64441576697219,0,389.600596683524,0.0825491298051961,0.638233490713146,7.96359908871685,0.700165280404627
"2290",256.607999717713,14.410519103291,2.9159033737126,0,364.072388284953,0.0883867261529957,0.708491635587948,8.52557611551604,0.733285289600301
"2291",256.699474216527,21.5057319508707,2.40828627815172,0,341.924405065177,0.0472086261870394,0.617017136773522,7.39749324923064,0.733573430407381
"2292",256.703016150292,28.1082594975995,3.13460936096771,0,313.291649869452,0.0736096599648464,0.613475203008886,9.56345723558922,0.733584587349116
"2293",256.669008308905,29.3651507464231,3.33425372857301,0,283.415514427281,0.0834852504261392,0.647483044395831,9.97855457145135,0.733477464085351
"2294",255.004943658086,0,2.83802275150341,1.09729523685209,283.415514427281,0.0510360582578615,0.634584580215003,8.9068873732733,0.72823573073088
"2295",253.312169348233,0,2.91998086358044,1.12895878893516,283.415514427281,0.053153328023925,0.633732493452384,9.16410577408054,0.722903563163239
"2296",256.722395375906,27.7188509106509,3.43877104231431,0,251.790601711223,0.0754612567611604,0.594095977394876,10.5628163071597,0.733645631091158
"2297",255.212809901411,0,2.4925603822921,0.940465401669431,251.790601711223,0.0369847026058721,0.622836947624805,7.88205300316515,0.728890500616394
"2298",253.60323715166,0,2.7796055630435,1.04865775477974,251.790601711223,0.0444708515698127,0.622102886086157,8.78975632103027,0.723820414448365
"2299",254.666018468019,0,2.16019545637186,0.875240727951091,251.790601711223,0.0301312921810481,0.652244126469503,6.68184451004401,0.727168130699491
"2300",252.992284177815,0,2.96479939258328,1.11780142796672,251.790601711223,0.0490689340202426,0.621687744202589,9.37538208587105,0.721895938389433
"2301",256.704146531517,29.9710351992065,3.76740799594784,0,217.603825313792,0.0851399115183979,0.612344821784311,11.4185031034073,0.733588148002223
"2302",256.730562594288,34.5084251947305,3.8084136698596,0,182.579466781654,0.0777390385681715,0.585928759012854,11.698241470979,0.733671357484051
"2303",256.667809458016,28.8951294317899,3.28133518851804,0,153.1775008535,0.0602782240675578,0.648681895285135,9.82018313881116,0.733473687755694
"2304",255.756850421731,0,1.45717199712513,0.522057083501544,155.55357103864,0.0296941655976041,0.599146917764449,4.68102414242358,0.730604205273325
"2305",254.745938864283,0,1.33657249570607,0.453257564734712,160.633571038641,0.024970142859685,0.599230654298838,4.36798471876692,0.72741987657162
"2306",256.712477415888,0.173114417815498,0.785266059822058,0.288815546253631,177.953536897607,0.0117477853825912,0.604013937413349,2.50255273797974,0.733614389936067
"2307",255.904733438459,0,0.689188534957208,0.233940307888071,183.033536897607,0.00919007651041792,0.599571088691507,2.25230206271166,0.73107003052895
"2308",254.520627484792,0,2.55907357081418,0.843894670370884,183.033536897607,0.0422950550986309,0.599069253969097,8.43861879342251,0.726710155244122
"2309",253.596388721214,0,1.1010080169125,0.362594161175937,188.113536897607,0.0204694412517764,0.598662544717204,3.63060564150592,0.72379884218176
"2310",252.088244417183,0,2.81822235338855,0.980167887090926,188.113536897607,0.0530359452751176,0.597546459901967,9.13016862743218,0.719048251333077
"2311",256.72001986093,30.5759274444034,3.90808918108184,0,152.415512704112,0.0820149571306302,0.596471492371014,11.923285951206,0.733638148319332
"2312",256.656808709399,40.0147980659063,4.60004441973406,0,111.918679904108,0.0956817504949924,0.659682643902006,13.5250025868216,0.733439035862258
"2313",256.593959244333,40.6424542629231,4.80139699374568,0,70.7434383587639,0.107861239437695,0.72253210896772,13.7489377867404,0.733241062702271
"2314",256.590022456104,44.4161761061486,5.27380962541218,0,25.733717569712,0.109856872470927,0.726468897196784,15.0285522859857,0.733228661985653
"2315",256.643127187454,23.7128659562151,4.99243600773143,0,0,0.0695416448462578,0.673364165847464,14.8506393788361,0.733395939646083
"2316",254.267324028959,0,4.10365481849855,1.74873847397219,0,0.0390431916459009,0.682533912752034,12.5199419918196,0.725912260058625
"2317",252.064234410305,0,4.19576090929565,1.62403974854187,0,0.0373212799467899,0.632782048548409,13.1680303987987,0.718972620825676
"2318",249.486205656579,0,5.07631067487033,2.0052377938348,0,0.0523852011088181,0.641571651260031,15.8147417204242,0.710851939155918
"2319",246.773609680979,0,5.3076892991459,2.13784008558808,0,0.0575745820435177,0.648710282729268,16.4175674473839,0.702307376421824
"2320",254.624574899409,0,4.21591628169424,1.73097760906434,0,0.0398198093761631,0.645712054535464,12.9499605242487,0.727037585209083
"2321",254.522232270837,0,2.8829338538213,1.06233626025945,8.63209073303788,0.0209845851627821,0.607137405643925,9.18757906196764,0.726715210252372
"2322",253.137405078381,0,2.4806490665165,0.866832118564044,11.1242298483852,0.0161356836737608,0.598326750325438,8.0365356039227,0.722353063095829
"2323",250.492835066131,0,5.25031573680646,2.07803692142951,11.1242298483852,0.0600630879240607,0.64291594978097,16.3568372084307,0.714022779272645
"2324",256.640278211487,1.09432727254813,6.41377031976242,0,0,0.0813440663445752,0.67621314181416,19.4392686907072,0.733386965492138
"2325",252.59940774201,0,6.85086924102823,3.38340977870448,0,0.0949884040903733,0.768734155549843,20.0307073610151,0.72065839421305
"2326",248.184071469956,0,7.02122914483985,3.72253484190212,0,0.104458379821123,0.813525429064442,20.1054907195963,0.706750271474521
"2327",243.478402015117,0,7.06214948057804,3.98378610509688,0,0.114215180271933,0.852343478520115,19.8492198053991,0.691927611474857
"2328",239.557671419657,0,6.19532206751114,3.24521687460846,0,0.0934449722122297,0.785184247862422,17.740482152587,0.679577475723813
"2329",235.961351504202,0,6.329320868893,2.99413263565118,0,0.0884501986325114,0.706845182765086,18.609403152144,0.668249219910604
"2330",239.060011410158,0,3.47515335060127,1.39924024844125,0,0.0280485949561555,0.626340360343414,10.6745712435997,0.678009867716701
"2331",236.170306326063,0,5.62636424809901,2.33217385890584,0,0.0640062788526533,0.637713368446309,17.1656138556071,0.668907418772522
"2332",232.616547622542,0,6.31028744009962,2.96895126501821,0,0.0875981941055616,0.688563701209384,18.5534412634801,0.657713228978979
"2333",228.643881292294,0,6.53772385904695,3.37157188559339,0,0.102630537173358,0.719863760439653,18.7209594878348,0.645199497857294
"2334",224.563509334505,0,6.71373630297282,3.50503437198007,0,0.106028156103984,0.697484945645496,19.1318504515911,0.632346498558697
"2335",226.475768320612,0,5.02034228461678,2.55756156084238,0,0.0658286818247418,0.692108095017903,14.375893896974,0.638370033584774
"2336",223.294011578304,0,5.69159231741588,2.63408979176592,0,0.0738691560898721,0.62153610663139,16.7343603218149,0.628347634254458
"2337",219.561712002612,0,6.42170401116774,3.20257244074882,0,0.0981868693529956,0.627914004295885,18.4807776837975,0.616591048255735
"2338",218.992505775592,0,5.56047850287052,2.59493062064811,0,0.0728564959300099,0.587132102302475,16.257837328318,0.614798072685778
"2339",215.731926972895,0,6.12719535690548,2.79654353589575,0,0.0841870670122516,0.548222333813572,18.0151158316203,0.60452738719494
"2340",213.849087718667,0,4.00276412862385,1.46811209765826,0,0.0343799540522963,0.449107110621689,12.4702140819193,0.598596523081495
"2341",210.858592342126,0,6.49755320888162,2.62020017420737,0,0.079702522914651,0.449997725248042,19.6932032739668,0.589176588973829
"2342",207.345871374875,0,6.57285198655021,3.14340388988062,0,0.0980252927883504,0.46734237015958,19.0131292634524,0.578111666315964
"2343",204.542072302051,0,5.40567992481128,2.4631799287925,0,0.0701413005376558,0.410760444568235,15.80523417565,0.569279817678339
"2344",201.228003406534,0,6.29652008153502,3.03480467784971,0,0.0966816273179069,0.37594584498606,18.1205156148664,0.558840640654714
"2345",197.998373984075,0,6.01513752348069,2.99577961922222,0,0.093182093255826,0.327031896492334,17.1410830499895,0.548667444404222
"2346",194.862847217027,0,5.99444799374296,2.96636457989878,0,0.0930309319677862,0.26219311911655,17.0821249719547,0.538790667543067
"2347",191.39941191261,0,6.73002826247165,3.37341282545515,0,0.107184517624255,0.197206996586379,19.0879201826452,0.527880992641141
"2348",188.339657082005,0,6.29710712945784,3.01253755625996,0,0.100318672396366,0.147535946741186,18.0319465922381,0.518242894178923
"2349",185.472701211825,0,5.85595743434068,2.83906808546794,0,0.0905883350705869,0.118476119782824,16.6874742809127,0.509212104297575
"2350",182.656781793509,0,5.83775665042531,2.81193379928242,0,0.090477130062016,0.0944627490953737,16.635608276611,0.500342077083652
"2351",179.560197599708,0,6.2840417402038,3.12732829674648,0,0.107050704674979,0.076306601729333,17.7413210523363,0.490587967683161
"2352",176.579965676285,0,6.11650747579603,3.02242289889292,0,0.10266756204239,0.0604765865732561,17.2683326007942,0.481200363019252
"2353",173.949548930958,0,6.0518305077271,2.67709424837303,0,0.0922511164697409,0.0455736134229116,17.5059830891327,0.472914661388997
"2354",171.015999507712,0,6.53738024563992,2.99800871170464,0,0.102036478153826,0.037577189695622,18.7199755410039,0.463674104628623
"2355",168.058362478556,0,6.2727499249114,3.03499364722954,0,0.108778360032487,0.0314217419593413,17.7094416141263,0.454357672927173
"2356",175.019580885221,0,1.9228390090257,0.630229385713331,0,0.0112107193503038,0.0397629269711572,5.94766146658588,0.476285216843229
"2357",173.047706301712,0,5.36062652831893,1.9994891849829,0,0.0653851147688952,0.0377705132954322,16.1434072013385,0.470073895203693
"2358",173.686657425874,0,4.92318226355284,1.91931475822582,0,0.058992431656372,0.040726549268117,14.6446352600377,0.472086564253391
"2359",172.616717202592,0,3.36684284069684,1.06351371741913,0,0.0263478440294222,0.0327743498925868,10.5665431926902,0.468716297747874
"2360",173.96167479803,0,2.44847674299248,0.748751754617527,5.50726421792364,0.0163407105481786,0.0353671425690162,7.74265032951257,0.472952857358036
"2361",179.981912139103,0,3.68476477258058,0,0,0.0370279480114221,0.064467484169089,11.0275430004222,0.491916350667634
"2362",176.818440908137,0,6.74619962300566,3.20786746829198,0,0.104097095189839,0.0597008578642427,19.224359801974,0.481951549925602
"2363",174.230767841746,0,5.55873735387285,2.62266951947903,0,0.0838720343073137,0.0488755812188791,15.8404987855835,0.47380048907836
"2364",171.274980047839,0,6.71551743165259,3.01738107378826,0,0.0993124440171085,0.0377191641356943,19.3263321495676,0.464489882389828
"2365",168.218390802978,0,6.59848055823853,3.13185850172939,0,0.106585308407593,0.0313160515398646,18.7148204004922,0.454861755388976
"2366",164.772215819076,0,6.71026402390219,3.54108938069677,0,0.121288336559195,0.0263739397642186,18.5479958769906,0.444006449767541
"2367",162.693722730402,0,4.54423804794353,2.11966899119909,0,0.0617186888785503,0.020542786353079,12.8885124649134,0.437459284340657
"2368",166.211380954574,0,3.62647541857368,1.57688537198193,0,0.0397708344135164,0.0252272382595577,10.4364956512889,0.448539759149254
"2369",167.788002039995,0,2.26729264876489,0.953068545397229,0,0.0174394702306921,0.0277498394132596,6.59326106789927,0.453506048966627
"2370",171.488232624332,0,3.33631736920983,1.37625159841295,0,0.0323993490912191,0.0359171663409905,9.75479089367113,0.465161618997284
"2371",169.277858669448,0,5.27769217724187,2.25124831041637,0,0.0722121891343345,0.0313378336016614,15.3474684353258,0.458199034412923
"2372",166.836079147507,0,5.9098906561088,2.50395856335958,0,0.0881852003674848,0.026006158948868,17.1858943748132,0.45050753206767
"2373",163.559380937445,0,7.16591313335512,3.36117100998475,0,0.106416978710286,0.0219441787881417,20.3241907152136,0.440186071124568
"2374",159.983340843601,0,6.70958733666019,3.68596052324018,0,0.129025935444954,0.019105506048324,18.3362709340344,0.428921695892749
"2375",156.27029973471,0,6.70853778030453,3.83472520114704,0,0.136669482647039,0.01498539039102,18.141849710135,0.417225773250907
"2376",152.903888203462,0,6.35650623123326,3.48713218053673,0,0.131945314230169,0.0112246649419375,17.3090293766776,0.406621719135857
"2377",149.634287166161,0,6.13434394700702,3.39153369178173,0,0.130749764527573,0.00881711004667171,16.6457090510912,0.396322613987146
"2378",146.51841126749,0,5.9993311152485,3.23374427192721,0,0.124664097270368,0.00679572401339344,16.3364267628674,0.386507736531262
"2379",143.29832744281,0,6.05893724164279,3.3470142538112,0,0.132332576192791,0.00540214706259325,16.3851397190811,0.376364608510532
"2380",140.071338691713,0,6.13749870515368,3.35942519966115,0,0.136593265336403,0.00415681677201717,16.5975929109237,0.366199730263279
"2381",136.589125938961,0,6.56521296282575,3.61882175738194,0,0.139770547864249,0.00316154323417679,17.6953973627467,0.355230907192321
"2382",133.765450131342,0,5.47170853925275,2.93471010754679,0,0.113493555242873,0.00245925531510697,14.7971014291999,0.346336447679748
"2383",130.760534070123,0,5.89821041249371,3.1337872992405,0,0.130772909979605,0.00190167195784877,15.9504873292011,0.336871089024524
"2384",127.585471383971,0,6.1951697123266,3.31399352516709,0,0.140392312767967,0.00146147375316502,16.6980097081402,0.326869775688318
"2385",124.480596662455,0,5.93365799125263,3.24525292937704,0,0.141516823426086,0.00113861556485235,15.8913026190695,0.317089551475744
"2386",121.372736655465,0,5.91389734934412,3.25135670229163,0,0.144365569366422,0.000868874065088383,15.7897786953204,0.307299923740034
"2387",118.561106133088,0,5.4924650999934,2.93658683547623,0,0.125615284793129,0.000658971693548543,14.7097161914867,0.298443406367141
"2388",115.95831826343,0,5.42471864255663,2.72029678541856,0,0.118001767553409,0.000492851793332217,14.6700269948487,0.290244734528105
"2389",113.184238363934,0,5.55273880484913,2.90408903307966,0,0.13040049511312,0.000391361529029619,14.8711389909212,0.281506500031024
"2390",110.629854682209,0,5.36301097480524,2.67375875984975,0,0.119669636906492,0.000294558781502525,14.4550695913913,0.273460299339226
"2391",108.208476730326,0,5.58100543220223,2.54229014240655,0,0.121129149533181,0.000216959009541733,15.2520300510935,0.265833061077826
"2392",105.932823138654,0,5.42705834404308,2.3897436466737,0,0.114258272827302,0.000168217826329168,14.8861687715805,0.258664848395209
"2393",103.553894572429,0,5.64247654870474,2.50442984199767,0,0.125633225042915,0.000131949270024352,15.420021164444,0.251171323905429
"2394",109.354392161198,0,4.75689859410238,1.90661383043227,0,0.0873371851598018,0.000225765958286362,13.2013965861718,0.269442646277806
"2395",107.789924566253,0,3.91331618076423,1.62561604760528,0,0.0613443575348995,0.000195904874860125,10.8602775206101,0.264514639442026
"2396",105.736727369328,0,5.50530179407476,2.16184315203901,0,0.108798910081008,0.000152954966702751,15.406363184239,0.258047155005569
"2397",104.223083078445,0,5.2129668569647,1.59764621166592,0,0.0841145455570655,0.00011262477446218,15.2417758857792,0.253279239430639
"2398",102.141506148455,0,6.00014144042557,2.19320646664984,0,0.111729742396933,0.000100205737071887,16.9398040393292,0.24672236003388
"2399",99.8368639459332,0,5.73412133595657,2.43445083783777,0,0.129894439405191,8.58040890558113e-05,15.7284282851802,0.239462834451664
"2400",97.2600305266608,0,5.75237414656795,2.72241789714129,0,0.14565370936301,6.92314941200881e-05,15.4544468281424,0.231345918034941
"2401",95.0090283122771,0,4.79368549969596,2.36363538315635,0,0.112688254206318,5.50854335952863e-05,12.7605838734047,0.224255356149429
"2402",93.031313994142,0,4.51763600385509,2.07514646580407,0,0.0974736232844014,4.14756154828296e-05,12.1371739096866,0.218025639592512
"2403",91.0132975062173,0,4.78559017347349,2.12529774662026,0,0.107312963228699,3.17045330968235e-05,12.8987315741881,0.211668972903255
"2404",99.484683790688,0,4.64608948532211,1.78138962361376,0,0.0928549985268144,7.90904422801886e-05,12.7924265218416,0.238353481839899
"2405",97.3505082150755,0,4.9453646847138,2.24547570509993,0,0.111368196517995,6.80670306210679e-05,13.373713588569,0.23163091893137
"2406",95.4305278318825,0,4.69952757681785,2.01921213663172,0,0.0992843871594047,5.26337206309015e-05,12.7970079670424,0.225583061830649
"2407",101.469902621823,0,3.98521527016181,1.65399422587221,0,0.0734717545149708,0.000102738702572337,10.8909808096353,0.244606837295749
"2408",104.540646303358,0,4.78704337016706,2.1118081863104,0,0.102699038026609,0.000147170180886494,13.0353170920397,0.254279550174192
"2409",102.407511896858,0,4.78686947623868,2.23901861654942,0,0.10600554727541,0.000121337226378198,12.9450961541746,0.247560266904385
"2410",100.430195009656,0,4.78587625216681,2.07901734460981,0,0.101793602645539,9.31452370196427e-05,13.0790642126395,0.241331802238121
"2411",98.329288426713,0,5.17309586299466,2.21890656340805,0,0.118073137353049,7.31568883771185e-05,14.1372758937539,0.234714035251107
"2412",96.551265557736,0,4.73954310697842,1.87489693121101,0,0.0969308722464801,5.68100124159949e-05,13.1006806429553,0.22911333832341
"2413",94.4873931871794,0,5.23296087529724,2.18679352001151,0,0.122967418060712,4.62686057687328e-05,14.3008777711826,0.222612227540968
"2414",92.311606434829,0,5.0334984359492,2.3019179687833,0,0.126169116644799,3.79002119228896e-05,13.5231005417696,0.215758591183509
"2415",90.1090331548653,0,5.08000672050605,2.334408575097,0,0.131864297035203,2.90019019578635e-05,13.6050854669206,0.20882057839562
"2416",96.525103414678,0,3.47849124600975,1.26131100970794,0,0.0574359403343345,5.46708136259655e-05,9.65354664424309,0.229030928677953
"2417",95.1070671178141,0,4.00131058050773,1.48974267024852,0,0.0717527376692421,4.63642846556937e-05,11.1502585672246,0.224564174245386
"2418",101.886090852497,0,2.85850673370022,0.876444280908534,0,0.03555736355892,8.93479677358042e-05,8.22638778761555,0.245917812641201
"2419",100.554248171227,0,3.99218373360614,1.39842594622078,0,0.0666658234483598,8.2558497780356e-05,11.3227584624649,0.24172256445665
"2420",98.7755462111902,0,4.79334953432563,1.88019262344335,0,0.10156333476824,7.26713612059946e-05,13.3025556309374,0.236119728420803
"2421",102.074859620863,0,4.86893888209472,1.8861168306583,0,0.105534504172057,0.000104263840809341,13.5123320089386,0.246512426287337
"2422",102.793023808713,0,4.74602938658301,1.92434183882965,0,0.102621424256154,0.000115397577077676,13.1186095183221,0.248774613141427
"2423",100.941599284403,0,4.58310157805094,1.95173107023162,0,0.100403828742692,9.72828206622695e-05,12.5712345921339,0.242942704100161
"2424",99.4948076479549,0,4.16568673340351,1.52391172225567,0,0.0771955447790822,7.5458971494121e-05,11.7082811457276,0.238385371562624
"2425",98.0085883555409,0,4.58002369822596,1.57501786218955,0,0.0888601567318809,6.15869563817462e-05,12.9900088642799,0.23370384357435
"2426",96.860746089707,0,3.86001052604549,1.21074149773764,0,0.062950538394676,5.1306490984199e-05,11.1085774531039,0.230088188925635
"2427",95.7347784076581,0,3.71432369763244,1.18645882041758,0,0.0605367163799505,4.55780112305241e-05,10.6360722733582,0.226541438291789
"2428",94.6885793203593,0,3.69113356317956,1.10444291233751,0,0.0582827087448759,3.88837061587015e-05,10.677252387397,0.223245955361715
"2429",93.3670630010546,0,4.3598663379178,1.40479485880467,0,0.0833132183956428,3.46788957093358e-05,12.4241267457935,0.219083234781135
"2430",91.8337332253992,0,4.61729316983997,1.63357931576214,0,0.100279984809808,3.04447030416664e-05,12.9213071623471,0.214253310760754
"2431",90.0439343543306,0,4.73067448415312,1.90758078570692,0,0.117808359618556,2.64449801811774e-05,12.9282062651163,0.208615519923925
"2432",88.4159411509722,0,4.35256557190611,1.73074442514654,0,0.102772578242665,2.13564546101983e-05,11.8948927229178,0.203487410105176
"2433",86.8618892682026,0,4.54419534603137,1.66066591660131,0,0.10663062466809,1.65908363545009e-05,12.5607153820179,0.198592212322755
"2434",91.2446591872861,0,2.66025696899166,0.732411825292794,0,0.0352066599110013,2.49155347722987e-05,7.69526070706265,0.212397752425137
"2435",90.413043236636,0,3.35505449648124,0.881399382263294,0,0.0498050782187501,2.1646605508381e-05,9.86449620989954,0.209778197310804
"2436",89.2376750563381,0,4.29442534251464,1.25892809806645,0,0.0835797536097466,1.9835841193296e-05,12.3587633277179,0.206075837194314
"2437",87.8266188963719,0,4.55242695659505,1.51392659643956,0,0.102888230643009,1.77941696296486e-05,12.7952719717968,0.20163106989811
"2438",87.0089544180924,0,3.55200848701148,0.873436554089518,0,0.0557856419919633,1.3566182002544e-05,10.5037098093633,0.199055461332388
"2439",85.9088310486635,0,4.30621650354352,1.18538405140289,0,0.0852731540358106,1.24720618161247e-05,12.4564878664273,0.195590119191545
"2440",84.6191661516261,0,4.42933989873647,1.38932779640121,0,0.0996741812368784,1.12818730790811e-05,12.5050635311118,0.191527729245598
"2441",83.1984977287873,0,4.44761710674539,1.5300457639998,0,0.109387135854075,9.79469300860643e-06,12.3430752470491,0.187052683727399
"2442",81.6842790489604,0,4.35145335552413,1.62859414528831,0,0.114383795032344,8.32957094169486e-06,11.8918532064924,0.182282958851561
"2443",80.3828086756185,0,4.08439405101677,1.39967200178173,0,0.0982081962422813,6.56780249885848e-06,11.2897679954788,0.178183382153957
"2444",79.6148209468012,0,3.2140307495051,0.82228519749192,0,0.0543024758711702,5.0071965236165e-06,9.29714866881163,0.17576425325053
"2445",78.7812348361133,0,3.79829378212833,0.904471068970241,0,0.0708892203256133,4.2620432576415e-06,11.1055266921949,0.173138492215304
"2446",78.0365467059482,0,3.66245937324174,0.809416269108794,0,0.0647318085427766,3.6695990754522e-06,10.8303261621653,0.170792756063379
"2447",77.1177596536081,0,4.03802693596267,1.0028138713493,0,0.0840302098187806,3.39080963237254e-06,11.6807024195682,0.167898615661118
"2448",75.9536338580426,0,4.21786894760876,1.26901457340057,0,0.104891914912345,3.1370772583244e-06,11.8035347199899,0.16423166858162
"2449",74.7560557304596,0,4.04950227668413,1.30194355309274,0,0.104368118898292,2.69338855140616e-06,11.1933228356226,0.160459348069403
"2450",73.5183100617233,0,3.92624609311625,1.34325668054716,0,0.105513295185859,2.28337495994919e-06,10.729827112275,0.156560501499364
"2451",72.385983235605,0,3.53757812814807,1.22250773056757,0,0.0901828094460797,1.90499686464868e-06,9.63297155936668,0.15299371983033
"2452",71.3775103589444,0,3.26805395765086,1.08642230434543,0,0.0779509996453965,1.57196049023885e-06,8.93108916954013,0.149817072870087
"2453",70.6523063626994,0,2.78659647483273,0.778858498365766,0,0.0536557652416883,1.2631209192231e-06,7.79817691110035,0.147532710916936
"2454",69.8151089190534,0,3.51141508002682,0.916340031894033,0,0.0791436395819302,1.0513339334192e-06,9.9135468633521,0.144895574335446
"2455",68.8173074084757,0,3.68421702703142,1.09348211607345,0,0.0956815471774772,9.41681661178464e-07,10.1836294345359,0.14175254172757
"2456",67.8253892917442,0,3.51252023277394,1.08414899205311,0,0.0922316782756813,8.02954072216787e-07,9.6346797259066,0.138628041561775
"2457",74.9224658860176,0,2.03718436531888,0.556188478017564,0,0.0332677050569147,2.63276583847914e-06,5.67692308941701,0.160983533029695
"2458",74.2767160459192,0,2.49457582586245,0.690540745750713,0,0.0447932106970628,2.30504483440617e-06,7.04277158645792,0.158949448311998
"2459",73.3077314004294,0,3.54875412881177,1.05866675373505,0,0.0896841548584871,2.04661323426544e-06,9.88914140294905,0.155897187611829
"2460",72.7785112553124,0,2.62412420104857,0.573527931229697,0,0.0443093814793648,1.59536665946088e-06,7.67246638359023,0.154230166510724
"2461",72.2879436798693,0,2.5347368653998,0.532029084755224,0,0.0414629498441385,1.4405320290079e-06,7.45260687361499,0.152684899371279
"2462",72.0173492206506,0,1.28061383372948,0.28501894844324,0,0.0144259094870637,1.42026247945836e-06,3.72401036872827,0.151832538255547
"2463",74.1254458486232,0,2.09292257956588,0.463552971928743,0,0.031651625755263,2.0258540094316e-06,6.08619490276041,0.158472953580671
"2464",76.4498403199048,0,1.05903440448721,0.226888822200786,0,0.0112861691065651,2.87562420103936e-06,3.11376190168412,0.16579469797508
"2465",76.157828139791,0,1.6638897181289,0.311173070339362,0,0.0191634273041668,2.53707864997522e-06,5.04302425715967,0.164874871943284
"2466",75.694345630497,0,2.73556051293393,0.508896354011223,0,0.0454161968719587,2.35215469935648e-06,8.29111321101707,0.163414921618046
"2467",75.1248116158579,0,2.85568030752001,0.624310503726066,0,0.0547788233465695,2.33425967130981e-06,8.3962414320722,0.161620913530937
"2468",74.412623383816,0,3.19162267257052,0.785267050529076,0,0.0730810322500392,2.21376284671587e-06,9.18504947592838,0.159377550685197
"2469",73.580624485544,0,3.243076908086,0.91583875502399,0,0.0838419370039464,2.08025192556152e-06,9.11514922920384,0.156756789302032
"2470",72.7502479014505,0,3.08435410979102,0.91106300821687,0,0.0806882832467768,1.85912346127559e-06,8.59502034273175,0.154141138139997
"2471",71.9488924175394,0,2.92055528828593,0.876974896929777,0,0.0756210536148117,1.64059603697416e-06,8.10515672129421,0.151616902217589
"2472",71.1890338420982,0,2.88443768881689,0.833664954208516,0,0.0738077910442626,1.41227700804813e-06,8.03792292656148,0.149223379803894
"2473",70.5443766409639,0,2.78631569267247,0.710199584902809,0,0.065543566448748,1.1826802609238e-06,7.9026371764227,0.147192736852778
"2474",69.9950279285414,0,2.72805590299863,0.608835051894928,0,0.0594873433103399,1.00383783234966e-06,7.89138103638643,0.145462311614958
"2475",69.4288028637229,0,2.75359301978356,0.628817058465965,0,0.062592912643734,9.18996329701132e-07,7.9244606013884,0.143678726580004
"2476",76.8309576348035,0,1.25165719286446,0.232878305050573,0,0.0150359803744669,2.9042432903759e-06,3.72321439240696,0.166995201417352
"2477",76.5464156577185,0,1.69333419441172,0.306968209984476,0,0.0224288869255882,2.65402609946187e-06,5.16623517924351,0.166098906209531
"2478",76.110595590432,0,2.22511790147719,0.475939706456276,0,0.0401223373316549,2.69816189875313e-06,6.57993718601728,0.164726091408062
"2479",75.794039644813,0,1.39122947621213,0.336395178655769,0,0.0198419717068714,2.73867004154442e-06,4.02437570790784,0.163728953551735
"2480",75.4518315699213,0,2.10887126546033,0.376332492936274,0,0.0341266385995339,2.22055493609205e-06,6.43400750783392,0.16265101257183
"2481",75.1288031833679,0,2.07835846127595,0.356124823760946,0,0.03309850493595,2.06772842571742e-06,6.38405941446868,0.161633486799977
"2482",74.7260159592018,0,2.10576191083597,0.441442057766673,0,0.0386569817428413,2.14814228701354e-06,6.22698738471788,0.160364724058921
"2483",74.2924694202632,0,2.06163678045675,0.473566945850281,0,0.0400225071819234,2.1002702155149e-06,5.99521615709356,0.158999070775707
"2484",73.794325265748,0,2.33412616352007,0.549769395479081,0,0.0516272034136188,1.96244979885391e-06,6.7518700489566,0.157429937732245
"2485",73.2730318322396,0,2.47919051327911,0.5797259999802,0,0.058434361808504,1.79533669761467e-06,7.17149416937363,0.155787885437856
"2486",75.645872591889,0,1.12495426754041,0.179907689560514,0,0.012750639489748,2.19027985298628e-06,3.47967100590064,0.163262233594092
"2487",75.3670054638817,0,1.71480026260515,0.30519096701744,0,0.026326028824867,2.18981465002812e-06,5.23172653766935,0.162383813921141
"2488",87.9278247582029,0,0.809916059795442,0.148766443845511,0,0.00959942750937491,1.36893426860993e-05,2.45474582318153,0.201949864087607
"2489",92.8927306072117,0,0.61590415411549,0.123883566073349,0,0.0088151810903744,2.57660081897524e-05,1.89186263426254,0.217589107777903
"2490",92.4001614285536,0,2.00226600322384,0.531554842401515,0,0.0390135444557013,2.78807122711632e-05,5.88704160267063,0.216037535672885
"2491",92.5004408467227,0,0.688527603018875,0.117725109356021,2.32935427426841,0.00738112013794071,2.23183444400182e-05,2.21182834889437,0.216353411603983
"2492",92.3638546723348,0,0.91630936425156,0.145341089711867,2.32935427426841,0.00877687101209566,2.19556881203378e-05,2.99454411457083,0.215923170924513
"2493",93.2421229611198,0,1.30905730417361,0.248966951048688,3.75920594809926,0.0171127477056784,2.58340411275154e-05,4.10836240381039,0.218689678933222
"2494",96.318557097459,0,1.52089251267234,0,0,0.0241273550607146,4.08833218038335e-05,4.60961910538411,0.228380316503914
"2495",96.0129328372003,0,1.25635747413034,0.323806964208014,0,0.0182246860180862,4.19820688268963e-05,3.73719598014302,0.227417612994681
"2496",95.6236594249777,0,1.62522341558304,0.417528596445703,0,0.0282952471946665,4.00629715130059e-05,4.83443489660898,0.22619141819038
"2497",95.5054116163191,0,0.66432073723546,0.126140227343514,0,0.00792600650204406,3.35878171383588e-05,2.10073597381683,0.225818942588284
"2498",95.4496209310223,0,0.89823309391664,0.152779621870057,2.45235896975773,0.0093800012193169,3.20948882871046e-05,2.90999736210962,0.225643204286383
"2499",96.0342394539367,0,0.685975786032306,0.130005776580344,4.28572676496677,0.00802778723504503,3.56925313060113e-05,2.16921425166136,0.227484727937339
"2500",103.556905268965,0,0.517721506251437,0.105735935109161,4.28572676496677,0.00848713134201044,8.53812041139977e-05,1.61290993181473,0.251180807472338
"2501",107.403652274012,0,1.18628227409938,0,0,0.0172244244812825,0.000140871296701399,3.59546081626683,0.26329789803889
"2502",106.943967670318,0,1.6958082814539,0.492587754089744,0,0.0330489484459158,0.000145798050427538,5.0147059461824,0.261849910955854
"2503",106.585867390444,0,1.72048697311848,0.387359897044102,0,0.0293814474680358,0.000121830298290075,5.36000628328729,0.260721910201593
"2504",106.114944366812,0,1.94074412694933,0.511547960205281,0,0.0407517300214086,0.000126793447560419,5.84450764279867,0.259238522570504
"2505",108.302412204642,0,1.48354221719617,0.377742524152609,0,0.0253658288715223,0.000155466889023694,4.49641542124198,0.266128953853775
"2506",108.123380166528,0,1.21931887491526,0.193184823948758,2.54,0.0142855084097589,0.000132722574616853,4.13742937340683,0.265565010496624
"2507",107.924660773714,0,1.89357458748354,0.224526931067789,2.54,0.025937440872145,0.000129902618310779,6.94362101950157,0.264939052803826
"2508",107.819809363073,0,1.35134900124927,0.117295848553831,2.54,0.012572797979018,0.00012836006662765,5.45034751804285,0.264608775289576
"2509",107.765926244312,0,0.587699518313608,0.0583882904812619,15.24,0.00463287648090117,0.000127704761011019,2.27018984703611,0.26443904574168
"2510",107.64894648083,0,1.21692461534077,0.131875070317446,17.78,0.0150214866761719,0.000126179840708306,4.57657077359727,0.264070564428324
"2511",107.539156427302,0,1.55152471019821,0.128138888618282,17.78,0.0184734489829354,0.000124613892096084,6.35374203589328,0.263724730397609
"2512",107.364190962217,0,1.66141315746056,0.204228936201743,20.32,0.0293859727407035,0.000122501623870419,6.01909470859546,0.263173596573712
"2513",107.162815354532,0,1.65136774443315,0.229663423926118,20.32,0.0284077860344373,0.00011996979360639,5.78155739033339,0.262539271916277
"2514",106.943219640376,0,1.64999840527534,0.24832798444269,20.32,0.0288495127898195,0.000117242503431,5.65577226036504,0.261847554693136
"2515",106.768827176806,0,1.14863544168513,0.194053191564972,22.86,0.0197758573885219,0.000115129393458481,3.82286740240409,0.261298225799806
"2516",106.701172380558,0,0.898653881097999,0.169718224956549,25.3123589697577,0.0145366857231408,0.000114287256953622,2.91136058240963,0.261085116049587
"2517",106.673665907605,0,0.473213534039455,0.086068093502112,37.9609848293755,0.00730144999314972,0.000113969825711066,1.54648512672417,0.260998471821752
"2518",106.597970739245,0,0.474939023631062,0.0831597278647382,50.6609848293755,0.00757763662684118,0.000113077122266192,1.56612510724641,0.260760035239032
"2519",106.527084062486,0,0.464006416527282,0.0781456841444772,53.2009848293755,0.00737123133281933,0.000112223947170504,1.54429764211884,0.26053674520173
"2520",106.420006612463,0,0.753771327927832,0.12197469789999,58.2809848293755,0.0150081930762131,0.000110945199438072,2.53271898375358,0.260199455757463
"2521",129.667570393992,0,0.593464614434841,0,52.8231435248438,0.0107712209583756,0.00104874396071857,1.82293547024164,0.333428299615122
"2522",129.401270195041,0,1.05652994785461,0.286816945976231,52.8231435248438,0.0216155279962803,0.00109878097146298,3.2680231832476,0.332589465237828
"2523",143.434267455492,0,0.696450747815372,0,46.4181826130318,0.0114676817191696,0.00343133308030478,2.1392762779597,0.376792813807925
"2524",145.05317833483,0,0.224718232980797,0.0579326294465392,54.9057391726832,0.00812612929689556,0.00372606086102546,0.716151197655857,0.381892314689677
"2525",144.910867051377,0,0.814040317999565,0.154571724015689,59.9857391726833,0.0158964291533557,0.00363598858992045,2.8195662065122,0.381444040158502
"2526",144.795090462999,0,1.04153601435027,0.126621407779135,59.9857391726833,0.0144423399877414,0.00359752058748572,4.13905908297936,0.381079348795896
"2527",144.64175034011,0,0.935614284305449,0.17071827338745,62.5257391726833,0.0209362538206377,0.00355810332212042,3.2756529841174,0.380596333886391
"2528",144.500321844925,0,0.723003746997394,0.152944473039553,65.0657391726832,0.0150351959799044,0.00351921812511744,2.42933798023237,0.380150840100967
"2529",144.528866658983,0,0.216448272631612,0.0507869221602684,77.6902950961418,0.0074145734115329,0.00352691373445474,0.707363611248733,0.380240755059423
"2530",145.748324660972,0,0.210763765701759,0.0546217079331002,84.0404461021427,0.00817581514598425,0.00394509922344856,0.671679913230145,0.384081996251739
"2531",145.653111126808,0,0.380442999222892,0.0993430037873426,84.0404461021427,0.00806474012757318,0.00393527050348649,1.21242814131839,0.38378207764126
"2532",147.66125704275,0,0.440432249467491,0.118587795453703,89.53957303134,0.0105260987865566,0.0046654581936885,1.39274874112125,0.390107652445736
"2533",147.5000756884,0,0.641337069202715,0.169086487981071,89.53957303134,0.0124624166619249,0.004557283031339,2.04386757637895,0.389599937988367
"2534",147.327465614852,0,0.640539036779537,0.179563443387354,89.53957303134,0.0116224412907216,0.00466907145101273,2.01027601197279,0.389056223548313
"2535",147.127755397197,0,0.722355677173834,0.20854759179039,89.53957303134,0.0135194896637549,0.00468211552847063,2.2504273667368,0.388427144799121
"2536",149.489498650193,0,0.617926713691206,0.18364195519894,89.53957303134,0.0110776210039529,0.00569241280948963,1.91135029346916,0.395866536278193
"2537",153.105472026802,0,0.393000582770899,0,85.925314049118,0.00937543703854638,0.00766104265064174,1.20717340972545,0.407256699663812
"2538",153.675457160614,0,0.403162425106925,0.105672092448263,92.8717770651413,0.00935192045109646,0.00723167816752228,1.29512030766914,0.409052128757258
"2539",153.588852249165,0,0.415435024442013,0.0857788000361803,92.8717770651413,0.00637409431323779,0.00720020572704183,1.42400494431455,0.408779326944669
"2540",153.433935510498,0,0.920537236255972,0.163399408019628,92.8717770651413,0.0155938892370381,0.00711121988433005,3.29607497426673,0.408291345762065
"2541",153.364902442186,0,0.358715107911932,0.0686556003047831,97.9517770651412,0.00669739710750136,0.00707486511389151,1.25588742432678,0.408073894513071
"2542",153.342914139526,0,0.103894742904105,0.0213377934234009,103.031777065141,0.0064135091638558,0.00706401840043659,0.356124589597248,0.408004632288551
"2543",153.325837355491,0,0.0770529808800426,0.0169848056417456,105.571777065141,0.00696369475839625,0.00705567315222153,0.258902853158631,0.407950841140219
"2544",153.25420463475,0,0.312025232650941,0.0715303969701555,105.571777065141,0.00691464745626202,0.00701697122711956,1.0384766544195,0.407725201095888
"2545",153.191281360924,0,0.274450151829367,0.0628755074502731,115.731777065141,0.00693498332409627,0.00698274969941984,0.913419959838703,0.407526995441425
"2546",153.145481235051,0,0.194537840120739,0.0460794169388253,156.371777065141,0.00723762765177461,0.00695833658615169,0.641494129905926,0.407382726979673
"2547",157.134801043489,0,0.193191564878264,0.0505744321688021,198.050555161281,0.00798993818058499,0.00931760143473062,0.620609221898249,0.419948915854159
"2548",157.077360312829,0,0.251660829977388,0.0566900839482915,203.130555161281,0.00867890774116802,0.00942955445215544,0.845596188041712,0.419767979979069
"2549",157.008200644285,0,0.324607572700312,0.0730674195220015,205.670555161281,0.0132870562405516,0.00937930526325482,1.09070182320196,0.419550129944687
"2550",156.952916326617,0,0.252764607518027,0.0549143203992913,213.290555161281,0.00896897821443431,0.00933897548284605,0.857688446572611,0.419375986679426
"2551",156.898151372864,0,0.316821225043776,0.0571311051203054,215.830555161281,0.011661559260863,0.00929540789366786,1.13440985334888,0.419203479388557
"2552",156.783636777672,0,0.748071693261115,0.124845820924589,215.830555161281,0.0195426225884537,0.00921139685522302,2.74313268025264,0.41884276325118
"2553",156.735176458973,0,0.291363588172143,0.0504884079062273,236.150555161281,0.0112065525574334,0.00917846335064226,1.05557430069044,0.418690115294402
"2554",156.690256193419,0,0.249033074767588,0.0448582192986057,243.770555161281,0.00908579467679968,0.0091478409325553,0.891687650620897,0.418548618355486
"2555",156.596596109834,0,0.684339531769683,0.101092817483434,243.770555161281,0.0165088661486071,0.00907613224990886,2.60782884993787,0.418253593048707
"2556",156.511343948169,0,0.825207983461975,0.0903763981165681,243.770555161281,0.0141301657279117,0.00900592927641726,3.4884600485069,0.417985052340796
"2557",156.406727166133,0,0.939273325441667,0.112260107317244,243.770555161281,0.0165802918559457,0.008936966574496,3.84647461418102,0.417655513896743
"2558",156.358344064354,0,0.390315199118608,0.059823634065015,246.310555161281,0.0203526181796751,0.00891208589394248,1.46788478945905,0.417503109170001
"2559",156.303641878922,0,0.370505064410623,0.0665172380107719,248.850555161281,0.0206939093147412,0.00887885673528418,1.32663017045337,0.417330799596694
"2560",156.176800908496,0,0.654182509673235,0.136703723848885,248.850555161281,0.0186585253522829,0.00879577192981016,2.24237022265998,0.416931255898033
"2561",156.127632875705,0,0.222777378358436,0.0499268027565872,259.010555161281,0.00952285984196918,0.0087640898768566,0.748545977293112,0.416776378671761
"2562",158.170480888748,0,0.208221196583024,0.0587648334163495,264.529154869126,0.0107847925411924,0.0105722382364488,0.658443630697783,0.423211263616176
"2563",163.220015147532,0,0.548845586629739,0,259.481655760235,0.0186216779792327,0.0165865280852635,1.6858799382769,0.43911708322228
"2564",171.096797151143,0,0.856604812477981,0,251.603826124756,0.0288968325206478,0.029944464388958,2.63121887752795,0.46392861379227
"2565",181.029802925195,0,1.0902497461343,0,241.645055991553,0.0395989678613031,0.065363327013164,3.32626991838259,0.495217162377441
"2566",180.763468580826,0,0.764247888285278,0.224476535900198,241.645055991553,0.0163748942021841,0.0582327026711008,2.45507244369068,0.494378220443524
"2567",180.548792207546,0,0.590021446509082,0.167891896610983,241.645055991553,0.0104713635426749,0.0572558402114026,1.91148696764548,0.493701998936335
"2568",180.451901994229,0,0.251534560961331,0.0713903603357894,244.164363900574,0.0106242708056448,0.0568162147653381,0.81489416704213,0.49339679885735
"2569",180.266513042701,0,0.552839055789744,0.142551331625311,244.164363900574,0.013151903811616,0.055989523714435,1.8399488022535,0.49281283149148
"2570",179.992389323932,0,0.985791850268599,0.245594374178104,244.164363900574,0.0262612120279658,0.0547905566182201,3.31232250511377,0.491949353357255
"2571",179.743102625771,0,0.92560164058765,0.215179481725797,244.164363900574,0.0196158628076611,0.053723079243031,3.17272554097435,0.491164110788743
"2572",179.660798359307,0,0.183171194048607,0.0341277699152948,246.704363900574,0.00517220231265682,0.0533486988610435,0.671677451508978,0.490904855826188
"2573",179.547744563479,0,0.306696747885883,0.0735844240509107,256.864363900574,0.013442868063039,0.0529122398409925,1.04069260267917,0.490548741145094
"2574",179.440096970415,0,0.26157288128973,0.0671160573983337,277.184363900574,0.0119438709265753,0.0524754065914197,0.870562064294667,0.490209655774336
"2575",180.010350092165,0,0.294680373023849,0.091096978121233,279.023897136523,0.0177641448889877,0.0568808090697422,0.931847563520435,0.492005929018465
"2576",179.781027699883,0,0.777932023042931,0.200167896590555,279.023897136523,0.0247388279647726,0.0538933236564939,2.58909908596772,0.491283573170114
"2577",179.524233769373,0,1.06854621444097,0.231148978799449,279.023897136523,0.0271537809199283,0.0527987326307088,3.74105724411773,0.490474683136834
"2578",179.221313464754,0,1.21883397810861,0.282768648978955,279.023897136523,0.0314178546277387,0.0515695102672652,4.17785094902971,0.489520496973643
"2579",178.973113542912,0,0.894982307290533,0.214851681548994,279.023897136523,0.0172369611320996,0.0505852014255881,3.03688080537637,0.488738677704627
"2580",178.575079661763,0,1.23894934667918,0.383135108781401,279.023897136523,0.0360753491099931,0.0509741214774924,3.9178446741507,0.487484887793279
"2581",192.484516870554,0,1.25828964589263,0,267.530184444668,0.0405573271613969,0.164832810224791,3.83894700511066,0.531299027420233
"2582",203.00299018488,0,1.20035247729384,0,256.707368152973,0.0368987146635079,0.341241692033283,3.61483470704808,0.564431774025179
"2583",213.417073998603,0,1.18591487390802,0,245.874755103832,0.0331409701680232,0.451670205585119,3.61813702303473,0.597235698112986
"2584",212.551781997463,0,1.22087065570086,0.453152719398223,245.874755103832,0.0321210072897612,0.444260289032127,3.77635637747788,0.594510064862195
"2585",211.748920499727,0,1.29536310468504,0.431214435623732,245.874755103832,0.0323711665823709,0.404018228694004,4.12817343085229,0.59198108505986
"2586",211.114673333871,0,0.905922212525515,0.259463293657343,245.874755103832,0.0151720419760619,0.389955914175103,3.01507368630102,0.589983233280115
"2587",210.27498842793,0,1.55420915510721,0.501132578628844,245.874755103832,0.0430222398318369,0.381574567144541,4.99274662962648,0.587338261297473
"2588",209.398755177466,0,1.5707710933888,0.534182680502503,245.874755103832,0.045241197528618,0.387291767489162,4.96714186018835,0.584578163573512
"2589",209.232603118551,0,0.313883475776681,0.100675669740268,250.661471562858,0.0116847300559259,0.370444660204653,1.00832031559573,0.584054791606741
"2590",208.858411925868,0,0.329143081124828,0.102442585500241,258.1990934469,0.0126954500762433,0.366822173217387,1.0663217647142,0.582876105156867
"2591",208.434052569535,0,0.231367952019904,0.0698220612143874,265.8190934469,0.00789285735806914,0.362430152476909,0.756121858022723,0.581539391110763
"2592",208.286427346365,0,0.285285640162276,0.0912667179599264,270.605809905927,0.0107981681928832,0.360440214375825,0.916452533895148,0.581074377893958
"2593",216.613181134444,0,0.961044573531305,0,261.827250654254,0.0344664854774606,0.486271949071603,2.93207466133015,0.607303300576721
"2594",229.334065434038,0,0.904005472197352,0,253.623989161656,0.0212894396173483,0.583666632621131,2.73991808184439,0.647373548748121
"2595",243.610826184975,0,0.981686027396117,0.378055019091089,253.623989161656,0.0198189596841667,0.605003189655527,3.03651846567651,0.692344742015873
"2596",253.803136332573,0,0.900302429921066,0,245.34429114921,0.0163687590995837,0.64375662394869,2.76544412847726,0.724450088423837
"2597",255.225996031751,0,0.200829464002395,0.07521445249905,250.860258908161,0.00818052618377517,0.617763569670261,0.635069260953464,0.728932036369939
"2598",254.842506269198,0,0.422837397419303,0.154747354782567,253.040127686218,0.0160256603026878,0.610129449761929,1.34753421900303,0.727724059817776
"2599",253.997409300311,0,0.686786794849944,0.2515759656844,253.040127686218,0.0135087586915819,0.61064828569812,2.18871063171828,0.725062040065477
"2600",252.796636686624,0,1.45600649210651,0.587861947067592,253.040127686218,0.040779055449974,0.657304785350642,4.50367070126619,0.721279657056979
"2601",256.670189651966,10.6304414837507,1.65231030701142,0,237.947275250715,0.0469408392623692,0.646301701334886,5.04107438642647,0.733481185266089
"2602",256.681029665735,13.9498080935318,1.5819316061485,0,223.398924007897,0.0386914122109466,0.635461687565881,4.85919322939018,0.733515330851544
"2603",255.463631066601,0,1.70153612301593,0.639607863112098,223.398924007897,0.038230807612014,0.622900002583537,5.38065115841996,0.729680576691223
"2604",254.343787798118,0,1.65838962081479,0.560348720996997,223.398924007897,0.0326812295090414,0.599048249391658,5.41969892748241,0.726153117701393
"2605",253.156998069036,0,1.77552272633386,0.63316233468382,223.398924007897,0.0379338618054588,0.598427746740288,5.70369507771759,0.72241478018872
"2606",256.690704371141,14.4271699034107,2.01379211876928,0,204.878935558331,0.0534968845812045,0.625786982159594,6.18573204485581,0.733545805764882
"2607",255.349794893089,0,1.88352509015258,0.744163278735113,204.878935558331,0.0430403793070347,0.646639941260828,5.86793534370565,0.729321997553478
"2608",254.610874242724,0,0.467214660030489,0.157835110890665,207.418935558331,0.0112796773611467,0.599212614761707,1.52688051112333,0.726994428719286
"2609",253.674201734615,0,1.22943254576456,0.369088199376028,207.418935558331,0.0241577799463059,0.598583528537949,4.17174738463894,0.724043949886894
"2610",252.647784339035,0,1.83675323479852,0.468927163745567,207.418935558331,0.0332839662225059,0.597609687694812,6.57667732784621,0.720810778450091
"2611",251.452371183828,0,2.10614410696373,0.64894801559252,207.418935558331,0.0435536479700541,0.59684832909995,7.07677642355017,0.717045277509404
"2612",252.50557766865,0,2.23891072991186,0.900453755138494,207.418935558331,0.0576580619965438,0.65082083222022,6.92532396779791,0.72036283344566
"2613",251.284030102721,0,1.87880364049019,0.667954833038833,207.418935558331,0.0364423616735284,0.596852165941357,6.03547502790274,0.716515010215201
"2614",250.497800201196,0,0.624320916544871,0.203729216379192,207.418935558331,0.00667043120209264,0.59598225490808,2.05871620088131,0.714038419238355
"2615",249.801652289758,0,0.364438201813558,0.115181801353796,212.498935558331,0.00731607353322218,0.595087394866763,1.21291653673849,0.71184558272492
"2616",248.793270424694,0,1.48043778125221,0.453383240379915,212.498935558331,0.0317854199284404,0.593583334086876,4.97436388719007,0.708669222447362
"2617",247.671932946283,0,2.00233561043202,0.57543006099434,212.498935558331,0.0389875690955853,0.591688360231505,6.8634940283671,0.705137056759379
"2618",246.555066721358,0,1.95467164105689,0.560460626915431,212.498935558331,0.0332751032473895,0.589680701256226,6.70011413966608,0.701618975330999
"2619",245.475508851449,0,2.01577437536358,0.523315402634141,212.498935558331,0.0311046646313873,0.587347131906211,7.13588954292038,0.698218413644889
"2620",244.20795347299,0,2.40279844425687,0.729034210811001,212.498935558331,0.0461869188513791,0.584708086499643,8.07355362087428,0.694225667748483
"2621",242.709574973613,0,2.48962262793001,0.940843814106163,212.498935558331,0.0578193459744075,0.615354031245211,7.81346391151321,0.689505838771921
"2622",256.688298112666,8.02204045608454,2.46856045368859,0,189.950133134512,0.0611461934889598,0.6281932406347,7.53139214930097,0.733538226152334
"2623",256.663321267957,21.851740242343,2.48423527873163,0,167.551360644221,0.0599463223572364,0.6531700853442,7.48121912180139,0.733459550146603
"2624",256.702137412547,22.6645352338899,2.52725801012326,0,144.309245075132,0.0544906310118212,0.614353940754495,7.76293675654662,0.733581819362338
"2625",256.657938908125,24.7796839076015,2.82415715415901,0,119.00376189472,0.0673704133373965,0.658552445175892,8.45196813896685,0.733442595940502
"2626",256.647372967493,25.5395519431696,2.9315635031518,0,92.8944327673932,0.067517169994959,0.669118385808288,8.72031055261289,0.73340931367385
"2627",256.674614235634,16.3140923067097,1.85417091423374,0,75.9577061247153,0.0253490162712898,0.64187711766688,5.65693590612944,0.733495122517735
"2628",256.693770399774,24.2530888236544,2.71808866432955,0,51.1296148495722,0.0458341643043013,0.622720953526748,8.29268393935714,0.733555463625556
"2629",256.674673965894,26.5544730679299,3.00625687566211,0,24.024105004422,0.050617072105758,0.641817387407217,9.05327551532608,0.733495310665529
"2630",256.678420942637,22.9761245404159,0.919955777940309,0,15.6761048648572,0.00889185046641874,0.638070410663919,2.78826129707941,0.733507113483986
"2631",256.652114844867,17.2173517734879,2.37292375794316,0,0,0.0273675903570483,0.664376508433941,7.14600696016401,0.733424250387267
"2632",256.675825419486,1.12278891007753,1.99590184686216,0.790636921928789,0,0.0168112168125086,0.640665933815017,6.21803396779869,0.733498937695704
"2633",255.069639443753,0,2.53210883390955,1.00294379871065,0,0.0245609017044642,0.646602593095679,7.88853357902628,0.728439519722766
"2634",253.254695409147,0,3.31253053450357,1.24853517321806,0,0.0367089931635328,0.62190036655849,10.4749884628875,0.722722522683008
"2635",250.822961210155,0,4.32979064772185,1.83437857270314,0,0.0633467291489266,0.679466243315173,13.2098653867858,0.715062662680698
"2636",248.557686647579,0,3.70048546515768,1.63352304835314,0,0.0500491224356183,0.700545248689615,11.1439294252436,0.70792714350129
"2637",246.546105380326,0,3.32487923467921,1.39789025160205,0,0.039815097779207,0.672232138912666,10.1439562997211,0.701590747485304
"2638",253.395891619902,0,2.38108182166519,0.906033976845254,9.4529305282734,0.023582675391852,0.613540698437048,7.47281803885667,0.72316728478229
"2639",252.445223558759,0,1.15302159544026,0.378803776960416,14.5329305282733,0.00734052767236442,0.5978972975739,3.80212191453666,0.720172720549061
"2640",251.368233440142,0,1.60436326324807,0.510868480416571,22.1529305282733,0.012081674049462,0.596879531058587,5.3396123766543,0.716780247171051
"2641",249.886355662779,0,2.78754624996713,0.937698816190999,24.6929305282733,0.0323623257263117,0.595201251170568,9.10983838275102,0.712112394771787
"2642",256.666555250209,16.394728626917,4.24540431057195,0,0,0.0744876934833724,0.649936103092462,12.784940371769,0.733469737054082
"2643",253.553088204505,0,4.83837877718706,2.43109574237004,0,0.0814044631949653,0.782395362013395,14.0699500969826,0.723662447383287
"2644",253.118986690278,0,2.68457548085812,1.03556071922517,1.35041864689624,0.0240387415223288,0.630763325456282,8.42530647098852,0.722295045951356
"2645",251.829234429668,0,4.78572474195369,0.674057856738315,0,0.0708719968309012,0.705149726539515,14.4121032970202,0.718232380813848
"2646",248.940228201425,0,4.75534288511105,2.24186546732844,0,0.0727261757764778,0.738430159981645,14.0621121520044,0.70913213323608
"2647",248.439480178597,0,2.8820938906274,1.04764029358658,6.51681940255692,0.0272664777164578,0.60210155571671,9.18490219574582,0.707554798117429
"2648",247.273844174772,0,2.10566849895802,0.607143888896222,9.05681940255689,0.0140327760011229,0.59105550555241,7.2176927249478,0.70388309394571
"2649",245.72712815008,0,3.39823707198623,1.00760934184015,9.05681940255689,0.0304587660259234,0.588079939616402,11.5309999448774,0.699011003806343
"2650",243.752010782514,0,4.26237173359824,1.45836746542301,9.05681940255689,0.0484829489370183,0.583731227297135,13.8087658817129,0.692789467534015
"2651",242.023000444466,0,3.53004936554943,1.20312340342193,9.05681940255689,0.0348551229957705,0.579224333342851,11.4362679480822,0.687343158008291
"2652",240.915595628327,0,1.80542330622082,0.562325830091766,16.6768194025569,0.0124274434739173,0.575972621264464,6.00877672272293,0.683854879617904
"2653",239.625429375148,0,2.43922486211698,0.757593525703934,19.216819402557,0.020880166756997,0.571903015994678,8.11818343236947,0.679790910421291
"2654",238.078083777009,0,3.9223472185414,1.39861638408309,21.3818151349276,0.053115046145616,0.576848527831196,12.5000700696173,0.674916837152159
"2655",236.282626959323,0,3.43225713746204,1.25264663777667,21.3818151349276,0.0390945667526142,0.581904746662308,10.8535917003905,0.669261224022495
"2656",234.171334774791,0,4.38889489866996,1.59544356163297,21.3818151349276,0.0569069470044465,0.572755569903527,13.8787017808677,0.6626107428292
"2657",253.445725814339,0,4.75766490393648,0,0,0.0723760500233423,0.645920023082665,14.4198375989545,0.723324260389605
"2658",252.378727730458,0,3.38033752535577,1.24043531048914,4.32999146474166,0.0311144721582321,0.607685780808782,10.7727474319872,0.719963261498915
"2659",249.961723053335,0,5.28425478173452,1.88472087575833,4.32999146474166,0.0629906393925801,0.595274440756863,16.9751575358419,0.712349798868269
"2660",250.440277865923,0,5.55396817169318,0,0,0.0798751940012412,0.688499430888049,16.8333248941753,0.713857226312179
"2661",249.181217849257,0,2.34009646676939,0.678667918549298,2.53999999999996,0.0137119094850215,0.594104007602043,8.02125180304282,0.709891240446549
"2662",246.991587746171,0,4.92216152510292,1.65070776679905,2.53999999999996,0.0517216699652355,0.59064400625159,16.0858661943319,0.702993998119064
"2663",246.402394459425,0,5.96078592820091,0,0,0.0826215883052771,0.671814875051744,18.1859092315263,0.701138064155291
"2664",242.808871793645,0,6.04124199962271,2.94327756348089,0,0.0974781922584062,0.747723294557228,17.6635031751612,0.689818619560394
"2665",239.686007908454,0,5.34574590264287,2.48731164723564,0,0.076117598521998,0.711669836477186,15.8080038044042,0.679981730242166
"2666",236.344421902012,0,5.75678773295732,2.72065813065173,0,0.0878263688334522,0.708754244623466,16.9260472020685,0.669455875481545
"2667",232.860920854134,0,5.99902202726105,2.8777302408464,0,0.0958960001508651,0.701666807182487,17.5400595826165,0.658482994335361
"2668",229.40927934214,0,5.86599984634807,2.85470101471914,0,0.0940055314459282,0.690946028720694,17.0582604024667,0.64761046938136
"2669",226.775128365093,0,5.2054311795748,2.11486633910279,0,0.0655972522770733,0.58488189022154,15.8813787448455,0.63931300507893
"2670",227.217520719253,0,4.0992351722799,1.57811541289447,0,0.0419979582762031,0.561490191221813,12.6796174626166,0.640706522306414
"2671",225.372136293769,0,3.93341707321149,1.36697589302477,0,0.0358865754063575,0.514295107865747,12.5353484249813,0.634893639321295
"2672",223.717474707309,0,3.74914292036009,1.19201451946751,0,0.0310202968071598,0.493667363799439,12.252383643399,0.629681525222337
"2673",221.36801505908,0,5.41232137708168,1.91551005958512,0,0.0621868366891774,0.496136425333267,17.1150132479809,0.622280826579379
"2674",218.200442296638,0,6.16541639381278,2.70315137506302,0,0.0903655698884362,0.554786957267775,18.3398195476286,0.61230310618646
"2675",214.84419815438,0,5.96112617444619,2.88670518018197,0,0.0965365569538769,0.566075519029401,17.2436048677831,0.601731078917227
"2676",212.409048199566,0,5.02761138003455,2.02947532303959,0,0.0618836451665772,0.467558276941063,15.2380087867832,0.594060459428369
"2677",209.4861706117,0,6.24280177210039,2.56647243212362,0,0.0851999651337705,0.441605120876371,18.8000582677896,0.584853518498629
"2678",206.235769496472,0,6.08532408950043,2.89937815901873,0,0.0998181804874286,0.450841136696354,17.6028691594497,0.57461489229338
"2679",203.307561963922,0,5.64107586431686,2.61612884022127,0,0.0860721602980884,0.398150852627452,16.4041840375249,0.565391162263039
"2680",200.317375541776,0,6.08164348582481,2.74396869971223,0,0.0959834441885241,0.34220116662186,17.7816298418063,0.555972201348667
"2681",197.225950728421,0,6.05545718700389,2.89076780558565,0,0.100922851187545,0.301579858956588,17.4267698810402,0.546234343778632
"2682",195.162508379027,0,5.04873652621162,1.90567777840807,0,0.0609740980667426,0.218738669052457,15.403315150975,0.539734587544687
"2683",194.231033759112,0,3.05894557694149,0.950082090614201,2.36774534137575,0.0234286557659179,0.177075843691436,9.82656688728099,0.536800481840529
"2684",194.086883758667,0,4.72930019704338,0,0,0.0555907975194283,0.199740797964282,14.4287389528899,0.536346415428501
"2685",191.634987251766,0,5.43482212914934,2.34959053257274,0,0.0770463614889093,0.179352335817238,15.9794072944864,0.528623045007999
"2686",189.117810985349,0,5.57914643950541,2.45190475567723,0,0.0821211572375025,0.147392667977773,16.3124190116945,0.520694046102654
"2687",186.564925525723,0,5.77086662151217,2.52055240205113,0,0.0870088368260611,0.119341894400387,16.8729742822548,0.512652564747178
"2688",189.966498815597,0,3.78156132592615,1.56863835974047,0,0.0406375881337742,0.150425938519482,11.1825247431372,0.523367376916549
"2689",211.105515648733,0,3.63708999749911,1.34697498981155,0,0.0342224558668064,0.408230632919575,11.0964878387059,0.58995438695878
"2690",210.681016758798,0,2.42753818253817,0.812124279173885,4.31604536651889,0.0157528166548029,0.39208206089669,7.73628536376305,0.588617233387726
"2691",216.505219172315,0,5.39293948014124,0,0,0.0679438590848063,0.49885000086118,16.3452687515432,0.606963224956689
"2692",245.973893640702,0,1.11927238770299,0.432640365250832,0,0.00751819377640004,0.586203360139002,3.43805053709711,0.699788304677609
"2693",243.104987198013,0,4.95462237805122,2.22407734541806,0,0.0547084776193186,0.699537574890632,14.8278966764408,0.690751370575256
"2694",256.079539697212,0,3.76771780329305,1.64716660068306,0,0.0337655273799715,0.670560349835781,11.3463981116712,0.731620662859627
"2695",256.608714406633,2.12665363597034,3.89313011275322,1.77354818844511,0,0.0355231932554969,0.707776946668226,11.6511262928075,0.733287540840208
"2696",256.583587571061,2.76933089034566,3.48287366148547,1.654340902206,0,0.0304236697774296,0.73290378224046,10.2992699416936,0.733208392369596
"2697",256.589764664189,5.60898305790209,2.77827742539039,1.31995280280326,0,0.0208153637014846,0.726726689112295,8.21569541652711,0.733227849952009
"2698",256.583590820864,2.70235532685814,3.58659620149829,1.70368221885557,0,0.0317541596529083,0.732900532436654,10.6059897778,0.733208402606341
"2699",256.570919271464,2.55855537370525,3.80739830226384,1.84525492705779,0,0.0356684873796383,0.745572081836725,11.1944727460166,0.733168487761019
"2700",256.320223035754,0,4.0177393634722,2.06243667939427,0,0.0411259724679984,0.790280399732129,11.6220170514826,0.73237880520877
"2701",252.234924641612,0,6.21027309122807,3.36153841922385,0,0.0911243900475838,0.833255102494195,17.6971526260728,0.719510287843772
"2702",248.639054783689,0,5.80795022707396,2.91402614409507,0,0.075658542070906,0.775852100859449,16.8894527741374,0.708183449692775
"2703",244.920515267328,0,6.26531358273586,3.06733823511588,0,0.084750145151456,0.754280744262656,18.3186481139055,0.696470207299675
"2704",244.439800992825,0,5.07687099875635,2.37437219913757,0,0.0572925835493759,0.721944149006351,15.0129088670549,0.694955977641956
"2705",240.232619854171,0,6.74800138240459,3.54029067441829,0,0.102923220694329,0.788101316602007,19.3230951975792,0.681703534780472
"2706",236.220211411303,0,6.03243619716441,3.31564277240814,0,0.0910995650640551,0.806129982035218,17.0309796984509,0.669064617682872
"2707",238.289158952389,0,4.25168888951669,2.28584958297006,0,0.0492759591273742,0.792721077620865,12.0587752382973,0.67558171503809
"2708",234.022540107991,0,6.1761283379176,3.55433150258098,0,0.0999348233427017,0.830440510869383,17.2107179701622,0.662142045914361
"2709",243.50521905897,0,4.88368826776152,2.52544090412009,0,0.0603446060241514,0.770421347025838,13.9845812064178,0.69201208403015
"2710",246.282606007106,0,3.70268022072074,1.65675326838392,0,0.031914120208337,0.695951478462189,11.0811592790535,0.700760735590747
"2711",243.306778634987,0,5.18949932597873,2.33191716352572,0,0.0562397688268767,0.700149977419768,15.5308223183576,0.691387005077386
"2712",239.197427909136,0,6.98052798753366,3.45817486922634,0,0.0950722439301911,0.746248100554766,20.2992954785342,0.678442723883553
"2713",234.800717866867,0,6.7559613778372,3.70826285050837,0,0.109365504737979,0.797812696498983,19.0736606751926,0.664593272982011
"2714",230.129165073291,0,6.83298899478384,3.97619790020726,0,0.119306054894066,0.814660948262621,18.9629851897464,0.649878079024124
"2715",225.17005132043,0,6.85405815317855,4.26082389443721,0,0.13177987713739,0.830069735560704,18.6638838391899,0.634257080192017
"2716",220.036441286244,0,7.05228148265348,4.475894315627,0,0.136621432396595,0.79433715095573,19.0714332931818,0.618086425445037
"2717",256.47608387553,7.99996017590274,5.23418728797098,3.12666737724884,0,0.0818342654023673,0.840407477770901,14.3571324300063,0.732869760269988
"2718",251.701771548508,0,6.66319624714725,4.02508029607523,0,0.112613669280726,0.926601544678656,18.4178947474255,0.717830878122648
"2719",246.793445571431,0,7.05995589729567,4.18901386662844,0,0.118844927377022,0.902826775554485,19.592866199972,0.702369858638815
"2720",242.273364093502,0,6.96162892434482,3.85887782490599,0,0.109012430567396,0.834804893547016,19.654308309866,0.688131792926565
"2721",238.182594659372,0,6.93747018721692,3.49827245852071,0,0.0969835913868543,0.753994711441057,20.0678514746431,0.675246042016718
"2722",233.753045120247,0,7.23314274928378,3.83111497416554,0,0.103950234430138,0.766820694010866,20.6119810384915,0.661293148087328
"2723",229.14249474554,0,7.11182022774067,4.00601446455201,0,0.113708504624812,0.782597165369379,19.9021396878759,0.646770109171934
"2724",224.725748681311,0,6.62598983970562,3.82861004247722,0,0.114548303067112,0.766951504685431,18.3885188888297,0.632857545647608
"2725",220.53960209814,0,6.32570133370448,3.63397247552387,0,0.106570309953448,0.722926140528671,17.555154969131,0.619671360747328
"2726",216.474194374977,0,6.11677242681533,3.54852867641439,0,0.103091663774399,0.684065816012135,16.9075120366254,0.606865498155663
"2727",213.170787378131,0,5.60904668568924,2.87329990661308,0,0.0790237574445544,0.573148211597885,15.9838631611257,0.596459905662462
"2728",209.314873628233,0,6.61167914972054,3.49198838293177,0,0.1090162669138,0.536878886410612,18.6663181658666,0.584313940236861
"2729",208.921419609596,0,4.80548385035474,2.47708477133728,0,0.0624494620229055,0.518818709322303,13.6294661177061,0.583074576698957
"2730",205.131644035921,0,6.40458426420119,3.41839787049282,0,0.106402346605492,0.477780049787552,18.0010351199653,0.571136943734565
"2731",201.324940146114,0,6.36759567290218,3.49476222529433,0,0.11001470800357,0.421956372516605,17.7442707272652,0.559145987289463
"2732",197.596400879926,0,6.1777536532459,3.48171214402761,0,0.108958861020579,0.355785983181387,17.0760716540084,0.547401246106828
"2733",193.644485725903,0,6.47974376383974,3.80245532435199,0,0.125668401404806,0.275128231075082,17.70814377625,0.534952880313655
"2734",189.254893915933,0,6.82761640295182,4.32824540118112,0,0.143948380242609,0.205294789031398,18.2854688602175,0.521125851543159
"2735",185.214316961456,0,6.07627344236498,4.01974221777506,0,0.134367673040915,0.155202409743569,16.0816942353964,0.508398204823919
"2736",181.14173605233,0,6.16129783451265,4.10033355613981,0,0.141181498673934,0.113428851659996,16.2614510024016,0.495569746999491
"2737",177.865009172088,0,5.22582617327965,3.29359116455384,0,0.099973661505085,0.0831093771926924,13.9526667275431,0.485248195746536
"2738",174.450823908129,0,5.67884963899231,3.46526853005849,0,0.113127896063935,0.0620446299646294,15.2569143721614,0.474493656391568
"2739",170.784958475062,0,6.09908094086775,3.74995408808763,0,0.131541090543342,0.047452435522431,16.3343322234634,0.462946335135716
"2740",167.111310107628,0,6.01038301365215,3.77035278913291,0,0.133517617119687,0.0368131954209042,15.9993801349421,0.451374497965384
"2741",163.641578648046,0,5.80001299326182,3.56635116471668,0,0.124486598268283,0.0278668931343896,15.4857137660233,0.440444990440657
"2742",160.454567733154,0,5.51897883846733,3.27713288944961,0,0.111373848601977,0.0212518740436253,14.8274021876037,0.430406040688655
"2743",157.60084239502,0,5.12380965146556,2.93244943000629,0,0.0953287326632927,0.0166046407912863,13.8562810085282,0.421416926424351
"2744",154.549535725685,0,5.53868421762896,3.14844216956003,0,0.110255414187279,0.0131199139620734,14.9782232669427,0.411805439313255
"2745",154.950646810515,0,4.00080576259403,2.18640281294089,0,0.0605893879382184,0.0130754901674698,10.8943595673445,0.413068922286207
"2746",154.714670979025,0,5.41889285418626,2.86366712417373,0,0.100162751146543,0.0124714584630009,14.86377121246,0.412325608385414
"2747",152.719182139929,0,4.00662509227207,2.04218539612572,0,0.0571393633021881,0.010442806272035,11.074805019206,0.406039902838327
"2748",160.992316731922,0,4.02124276851165,1.92351214300751,0,0.0550101635889381,0.0183634285889665,11.2532843540682,0.432099927318473
"2749",167.404407435668,0,2.66559370575018,1.2046420365413,0,0.0250617239318221,0.0283289836447232,7.59602966838799,0.452297742167305
"2750",173.312558116181,0,3.80125922913641,1.71271666329195,0,0.0446747922322404,0.0438074484270216,10.8850146573481,0.470908167231051
"2751",171.836653707283,0,3.2065100273889,1.46894558715778,0,0.0330656715443196,0.0400244932846623,9.1819332866155,0.466259130690117
"2752",169.962193596311,0,3.97183451924206,1.88844001481652,0,0.049766190282276,0.0357862864372509,11.2650433735511,0.460354660523965
"2753",167.383459421453,0,5.2506173385332,2.63372483850608,0,0.0857678031253607,0.0307771394774896,14.6936390927684,0.452231756807442
"2754",165.225324500451,0,4.78732473675326,2.20215050897225,0,0.0685491622189191,0.0245335742481948,13.6422368698351,0.445433722973061
"2755",162.792534155905,0,5.23858064819245,2.49546319828158,0,0.0836950552209578,0.0210222014857017,14.7897396262559,0.437770536156869
"2756",160.087393860424,0,5.44630599230072,2.78388932001814,0,0.0969129589075059,0.0181639343704117,15.1146474770655,0.429249458500197
"2757",157.07899872589,0,5.80598394928032,3.10851903041218,0,0.115190314963913,0.015066419086176,15.925544093135,0.419773140910997
"2758",154.016890316776,0,5.6694659153187,3.1670265095928,0,0.117331510037728,0.0124134095588457,15.3842498752484,0.410127628775898
"2759",151.102658961445,0,5.73079718569883,3.01953091906437,0,0.114777120225516,0.00947755649194377,15.7193102955397,0.400947923113399
"2760",148.51228176955,0,5.53533376384056,2.6847609476654,0,0.101673118082535,0.00728936231239437,15.4250467392809,0.392788344385049
"2761",145.954051279867,0,5.51762600992203,2.65429398817135,0,0.102014833539553,0.00595133505127503,15.3757013983323,0.384730026410683
"2762",143.310673835107,0,5.64759736747718,2.747634211042,0,0.109144819504526,0.00488805322197535,15.6732734852749,0.376403499124717
"2763",140.929782446901,0,5.33906528268422,2.47333819658679,0,0.0963578824805021,0.00391107409958658,14.9411570675244,0.368903791828614
"2764",139.103015815514,0,4.71189000351617,1.89379639473332,0,0.0700961124214961,0.00306634907541443,13.5601689947176,0.363149554108422
"2765",137.637614638359,0,4.20018702552606,1.51656464624618,0,0.0537075664716906,0.00254409738034189,12.3493460501537,0.358533602303788
"2766",135.411078636598,0,5.73240514154714,2.32609921295267,0,0.101855920378241,0.00229270918723952,16.4149062787739,0.3515201079545
"2767",132.724446203573,0,5.87408109875923,2.80880298142329,0,0.124235528719649,0.00206498032050618,16.236683327631,0.343057329282734
"2768",129.768730229536,0,5.74116591827851,3.08991624543291,0,0.13596976220405,0.00176949080820403,15.4743209130676,0.333746948823758
"2769",126.835890216394,0,5.4754364355191,3.06411180380227,0,0.132696774209228,0.00142498354981693,14.6191123163017,0.324508626675243
"2770",123.868302900212,0,5.42862125010988,3.10290653398477,0,0.136440806739087,0.00112158893591578,14.4085957011105,0.315160851989996
"2771",120.915900199495,0,5.3776909886962,3.08939954554422,0,0.137863695638486,0.000866850810851806,14.2327995922116,0.305860908202016
"2772",119.174227934272,0,3.76916921763693,1.8040863764442,0,0.0630562627873485,0.00064215156669333,10.3005601541533,0.300374714140572
"2773",116.92078149847,0,5.0689731408468,2.35863351116461,0,0.105697928396012,0.000510853033572896,13.9039577040993,0.293276453060843
"2774",114.993640767884,0,4.76801340397937,2.01611969208187,0,0.0893785798502358,0.00039961835431377,13.286792223866,0.28720604116831
"2775",112.976267094088,0,5.44407999137897,2.12490314112408,0,0.107842359781956,0.000312892453840127,15.3699123835741,0.280851399316405
"2776",110.82094556332,0,5.48938103268426,2.2718105265005,0,0.116752746444266,0.000263750711728444,15.2969924870669,0.274062227542412
"2777",108.714532222943,0,5.18425210445146,2.21672248862536,0,0.110528060578969,0.000218912330602175,14.3299110610446,0.267427114502107
"2778",106.652273595285,0,5.02385856242125,2.16958428872811,0,0.107504632513891,0.00017897144326144,13.8325664451646,0.260931086941626
"2779",104.93863064603,0,4.19914530473673,1.79254962423151,0,0.0790556972694274,0.000149022293703848,11.5618215996666,0.255533184041429
"2780",102.48374942802,0,5.22149172476948,2.58931583816379,0,0.134562149340946,0.000127529186890106,13.9840053544715,0.247800411907019
"2781",100.230532501813,0,4.75474527134147,2.37003251215267,0,0.116915956116915,0.000100370170660776,12.6949067851895,0.240702873772821
"2782",97.8778304790861,0,4.95259518876182,2.48197343074939,0,0.129348944948635,7.75369264910401e-05,13.1835946061176,0.233291961787163
"2783",98.2592835577327,0,5.31872502077584,2.29088985696561,0,0.132416076293579,7.3140681370884e-05,14.4831082173293,0.234493522871057
"2784",96.6458194411724,0,4.8928775581747,1.71121249306614,0,0.0978016461713982,5.32696655847754e-05,13.8137388671345,0.229411179061965
"2785",95.0548144471734,0,4.63444536393773,1.68408547731863,0,0.0931258609500122,4.53776302934372e-05,12.969306879994,0.224399580540194
"2786",93.4033915725735,0,4.64012908703964,1.74909916734238,0,0.0977144844488777,3.81917064069493e-05,12.8773365833334,0.219197668246781
"2787",91.7244563231293,0,4.55622747046287,1.77791967850277,0,0.0990162997147904,3.18706562508235e-05,12.5450026988991,0.213909093134822
"2788",90.0117205966012,0,4.60940708468025,1.81667470669829,0,0.103964938523946,2.59583537756384e-05,12.6433893740584,0.208514047947893
"2789",88.2789691166052,0,4.74227056534977,1.84331447440745,0,0.110583664636079,2.06702245703826e-05,13.0078277256374,0.203055953983073
"2790",86.9167542720074,0,4.39308025845768,1.44997246852044,0,0.0877733634611639,1.57395385978525e-05,12.3474044145762,0.19876503476706
"2791",85.5749710730224,0,4.51857948997819,1.43329116454655,0,0.0915208584213992,1.2892859806997e-05,12.7570077899587,0.194538474371628
"2792",83.9460813342816,0,4.64908450447627,1.73914709982629,0,0.110268752180603,1.13910950679213e-05,12.752222692232,0.189407540504297
"2793",82.3445696287245,0,4.31259513862479,1.70413075456717,0,0.10262849068738,9.44167739268974e-06,11.7023441386464,0.184362846284955
"2794",80.7732201792568,0,4.40909969382428,1.67756893470484,0,0.106226865215031,7.37997781970665e-06,12.006160829374,0.179413161898142
"2795",79.0581954206049,0,4.47101529291062,1.83286052425406,0,0.117841779828182,6.01422603245479e-06,12.0119217477055,0.174010906356719
"2796",77.6600765774071,0,4.04999908849918,1.49152643529987,0,0.093412164635103,4.57253302861749e-06,11.0283150284507,0.169606891061821
"2797",76.7232855888155,0,2.77622092901556,0.984219371512076,0,0.0474322659134569,3.88299300453248e-06,7.58698509653875,0.166656039020914
"2798",78.079483401357,0,3.89874510963915,1.26712661004161,0,0.0833290014013987,4.5788183729747e-06,10.7766114658737,0.170928004840128
"2799",80.239432099079,0,1.69243583462896,0.396456255556276,0,0.0164102383388262,5.28506047094345e-06,4.94837745956744,0.17773175199456
"2800",79.1764175622306,0,4.22882163611027,1.14704440998542,0,0.0840347077946957,4.83465774450296e-06,12.1093518536037,0.174383301108745
"2801",77.9183102467906,0,4.27472221808864,1.35484352923983,0,0.0967405760758246,4.36227596703623e-06,11.9121615470049,0.170420316211732
"2802",79.9981648466672,0,1.87593647090254,0.48095449799254,0,0.0208144516196486,5.35375046284779e-06,5.39868620655615,0.176971770341391
"2803",79.4310086952157,0,2.97994799353738,0.6065860966873,0,0.0394342713685244,4.32613276017397e-06,8.97404690372482,0.175185252422874
"2804",91.7361813803805,0,2.29824122580167,0.418867863666305,0,0.0240621973070153,2.16484759572945e-05,7.05946967651173,0.213946026569858
"2805",93.6165235110992,0,1.98537596322368,0.377404503437323,2.84041074532025,0.0181843218007868,2.69423245413407e-05,6.23092964588452,0.219869024849737
"2806",94.2104588105732,0,3.86577687480533,0,0,0.0648839293084516,3.31014595257082e-05,11.5692651629152,0.221739895953284
"2807",93.2611587102019,0,3.754802711101,1.01341170812749,0,0.0641426512688978,3.10435127212098e-05,11.0398317378817,0.218749640738698
"2808",92.001586807899,0,4.24624848300249,1.34981005148261,0,0.090267380127996,2.92309482423807e-05,12.1003547489834,0.214782042454936
"2809",90.5544313957727,0,4.10557749269507,1.54494434781886,0,0.0978159793892938,2.70436967376417e-05,11.3483216362164,0.21022356403938
"2810",89.0474317707419,0,4.13222539982347,1.61084144940947,0,0.103864708214219,2.28838355691965e-05,11.334502193348,0.205476578881193
"2811",87.4458551793064,0,4.15957669118631,1.71375646714795,0,0.112199173764163,1.92980517306218e-05,11.2871244219963,0.200431680274076
"2812",85.8227210437472,0,4.00031558591378,1.73462813995231,0,0.111510129365029,1.61249719145523e-05,10.7473302228053,0.195318876313631
"2813",84.5511275209833,0,3.72023140165395,1.3598178243113,0,0.0882365320570477,1.22305095727633e-05,10.2431920436002,0.19131341043325
"2814",83.8568410787304,0,2.93553707407216,0.740822962199927,0,0.0465455743669547,9.05441994794942e-06,8.5829815180248,0.189126437469114
"2815",83.3273363511025,0,2.85367126663812,0.568677190855283,0,0.0391799034944621,7.44026707958728e-06,8.70633625444739,0.187458519945121
"2816",82.8818708479782,0,2.39746521998516,0.47480876126571,0,0.0293502361289552,6.9779875785656e-06,7.31448594221715,0.186055322428219
"2817",85.1964721576948,0,1.19509677008177,0.235579946717274,0,0.0101908614494745,9.60501542714654e-06,3.64615029719026,0.193346218777395
"2818",84.495598607512,0,3.27292405782313,0.75626926459571,0,0.0554051367540453,9.42234116660994e-06,9.73573117848225,0.191138496701541
"2819",83.519013498139,0,3.7235334813233,1.0571067258424,0,0.080530823979934,9.20751047393616e-06,10.6624447526928,0.188062294861208
"2820",82.3982123535196,0,3.75440411374234,1.21167901575474,0,0.0908863360372447,8.46490192391908e-06,10.5065472303388,0.184531818602013
"2821",81.5119838364153,0,3.14705051461792,0.951163290513472,0,0.0649419817616776,7.20835256041635e-06,8.88486039017717,0.181740236210365
"2822",80.575728972648,0,3.27755884555479,1.0083082674698,0,0.0720597705023863,6.36679979980877e-06,9.21206583483736,0.178791072940007
"2823",79.5808319770404,0,3.54433312078482,1.07892365299258,0,0.0840321332787031,5.47589374041376e-06,9.96187454987938,0.17565718943159
"2824",78.6024893906867,0,3.2322734140096,1.05461446627817,0,0.0762768081654144,4.92824100433473e-06,8.97024024564731,0.17257545161301
"2825",77.4901893068542,0,3.55451942719941,1.20740683252245,0,0.095111011375436,4.26268550800752e-06,9.78692484003127,0.16907175333618
"2826",76.7079668620075,0,3.15132999808989,0.849620539170863,0,0.0674014263180873,3.33199386767618e-06,8.98021184126223,0.166607785678583
"2827",76.0249641614929,0,3.15918073803264,0.746691605174948,0,0.0636917019616882,2.79730139183639e-06,9.18686142164959,0.16445635602426
"2828",75.1446971337902,0,3.55296952260067,0.96776024087515,0,0.0874958360007697,2.62282825181885e-06,10.0770451495646,0.161683552072394
"2829",74.2039553798255,0,3.31486952643288,1.02666784414512,0,0.0859285094998086,2.41931942952824e-06,9.19946187293354,0.158720255287455
"2830",73.3409763624983,0,3.06675796070906,0.938825887597902,0,0.075848959702017,2.08943131716966e-06,8.51089996396263,0.156001907837969
"2831",75.3308682576458,0,2.17445558820585,0.589059989625562,0,0.0389546125080003,2.72773489538622e-06,6.13899720900895,0.162269983248053
"2832",74.6814072953499,0,2.77790238949561,0.706836625804386,0,0.0573780166619229,2.35315344949756e-06,7.95460304169039,0.160224208652205
"2833",74.1803711618349,0,2.62799796328383,0.548164205714092,0,0.0471300324661258,1.96026704616515e-06,7.77130124741222,0.15864596599706
"2834",73.6113763021209,0,2.83068353448143,0.625631829550977,0,0.0566388105931203,1.84075612306765e-06,8.27640865939681,0.15685365622519
"2835",72.9493495758703,0,2.92979724494356,0.727942302269534,0,0.0659173296265563,1.75360766445398e-06,8.38955831000086,0.154768300003704
"2836",72.2318870201306,0,2.83539525087315,0.785392485020388,0,0.0679315770869204,1.64780623608924e-06,7.9692993931303,0.152508323261121
"2837",74.4865989015999,0,1.23515855587094,0.30135456651391,0,0.0160687087673583,2.26078415822411e-06,3.53691189534017,0.159610570441245
"2838",74.0534784876241,0,1.78283106467363,0.462282185061472,0,0.0291639227477979,2.15166207463061e-06,5.08045829781601,0.158246259433663
"2839",73.2842526324046,0,2.75074937389465,0.8398258707149,0,0.0706020847361832,2.06924085600391e-06,7.63390950544311,0.155823230484372
"2840",72.4954405356341,0,3.04946499021002,0.872232650731174,0,0.083422305859054,1.7518983374259e-06,8.53380376119655,0.153338505701583
"2841",72.0913642031016,0,2.1917489425079,0.442404937609101,0,0.0383299735428852,1.36846626454521e-06,6.48126122199985,0.152065682323629
"2842",71.4563872945284,0,2.81083862710901,0.704042133650345,0,0.069066596526512,1.37144940644743e-06,8.00992797908865,0.150065531885153
"2843",70.8167144413192,0,2.68282778086626,0.706643522178497,0,0.0669719308145401,1.26184520282863e-06,7.57425092897803,0.148050589419446
"2844",70.1555286272248,0,2.72691375051785,0.732574374323791,0,0.0713896967151443,1.13648580166969e-06,7.66439602747744,0.145967882035729
"2845",69.483307652402,0,2.72463963867516,0.746013673223099,0,0.0737937180241763,1.0196238870172e-06,7.62479322473871,0.14385041436188
"2846",68.8604838870199,0,2.46031928622615,0.686312859843596,0,0.0634900160223349,9.21560796990657e-07,6.85605269758141,0.141888545811067
"2847",71.0256900535697,0,1.53968141885296,0.402172843079375,0,0.0273803308605773,1.3212314616514e-06,4.32750326188222,0.148708853770212
"2848",73.3109558449755,0,1.25002280259726,0.272275318252252,0,0.0175428735224352,1.76386438269383e-06,3.63505200038493,0.155907344475938
"2849",73.1725868610933,0,0.750898583561177,0.148354524342276,0,0.00998716400198069,1.62354183497886e-06,2.23364386789868,0.155471488021874
"2850",72.8454303423238,0,1.88706617713185,0.359336616645414,0,0.0321816060290032,1.50815313815148e-06,5.64749846932289,0.154440958807926
"2851",72.4508748630894,0,2.2442178833248,0.43974149509529,0,0.0451874485281521,1.4326672719968e-06,6.67571310301798,0.153198125715669
"2852",72.1050776447291,0,2.03863156941662,0.38377761453034,0,0.037981721712804,1.32554267658452e-06,6.1010942845113,0.152108879085455
"2853",71.7143143112255,0,2.35357942249491,0.440499477510787,0,0.0497373812593771,1.2372522868392e-06,7.04365132873725,0.150877991092057
"2854",71.5176124552005,0,1.09539388684443,0.21111113553476,0,0.0144104952541968,1.21574440347502e-06,3.2583892044117,0.150258388554917
"2855",76.3226348175449,0,1.50765638063431,0.299467572475206,0,0.024492680999879,2.74618021299333e-06,4.45831849003871,0.165394006016228
"2856",76.1683689092516,0,1.0683118709008,0.166250988949793,0,0.0119874010245639,2.32036815480914e-06,3.35280381688401,0.164908074921808
"2857",75.8899291129139,0,1.85515170678224,0.309544619610566,0,0.0311071243030586,2.30103011104014e-06,5.7382933616947,0.164031001325564
"2858",78.3172436404463,0,0.729561447970504,0.12132471094047,0,0.00864259680227484,3.35832944500392e-06,2.25665512881363,0.171676939549479
"2859",81.5340072371102,0,0.764110483965155,0.122362548258495,4.28955502149255,0.00868642389938899,5.25748442519188e-06,2.39809424283497,0.181809608992212
"2860",93.047831621398,0,1.11898463789084,0,0,0.0149808739898962,2.61302485974995e-05,3.4139379104153,0.218077669420609
"2861",95.3793549993762,0,0.879841066884598,0.219967263018237,0,0.0115292130772465,3.85720808003052e-05,2.61719977477106,0.225421869569964
"2862",97.7302191643884,0,0.889143800404339,0.199836830189496,0,0.0107485381091324,4.75429074563785e-05,2.71271081409361,0.232826992381457
"2863",97.5866062055968,0,0.812800603329729,0.152148425778846,0,0.00857768348756002,4.22165003115417e-05,2.59030216555561,0.232374617627951
"2864",97.4991438109733,0,0.585446561643157,0.094214031610105,0,0.00679261844582198,4.09814592990279e-05,1.93052689612778,0.232099114779588
"2865",97.2976410158588,0,1.41575307981719,0.218880504820431,0,0.0174177261698028,4.00164638765413e-05,4.71188342468885,0.231464389487123
"2866",97.102114620016,0,1.32274637601846,0.212161412342731,2.54000000000001,0.0166741223194043,3.91058193960073e-05,4.36179426605919,0.230848489599902
"2867",96.8932374838725,0,1.25532885561231,0.22515668758376,2.54000000000001,0.0163177078004364,3.81563602389829e-05,4.03262256713375,0.230190535444712
"2868",96.6642590541257,0,1.38817389235855,0.248401696899625,2.54000000000001,0.0194604002242913,3.71330714303267e-05,4.45937440249512,0.229469263063818
"2869",96.9954359548022,0,0.625512373727608,0.111697542754075,7.18463315718327,0.00754615430772653,3.85536939066861e-05,2.00939801792813,0.230512456310939
"2870",96.95191027699,0,0.326857387898179,0.0501844234587677,7.18463315718327,0.00669716208330244,3.84164367700418e-05,1.08784076138008,0.230375352264499
"2871",96.7962674665676,0,1.14592323337263,0.1692561303145,7.18463315718327,0.0136510306656255,3.77107735417342e-05,3.85037400542386,0.229885083986537
"2872",96.6937134145372,0,0.749272228081959,0.110503924020962,9.72463315718327,0.00798712729274536,3.72553021786993e-05,2.51760172581706,0.229562043054864
"2873",96.5467169964614,0,1.04207491254876,0.159661620972736,9.72463315718327,0.0127018143446008,3.66114476838293e-05,3.46821460445391,0.229099010547541
"2874",96.3573696968962,0,1.10880930290845,0.204842048255189,9.72463315718327,0.0155312469566116,3.64982665380157e-05,3.5336478919256,0.228502574552569
"2875",96.1886904169979,0,0.948273116845981,0.181168947323227,9.72463315718327,0.0125261263297537,3.64589048426596e-05,2.99865913843315,0.227971241946461
"2876",95.937158046759,0,1.64465497946141,0.281107030517773,9.72463315718327,0.0296087032792346,3.40430004447622e-05,5.3281733708392,0.22717892560577
"2877",95.8377060001018,0,0.846837691648525,0.109482985277601,17.3446331571833,0.0100645653190147,3.36266986059512e-05,2.93316545259157,0.226865655859984
"2878",96.1394309942691,0,0.887917343193122,0.151223629719899,29.6064280059719,0.0147782902480853,3.48175722121782e-05,2.87657752087139,0.227816076845747
"2879",96.0192260266842,0,0.947194306098196,0.133127090558561,29.6064280059719,0.0129564948923708,3.43719187384914e-05,3.2140481255543,0.22743743627571
"2880",95.937783137453,0,0.62297172697892,0.0909963397377253,47.3864280059719,0.00958749136116692,3.40408545644723e-05,2.0932241129399,0.22718089461505
"2881",95.822238293502,0,1.25479638049364,0.136782864553246,47.3864280059719,0.0212715699922468,3.35493900807207e-05,4.54597233703036,0.226816933237601
"2882",95.6592285410679,0,1.49090254957979,0.1922043297508,47.3864280059719,0.0292274876197109,3.29103029426659e-05,5.16399292891082,0.226303459403506
"2883",95.4591150712844,0,1.4699748575035,0.231209366515023,47.3864280059719,0.0311280339077316,3.21371761838063e-05,4.8472844234959,0.225673110427145
"2884",95.259916574584,0,1.3988043046409,0.228207467806418,47.3864280059719,0.0290403459727215,3.13748667943557e-05,4.57136133419321,0.225045643577343
"2885",95.1871612594113,0,0.523321947797892,0.0819922851429042,60.0864280059719,0.00926807067395385,3.1100703724322e-05,1.72566919297,0.224816467407975
"2886",95.067582084909,0,1.0452739578829,0.139423924821853,60.0864280059719,0.0198753940595817,3.06437400144806e-05,3.58293161773665,0.224439798059713
"2887",94.9215572962061,0,1.36254460922322,0.174119858057093,60.0864280059719,0.0281251711965051,3.01018422720421e-05,4.71940351120692,0.223979826143871
"2888",94.7817539424256,0,1.3577139837186,0.16615663441201,60.0864280059719,0.0263828725826086,2.95919511708086e-05,4.75345442769428,0.223539451485219
"2889",94.610965586865,0,1.39584284881576,0.20090029042009,60.0864280059719,0.0301409261090592,2.8991249570567e-05,4.69011960331668,0.223001475379869
"2890",94.4798397187673,0,1.26475471958422,0.154248114250037,60.0864280059719,0.0231507686726861,2.85225202902528e-05,4.42799734984603,0.222588434434553
"2891",94.3349099462154,0,1.28487083147673,0.169986919082192,60.0864280059719,0.0250851724854798,2.80259552250085e-05,4.40420838201091,0.222131911773328
"2892",94.1973758577224,0,1.21415824957963,0.160379413120767,60.0864280059719,0.0228728824497045,2.75578218597982e-05,4.16182374825989,0.221698685204472
"2893",94.1491950413634,0,0.479672635089673,0.0558267737203202,65.1664280059719,0.00767334711141545,2.73897501230642e-05,1.69805261074622,0.221546917668258
"2894",94.0950057015262,0,0.400499831607811,0.0619622042311815,70.2464280059719,0.00780008711169475,2.72227177191323e-05,1.32065972792372,0.221376223536908
"2895",94.0459534129566,0,0.380806218379353,0.0566046450154506,77.8664280059719,0.0075794140613858,2.70576155157938e-05,1.26739226916025,0.221221710900045
"2896",94.0022810095457,0,0.370094433844296,0.0507486872393857,80.4064280059719,0.00710319301555567,2.6909187120461e-05,1.25581553195277,0.221084144674168
"2897",94.0086037242109,0,0.288515337719611,0.046291812588898,87.9811615600471,0.00737501300200306,2.69316727150909e-05,0.942882327997779,0.221104060958271
"2898",104.55777668128,0,0.351540076850445,0.0653760326926912,115.476796206034,0.010274146838067,9.05110891593912e-05,1.11165111110526,0.254333510141003
"2899",109.470530221196,0,0.256993978823148,0,113.1133320356,0.00945713496745003,0.000167765485422954,0.789404167056166,0.269808476260742
"2900",109.824087790889,0,0.390702492851141,0.0808792692322439,115.230049037601,0.0113149531569432,0.000161112231415395,1.24512396911907,0.270922167669831
"2901",109.803205377865,0,0.160702129389741,0.0277411391786907,130.470049037601,0.00701666324386567,0.000157937088524643,0.534845878549317,0.27085638895095
"2902",109.765893478394,0,0.275961488354943,0.044151956525061,133.010049037601,0.00699736964783866,0.000157312594009027,0.936400798296636,0.270738858043794
"2903",109.769082814982,0,0.0226464951381311,0.00344913933203109,153.330049037601,0.00679582811525256,0.000157352194991592,0.0776263895693646,0.270748904319319
"2904",109.745344117151,0,0.194414637721057,0.0298681851979496,163.490049037601,0.00628645702433513,0.000156969658129432,0.666403622886039,0.27067412842395
"2905",109.733090058909,0,0.130932694962765,0.0177889870929237,166.030049037601,0.00569165953001532,0.000156730678324365,0.463504874469227,0.270635528658142
"2906",109.663942146585,0,0.668859842278043,0.0837621767736515,166.030049037601,0.0147698473461841,0.000155582896767426,2.42319661390025,0.270417715655358
"2907",109.631993468305,0,0.352096272689986,0.0421930430368591,168.570049037601,0.0103994224498406,0.000155057693492467,1.29111527800306,0.270317078668392
"2908",109.612206468358,0,0.224930689617822,0.0258181130800712,201.590049037601,0.00618583928735958,0.000154726154422982,0.835138722792522,0.270254750454427
"2909",109.586720576024,0,0.190153283470518,0.0327742908908835,214.290049037601,0.0074428631671073,0.000154464609853383,0.632864669205306,0.270174470970185
"2910",109.552179120478,0,0.384970586247082,0.0566101379443011,216.830049037601,0.0222225450104731,0.000153862611989282,1.3334106818577,0.270065666844361
"2911",109.533400534555,0,0.209661334969888,0.025094073224679,221.910049037601,0.0064689838119859,0.000153496510134425,0.768815161597817,0.270006515091974
"2912",109.515295755777,0,0.166063960930416,0.0244428996713479,244.770049037601,0.0064914107787039,0.00015328988586178,0.575190591922517,0.269949485803628
"2913",109.499720048768,0,0.164407629560272,0.0213954032153827,252.390049037601,0.0059726968502759,0.000153000643947112,0.588677841622307,0.269900422984519
"2914",109.501146224771,0,0.0316522569625827,0.00376026530768364,260.010049037601,0.00533943007635835,0.000152988765331777,0.1160668706756,0.269904915378683
"2915",109.448850958783,0,0.665283453260972,0.0698929200668366,260.010049037601,0.017749753803982,0.000152099725229774,2.53521140056564,0.269740187499946
"2916",109.390002825572,0,0.772600273251995,0.0742717445181587,260.010049037601,0.015574747801017,0.000151136494329153,3.02645082204246,0.26955481836627
"2917",109.325790596884,0,0.883380786516755,0.0811308542304928,260.010049037601,0.0170687399892129,0.000150114445971857,3.51055097258691,0.269352552558442
"2918",109.318155568564,0,0.121136648767587,0.011611017545824,265.090049037601,0.00412601802236293,0.000150028797295161,0.47451977812407,0.269328502541761
"2919",109.277025792624,0,0.457772617022978,0.0502094164895914,265.090049037601,0.00922909742047192,0.0001494568707133,1.72157646711241,0.269198945485008
"2920",109.226995256711,0,0.564058504462993,0.059218099369414,265.090049037601,0.00933623028192628,0.000148666825585451,2.14947109249632,0.269041351410338
"2921",109.157939343986,0,0.853295109892503,0.0856173070937498,265.090049037601,0.0167089792563219,0.000147584887598559,3.29614341111273,0.268823828202405
"2922",109.111394242194,0,0.753352328461471,0.0574215939860555,265.090049037601,0.0110232176949115,0.000146725500547068,3.18469955811883,0.26867721309798
