,date,kN,nu,lambda,rho,dr,delta,ru,rv,rw,hs,hn,tau_o,tau,PPFD,Rnl,Ho,Hn,Hnn,s,lv,Patm,pw,gamma,Econ,Cn,rx,hi,EET,PET,AET
0,2008-01-01,366.0,357.348335,280.348335,0.983317,1.034219,-23.036535,-0.248687,0.825901,269.74781,72.475731,67.611318,0.785706,0.337077,12.211241,17.773344,18.307493,2.911309,-0.937955,23.565031,2.526435,0.816609,998.335029,52.188621,0.123333,0.011568,0.000444,59.505032,0.753671,0.753671,0.106182
1,2008-01-02,366.0,358.36547,281.36547,0.983307,1.034242,-22.953748,-0.248183,0.826408,244.015096,72.523469,67.803365,0.785706,0.292883,10.635597,15.622547,18.351285,2.655524,-0.823557,29.666731,2.517153,0.816609,999.103712,52.381061,0.143775,0.011841,0.000518,58.037108,0.741642,0.741642,0.132882
2,2008-01-03,366.0,359.382621,282.382621,0.983301,1.034254,-22.863367,-0.247632,0.826959,133.145379,72.57551,64.788685,0.785706,0.257082,9.359763,13.929406,18.398852,1.281139,-0.744054,37.089471,2.508149,0.816609,999.621031,52.569098,0.164995,0.012277,0.000594,53.827691,0.381284,0.381284,0.085098
3,2008-01-04,366.0,0.399779,283.399779,0.9833,1.034255,-22.765437,-0.247034,0.827554,63.376736,72.631809,63.519914,0.785706,0.125456,4.58031,7.729512,18.450165,0.578069,-0.415077,38.470662,2.506675,0.816609,999.684909,52.600019,0.168574,0.006997,0.000607,52.520751,0.173689,0.173689,0.040109
4,2008-01-05,366.0,1.416933,284.416933,0.983305,1.034245,-22.660006,-0.246389,0.828191,72.398328,72.692318,65.266677,0.785706,0.146837,5.376885,7.248674,18.505193,0.711816,-0.386173,31.983483,2.514121,0.816609,999.302552,52.444222,0.150785,0.005823,0.000543,55.392453,0.203314,0.203314,0.039208
5,2008-01-06,366.0,2.434073,285.434073,0.983315,1.034225,-22.547125,-0.245698,0.828871,208.691467,72.756985,67.17314,0.785706,0.298166,10.952914,15.831415,18.563901,2.22094,-0.836039,28.563809,2.51868,0.816609,998.993908,52.349298,0.140301,0.01173,0.000505,57.815644,0.613032,0.613032,0.105453
6,2008-01-07,366.0,3.451187,286.451187,0.983329,1.034194,-22.426849,-0.244961,0.829591,120.596648,72.825755,65.721175,0.785706,0.248541,9.160619,11.595215,18.626254,1.210406,-0.616116,25.465127,2.523309,0.816609,998.621183,52.253266,0.130032,0.008011,0.000468,57.407921,0.321851,0.321851,0.04905
7,2008-01-08,366.0,4.468265,287.468265,0.983349,1.034152,-22.299237,-0.244177,0.830352,93.728337,72.898572,65.574909,0.785706,0.20684,7.650627,9.295644,18.692212,0.935892,-0.494084,27.49654,2.520215,0.816609,998.876988,52.317411,0.136852,0.006762,0.000493,56.76243,0.255224,0.255224,0.042137
8,2008-01-09,366.0,5.485297,288.485297,0.983374,1.0341,-22.16435,-0.243347,0.831151,164.254222,72.975376,67.869277,0.785706,0.244034,9.059953,11.459275,18.761733,1.802513,-0.602653,26.46396,2.521758,0.816609,998.752798,52.285401,0.133428,0.008041,0.00048,58.960628,0.485477,0.485477,0.077089
9,2008-01-10,366.0,6.502273,289.502273,0.983404,1.034037,-22.022254,-0.242471,0.831989,118.717026,73.056103,63.915715,0.785706,0.2755,10.267947,14.643589,18.834776,1.107351,-0.783487,31.983483,2.514121,0.816609,999.302552,52.444222,0.150785,0.011814,0.000543,54.301622,0.316289,0.316289,0.060856
10,2008-01-11,366.0,7.519181,290.519181,0.983439,1.033964,-21.873016,-0.241549,0.832862,123.922579,73.140689,67.626532,0.785706,0.188303,7.04663,9.352887,18.911292,1.349555,-0.492039,38.470662,2.506675,0.816609,999.684909,52.600019,0.168574,0.008294,0.000607,55.807732,0.405493,0.405493,0.093626
11,2008-01-12,366.0,8.536012,291.536012,0.983479,1.033879,-21.71671,-0.240581,0.833771,73.125952,73.229067,64.80501,0.785706,0.173302,6.512662,8.362327,18.991235,0.709911,-0.445317,35.751258,2.509631,0.816609,999.550981,52.538058,0.161424,0.007188,0.000581,54.175203,0.209214,0.209214,0.04493
12,2008-01-13,366.0,9.552754,292.552754,0.983524,1.033785,-21.553407,-0.239569,0.834714,330.472217,73.321166,64.896706,0.785706,0.506851,19.130944,37.858971,19.074554,3.224312,-2.01443,33.199343,2.512617,0.816609,999.39187,52.47562,0.154317,0.031086,0.000556,54.83435,0.930895,0.930895,0.185816
13,2008-01-14,366.0,10.569399,293.569399,0.983574,1.033679,-21.383188,-0.238511,0.83569,111.67564,73.416917,64.383509,0.785706,0.268382,10.176035,13.713347,19.161197,1.067421,-0.731002,29.666731,2.517153,0.816609,999.103712,52.381061,0.143775,0.01051,0.000518,55.256545,0.298112,0.298112,0.05306
14,2008-01-15,366.0,11.585935,294.585935,0.983629,1.033564,-21.20613,-0.237407,0.836697,294.258659,73.516245,66.850887,0.785706,0.454119,17.299259,26.93043,19.251109,3.12013,-1.419253,20.945554,2.531184,0.816609,997.845923,52.090701,0.113545,0.016115,0.000409,59.642649,0.773599,0.773599,0.095335
15,2008-01-16,366.0,12.602351,295.602351,0.983689,1.033437,-21.022317,-0.23626,0.837735,222.039083,73.619077,61.602991,0.785706,0.537403,20.570909,36.003364,19.344234,1.884312,-1.940767,22.661981,2.528009,0.816609,998.180152,52.156109,0.120034,0.023296,0.000432,54.632783,0.481032,0.481032,0.06435
16,2008-01-17,366.0,13.618639,296.618639,0.983754,1.033301,-20.831835,-0.235067,0.8388,348.839656,73.725337,64.508069,0.785706,0.540089,20.776618,43.932491,19.440514,3.364448,-2.337268,38.470662,2.506675,0.816609,999.684909,52.600019,0.168574,0.0394,0.000607,53.365252,1.010897,1.010897,0.232524
17,2008-01-18,366.0,14.634787,297.634787,0.983824,1.033154,-20.634771,-0.233831,0.839893,386.247329,73.834947,66.103352,0.785706,0.521381,20.159491,41.096708,19.539888,3.987329,-2.169889,37.089471,2.508149,0.816609,999.621031,52.569098,0.164995,0.035802,0.000594,54.954654,1.186683,1.186683,0.263472
18,2008-01-19,366.0,15.650785,298.650785,0.983899,1.032996,-20.431214,-0.23255,0.841011,203.980636,73.947831,60.044059,0.785706,0.497437,19.334466,38.225023,19.642295,1.618849,-2.071207,37.089471,2.508149,0.816609,999.621031,52.569098,0.164995,0.034174,0.000594,50.096848,0.481791,0.481791,0.106558
19,2008-01-20,366.0,16.666624,299.666624,0.983979,1.032829,-20.221258,-0.231226,0.842154,314.999239,74.06391,66.473404,0.785706,0.489462,19.126567,33.056199,19.74767,3.310483,-1.740628,26.46396,2.521758,0.816609,998.752798,52.285401,0.133428,0.023225,0.00048,57.847617,0.891624,0.891624,0.140588
20,2008-01-21,366.0,17.682293,300.682293,0.984064,1.032651,-20.004997,-0.229858,0.843319,390.925681,74.183103,68.31166,0.785706,0.529123,20.789748,31.976377,19.85595,4.429974,-1.668946,17.848346,2.537632,0.816609,997.074305,51.958333,0.101052,0.016865,0.000364,61.872097,1.030712,1.030712,0.106094
21,2008-01-22,366.0,18.697782,301.697782,0.984153,1.032463,-19.782527,-0.228448,0.844504,454.8212,74.305331,68.531913,0.785706,0.584889,23.109447,36.670677,19.967067,5.20638,-1.910954,17.139382,2.539265,0.816609,996.858748,51.924913,0.098039,0.018735,0.000353,62.28966,1.190906,1.190906,0.117118
22,2008-01-23,366.0,19.713081,302.713081,0.984247,1.032265,-19.553946,-0.226994,0.845709,457.195096,74.430515,68.254126,0.785706,0.576285,22.89936,39.471106,20.080953,5.183806,-2.058288,21.789104,2.529593,0.816609,998.017178,52.123469,0.11677,0.024035,0.00042,60.662831,1.304432,1.304432,0.166978
23,2008-01-24,366.0,20.728181,303.728181,0.984347,1.032058,-19.319355,-0.225498,0.846932,445.547488,74.558573,68.462493,0.785706,0.557189,22.269104,38.058281,20.197538,5.1009,-1.981553,22.661981,2.528009,0.816609,998.180152,52.156109,0.120034,0.023785,0.000432,60.600229,1.302171,1.302171,0.173793
24,2008-01-25,366.0,21.743072,304.743072,0.98445,1.03184,-19.078854,-0.22396,0.848171,167.468945,74.689426,63.593423,0.785706,0.411847,16.557393,25.66519,20.316752,1.570545,-1.364858,27.49654,2.520215,0.816609,998.876988,52.317411,0.136852,0.018678,0.000493,55.192865,0.428299,0.428299,0.06994
25,2008-01-26,366.0,22.757744,305.757744,0.984559,1.031612,-18.832547,-0.222381,0.849424,104.609019,74.822992,65.339767,0.785706,0.262431,10.613713,13.811513,20.438522,1.058107,-0.728394,33.199343,2.512617,0.816609,999.39187,52.47562,0.154317,0.01124,0.000556,55.289745,0.305487,0.305487,0.060501
26,2008-01-27,366.0,23.772187,306.772187,0.984672,1.031375,-18.580539,-0.22076,0.85069,127.016678,74.959193,63.501195,0.785706,0.337325,13.725611,20.170281,20.562775,1.189967,-1.071742,33.199343,2.512617,0.816609,999.39187,52.47562,0.154317,0.016539,0.000556,53.788721,0.343557,0.343557,0.067961
27,2008-01-28,366.0,24.786392,307.786392,0.98479,1.031128,-18.322935,-0.219098,0.851967,96.035407,75.097948,66.471186,0.785706,0.256683,10.508671,11.621807,20.689437,1.020952,-0.609044,22.661981,2.528009,0.816609,998.180152,52.156109,0.120034,0.007311,0.000432,58.903507,0.260631,0.260631,0.034679
28,2008-01-29,366.0,25.80035,308.80035,0.984913,1.030872,-18.059843,-0.217396,0.853254,85.037096,75.239178,66.442726,0.785706,0.234269,9.65082,10.51231,20.818432,0.904341,-0.550609,24.499119,2.524868,0.816609,998.481982,52.221007,0.126667,0.006974,0.000456,58.383937,0.237315,0.237315,0.034323
29,2008-01-30,366.0,26.814051,309.814051,0.98504,1.030606,-17.791371,-0.215654,0.854548,75.525609,75.382804,66.493314,0.785706,0.214272,8.882693,9.454912,20.949685,0.806074,-0.494782,25.465127,2.523309,0.816609,998.621183,52.253266,0.130032,0.006434,0.000468,58.172748,0.214338,0.214338,0.032294
30,2008-01-31,366.0,27.827485,310.827485,0.985171,1.03033,-17.517628,-0.213872,0.855849,56.80178,75.528749,65.84241,0.785706,0.171371,7.149484,7.746772,21.083117,0.591115,-0.406302,29.666731,2.517153,0.816609,999.103712,52.381061,0.143775,0.005842,0.000518,56.560004,0.165088,0.165088,0.029151
31,2008-02-01,366.0,28.840644,311.840644,0.985307,1.030046,-17.238725,-0.21205,0.857154,66.992347,75.676935,66.060453,0.785706,0.203269,8.534739,9.09481,21.218651,0.704545,-0.47621,27.49654,2.520215,0.816609,998.876988,52.317411,0.136852,0.006517,0.000493,57.285527,0.192134,0.192134,0.031362
32,2008-02-02,366.0,29.853519,312.853519,0.985448,1.029752,-16.954772,-0.210191,0.858461,58.460219,75.827286,66.614484,0.785706,0.181246,7.659381,7.631769,21.35621,0.629905,-0.398331,24.499119,2.524868,0.816609,998.481982,52.221007,0.126667,0.005046,0.000456,58.537069,0.165298,0.165298,0.023892
33,2008-02-03,366.0,30.866101,313.866101,0.985593,1.029449,-16.665881,-0.208292,0.85977,67.660402,75.979726,66.038979,0.785706,0.210938,8.972417,9.531534,21.495712,0.713111,-0.498421,27.49654,2.520215,0.816609,998.876988,52.317411,0.136852,0.006821,0.000493,57.270628,0.19447,0.19447,0.031733
34,2008-02-04,366.0,31.87838,314.87838,0.985742,1.029137,-16.372165,-0.206356,0.861078,168.335994,76.134182,70.14918,0.785706,0.289091,12.37756,14.483946,21.63708,2.092194,-0.742801,25.465127,2.523309,0.816609,998.621183,52.253266,0.130032,0.009659,0.000468,61.274178,0.556321,0.556321,0.083919
35,2008-02-05,366.0,32.890349,315.890349,0.985896,1.028817,-16.073737,-0.204383,0.862384,75.676429,76.29058,65.515881,0.785706,0.241035,10.388309,11.580317,21.780233,0.782865,-0.606095,28.563809,2.51868,0.816609,998.993908,52.349298,0.140301,0.008504,0.000505,56.570944,0.216089,0.216089,0.03665
36,2008-02-06,366.0,33.901997,316.901997,0.986054,1.028487,-15.770711,-0.202373,0.863686,76.336273,76.448848,65.568319,0.785706,0.246958,10.71438,11.820991,21.92509,0.792612,-0.618089,27.49654,2.520215,0.816609,998.876988,52.317411,0.136852,0.008459,0.000493,56.883077,0.216151,0.216151,0.035233
37,2008-02-07,366.0,34.913318,317.913318,0.986216,1.02815,-15.4632,-0.200327,0.864983,65.912146,76.608914,65.141897,0.785706,0.219765,9.598298,10.762655,22.07157,0.673305,-0.563403,33.199343,2.512617,0.816609,999.39187,52.47562,0.154317,0.008694,0.000556,55.157323,0.194391,0.194391,0.038397
38,2008-02-08,366.0,35.924302,318.924302,0.986382,1.027803,-15.151318,-0.198245,0.866272,89.803174,76.77071,62.99581,0.785706,0.302466,13.298874,17.519766,22.219594,0.838137,-0.925174,35.751258,2.509631,0.816609,999.550981,52.538058,0.161424,0.014935,0.000581,52.843074,0.247003,0.247003,0.052434
39,2008-02-09,366.0,36.934942,319.934942,0.986552,1.027448,-14.835181,-0.196128,0.867554,165.5579,76.934167,55.272364,0.785706,0.560152,24.79451,49.352182,22.36908,1.075663,-2.690925,46.061744,2.499411,0.816609,999.915818,52.810115,0.186409,0.050161,0.000671,44.744545,0.337528,0.337528,0.090591
40,2008-02-10,366.0,37.945228,320.945228,0.986726,1.027085,-14.514903,-0.193977,0.868824,274.011626,77.099219,67.200937,0.785706,0.485192,21.621337,39.0996,22.519946,3.060088,-2.023245,44.448208,2.50085,0.816609,999.881063,52.722538,0.182929,0.037011,0.000659,54.312813,0.952585,0.952585,0.249305
41,2008-02-11,366.0,38.955154,321.955154,0.986905,1.026714,-14.1906,-0.191791,0.870084,400.299504,77.265798,68.071921,0.785706,0.593541,26.628383,53.293849,22.672113,4.635879,-2.744661,44.448208,2.50085,0.816609,999.881063,52.722538,0.182929,0.050208,0.000659,55.000778,1.443119,1.443119,0.377441
42,2008-02-12,366.0,39.964711,322.964711,0.987087,1.026335,-13.862386,-0.189572,0.87133,493.793246,77.433842,67.69461,0.785706,0.686794,31.020492,69.691448,22.825498,5.641293,-3.59248,51.2082,2.495138,0.816609,999.987473,53.044019,0.196863,0.070723,0.000709,53.412063,1.810776,1.810776,0.53451
43,2008-02-13,366.0,40.973891,323.973891,0.987273,1.025948,-13.530376,-0.187321,0.872561,290.453539,77.603287,71.824208,0.785706,0.394146,17.922951,24.647962,22.980021,3.896777,-1.245487,29.666731,2.517153,0.816609,999.103712,52.381061,0.143775,0.017907,0.000518,61.57044,1.088303,1.088303,0.191673
44,2008-02-14,366.0,41.982687,324.982687,0.987463,1.025554,-13.194686,-0.185037,0.873776,542.909109,77.774072,69.347156,0.785706,0.729644,33.403654,66.85821,23.135601,6.638581,-3.414868,34.454912,2.51112,0.816609,999.474637,52.506899,0.157864,0.053908,0.000568,58.337475,1.93672,1.93672,0.395739
45,2008-02-15,366.0,42.991091,325.991091,0.987657,1.025152,-12.85543,-0.182722,0.874974,224.410293,77.946137,52.246196,0.785706,0.765004,35.259413,79.216453,23.292159,1.254657,-4.352076,46.061744,2.499411,0.816609,999.915818,52.810115,0.186409,0.081127,0.000671,42.42948,0.393694,0.393694,0.104943
46,2008-02-16,366.0,43.999095,326.999095,0.987854,1.024742,-12.512724,-0.180376,0.876153,402.939029,78.119423,66.292511,0.785706,0.716572,33.250465,69.263918,23.449614,4.373106,-3.581621,41.366531,2.503748,0.816609,999.794631,52.661511,0.175748,0.062946,0.000633,54.338836,1.338139,1.338139,0.325633
47,2008-02-17,366.0,45.006694,328.006694,0.988055,1.024325,-12.166682,-0.177999,0.877311,518.621691,78.293873,67.96135,0.785706,0.771918,36.060363,78.413393,23.607887,6.02948,-4.020735,42.883546,2.502295,0.816609,999.840702,52.692082,0.179339,0.072107,0.000646,55.340518,1.861128,1.861128,0.468106
48,2008-02-18,366.0,46.013879,329.013879,0.988259,1.023901,-11.817418,-0.175594,0.878448,561.582976,78.469432,68.501153,0.785706,0.78397,36.870072,82.183281,23.766898,6.678769,-4.200098,46.061744,2.499411,0.816609,999.915818,52.810115,0.186409,0.078294,0.000671,55.12973,2.095704,2.095704,0.561268
49,2008-02-19,366.0,47.020644,330.020644,0.988467,1.02347,-11.465048,-0.173159,0.879561,553.436562,78.646044,69.486031,0.785706,0.753779,35.688339,74.75319,23.926569,6.848917,-3.799822,41.366531,2.503748,0.816609,999.794631,52.661511,0.175748,0.066781,0.000633,56.925162,2.09572,2.09572,0.507827
50,2008-02-20,366.0,48.026981,331.026981,0.988679,1.023033,-11.109685,-0.170696,0.880651,578.717373,78.823657,69.607387,0.785706,0.78072,37.211459,78.802744,24.086823,7.204408,-4.00001,41.366531,2.503748,0.816609,999.794631,52.661511,0.175748,0.070299,0.000633,57.053047,2.204498,2.204498,0.53303
51,2008-02-21,366.0,49.032884,332.032884,0.988894,1.022588,-10.751443,-0.168206,0.881715,495.543458,79.00222,70.774483,0.785706,0.666172,31.963688,60.521631,24.247582,6.458549,-3.052761,38.470662,2.506675,0.816609,999.684909,52.600019,0.168574,0.051462,0.000607,58.665893,1.940564,1.940564,0.437119
52,2008-02-22,366.0,50.038348,333.038348,0.989112,1.022137,-10.390435,-0.165689,0.882752,105.694299,79.181681,64.088235,0.785706,0.363826,17.572808,23.259334,24.40877,1.05379,-1.20861,35.751258,2.509631,0.816609,999.550981,52.538058,0.161424,0.01951,0.000581,53.940942,0.310557,0.310557,0.064791
53,2008-02-23,366.0,51.043364,334.043364,0.989333,1.02168,-10.026774,-0.163145,0.883762,154.525565,79.361993,60.686986,0.785706,0.534724,25.998127,41.648846,24.57031,1.327292,-2.194877,34.454912,2.51112,0.816609,999.474637,52.506899,0.157864,0.034649,0.000568,51.435962,0.38722,0.38722,0.077742
54,2008-02-24,366.0,52.047927,335.047927,0.989558,1.021216,-9.660574,-0.160577,0.884743,113.954447,79.543107,62.764424,0.785706,0.402041,19.675857,27.841981,24.732128,1.07528,-1.452767,38.470662,2.506675,0.816609,999.684909,52.600019,0.168574,0.02449,0.000607,52.30515,0.323083,0.323083,0.072318
55,2008-02-25,366.0,53.052032,336.052032,0.989785,1.020746,-9.291945,-0.157984,0.885693,146.000469,79.724977,59.951891,0.785706,0.517772,25.505739,41.684082,24.89415,1.215074,-2.199966,39.895963,2.505208,0.816609,999.742737,52.630824,0.172159,0.037874,0.00062,49.764424,0.36848,0.36848,0.085285
56,2008-02-26,366.0,54.055672,337.055672,0.990016,1.020271,-8.921001,-0.155367,0.886613,409.904708,79.907558,68.070077,0.785706,0.741508,36.765027,72.04407,25.056303,4.836945,-3.663965,39.895963,2.505208,0.816609,999.742737,52.630824,0.172159,0.063078,0.00062,56.245688,1.466839,1.466839,0.340634
57,2008-02-27,366.0,55.058841,338.058841,0.99025,1.01979,-8.547851,-0.152727,0.8875,212.042497,80.090806,54.814312,0.785706,0.756385,37.745427,76.054409,25.218514,1.376781,-4.09454,42.883546,2.502295,0.816609,999.840702,52.692082,0.179339,0.073431,0.000646,45.127235,0.424973,0.424973,0.104915
58,2008-02-28,366.0,56.061534,339.061534,0.990486,1.019303,-8.172608,-0.150065,0.888355,456.062195,80.274679,67.691115,0.785706,0.827194,41.54448,85.353812,25.380712,5.311301,-4.340792,51.2082,2.495138,0.816609,999.987473,53.044019,0.196863,0.085454,0.000709,53.695941,1.704853,1.704853,0.494996
59,2008-02-29,366.0,57.063746,340.063746,0.990725,1.01881,-7.795382,-0.147382,0.889176,330.201088,80.459134,72.053587,0.785706,0.499038,25.223435,41.80266,25.542827,4.552979,-2.08114,47.725402,2.49798,0.816609,999.945071,52.89268,0.189893,0.039519,0.000684,57.713411,1.439799,1.439799,0.393323
60,2008-03-01,366.0,58.065471,341.065471,0.990967,1.018313,-7.416282,-0.144678,0.889962,103.790442,80.644132,65.123471,0.785706,0.372759,18.960249,23.840405,25.704791,1.090015,-1.224537,34.454912,2.51112,0.816609,999.474637,52.506899,0.157864,0.019331,0.000568,55.148847,0.317998,0.317998,0.063553
61,2008-03-02,366.0,59.066704,342.066704,0.991212,1.01781,-7.035419,-0.141953,0.890712,451.160902,80.829632,70.091045,0.785706,0.821107,42.028118,72.798291,25.866534,5.787405,-3.651427,31.983483,2.514121,0.816609,999.302552,52.444222,0.150785,0.055058,0.000543,59.802417,1.653038,1.653038,0.307216
62,2008-03-03,366.0,60.06744,343.06744,0.991459,1.017303,-6.6529,-0.13921,0.891426,204.237879,81.015597,57.365917,0.785706,0.737833,38.001471,69.749458,26.027991,1.513142,-3.699484,37.089471,2.508149,0.816609,999.621031,52.569098,0.164995,0.06104,0.000594,48.279319,0.450331,0.450331,0.096307
63,2008-03-04,366.0,61.067675,344.067675,0.991709,1.01679,-6.268835,-0.136449,0.892103,381.162981,81.201988,70.804797,0.785706,0.695584,36.047235,59.790695,26.189095,5.032099,-2.983529,30.806287,2.515633,0.816609,999.206545,52.412702,0.14727,0.043938,0.00053,60.706161,1.421487,1.421487,0.253941
64,2008-03-05,366.0,62.067403,345.067403,0.991961,1.016274,-5.883332,-0.13367,0.892742,577.011847,81.38877,72.854385,0.785706,0.876349,45.693679,74.729909,26.349782,8.22678,-3.689417,34.454912,2.51112,0.816609,999.474637,52.506899,0.157864,0.058243,0.000568,61.46288,2.400057,2.400057,0.480097
65,2008-03-06,366.0,63.066621,346.066621,0.992216,1.015752,-5.496497,-0.130874,0.893343,245.655415,81.575906,58.813101,0.785706,0.893205,46.855712,81.490574,26.509989,1.955106,-4.28445,44.448208,2.50085,0.816609,999.881063,52.722538,0.182929,0.078375,0.000659,48.155503,0.608611,0.608611,0.154202
66,2008-03-07,366.0,64.065325,347.065325,0.992472,1.015227,-5.108438,-0.128062,0.893905,209.348266,81.763363,55.051435,0.785706,0.766565,40.45466,80.390299,26.669655,1.38581,-4.290155,47.725402,2.49798,0.816609,999.945071,52.89268,0.189893,0.081467,0.000684,44.648867,0.438238,0.438238,0.118155
67,2008-03-08,366.0,65.063509,348.063509,0.992731,1.014697,-4.719261,-0.125236,0.894427,384.425804,81.951105,70.179081,0.785706,0.7053,37.443431,68.44607,26.828717,4.968634,-3.413045,42.883546,2.502295,0.816609,999.840702,52.692082,0.179339,0.061209,0.000646,57.290574,1.533675,1.533675,0.380452
68,2008-03-09,366.0,66.061171,349.061171,0.992992,1.014164,-4.329072,-0.122395,0.894909,532.631327,82.139099,72.199402,0.785706,0.812379,43.382731,80.524765,26.987118,7.431512,-3.973337,42.883546,2.502295,0.816609,999.840702,52.692082,0.179339,0.071257,0.000646,58.883162,2.293896,2.293896,0.568669
69,2008-03-10,366.0,67.058306,350.058306,0.993255,1.013627,-3.937977,-0.119542,0.89535,516.203535,82.327314,72.582539,0.785706,0.736932,39.583678,76.638203,27.144799,7.308218,-3.771127,49.440455,2.496556,0.816609,999.968924,52.970548,0.193378,0.072925,0.000696,57.821575,2.328635,2.328635,0.653848
70,2008-03-11,366.0,68.054912,351.054912,0.99352,1.013086,-3.54608,-0.116675,0.895751,439.828325,82.515717,74.112644,0.785706,0.612188,33.073204,56.532804,27.301704,6.584593,-2.758744,46.061744,2.499411,0.816609,999.915818,52.810115,0.186409,0.051425,0.000671,59.738883,2.066153,2.066153,0.544124
71,2008-03-12,366.0,69.050984,352.050984,0.993787,1.012542,-3.153485,-0.113798,0.89611,157.285499,82.704276,60.243527,0.785706,0.57999,31.512881,52.054437,27.457777,1.342329,-2.705488,46.061744,2.499411,0.816609,999.915818,52.810115,0.186409,0.050433,0.000671,49.040704,0.421204,0.421204,0.109971
72,2008-03-13,366.0,70.046519,353.046519,0.994056,1.011995,-2.760298,-0.110909,0.896428,76.141747,82.892962,68.559431,0.785706,0.285922,15.622949,16.505063,27.612965,0.926195,-0.825499,38.470662,2.506675,0.816609,999.684909,52.600019,0.168574,0.013916,0.000607,57.107747,0.278289,0.278289,0.061702
73,2008-03-14,366.0,71.041514,354.041514,0.994326,1.011445,-2.36662,-0.108011,0.896704,110.120427,83.081743,66.022214,0.785706,0.419272,23.037229,28.234205,27.767216,1.209642,-1.427488,33.199343,2.512617,0.816609,999.39187,52.47562,0.154317,0.022029,0.000556,56.244409,0.349237,0.349237,0.066829
74,2008-03-15,366.0,72.035967,355.035967,0.994598,1.010892,-1.972555,-0.105104,0.896938,123.766431,83.27059,65.148835,0.785706,0.473573,26.164445,33.64537,27.920478,1.311386,-1.706305,31.983483,2.514121,0.816609,999.302552,52.444222,0.150785,0.025728,0.000543,55.803757,0.374567,0.374567,0.068967
75,2008-03-16,366.0,73.029875,356.029875,0.994872,1.010336,-1.578206,-0.102188,0.897129,267.544604,83.459474,74.317368,0.785706,0.499842,27.766348,37.540081,28.072701,4.040924,-1.821523,34.454912,2.51112,0.816609,999.474637,52.506899,0.157864,0.028755,0.000568,62.693746,1.178887,1.178887,0.23505
76,2008-03-17,366.0,74.023235,357.023235,0.995147,1.009778,-1.183674,-0.099266,0.897278,113.478881,83.648365,64.942439,0.785706,0.438585,24.494701,31.859983,28.223839,1.192456,-1.614326,38.470662,2.506675,0.816609,999.684909,52.600019,0.168574,0.027213,0.000607,54.233202,0.358291,0.358291,0.079152
77,2008-03-18,366.0,75.016045,358.016045,0.995423,1.009217,-0.789062,-0.096337,0.897384,119.449934,83.837235,63.236561,0.785706,0.469826,26.378908,36.762163,28.373844,1.167041,-1.875405,42.883546,2.502295,0.816609,999.840702,52.692082,0.179339,0.033633,0.000646,51.987712,0.360232,0.360232,0.088172
78,2008-03-19,366.0,76.008302,359.008302,0.995701,1.008654,-0.39447,-0.093403,0.897448,80.828474,84.026056,68.079272,0.785706,0.322129,18.18118,19.531024,28.522671,0.965799,-0.973633,37.089471,2.508149,0.816609,999.621031,52.569098,0.164995,0.016064,0.000594,57.055783,0.287435,0.287435,0.061375
79,2008-03-20,366.0,77.000005,5e-06,0.99598,1.00809,2e-06,-0.090464,0.897469,403.679241,84.214798,72.905,0.785706,0.765303,43.417745,69.979013,28.670276,5.796656,-3.4061,31.983483,2.514121,0.816609,999.302552,52.444222,0.150785,0.051359,0.000543,62.205154,1.65568,1.65568,0.305609
80,2008-03-21,366.0,77.991152,0.991152,0.996259,1.007523,0.394252,-0.087522,0.897448,558.868983,84.403435,76.183278,0.785706,0.873096,49.785977,70.866672,28.816618,9.014538,-3.391049,29.666731,2.517153,0.816609,999.103712,52.381061,0.143775,0.048755,0.000518,65.534335,2.517606,2.517606,0.430375
81,2008-03-22,366.0,78.98174,1.98174,0.99654,1.006955,0.788181,-0.084577,0.897385,177.51508,84.591938,59.732669,0.785706,0.712086,40.809183,65.278752,28.961656,1.481715,-3.369874,35.751258,2.509631,0.816609,999.550981,52.538058,0.161424,0.054398,0.000581,50.587278,0.436668,0.436668,0.089237
82,2008-03-23,366.0,79.97177,2.97177,0.996822,1.006386,1.18169,-0.08163,0.897279,410.269964,84.780279,71.934988,0.785706,0.780385,44.945246,80.664081,29.10535,5.683516,-3.93355,44.448208,2.50085,0.816609,999.881063,52.722538,0.182929,0.071956,0.000659,58.519605,1.769241,1.769241,0.448041
83,2008-03-24,366.0,80.961239,3.961239,0.997105,1.005815,1.574678,-0.078682,0.897131,364.744764,84.968431,76.353623,0.785706,0.571457,33.073204,48.502453,29.247663,5.915836,-2.312315,39.895963,2.505208,0.816609,999.742737,52.630824,0.172159,0.039809,0.00062,63.036475,1.794021,1.794021,0.41045
84,2008-03-25,366.0,81.950146,4.950146,0.997389,1.005243,1.967049,-0.075735,0.896941,630.840156,85.156366,77.495933,0.785706,0.922373,53.639734,74.729909,29.388558,10.635232,-3.538999,34.454912,2.51112,0.816609,999.474637,52.506899,0.157864,0.055868,0.000568,65.368196,3.102691,3.102691,0.613999
85,2008-03-26,366.0,82.93849,5.93849,0.997673,1.004671,2.358702,-0.072788,0.896709,192.119294,85.344056,59.870949,0.785706,0.776631,45.378551,72.489436,29.528001,1.612724,-3.726394,33.199343,2.512617,0.816609,999.39187,52.47562,0.154317,0.057505,0.000556,51.288561,0.465611,0.465611,0.087671
86,2008-03-27,366.0,83.92627,6.92627,0.997958,1.004097,2.74954,-0.069843,0.896436,449.665325,85.531472,75.586072,0.785706,0.85891,50.42061,68.935054,29.665959,7.096489,-3.289602,27.49654,2.520215,0.816609,998.876988,52.317411,0.136852,0.045019,0.000493,65.775348,1.935263,1.935263,0.302259
87,2008-03-28,366.0,84.913486,7.913486,0.998243,1.003523,3.139466,-0.0669,0.896122,89.561489,85.718588,70.112315,0.785706,0.368598,21.737321,21.3103,29.802399,1.156799,-1.04344,26.46396,2.521758,0.816609,998.752798,52.285401,0.133428,0.013922,0.00048,61.4728,0.311564,0.311564,0.0465
88,2008-03-29,366.0,85.900138,8.900138,0.998529,1.002949,3.528381,-0.063961,0.895768,168.261291,85.905374,63.455177,0.785706,0.695751,41.216222,56.595611,29.937292,1.656601,-2.855635,26.46396,2.521758,0.816609,998.752798,52.285401,0.133428,0.038102,0.00048,55.802588,0.446178,0.446178,0.066335
89,2008-03-30,366.0,86.886224,9.886224,0.998815,1.002374,3.91619,-0.061027,0.895374,124.293915,86.091802,67.285764,0.785706,0.516355,30.725059,35.38753,30.070608,1.435402,-1.752775,25.465127,2.523309,0.816609,998.621183,52.253266,0.130032,0.022792,0.000468,59.328268,0.381678,0.381678,0.054561
90,2008-03-31,366.0,87.871745,10.871745,0.999101,1.001799,4.302794,-0.058098,0.89494,355.485391,86.277842,75.731981,0.785706,0.685947,40.995196,57.754742,30.202319,5.629309,-2.743659,29.666731,2.517153,0.816609,999.103712,52.381061,0.143775,0.039447,0.000518,65.311587,1.57217,1.57217,0.265323
91,2008-04-01,366.0,88.856702,11.856702,0.999388,1.001225,4.688098,-0.055175,0.894467,642.212499,86.463467,79.139724,0.785706,0.785706,47.159464,72.798291,30.332401,11.403788,-3.396077,31.983483,2.514121,0.816609,999.302552,52.444222,0.150785,0.051208,0.000543,67.461629,3.257227,3.257227,0.59441
92,2008-04-02,366.0,89.841093,12.841093,0.999675,1.000651,5.072006,-0.05226,0.893955,665.185305,86.648646,79.200168,0.785706,0.982449,59.217954,76.661528,30.460828,11.828376,-3.571774,37.089471,2.508149,0.816609,999.621031,52.569098,0.164995,0.058932,0.000594,66.158616,3.520284,3.520284,0.742945
93,2008-04-03,366.0,90.82492,13.82492,0.999962,1.000077,5.454421,-0.049352,0.893406,249.716633,86.83335,65.133341,0.785706,0.785706,47.556199,81.490574,30.587576,2.633781,-4.061957,44.448208,2.50085,0.816609,999.881063,52.722538,0.182929,0.074305,0.000659,53.456777,0.819879,0.819879,0.203584
94,2008-04-04,366.0,91.808182,14.808182,1.000248,0.999504,5.835247,-0.046453,0.892819,274.371072,87.017548,76.748001,0.785706,0.531596,32.30727,43.408614,30.712625,4.488925,-2.043928,39.895963,2.505208,0.816609,999.742737,52.630824,0.172159,0.035188,0.00062,63.574257,1.3613,1.3613,0.306896
95,2008-04-05,366.0,92.790882,15.790882,1.000535,0.998931,6.21439,-0.043565,0.892196,116.749768,87.201209,66.151912,0.785706,0.49131,29.978817,37.028548,30.835953,1.282854,-1.833721,35.751258,2.509631,0.816609,999.550981,52.538058,0.161424,0.029601,0.000581,56.069679,0.378063,0.378063,0.075994
96,2008-04-06,366.0,93.773019,16.773019,1.000821,0.99836,6.591754,-0.040687,0.891537,144.929796,87.384302,62.735455,0.785706,0.612734,37.535342,53.294415,30.957541,1.376317,-2.678456,38.470662,2.506675,0.816609,999.684909,52.600019,0.168574,0.045152,0.000607,52.724316,0.413534,0.413534,0.0892
97,2008-04-07,366.0,94.754595,17.754595,1.001107,0.99779,6.967245,-0.03782,0.890842,141.459982,87.566795,63.724815,0.785706,0.600834,36.948853,50.436165,31.077372,1.401285,-2.521211,35.751258,2.509631,0.816609,999.550981,52.538058,0.161424,0.040698,0.000581,54.087012,0.412965,0.412965,0.082867
98,2008-04-08,366.0,95.73561,18.73561,1.001392,0.997221,7.340767,-0.034967,0.890114,112.834574,87.748655,66.782104,0.785706,0.483379,29.83876,35.64918,31.19543,1.269253,-1.755476,34.454912,2.51112,0.816609,999.474637,52.506899,0.157864,0.027713,0.000568,56.880404,0.370288,0.370288,0.071689
99,2008-04-09,366.0,96.716067,19.716067,1.001677,0.996654,7.712226,-0.032126,0.889351,142.363088,87.929849,63.321003,0.785706,0.615093,38.110889,52.273605,31.311698,1.383517,-2.613215,35.751258,2.509631,0.816609,999.550981,52.538058,0.161424,0.042184,0.000581,53.76106,0.407729,0.407729,0.081758
100,2008-04-10,366.0,97.695967,20.695967,1.001962,0.996088,8.081528,-0.0293,0.888557,358.72411,88.110344,76.31185,0.785706,0.70354,43.750384,64.916743,31.426163,5.754308,-3.046242,37.089471,2.508149,0.816609,999.621031,52.569098,0.164995,0.050261,0.000594,63.968546,1.71256,1.71256,0.358476
101,2008-04-11,366.0,98.675311,21.675311,1.002246,0.995524,8.448578,-0.026489,0.88773,187.099309,88.290105,57.852636,0.785706,0.811868,50.667896,83.422193,31.538813,1.413366,-4.265206,47.725402,2.49798,0.816609,999.945071,52.89268,0.189893,0.080993,0.000684,47.199275,0.446952,0.446952,0.117457
102,2008-04-12,366.0,99.654101,22.654101,1.002529,0.994962,8.813284,-0.023694,0.886873,533.571111,88.469096,77.210194,0.785706,0.785706,49.207442,92.114477,31.649636,8.808923,-4.294915,65.171945,2.485408,0.816609,999.976449,53.458715,0.221043,0.094936,0.000796,58.61929,2.961353,2.961353,0.0
103,2008-04-13,366.0,100.632339,23.632339,1.002811,0.994402,9.175552,-0.020916,0.885986,605.800752,88.647282,78.426383,0.785706,0.9563,60.097689,95.011905,31.758622,10.407354,-4.398486,72.086874,2.481337,0.816609,999.900839,53.597002,0.231171,0.10168,0.000832,55.511551,3.559506,3.559506,0.0
104,2008-04-14,366.0,101.610028,24.610028,1.003092,0.993844,9.535288,-0.018155,0.88507,583.855744,88.824626,79.516753,0.785706,0.842929,53.151728,83.422193,31.865762,10.385867,-3.836744,47.725402,2.49798,0.816609,999.945071,52.89268,0.189893,0.072857,0.000684,59.009996,3.284347,3.284347,1.089822
105,2008-04-15,366.0,102.587169,25.587169,1.003373,0.993289,9.892399,-0.015413,0.884126,461.131493,89.00109,81.402484,0.785706,0.649106,41.065221,53.840272,31.971048,8.705086,-2.449719,30.806287,2.515633,0.816609,999.206545,52.412702,0.14727,0.036077,0.00053,65.735787,2.459047,2.459047,0.555143
106,2008-04-16,366.0,103.563766,26.563766,1.003652,0.992736,10.246792,-0.012691,0.883155,646.368418,89.176636,81.352389,0.785706,0.901025,57.187121,77.627337,32.074473,12.169256,-3.529676,38.470662,2.506675,0.816609,999.684909,52.600019,0.168574,0.059501,0.000607,63.139386,3.656428,3.656428,1.008155
107,2008-04-17,366.0,104.53982,27.53982,1.00393,0.992186,10.598375,-0.009989,0.882159,772.361254,89.351225,81.985109,0.785706,0.785706,50.025858,87.28543,32.176032,14.816775,-3.951971,54.907078,2.492324,0.816609,1000.009037,53.178937,0.203822,0.08055,0.000734,59.061076,4.823666,4.823666,0.0
108,2008-04-18,366.0,105.515335,28.515335,1.004207,0.991639,10.947055,-0.007308,0.881138,654.7739,89.524816,81.302826,0.785706,0.88266,56.373041,82.456384,32.27572,12.280091,-3.74332,46.061744,2.499411,0.816609,999.915818,52.810115,0.186409,0.069779,0.000671,57.799693,3.853321,3.853321,1.376279
109,2008-04-19,366.0,106.490313,29.490313,1.004483,0.991095,11.29274,-0.004649,0.880094,603.545958,89.697368,81.922379,0.785706,0.814028,52.147253,71.832481,32.373534,11.52851,-3.247415,30.806287,2.515633,0.816609,999.206545,52.412702,0.14727,0.047825,0.00053,63.641272,3.256619,3.256619,0.831076
110,2008-04-20,366.0,107.464758,30.464758,1.004757,0.990554,11.635339,-0.002012,0.879027,583.531286,89.86884,82.144152,0.785706,0.78761,50.604435,68.935054,32.469471,11.210118,-3.109934,27.49654,2.520215,0.816609,998.876988,52.317411,0.136852,0.04256,0.000493,65.251312,3.057079,3.057079,0.701312
111,2008-04-21,366.0,108.438672,31.438672,1.00503,0.990016,11.974759,0.0006,0.87794,200.330525,90.039188,71.13233,0.785706,0.679986,43.816035,56.996379,32.563531,2.635144,-2.717438,29.666731,2.517153,0.816609,999.103712,52.381061,0.143775,0.03907,0.000518,56.30599,0.735951,0.735951,0.179389
112,2008-04-22,366.0,109.412059,32.412059,1.005301,0.989482,12.31091,0.003189,0.876832,201.933903,90.208368,68.217708,0.785706,0.702111,45.369795,66.348289,32.655712,2.370418,-3.205502,39.895963,2.505208,0.816609,999.742737,52.630824,0.172159,0.055186,0.00062,51.055235,0.718847,0.718847,0.225629
113,2008-04-23,366.0,110.384923,33.384923,1.005571,0.988951,12.6437,0.005752,0.875706,416.079817,90.376336,78.699824,0.785706,0.753401,48.818706,73.789964,32.746015,7.129379,-3.380511,39.895963,2.505208,0.816609,999.742737,52.630824,0.172159,0.058199,0.00062,58.367073,2.162037,2.162037,0.680263
114,2008-04-24,366.0,111.357267,34.357267,1.005838,0.988425,12.973038,0.008289,0.874562,128.698377,90.543047,73.491223,0.785706,0.452749,29.416398,33.050579,32.834442,1.839616,-1.553485,37.089471,2.508149,0.816609,999.621031,52.569098,0.164995,0.025632,0.000594,55.710899,0.547495,0.547495,0.161327
115,2008-04-25,366.0,112.329095,35.329095,1.006105,0.987902,13.298835,0.010799,0.873402,494.36796,90.708452,80.23219,0.785706,0.899759,58.613958,78.593147,32.920994,8.881585,-3.565627,39.895963,2.505208,0.816609,999.742737,52.630824,0.172159,0.061385,0.00062,59.525312,2.693406,2.693406,0.844262
116,2008-04-26,366.0,113.30041,36.30041,1.006369,0.987383,13.621,0.013282,0.872228,748.401991,90.872505,83.451289,0.785706,0.785706,51.315751,84.388002,33.005675,14.853393,-3.760362,49.440455,2.496556,0.816609,999.968924,52.970548,0.193378,0.072717,0.000696,58.805556,4.732772,4.732772,1.748126
117,2008-04-27,366.0,114.271217,37.271217,1.006631,0.986868,13.939443,0.015736,0.87104,702.857193,91.035157,82.483186,0.785706,0.785706,51.444507,91.148667,33.088489,13.521619,-4.079149,62.996953,2.486778,0.816609,999.992517,53.408313,0.217627,0.088773,0.000783,54.866582,4.51814,4.51814,0.0
118,2008-04-28,366.0,115.241521,38.241521,1.006892,0.986358,14.254075,0.018161,0.869839,761.334109,91.196358,83.042471,0.785706,0.785706,51.570367,94.046095,33.169441,14.881175,-4.192607,69.715366,2.482687,0.816609,999.930536,53.55284,0.227817,0.095515,0.00082,51.81637,5.061298,5.061298,0.0
119,2008-04-29,366.0,116.211324,39.211324,1.00715,0.985852,14.564807,0.020556,0.868628,204.204963,91.356058,73.525131,0.785706,0.607035,39.938201,54.501262,33.248535,2.902655,-2.550605,42.883546,2.502295,0.816609,999.840702,52.692082,0.179339,0.045742,0.000646,52.768531,0.895967,0.895967,0.311495
120,2008-04-30,366.0,117.180633,40.180633,1.007406,0.985351,14.871551,0.022921,0.867407,281.412154,91.514205,83.229872,0.785706,0.479658,31.631054,35.226179,33.325779,5.516786,-1.566129,34.454912,2.51112,0.816609,999.474637,52.506899,0.157864,0.024724,0.000568,62.135235,1.609451,1.609451,0.471167
121,2008-05-01,366.0,118.149451,41.149451,1.00766,0.984854,15.174219,0.025254,0.866179,730.677952,91.670746,84.459462,0.785706,0.785706,51.930663,79.558956,33.401179,14.847334,-3.51074,41.366531,2.503748,0.816609,999.794631,52.661511,0.175748,0.061701,0.000633,60.402779,4.54318,4.54318,1.542279
122,2008-05-02,366.0,119.117782,42.117782,1.007912,0.984362,15.472723,0.027555,0.864943,782.935203,91.82563,84.513645,0.785706,0.785706,52.045036,86.319621,33.474742,15.912354,-3.804743,53.029959,2.493728,0.816609,1000.000813,53.113388,0.200345,0.076226,0.000721,56.952899,5.144357,5.144357,2.082922
123,2008-05-03,366.0,120.085633,43.085633,1.008161,0.983876,15.766977,0.029823,0.863702,651.6481,91.9788,83.075954,0.785706,0.873356,57.974947,87.28543,33.546477,12.660377,-3.874117,54.907078,2.492324,0.816609,1000.009037,53.178937,0.203822,0.078963,0.000734,55.586038,4.121641,4.121641,0.0
124,2008-05-04,366.0,121.053007,44.053007,1.008408,0.983394,16.056893,0.032058,0.862457,795.916869,92.130203,84.756283,0.785706,0.785706,52.265268,88.25124,33.616393,16.247277,-3.878308,56.840928,2.490928,0.816609,1000.012234,53.240943,0.20729,0.080394,0.000746,55.905935,5.325362,5.325362,0.0
125,2008-05-05,366.0,122.01991,45.01991,1.008652,0.982917,16.342386,0.034258,0.861209,828.76376,92.279782,84.72212,0.785706,0.785706,52.371155,94.046095,33.684498,16.87608,-4.130363,69.715366,2.482687,0.816609,999.930536,53.55284,0.227817,0.094097,0.00082,52.733659,5.739793,5.739793,0.0
126,2008-05-06,366.0,122.986348,45.986348,1.008894,0.982446,16.623372,0.036424,0.859961,705.786513,92.427481,83.902012,0.785706,0.859288,57.388457,90.182858,33.750803,14.001208,-3.975197,60.88443,2.488154,0.816609,1000.003891,53.355378,0.214195,0.085147,0.000771,54.368714,4.649282,4.649282,0.0
127,2008-05-07,366.0,123.952324,46.952324,1.009133,0.981981,16.899764,0.038553,0.858712,769.650863,92.573242,85.083084,0.785706,0.90265,60.399687,86.319621,33.815317,15.795935,-3.777492,53.029959,2.493728,0.816609,1000.000813,53.113388,0.200345,0.07568,0.000721,57.14627,5.10672,5.10672,2.075904
128,2008-05-08,366.0,124.917846,47.917846,1.00937,0.981521,17.17148,0.040646,0.857465,855.227948,92.717008,86.119691,0.785706,0.785706,52.672083,84.388002,33.878051,18.070323,-3.669096,49.440455,2.496556,0.816609,999.968924,52.970548,0.193378,0.070952,0.000696,58.880879,5.75779,5.75779,2.226981
129,2008-05-09,366.0,125.882917,48.882917,1.009603,0.981066,17.438437,0.042703,0.856221,864.591946,92.858718,86.323612,0.785706,0.785706,52.76687,84.388002,33.939017,18.350482,-3.662104,49.440455,2.496556,0.816609,999.968924,52.970548,0.193378,0.070817,0.000696,59.19147,5.847058,5.847058,2.250283
130,2008-05-10,366.0,126.847545,49.847545,1.009834,0.980618,17.700552,0.044721,0.854982,904.723507,92.998315,86.314446,0.785706,0.785706,52.858925,90.182858,33.998226,19.169341,-3.910757,60.88443,2.488154,0.816609,1000.003891,53.355378,0.214195,0.083767,0.000771,56.195107,6.365427,6.365427,0.0
131,2008-05-11,366.0,127.811735,50.811735,1.010062,0.980175,17.957744,0.046701,0.853748,723.731089,93.135738,85.393557,0.785706,0.794376,53.53251,83.422193,34.05569,14.904159,-3.633239,47.725402,2.49798,0.816609,999.945071,52.89268,0.189893,0.068993,0.000684,58.899552,4.713178,4.713178,1.780611
132,2008-05-12,366.0,128.775492,51.775492,1.010287,0.979738,18.209932,0.048643,0.852522,856.85641,93.270927,86.875905,0.785706,0.941241,63.533469,81.490574,34.11142,18.399913,-3.517524,44.448208,2.50085,0.816609,999.881063,52.722538,0.182929,0.064346,0.000659,60.895451,5.727772,5.727772,2.054741
133,2008-05-13,366.0,129.738822,52.738822,1.010509,0.979308,18.457037,0.050544,0.851305,675.000311,93.40382,85.306828,0.785706,0.742946,50.228031,81.133685,34.165429,13.825316,-3.53004,56.840928,2.490928,0.816609,1000.012234,53.240943,0.20729,0.073174,0.000746,56.440894,4.531517,4.531517,0.0
134,2008-05-14,366.0,130.701733,53.701733,1.010728,0.978884,18.69898,0.052406,0.850097,803.32096,93.534357,85.7999,0.785706,0.825326,55.882838,92.114477,34.21773,16.670846,-3.994041,65.171945,2.485408,0.816609,999.976449,53.458715,0.221043,0.088285,0.000796,54.3824,5.604347,5.604347,0.0
135,2008-05-15,366.0,131.664229,54.664229,1.010944,0.978466,18.935684,0.054227,0.848901,1160.981139,93.662477,87.855195,0.785706,0.785706,53.27888,99.840951,34.268336,25.530373,-4.276794,85.006416,2.47468,0.816609,999.687728,53.796851,0.247553,0.105873,0.000891,51.1761,8.959101,8.959101,0.0
136,2008-05-16,366.0,132.626318,55.626318,1.011157,0.978054,19.167072,0.056006,0.847718,1324.546249,93.788117,88.542723,0.785706,0.785706,53.354943,102.738379,34.317259,29.656762,-4.380866,93.668112,2.47076,0.816609,999.510474,53.906496,0.257017,0.112596,0.000925,49.908757,10.551573,10.551573,6.002847
137,2008-05-17,366.0,133.588005,56.588005,1.011366,0.97765,19.393069,0.057744,0.84655,1307.793876,93.911216,88.391072,0.785706,0.785706,53.428412,106.601616,34.364513,29.116912,-4.546333,106.377763,2.46562,0.816609,999.219801,54.049525,0.269145,0.122362,0.000969,48.121382,10.533869,10.533869,6.329647
138,2008-05-18,366.0,134.549298,57.549298,1.011572,0.977251,19.613602,0.059439,0.845396,1150.354116,94.031711,87.861186,0.785706,0.785706,53.499305,104.669998,34.410111,25.196514,-4.474239,99.85098,2.468178,0.816609,999.372717,53.977994,0.263154,0.117741,0.000947,49.450462,9.04186,9.04186,5.231671
139,2008-05-19,366.0,135.510202,58.510202,1.011775,0.97686,19.828596,0.061091,0.84426,1198.901952,94.149542,88.275371,0.785706,0.785706,53.567644,103.704188,34.454066,26.533704,-4.41972,96.717493,2.469466,0.816609,999.443517,53.942308,0.260104,0.114958,0.000936,50.638339,9.48154,9.48154,5.361909
140,2008-05-20,366.0,136.470724,59.470724,1.011974,0.976475,20.03798,0.062699,0.843142,849.656112,94.264647,87.384989,0.785706,0.750341,51.219374,85.957154,34.496391,18.310411,-3.679358,65.171945,2.485408,0.816609,999.976449,53.458715,0.221043,0.08133,0.000796,57.068155,6.15553,6.15553,2.750318
141,2008-05-21,366.0,137.430872,60.430872,1.01217,0.976098,20.241686,0.064263,0.842043,397.313556,94.376963,90.111776,0.785706,0.36232,24.761684,24.879956,34.537101,9.22914,-1.048023,44.448208,2.50085,0.816609,999.881063,52.722538,0.182929,0.019171,0.000659,64.462728,2.87297,2.87297,0.985943
142,2008-05-22,366.0,138.390652,61.390652,1.012362,0.975727,20.439643,0.065783,0.840965,387.037402,94.486431,89.858147,0.785706,0.366868,25.100885,26.266248,34.576208,8.916696,-1.107329,49.440455,2.496556,0.816609,999.968924,52.970548,0.193378,0.021413,0.000696,62.78471,2.841148,2.841148,1.052406
143,2008-05-23,366.0,139.350071,62.350071,1.01255,0.975364,20.631784,0.067257,0.83991,587.361226,94.592989,88.798605,0.785706,0.543283,37.21146,49.847922,34.613725,13.123698,-2.11289,54.907078,2.492324,0.816609,1000.009037,53.178937,0.203822,0.043065,0.000734,60.290353,4.272477,4.272477,0.0
144,2008-05-24,366.0,140.309136,63.309136,1.012735,0.975008,20.818045,0.068686,0.838877,613.614174,94.696577,89.187892,0.785706,0.532762,36.528681,49.4427,34.649666,13.8428,-2.089866,58.832904,2.489538,0.816609,1000.010491,53.299671,0.210749,0.044044,0.000759,58.087914,4.567278,4.567278,1.983721
145,2008-05-25,366.0,141.267854,64.267854,1.012917,0.974659,20.998361,0.070069,0.837869,872.425305,94.797137,88.047559,0.785706,0.75607,51.891211,86.034652,34.684045,19.039143,-3.658027,62.996953,2.486778,0.816609,999.992517,53.408313,0.217627,0.079609,0.000783,56.163961,6.361777,6.361777,2.897358
146,2008-05-26,366.0,142.226233,65.226233,1.013094,0.974317,21.172669,0.071406,0.836887,887.013065,94.894609,88.060439,0.785706,0.7702,52.911,88.462254,34.716873,19.341851,-3.758905,62.996953,2.486778,0.816609,999.992517,53.408313,0.217627,0.081804,0.000783,56.305464,6.462924,6.462924,2.934932
147,2008-05-27,366.0,143.184279,66.184279,1.013268,0.973983,21.34091,0.072695,0.835931,596.488689,94.988936,89.396282,0.785706,0.519667,35.732104,48.615825,34.748164,13.48693,-2.049078,62.996953,2.486778,0.816609,999.992517,53.408313,0.217627,0.044594,0.000783,57.302321,4.506549,4.506549,2.036043
148,2008-05-28,366.0,144.142001,67.142001,1.013438,0.973656,21.503024,0.073938,0.835004,540.962016,95.080061,89.860181,0.785706,0.469297,32.296324,41.099754,34.77793,12.375209,-1.726813,60.88443,2.488154,0.816609,1000.003891,53.355378,0.214195,0.036988,0.000771,57.717607,4.109348,4.109348,1.832746
149,2008-05-29,366.0,145.099405,68.099405,1.013604,0.973338,21.658955,0.075132,0.834106,258.676211,95.167928,91.604355,0.785706,0.224481,15.461007,13.394043,34.806184,6.197207,-0.55686,58.832904,2.489538,0.816609,1000.010491,53.299671,0.210749,0.011736,0.000759,59.245226,2.044699,2.044699,0.892617
150,2008-05-30,366.0,146.056499,69.056499,1.013766,0.973026,21.808647,0.076279,0.833237,647.212442,95.252484,89.422247,0.785706,0.561835,38.725829,54.806274,34.832938,14.597146,-2.306195,62.996953,2.486778,0.816609,999.992517,53.408313,0.217627,0.050189,0.000783,56.919767,4.877519,4.877519,2.222384
151,2008-05-31,366.0,147.013291,70.013291,1.013924,0.972723,21.952048,0.077376,0.8324,733.132029,95.333674,88.96635,0.785706,0.636619,43.912324,67.735971,34.858205,16.310484,-2.856362,67.410908,2.484044,0.816609,999.955764,53.506817,0.22444,0.064108,0.000808,55.564603,5.515668,5.515668,2.619667
152,2008-06-01,366.0,147.969789,70.969789,1.014078,0.972427,22.089106,0.078425,0.831595,997.691489,95.411448,89.042115,0.785706,0.866614,59.817573,92.114477,34.881995,22.221717,-3.88099,65.171945,2.485408,0.816609,999.976449,53.458715,0.221043,0.085786,0.000796,56.158187,7.470419,7.470419,3.475842
153,2008-06-02,366.0,148.925999,71.925999,1.014228,0.97214,22.219772,0.079425,0.830823,993.815275,95.485755,89.152376,0.785706,0.866059,59.817573,91.148667,34.904321,22.182783,-3.836264,62.996953,2.486778,0.816609,999.992517,53.408313,0.217627,0.083488,0.000783,57.026793,7.412199,7.412199,3.358688
154,2008-06-03,366.0,149.881931,72.881931,1.014374,0.97186,22.344001,0.080376,0.830086,535.35438,95.556548,90.436957,0.785706,0.468236,32.359789,39.640404,34.925192,12.368364,-1.655483,54.907078,2.492324,0.816609,1000.009037,53.178937,0.203822,0.033742,0.000734,60.26435,4.026575,4.026575,1.657487
155,2008-06-04,366.0,150.837591,73.837591,1.014516,0.971588,22.461747,0.081276,0.829383,995.553861,95.623779,89.758988,0.785706,0.865504,59.848214,84.388002,34.944621,22.558405,-3.536639,49.440455,2.496556,0.816609,999.968924,52.970548,0.193378,0.068391,0.000696,60.991407,7.187838,7.187838,2.788793
156,2008-06-05,366.0,151.792988,74.792988,1.014654,0.971325,22.572968,0.082127,0.828716,859.693032,95.687404,89.067855,0.785706,0.749382,51.845251,82.1938,34.962617,19.095431,-3.457072,56.840928,2.490928,0.816609,1000.012234,53.240943,0.20729,0.071662,0.000746,58.587225,6.258899,6.258899,2.656624
157,2008-06-06,366.0,152.748131,75.748131,1.014787,0.971069,22.677624,0.082927,0.828085,675.320112,95.74738,90.146138,0.785706,0.598216,41.40661,54.575619,34.979191,15.441389,-2.280534,46.061744,2.499411,0.816609,999.915818,52.810115,0.186409,0.042511,0.000671,62.567736,4.845292,4.845292,1.77618
158,2008-06-07,366.0,153.703025,76.703025,1.014916,0.970822,22.775677,0.083676,0.827492,910.114856,95.803667,89.373609,0.785706,0.803976,55.672754,84.388002,34.994351,20.357636,-3.540816,49.440455,2.496556,0.816609,999.968924,52.970548,0.193378,0.068472,0.000696,61.147158,6.486602,6.486602,2.491375
159,2008-06-08,366.0,154.657681,77.657681,1.015041,0.970583,22.867092,0.084374,0.826936,1246.220453,95.856228,90.778416,0.785706,0.785706,54.429044,91.148667,35.008108,28.949452,-3.79258,62.996953,2.486778,0.816609,999.992517,53.408313,0.217627,0.082537,0.000783,58.292175,9.673227,9.673227,2.043318
160,2008-06-09,366.0,155.612106,78.612106,1.015162,0.970353,22.951837,0.085022,0.826419,1052.293999,95.905024,89.825635,0.785706,0.92464,64.076188,92.114477,35.02047,23.802495,-3.852774,65.171945,2.485408,0.816609,999.976449,53.458715,0.221043,0.085163,0.000796,57.410676,8.001839,8.001839,3.660271
161,2008-06-10,366.0,156.566309,79.566309,1.015278,0.970131,23.029881,0.085618,0.825942,502.013543,95.950024,90.649309,0.785706,0.489956,33.963882,38.282592,35.031445,11.606974,-1.593218,39.895963,2.505208,0.816609,999.742737,52.630824,0.172159,0.027429,0.00062,65.750545,3.519901,3.519901,1.133565
162,2008-06-11,366.0,157.520297,80.520297,1.01539,0.969917,23.101196,0.086163,0.825504,859.301934,95.991196,89.16412,0.785706,0.813004,56.373044,84.388002,35.041042,19.063758,-3.541274,49.440455,2.496556,0.816609,999.968924,52.970548,0.193378,0.068481,0.000696,61.673174,6.074331,6.074331,2.292544
163,2008-06-12,366.0,158.474079,81.474079,1.015497,0.969712,23.165756,0.086656,0.825107,1159.430773,96.028512,90.442652,0.785706,0.785706,54.493038,93.080286,35.049268,26.629954,-3.876622,67.410908,2.484044,0.816609,999.955764,53.506817,0.22444,0.087007,0.000808,57.670649,9.005373,9.005373,0.0
164,2008-06-13,366.0,159.427663,82.427663,1.0156,0.969515,23.22354,0.087097,0.824751,1220.58122,96.061946,90.423082,0.785706,0.785706,54.503706,98.875142,35.056129,28.007428,-4.117641,82.275411,2.475999,0.816609,999.738747,53.759049,0.244334,0.100608,0.00088,53.554449,9.78074,9.78074,5.157761
165,2008-06-14,366.0,160.381059,83.381059,1.015699,0.969327,23.274527,0.087486,0.824435,1248.479381,96.091474,90.629864,0.785706,0.785706,54.512263,97.909333,35.061633,28.798037,-4.071863,79.619631,2.477324,0.816609,999.785632,53.720344,0.241085,0.098167,0.000868,54.667672,10.006747,10.006747,5.140963
166,2008-06-15,366.0,161.334273,84.334273,1.015793,0.969148,23.318699,0.087823,0.824162,1219.164923,96.117077,90.412266,0.785706,0.785706,54.518718,99.840951,35.065785,27.946723,-4.156804,85.006416,2.47468,0.816609,999.687728,53.796851,0.247553,0.102903,0.000891,53.914259,9.807046,9.807046,5.181401
167,2008-06-16,366.0,162.287315,85.287315,1.015882,0.968977,23.356043,0.088108,0.82393,1207.090803,96.138737,90.208316,0.785706,0.785706,54.523081,102.738379,35.068591,27.508707,-4.281937,93.668112,2.47076,0.816609,999.510474,53.906496,0.257017,0.110053,0.000925,52.653866,9.787317,9.787317,5.400556
168,2008-06-17,366.0,163.240194,86.240194,1.015967,0.968815,23.386545,0.088341,0.82374,1127.294727,96.156439,89.924684,0.785706,0.785706,54.525359,100.806761,35.070056,25.485574,-4.207873,87.814364,2.473367,0.816609,999.632637,53.833919,0.250741,0.105509,0.000903,54.106507,8.985716,8.985716,4.748023
169,2008-06-18,366.0,164.192917,87.192917,1.016047,0.968661,23.410196,0.088521,0.823593,1161.20191,96.170171,90.234605,0.785706,0.785706,54.525559,98.875142,35.070185,26.471124,-4.119557,82.275411,2.475999,0.816609,999.738747,53.759049,0.244334,0.100655,0.00088,55.817949,9.244232,9.244232,4.668896
170,2008-06-19,366.0,165.145494,88.145494,1.016123,0.968517,23.426989,0.088649,0.823489,1200.53724,96.179925,90.325717,0.785706,0.785706,54.523688,100.806761,35.068981,27.432476,-4.197594,87.814364,2.473367,0.816609,999.632637,53.833919,0.250741,0.105251,0.000903,55.230549,9.672156,9.672156,5.025914
171,2008-06-20,366.0,166.097934,89.097934,1.016194,0.968381,23.436921,0.088725,0.823427,1161.401138,96.185695,89.729083,0.785706,0.785706,54.51975,107.567426,35.066449,26.105881,-4.494378,109.774875,2.464349,0.816609,999.137787,54.085622,0.272083,0.122284,0.000979,51.674952,9.481412,9.481412,5.491291
172,2008-06-21,366.0,167.050244,90.050244,1.016261,0.968254,23.43999,0.088749,0.823408,1100.131827,96.187479,89.677219,0.785706,0.785706,54.513751,102.738379,35.06259,24.692794,-4.293847,93.668112,2.47076,0.816609,999.510474,53.906496,0.257017,0.110359,0.000925,54.857878,8.785444,8.785444,4.639347
173,2008-06-22,366.0,168.002433,91.002433,1.016323,0.968136,23.436198,0.08872,0.823431,1055.166588,96.185275,89.58937,0.785706,0.958998,66.527193,99.840951,35.057408,23.626901,-4.174911,85.006416,2.47468,0.816609,999.687728,53.796851,0.247553,0.103351,0.000891,55.945319,8.291137,8.291137,4.182451
174,2008-06-23,366.0,168.954511,91.954511,1.01638,0.968027,23.425548,0.088638,0.823498,1122.976248,96.179088,89.981282,0.785706,0.785706,54.495583,99.840951,35.050905,25.419906,-4.165659,85.006416,2.47468,0.816609,999.687728,53.796851,0.247553,0.103122,0.000891,56.576145,8.920336,8.920336,4.462475
175,2008-06-24,366.0,169.906486,92.906486,1.016433,0.967927,23.408048,0.088505,0.823607,1085.392154,96.168924,89.757824,0.785706,0.994736,68.978197,99.840951,35.043082,24.422001,-4.171262,85.006416,2.47468,0.816609,999.687728,53.796851,0.247553,0.103261,0.000891,56.904555,8.570152,8.570152,4.247576
176,2008-06-25,366.0,170.858367,93.858367,1.016481,0.967836,23.383707,0.088319,0.823758,1092.322151,96.154791,89.539542,0.785706,0.785706,54.469205,103.704188,35.033939,24.434938,-4.338452,96.717493,2.469466,0.816609,999.443517,53.942308,0.260104,0.112845,0.000936,55.077206,8.731568,8.731568,4.620168
177,2008-06-26,366.0,171.810163,94.810163,1.016524,0.967754,23.352537,0.088081,0.823952,945.847584,96.136703,88.64263,0.785706,0.874038,60.574757,101.77257,35.023478,20.641682,-4.280004,90.701004,2.472061,0.816609,999.573533,53.870416,0.253896,0.108668,0.000914,56.12645,7.31136,7.31136,3.693829
178,2008-06-27,366.0,172.761882,95.761882,1.016562,0.96768,23.314553,0.087791,0.824187,1051.966059,96.114673,89.122223,0.785706,0.975411,67.577619,105.635807,35.011698,23.273687,-4.430863,103.070439,2.466896,0.816609,999.298128,54.013691,0.266168,0.117935,0.000958,54.658612,8.386277,8.386277,4.519837
179,2008-06-28,366.0,173.713533,96.713533,1.016596,0.967616,23.269772,0.08745,0.824465,1042.614232,96.088719,88.64983,0.785706,0.970721,67.227482,111.430663,34.998599,22.772229,-4.687258,124.300739,2.459326,0.816609,998.773833,54.234871,0.283443,0.132857,0.00102,51.788877,8.392114,8.392114,4.936043
180,2008-06-29,366.0,174.665126,97.665126,1.016625,0.967561,23.218215,0.087056,0.824783,1011.362484,96.058863,88.061653,0.785706,0.945831,65.476766,116.259709,34.98418,21.735166,-4.907634,144.721857,2.453175,0.816609,998.241492,54.439657,0.296732,0.145625,0.001068,49.527393,8.14068,8.14068,5.09053
181,2008-06-30,366.0,175.616668,98.616668,1.016649,0.967515,23.159904,0.086611,0.825143,899.472702,96.025128,87.560198,0.785706,0.845053,58.473904,109.499044,34.968439,19.065387,-4.636309,116.84631,2.461826,0.816609,998.962896,54.15906,0.277842,0.128816,0.001,53.337916,6.976384,6.976384,3.900214
182,2008-07-01,366.0,176.56817,99.56817,1.016669,0.967477,23.094865,0.086114,0.825543,832.324876,95.98754,87.183717,0.785706,0.784714,54.272184,105.4357,34.951373,17.461513,-4.474733,103.070439,2.466896,0.816609,999.298128,54.013691,0.266168,0.119103,0.000958,55.597539,6.291959,6.291959,3.255275
183,2008-07-02,366.0,177.51964,100.51964,1.016684,0.967449,23.023126,0.085566,0.825983,890.055746,95.946127,87.174663,0.785706,0.83578,57.773615,112.396472,34.932982,18.677761,-4.771508,128.17671,2.458084,0.816609,998.6741,54.273912,0.286183,0.136552,0.00103,51.560154,6.906708,6.906708,4.050271
184,2008-07-03,366.0,178.471086,101.471086,1.016694,0.96743,22.944716,0.084967,0.826463,892.485797,95.900921,87.00836,0.785706,0.841099,58.10844,114.328091,34.91326,18.650246,-4.859307,136.236704,2.455619,0.816609,998.464449,54.354708,0.291539,0.141668,0.00105,50.935613,6.941898,6.941898,4.158661
185,2008-07-04,366.0,179.422518,102.422518,1.016699,0.96742,22.859668,0.084318,0.826981,729.890127,95.851956,87.588351,0.785706,0.690419,47.669795,86.941651,34.892206,15.517806,-3.684218,103.070439,2.466896,0.816609,999.298128,54.013691,0.266168,0.098062,0.000958,56.233323,5.591577,5.591577,2.867532
186,2008-07-05,366.0,180.373944,103.373944,1.0167,0.967419,22.768018,0.083617,0.827538,728.492928,95.799268,87.668949,0.785706,0.690863,47.669795,85.434807,34.869815,15.534165,-3.61979,96.717493,2.469466,0.816609,999.443517,53.942308,0.260104,0.094152,0.000936,57.625244,5.550971,5.550971,2.720754
187,2008-07-06,366.0,181.325374,104.325374,1.016695,0.967427,22.669803,0.082867,0.828132,817.466925,95.742894,87.018002,0.785706,0.777119,53.585025,102.958335,34.846082,17.121832,-4.37971,99.85098,2.468178,0.816609,999.372717,53.977994,0.263154,0.115254,0.000947,57.061184,6.144231,6.144231,3.046955
188,2008-07-07,366.0,182.276817,105.276817,1.016686,0.967444,22.565062,0.082066,0.828763,900.617842,95.682877,87.489706,0.785706,0.858477,59.152302,106.601616,34.821003,19.134864,-4.52416,106.377763,2.46562,0.816609,999.219801,54.049525,0.269145,0.121765,0.000969,56.680989,6.92258,6.92258,3.535578
189,2008-07-08,366.0,183.228281,106.228281,1.016673,0.967471,22.453839,0.081216,0.82943,893.193858,95.619259,87.215335,0.785706,0.854075,58.804346,108.533235,34.794573,18.843812,-4.614933,113.263729,2.463085,0.816609,999.052136,54.122096,0.274982,0.126902,0.00099,55.95419,6.869899,6.869899,3.60264
190,2008-07-09,366.0,184.179775,107.179775,1.016654,0.967506,22.336176,0.080316,0.830132,916.89007,95.552084,87.226935,0.785706,0.879537,60.509109,110.464854,34.766787,19.366554,-4.698535,120.524631,2.460573,0.816609,998.870113,54.196619,0.280663,0.13187,0.00101,55.415897,7.112104,7.112104,3.823926
191,2008-07-10,366.0,185.131308,108.131308,1.016631,0.96755,22.212121,0.079367,0.830869,883.194098,95.4814,87.148522,0.785706,0.850095,58.434509,106.601616,34.737637,18.629401,-4.538024,106.377763,2.46562,0.816609,999.219801,54.049525,0.269145,0.122138,0.000969,57.845901,6.739714,6.739714,3.333904
192,2008-07-11,366.0,186.082889,109.082889,1.016603,0.967603,22.081722,0.078369,0.831639,897.015928,95.407254,87.656145,0.785706,0.865946,59.471812,100.806761,34.707119,19.215476,-4.28085,87.814364,2.473367,0.816609,999.632637,53.833919,0.250741,0.107338,0.000903,61.543544,6.775002,6.775002,2.928291
193,2008-07-12,366.0,187.034527,110.034527,1.01657,0.967666,21.94503,0.077323,0.832441,942.388008,95.329696,87.535457,0.785706,0.912095,62.583708,106.601616,34.675225,20.137481,-4.532,106.377763,2.46562,0.816609,999.219801,54.049525,0.269145,0.121976,0.000969,58.892695,7.285305,7.285305,3.531776
194,2008-07-13,366.0,187.986231,110.986231,1.016533,0.967737,21.802097,0.076228,0.833275,867.283427,95.248779,86.481388,0.785706,0.842035,57.72109,110.464854,34.641948,17.996674,-4.726302,120.524631,2.460573,0.816609,998.870113,54.196619,0.280663,0.13265,0.00101,56.803374,6.609034,6.609034,3.411057
195,2008-07-14,366.0,188.938009,111.938009,1.01649,0.967817,21.652977,0.075086,0.83414,695.528692,95.164556,86.433434,0.785706,0.677313,46.383021,88.315911,34.607281,14.42752,-3.781442,120.524631,2.460573,0.816609,998.870113,54.196619,0.280663,0.106131,0.00101,57.252756,5.298311,5.298311,2.703404
196,2008-07-15,366.0,189.889871,112.889871,1.016443,0.967907,21.497728,0.073897,0.835034,576.270706,95.07708,87.146255,0.785706,0.562505,38.480728,66.542348,34.571216,12.215546,-2.839179,120.524631,2.460573,0.816609,998.870113,54.196619,0.280663,0.079685,0.00101,58.055929,4.485994,4.485994,2.267893
197,2008-07-16,366.0,190.841825,113.841825,1.016392,0.968005,21.336406,0.072661,0.835957,607.848937,94.986407,87.027007,0.785706,0.5945,40.625355,70.52142,34.533746,12.855016,-3.012503,109.774875,2.464349,0.816609,999.137787,54.085622,0.272083,0.081965,0.000979,59.766585,4.668821,4.668821,2.209629
198,2008-07-17,366.0,191.793881,114.793881,1.016336,0.968112,21.169073,0.071378,0.836907,719.66201,94.892595,86.265984,0.785706,0.705201,48.135928,90.592239,34.494862,14.904834,-3.888442,106.377763,2.46562,0.816609,999.219801,54.049525,0.269145,0.104655,0.000969,60.101209,5.392247,5.392247,2.477811
199,2008-07-18,366.0,192.746046,115.746046,1.016275,0.968228,20.995789,0.07005,0.837884,688.372213,94.795701,86.576377,0.785706,0.675982,46.087589,82.664087,34.454557,14.40279,-3.543914,96.717493,2.469466,0.816609,999.443517,53.942308,0.260104,0.092178,0.000936,62.070409,5.146685,5.146685,2.194448
200,2008-07-19,366.0,193.698329,116.698329,1.016209,0.968353,20.816618,0.068675,0.838885,810.213405,94.695782,85.700117,0.785706,0.797123,54.280937,106.601616,34.412821,16.543527,-4.595082,106.377763,2.46562,0.816609,999.219801,54.049525,0.269145,0.123674,0.000969,60.435866,5.985091,5.985091,2.694952
201,2008-07-20,366.0,194.65074,117.65074,1.016139,0.968487,20.631624,0.067256,0.83991,758.647278,94.5929,85.112366,0.785706,0.748121,50.880172,105.313982,34.369646,15.242446,-4.556997,132.154652,2.456849,0.816609,998.570959,54.313829,0.288881,0.131643,0.00104,57.232747,5.655138,5.655138,2.883306
202,2008-07-21,366.0,195.603287,118.603287,1.016064,0.96863,20.440875,0.065792,0.840959,565.784731,94.487113,86.46724,0.785706,0.559323,37.990528,66.542794,34.325022,11.843771,-2.859432,124.300739,2.459326,0.816609,998.773833,54.234871,0.283443,0.081049,0.00102,59.439428,4.364714,4.364714,2.11964
203,2008-07-22,366.0,196.555978,119.555978,1.015985,0.968781,20.244436,0.064284,0.842028,348.405012,94.378482,88.692866,0.785706,0.345046,23.404879,29.089195,34.278942,7.781162,-1.235228,93.668112,2.47076,0.816609,999.510474,53.906496,0.257017,0.031747,0.000925,65.404864,2.768458,2.768458,1.099588
204,2008-07-23,366.0,197.508823,120.508823,1.015901,0.968941,20.042378,0.062733,0.843118,717.776807,94.267068,85.882183,0.785706,0.711469,48.192823,88.48392,34.231396,14.809022,-3.819341,93.668112,2.47076,0.816609,999.510474,53.906496,0.257017,0.098164,0.000925,63.717154,5.268899,5.268899,2.077197
205,2008-07-24,366.0,198.46183,121.46183,1.015812,0.96911,19.834771,0.061138,0.844227,782.797219,94.152932,85.214907,0.785706,0.777261,52.573989,102.98653,34.182374,15.856665,-4.464611,99.85098,2.468178,0.816609,999.372717,53.977994,0.263154,0.117488,0.000947,62.702901,5.690222,5.690222,2.322967
206,2008-07-25,366.0,199.415006,122.415006,1.015719,0.969288,19.621686,0.059501,0.845354,782.336432,94.036136,84.589469,0.785706,0.778314,52.567424,108.909243,34.131868,15.575438,-4.740722,120.524631,2.460573,0.816609,998.870113,54.196619,0.280663,0.133054,0.00101,59.991353,5.719868,5.719868,2.624117
207,2008-07-26,366.0,200.368362,123.368362,1.015621,0.969474,19.403196,0.057821,0.846497,677.225491,93.916741,85.430287,0.785706,0.675237,45.536115,84.831699,34.079867,13.843005,-3.677999,106.377763,2.46562,0.816609,999.219801,54.049525,0.269145,0.098991,0.000969,62.755964,5.0081,5.0081,2.080805
208,2008-07-27,366.0,201.321906,124.321906,1.015519,0.969669,19.179375,0.056101,0.847655,726.914945,93.794808,85.063519,0.785706,0.726026,48.884358,93.802983,34.026364,14.718187,-4.077941,103.070439,2.466896,0.816609,999.298128,54.013691,0.266168,0.108542,0.000958,63.298339,5.303448,5.303448,2.127131
209,2008-07-28,366.0,202.275645,125.275645,1.015413,0.969872,18.950298,0.054339,0.848827,771.526705,93.6704,84.660291,0.785706,0.771932,51.891211,102.86888,33.971348,15.456078,-4.485063,103.070439,2.466896,0.816609,999.298128,54.013691,0.266168,0.119378,0.000958,63.382807,5.569335,5.569335,2.204046
210,2008-07-29,366.0,203.229588,126.229588,1.015302,0.970084,18.716041,0.052537,0.850012,628.012637,93.543578,85.500329,0.785706,0.62948,42.244766,74.87389,33.914811,12.917046,-3.251705,99.85098,2.468178,0.816609,999.372717,53.977994,0.263154,0.08557,0.000947,64.757713,4.635329,4.635329,1.766792
211,2008-07-30,366.0,204.183744,127.183744,1.015187,0.970305,18.476681,0.050696,0.851207,697.779651,93.414403,85.227897,0.785706,0.700396,46.923556,84.787072,33.856742,14.25687,-3.690382,87.814364,2.473367,0.816609,999.632637,53.833919,0.250741,0.092533,0.000903,66.541244,5.026694,5.026694,1.711089
212,2008-07-31,366.0,205.138121,128.138121,1.015067,0.970533,18.232296,0.048815,0.852413,766.896387,93.282936,84.027179,0.785706,0.770807,51.549824,105.459075,33.797134,15.137199,-4.623765,113.263729,2.463085,0.816609,999.052136,54.122096,0.274982,0.127145,0.00099,62.667999,5.518577,5.518577,2.253368
213,2008-08-01,366.0,206.092726,129.092726,1.014943,0.97077,17.982963,0.046896,0.853627,693.141128,93.149238,84.581223,0.785706,0.697954,46.59311,88.380659,33.735977,13.931265,-3.866095,103.070439,2.466896,0.816609,999.298128,54.013691,0.266168,0.102903,0.000958,64.706469,5.019894,5.019894,1.881961
214,2008-08-02,366.0,207.047569,130.047569,1.014815,0.971016,17.728764,0.044938,0.854847,615.529583,93.013368,85.17262,0.785706,0.620727,41.360657,71.94143,33.673262,12.60945,-3.139142,93.668112,2.47076,0.816609,999.510474,53.906496,0.257017,0.080681,0.000925,66.684854,4.486314,4.486314,1.538529
215,2008-08-03,366.0,208.002658,131.002658,1.014682,0.971269,17.469778,0.042944,0.856074,703.984918,92.875386,84.386667,0.785706,0.710759,47.26932,89.181124,33.608982,14.107176,-3.911119,96.717493,2.469466,0.816609,999.443517,53.942308,0.260104,0.10173,0.000936,65.995467,5.041051,5.041051,1.751181
216,2008-08-04,366.0,208.958,131.958,1.014546,0.971531,17.206085,0.040913,0.857305,728.8742,92.735351,83.684683,0.785706,0.736882,48.910616,98.555822,33.543127,14.319793,-4.342114,113.263729,2.463085,0.816609,999.052136,54.122096,0.274982,0.1194,0.00099,63.811416,5.220574,5.220574,2.019892
217,2008-08-05,366.0,209.913603,132.913603,1.014405,0.971801,16.937769,0.038846,0.858539,719.45862,92.593322,83.109953,0.785706,0.728521,48.258475,102.048009,33.475689,13.908771,-4.513467,136.236704,2.455619,0.816609,998.464449,54.354708,0.291539,0.131585,0.00105,61.36848,5.177051,5.177051,2.249838
218,2008-08-06,366.0,210.869476,133.869476,1.01426,0.972079,16.66491,0.036744,0.859774,613.390784,92.449357,83.63187,0.785706,0.622237,41.133063,81.03286,33.406662,12.066262,-3.576681,140.425038,2.454394,0.816609,998.354614,54.396625,0.294156,0.10521,0.001059,61.778235,4.505425,4.505425,1.965489
219,2008-08-07,366.0,211.825626,134.825626,1.014111,0.972365,16.387591,0.034607,0.86101,633.073115,92.303511,83.707354,0.785706,0.643195,42.428594,81.653184,33.336036,12.500003,-3.605445,120.524631,2.460573,0.816609,998.870113,54.196619,0.280663,0.101191,0.00101,64.266122,4.590457,4.590457,1.767247
220,2008-08-08,366.0,212.782062,135.782062,1.013957,0.972659,16.105897,0.032436,0.862244,611.382468,92.155843,83.910811,0.785706,0.6158,40.533443,75.74995,33.263806,12.163897,-3.343783,116.84631,2.461826,0.816609,998.962896,54.15906,0.277842,0.092904,0.001,63.029891,4.450999,4.450999,1.799285
221,2008-08-09,366.0,213.73879,136.73879,1.0138,0.972961,15.81991,0.030231,0.863476,675.040862,92.006407,83.702425,0.785706,0.680846,44.715463,84.345026,33.189964,13.364834,-3.730418,99.85098,2.468178,0.816609,999.372717,53.977994,0.263154,0.098168,0.000947,65.24953,4.796019,4.796019,1.697361
222,2008-08-10,366.0,214.695819,137.695819,1.013639,0.97327,15.529716,0.027995,0.864704,636.840686,91.855258,84.242225,0.785706,0.643123,42.141913,73.073869,33.114504,12.834417,-3.225132,82.275411,2.475999,0.816609,999.738747,53.759049,0.244334,0.078801,0.00088,68.25499,4.482028,4.482028,1.331941
223,2008-08-11,366.0,215.653156,138.653156,1.013474,0.973588,15.235397,0.025726,0.865927,672.09083,91.702449,83.642393,0.785706,0.679337,44.411278,81.735028,33.037421,13.319857,-3.62212,90.701004,2.472061,0.816609,999.573533,53.870416,0.253896,0.091964,0.000914,66.911317,4.717943,4.717943,1.504677
224,2008-08-12,366.0,216.610809,139.610809,1.013305,0.973913,14.937041,0.023426,0.867144,716.557855,91.548034,82.738492,0.785706,0.72505,47.28683,95.324621,32.958707,13.83241,-4.248478,109.774875,2.464349,0.816609,999.137787,54.085622,0.272083,0.115594,0.000979,64.22594,5.023802,5.023802,1.842854
225,2008-08-13,366.0,217.568786,140.568786,1.013132,0.974245,14.634732,0.021096,0.868352,640.212761,91.392065,82.923685,0.785706,0.648684,42.203188,81.991341,32.878359,12.446754,-3.653676,116.84631,2.461826,0.816609,998.962896,54.15906,0.277842,0.101515,0.001,63.936466,4.554502,4.554502,1.72499
226,2008-08-14,366.0,218.527093,141.527093,1.012955,0.974585,14.328556,0.018735,0.869551,674.744931,91.234592,82.294088,0.785706,0.684532,44.424408,91.314686,32.796373,12.882709,-4.086329,128.17671,2.458084,0.816609,998.6741,54.273912,0.286183,0.116944,0.00103,62.673425,4.7638,4.7638,1.903124
227,2008-08-15,366.0,219.485738,142.485738,1.012775,0.974932,14.018599,0.016346,0.87074,670.856533,91.075665,81.999108,0.785706,0.681549,44.118032,92.271807,32.712743,12.70851,-4.139182,136.236704,2.455619,0.816609,998.464449,54.354708,0.291539,0.120673,0.00105,62.092116,4.730296,4.730296,1.941806
228,2008-08-16,366.0,220.444728,143.444728,1.01259,0.975287,13.704947,0.013929,0.871917,662.045417,90.915335,81.738082,0.785706,0.673569,43.487775,92.171285,32.627467,12.456244,-4.143966,144.721857,2.453175,0.816609,998.241492,54.439657,0.296732,0.122965,0.001068,61.562972,4.665357,4.665357,1.964098
229,2008-08-17,366.0,221.40407,144.40407,1.012403,0.975649,13.387687,0.011484,0.873081,634.393987,90.753648,81.693501,0.785706,0.646378,41.621076,87.303112,32.540541,11.935196,-3.929417,149.129396,2.451961,0.816609,998.125123,54.483871,0.299267,0.117594,0.001077,61.594855,4.483617,4.483617,1.893271
230,2008-08-18,366.0,222.363773,145.363773,1.012211,0.976018,13.066906,0.009012,0.874231,640.018516,90.590652,81.933104,0.785706,0.653016,41.934015,84.285499,32.451964,12.147819,-3.792079,124.300739,2.459326,0.816609,998.773833,54.234871,0.283443,0.107484,0.00102,64.455644,4.476763,4.476763,1.623733
231,2008-08-19,366.0,223.323841,146.323841,1.012016,0.976394,12.742691,0.006514,0.875365,399.06095,90.426394,84.183974,0.785706,0.407624,26.103168,37.998243,32.361735,8.12725,-1.690627,96.717493,2.469466,0.816609,999.443517,53.942308,0.260104,0.043974,0.000936,69.34776,2.904187,2.904187,0.842378
232,2008-08-20,366.0,224.284283,147.284283,1.011818,0.976777,12.415129,0.003991,0.876483,423.846887,90.260918,84.051978,0.785706,0.433117,27.656928,40.188292,32.269851,8.608684,-1.790934,85.006416,2.47468,0.816609,999.687728,53.796851,0.247553,0.044335,0.000891,70.764877,3.020954,3.020954,0.772206
233,2008-08-21,366.0,225.245105,148.245105,1.011616,0.977167,12.084307,0.001444,0.877582,535.730614,90.094269,83.317136,0.785706,0.547627,34.867691,55.48635,32.176314,10.654047,-2.484646,74.527011,2.479993,0.816609,999.866744,53.639508,0.234502,0.058265,0.000844,71.582318,3.663717,3.663717,0.818433
234,2008-08-22,366.0,226.206314,149.206314,1.01141,0.977564,11.750314,-0.001127,0.878662,713.00442,89.92649,81.977204,0.785706,0.729096,46.284545,86.63363,32.081124,13.620503,-3.910641,77.037385,2.478655,0.816609,999.828319,53.680558,0.237807,0.092998,0.000856,70.342123,4.708617,4.708617,1.07272
235,2008-08-23,366.0,227.167916,150.167916,1.011202,0.977967,11.413236,-0.003721,0.879722,704.95684,89.757624,80.982677,0.785706,0.721276,45.649908,94.577122,31.984281,13.066655,-4.295501,109.774875,2.464349,0.816609,999.137787,54.085622,0.272083,0.116873,0.000979,66.276605,4.745687,4.745687,1.466414
236,2008-08-24,366.0,228.129918,151.129918,1.01099,0.978377,11.073163,-0.006338,0.880761,715.957974,89.587711,80.257555,0.785706,0.733215,46.262661,102.17025,31.885789,12.981534,-4.662206,132.154652,2.456849,0.816609,998.570959,54.313829,0.288881,0.134682,0.00104,64.020319,4.816311,4.816311,1.698646
237,2008-08-25,366.0,229.092327,152.092327,1.010775,0.978794,10.730181,-0.008975,0.881777,693.400436,89.416792,81.335217,0.785706,0.710927,44.715463,85.889553,31.78565,13.027286,-3.900745,85.006416,2.47468,0.816609,999.687728,53.796851,0.247553,0.096564,0.000891,69.717408,4.571527,4.571527,1.0762
238,2008-08-26,366.0,230.055148,153.055148,1.010557,0.979217,10.384379,-0.011634,0.882769,610.418292,89.244907,82.123798,0.785706,0.626193,39.259798,66.740144,31.683868,11.769086,-3.021249,69.715366,2.482687,0.816609,999.930536,53.55284,0.227817,0.068829,0.00082,72.243423,4.002832,4.002832,0.764124
239,2008-08-27,366.0,231.018388,154.018388,1.010335,0.979646,10.035845,-0.014312,0.883737,579.289842,89.072094,81.719173,0.785706,0.594415,37.145809,65.441668,31.580447,11.040409,-2.971513,85.006416,2.47468,0.816609,999.687728,53.796851,0.247553,0.073561,0.000891,70.38472,3.874293,3.874293,0.887311
240,2008-08-28,366.0,231.982054,154.982054,1.010111,0.980081,9.684668,-0.017008,0.884679,675.272703,88.89839,80.699109,0.785706,0.693163,43.172645,85.065909,31.475394,12.473706,-3.886859,93.668112,2.47076,0.816609,999.510474,53.906496,0.257017,0.099899,0.000925,68.863504,4.438017,4.438017,1.097425
241,2008-08-29,366.0,232.94615,155.94615,1.009883,0.980522,9.330936,-0.019723,0.885594,686.599186,88.723834,79.982264,0.785706,0.705181,43.772267,92.229724,31.368714,12.40684,-4.233829,113.263729,2.463085,0.816609,999.052136,54.122096,0.274982,0.116423,0.00099,66.723359,4.523168,4.523168,1.303689
242,2008-08-30,366.0,233.910684,156.910684,1.009653,0.98097,8.974738,-0.022456,0.886482,631.950054,88.54846,80.848496,0.785706,0.649534,40.178924,74.908312,31.260415,11.753131,-3.426373,85.006416,2.47468,0.816609,999.687728,53.796851,0.247553,0.084821,0.000891,70.317192,4.124401,4.124401,0.894902
243,2008-08-31,366.0,234.87566,157.87566,1.00942,0.981423,8.616162,-0.025205,0.887341,493.075529,88.372304,82.482177,0.785706,0.506975,31.250274,44.815682,31.150505,9.663043,-2.034318,54.907078,2.492324,0.816609,1000.009037,53.178937,0.203822,0.041464,0.000734,75.042936,3.145846,3.145846,0.429138
244,2008-09-01,366.0,235.841085,158.841085,1.009184,0.981882,8.255298,-0.027969,0.88817,561.423639,88.1954,81.672665,0.785706,0.577206,35.451991,56.514456,31.038993,10.73787,-2.5787,60.88443,2.488154,0.816609,1000.003891,53.355378,0.214195,0.055235,0.000771,73.742514,3.565648,3.565648,0.538458
245,2008-09-02,366.0,236.806964,159.806964,1.008946,0.982346,7.892234,-0.030749,0.888969,591.641728,88.017782,81.025587,0.785706,0.608283,37.224592,63.852578,30.92589,11.096703,-2.926128,69.715366,2.482687,0.816609,999.930536,53.55284,0.227817,0.066662,0.00082,72.34633,3.774145,3.774145,0.649751
246,2008-09-03,366.0,237.773302,160.773302,1.008704,0.982816,7.527059,-0.033542,0.889736,640.833279,87.839483,80.248401,0.785706,0.658932,40.174544,75.079067,30.811208,11.73434,-3.457745,79.619631,2.477324,0.816609,999.785632,53.720344,0.241085,0.083361,0.000868,70.824163,4.077451,4.077451,0.793252
247,2008-09-04,366.0,238.740105,161.740105,1.00846,0.983292,7.159863,-0.036349,0.890471,572.696014,87.660535,80.507589,0.785706,0.589008,35.775871,63.285631,30.694957,10.583092,-2.913414,79.619631,2.477324,0.816609,999.785632,53.720344,0.241085,0.070238,0.000868,71.193713,3.677415,3.677415,0.705094
248,2008-09-05,366.0,239.707378,162.707378,1.008214,0.983772,6.790735,-0.039168,0.891173,635.994343,87.480969,79.772122,0.785706,0.65421,39.583681,75.728988,30.577153,11.486348,-3.502816,85.006416,2.47468,0.816609,999.687728,53.796851,0.247553,0.086713,0.000891,70.21136,4.030782,4.030782,0.813464
249,2008-09-06,366.0,240.675126,163.675126,1.007965,0.984258,6.419764,-0.041999,0.891842,577.632146,87.300817,79.831066,0.785706,0.59432,35.819639,66.691577,30.457808,10.460105,-3.08675,90.701004,2.472061,0.816609,999.573533,53.870416,0.253896,0.078371,0.000914,69.917954,3.705008,3.705008,0.784563
250,2008-09-07,366.0,241.643355,164.643355,1.007714,0.984748,6.047041,-0.04484,0.892476,528.372994,87.120108,80.067407,0.785706,0.543756,32.642092,57.646807,30.33694,9.648393,-2.667381,87.814364,2.473367,0.816609,999.632637,53.833919,0.250741,0.066882,0.000903,70.532765,3.401835,3.401835,0.687427
251,2008-09-08,366.0,242.612068,165.612068,1.007461,0.985244,5.672654,-0.047691,0.893074,656.869762,86.938872,78.946855,0.785706,0.67608,40.421837,81.142029,30.214563,11.572342,-3.77975,90.701004,2.472061,0.816609,999.573533,53.870416,0.253896,0.095966,0.000914,69.484742,4.098967,4.098967,0.842665
252,2008-09-09,366.0,243.581271,166.581271,1.007205,0.985744,5.296694,-0.050552,0.893637,556.522206,86.757139,79.364321,0.785706,0.572941,34.114882,63.655624,30.090697,9.945877,-2.961655,93.668112,2.47076,0.816609,999.510474,53.906496,0.257017,0.07612,0.000925,69.765088,3.538641,3.538641,0.738326
253,2008-09-10,366.0,244.550968,167.550968,1.006947,0.986249,4.919251,-0.05342,0.894164,554.494923,86.574936,79.47618,0.785706,0.570945,33.854462,60.935569,29.96536,9.951757,-2.83615,82.275411,2.475999,0.816609,999.738747,53.759049,0.244334,0.069297,0.00088,70.969761,3.475347,3.475347,0.62758
254,2008-09-11,366.0,245.521164,168.521164,1.006687,0.986759,4.540415,-0.056296,0.894653,645.727101,86.392293,78.697913,0.785706,0.664918,39.259798,76.867309,29.838572,11.30298,-3.59531,82.275411,2.475999,0.816609,999.738747,53.759049,0.244334,0.087846,0.00088,70.425137,3.947221,3.947221,0.70274
255,2008-09-12,366.0,246.491864,169.491864,1.006425,0.987272,4.160277,-0.059178,0.895105,634.132281,86.209237,78.135095,0.785706,0.653047,38.393193,79.177568,29.710355,10.900032,-3.717474,99.85098,2.468178,0.816609,999.372717,53.977994,0.263154,0.097827,0.000947,68.691781,3.911516,3.911516,0.830924
256,2008-09-13,366.0,247.46307,170.46307,1.006161,0.98779,3.778927,-0.062066,0.895518,599.312928,86.025795,78.332317,0.785706,0.617326,36.134769,71.341648,29.58073,10.374201,-3.349374,93.668112,2.47076,0.816609,999.510474,53.906496,0.257017,0.086085,0.000925,69.51386,3.691035,3.691035,0.723466
257,2008-09-14,366.0,248.434788,171.434788,1.005896,0.988312,3.396456,-0.064959,0.895893,643.899799,85.841995,77.622383,0.785706,0.663333,38.655802,81.826368,29.449722,10.889007,-3.85907,103.070439,2.466896,0.816609,999.298128,54.013691,0.266168,0.102716,0.000958,68.368789,3.923669,3.923669,0.830418
258,2008-09-15,366.0,249.407021,172.407021,1.005628,0.988838,3.012955,-0.067855,0.896229,646.671453,85.657862,77.110906,0.785706,0.666328,38.655802,85.400442,29.317356,10.752497,-4.041812,116.84631,2.461826,0.816609,998.962896,54.15906,0.277842,0.112299,0.001,67.170596,3.934542,3.934542,0.920208
259,2008-09-16,366.0,250.379773,173.379773,1.005359,0.989368,2.628516,-0.070755,0.896525,602.34856,85.473425,77.014514,0.785706,0.620837,35.852465,78.72569,29.183657,9.98608,-3.73122,128.17671,2.458084,0.816609,998.6741,54.273912,0.286183,0.106781,0.00103,66.579946,3.692677,3.692677,0.920816
260,2008-09-17,366.0,251.353048,174.353048,1.005088,0.989901,2.243231,-0.073657,0.896782,586.24955,85.288708,77.090511,0.785706,0.60442,34.742953,74.274465,29.048652,9.747097,-3.522222,120.524631,2.460573,0.816609,998.870113,54.196619,0.280663,0.098856,0.00101,67.373689,3.579489,3.579489,0.825744
261,2008-09-18,366.0,252.32685,175.32685,1.004815,0.990438,1.85719,-0.076561,0.896998,528.135909,85.103738,77.485803,0.785706,0.544614,31.158362,62.215672,28.912371,8.901286,-2.9473,113.263729,2.463085,0.816609,999.052136,54.122096,0.274982,0.081046,0.00099,68.385466,3.245147,3.245147,0.692099
262,2008-09-19,366.0,253.30118,176.30118,1.004541,0.990979,1.470488,-0.079464,0.897174,391.311183,84.918541,78.573378,0.785706,0.403552,22.978141,38.456954,28.774843,6.840679,-1.813548,106.377763,2.46562,0.816609,999.219801,54.049525,0.269145,0.048811,0.000969,69.936671,2.47481,2.47481,0.488355
263,2008-09-20,366.0,254.276044,177.276044,1.004266,0.991522,1.083215,-0.082368,0.897309,160.411736,84.733142,80.840578,0.785706,0.164134,9.300677,9.699673,28.6361,3.019045,-0.452596,65.171945,2.485408,0.816609,999.976449,53.458715,0.221043,0.010004,0.000796,73.493638,1.014932,1.014932,0.147275
264,2008-09-21,366.0,255.251444,178.251444,1.00399,0.992068,0.695465,-0.085271,0.897403,218.111991,84.547568,80.709102,0.785706,0.221369,12.482601,13.002193,28.496173,4.08824,-0.607684,56.840928,2.490928,0.816609,1000.012234,53.240943,0.20729,0.012597,0.000746,72.915307,1.34,1.34,0.198025
265,2008-09-22,366.0,256.227383,179.227383,1.003712,0.992618,0.307331,-0.088171,0.897457,458.794049,84.361845,78.917935,0.785706,0.464286,26.050648,38.691581,28.355096,8.114694,-1.826622,53.029959,2.493728,0.816609,1000.000813,53.113388,0.200345,0.036596,0.000721,71.423969,2.623426,2.623426,0.376179
266,2008-09-23,366.0,257.203863,180.203863,1.003433,0.99317,-0.081094,-0.091069,0.897469,595.684901,84.175997,77.761495,0.785706,0.602686,33.646566,59.078794,28.212904,10.138652,-2.808041,56.840928,2.490928,0.816609,1000.012234,53.240943,0.20729,0.058208,0.000746,70.031459,3.323141,3.323141,0.509299
267,2008-09-24,366.0,258.180887,181.180887,1.003152,0.993725,-0.469715,-0.093963,0.897439,546.406296,83.990051,77.185271,0.785706,0.55277,30.703174,57.420942,28.069633,9.120592,-2.7397,79.619631,2.477324,0.816609,999.785632,53.720344,0.241085,0.06605,0.000868,67.211861,3.169225,3.169225,0.678587
268,2008-09-25,366.0,259.158459,182.158459,1.002871,0.994282,-0.858439,-0.096852,0.897369,549.199406,83.804033,76.907464,0.785706,0.555627,30.703174,58.447717,27.925322,9.080371,-2.79518,82.275411,2.475999,0.816609,999.738747,53.759049,0.244334,0.068296,0.00088,66.838969,3.171042,3.171042,0.693364
269,2008-09-26,366.0,260.13658,183.13658,1.002589,0.994842,-1.247171,-0.099737,0.897257,580.83725,83.617969,76.645486,0.785706,0.587674,32.30508,62.444532,27.780007,9.516779,-2.99302,77.037385,2.478655,0.816609,999.828319,53.680558,0.237807,0.071176,0.000856,67.250495,3.289957,3.289957,0.66692
270,2008-09-27,366.0,261.115251,184.115251,1.002306,0.995403,-1.635815,-0.102615,0.897104,555.175077,83.431886,76.346401,0.785706,0.56173,30.716307,60.596181,27.63373,9.001941,-2.911462,87.814364,2.473367,0.816609,999.632637,53.833919,0.250741,0.073002,0.000903,66.095378,3.173909,3.173909,0.722722
271,2008-09-28,366.0,262.094477,185.094477,1.002023,0.995967,-2.024276,-0.105486,0.896909,601.200525,83.24581,75.700335,0.785706,0.608353,33.088526,69.76639,27.486533,9.530807,-3.365917,93.668112,2.47076,0.816609,999.510474,53.906496,0.257017,0.08651,0.000925,65.171256,3.390964,3.390964,0.810865
272,2008-09-29,366.0,263.074257,186.074257,1.001738,0.996532,-2.412459,-0.108349,0.896674,585.172306,83.059768,75.400998,0.785706,0.592231,32.038095,68.851559,27.338456,9.178011,-3.329773,103.070439,2.466896,0.816609,999.298128,54.013691,0.266168,0.088628,0.000958,64.28077,3.30714,3.30714,0.852491
273,2008-09-30,366.0,264.054595,187.054595,1.001453,0.997099,-2.800266,-0.111203,0.896398,502.068739,82.873788,75.620348,0.785706,0.508227,27.343988,55.937328,27.189545,7.932628,-2.704818,113.263729,2.463085,0.816609,999.052136,54.122096,0.274982,0.074378,0.00099,63.808617,2.892002,2.892002,0.800228
274,2008-10-01,366.0,265.035491,188.035491,1.001168,0.997668,-3.187602,-0.114048,0.896081,490.344075,82.687897,75.583713,0.785706,0.49644,26.562731,53.469592,27.039845,7.734766,-2.588359,109.774875,2.464349,0.816609,999.137787,54.085622,0.272083,0.070425,0.000979,64.228803,2.809195,2.809195,0.746121
275,2008-10-02,366.0,266.016946,189.016946,1.000882,0.998238,-3.574368,-0.116882,0.895724,282.788854,82.502124,77.710424,0.785706,0.286336,15.235603,20.862647,26.889401,4.795521,-1.000284,79.619631,2.477324,0.816609,999.785632,53.720344,0.241085,0.024115,0.000868,68.71489,1.666349,1.666349,0.322395
276,2008-10-03,366.0,266.998963,189.998963,1.000596,0.998809,-3.960467,-0.119706,0.895326,244.787904,82.316496,78.15283,0.785706,0.24403,12.911528,15.692433,26.738263,4.211165,-0.751437,67.410908,2.484044,0.816609,999.955764,53.506817,0.22444,0.016865,0.000808,67.665632,1.424077,1.424077,0.300957
277,2008-10-04,366.0,267.981542,190.981542,1.000309,0.999381,-4.345801,-0.122517,0.894889,236.776269,82.131044,78.290499,0.785706,0.233609,12.290024,13.993502,26.586478,4.090063,-0.670248,56.840928,2.490928,0.816609,1000.012234,53.240943,0.20729,0.013894,0.000746,67.701236,1.340598,1.340598,0.27179
278,2008-10-05,366.0,268.964685,191.964685,1.000023,0.999954,-4.73027,-0.125316,0.894413,193.340038,81.945797,78.467457,0.785706,0.18927,9.900297,10.343491,26.434097,3.35765,-0.495447,51.2082,2.495138,0.816609,999.987473,53.044019,0.196863,0.009754,0.000709,67.74203,1.077759,1.077759,0.213801
279,2008-10-06,366.0,269.948391,192.948391,0.999736,1.000528,-5.113776,-0.128101,0.893897,385.042957,81.760786,76.768821,0.785706,0.375861,19.54674,29.453724,26.281172,6.311697,-1.424076,62.996953,2.486778,0.816609,999.992517,53.408313,0.217627,0.030992,0.000783,64.244451,2.109003,2.109003,0.521929
280,2008-10-07,366.0,270.932661,193.932661,0.999449,1.001102,-5.496218,-0.130872,0.893343,503.689683,81.576041,75.777485,0.785706,0.491633,25.418203,44.63304,26.127755,7.974572,-2.170525,62.996953,2.486778,0.816609,999.992517,53.408313,0.217627,0.047237,0.000783,63.522916,2.664639,2.664639,0.656028
281,2008-10-08,366.0,271.917496,194.917496,0.999163,1.001677,-5.877497,-0.133627,0.892752,451.481194,81.391595,76.45166,0.785706,0.440684,22.649883,34.092986,25.973901,7.311464,-1.653997,46.061744,2.499411,0.816609,999.915818,52.810115,0.186409,0.030832,0.000671,66.760767,2.294235,2.294235,0.414241
282,2008-10-09,366.0,272.902897,195.902897,0.998876,1.002251,-6.25751,-0.136367,0.892122,250.176719,81.20748,77.787747,0.785706,0.244145,12.473848,13.096014,25.819664,4.236414,-0.631747,38.470662,2.506675,0.816609,999.684909,52.600019,0.168574,0.01065,0.000607,69.25881,1.272891,1.272891,0.18944
283,2008-10-10,366.0,273.888862,196.888862,0.99859,1.002826,-6.636157,-0.13909,0.891456,146.034491,81.023729,77.561038,0.785706,0.142457,7.234832,7.729512,25.6651,2.452294,-0.37363,38.470662,2.506675,0.816609,999.684909,52.600019,0.168574,0.006298,0.000607,69.082964,0.736827,0.736827,0.109426
284,2008-10-11,366.0,274.875393,197.875393,0.998304,1.0034,-7.013335,-0.141795,0.890754,306.474027,80.840377,77.067497,0.785706,0.298825,15.084603,17.640146,25.510268,5.057294,-0.85555,38.470662,2.506675,0.816609,999.684909,52.600019,0.168574,0.014422,0.000607,68.670405,1.519537,1.519537,0.225332
285,2008-10-12,366.0,275.862488,198.862488,0.998019,1.003974,-7.388942,-0.144482,0.890017,450.049317,80.65746,75.709042,0.785706,0.438657,22.008683,33.850442,25.355226,7.081929,-1.654219,46.061744,2.499411,0.816609,999.915818,52.810115,0.186409,0.030836,0.000671,66.236811,2.22221,2.22221,0.397346
286,2008-10-13,366.0,276.850148,199.850148,0.997734,1.004548,-7.762875,-0.14715,0.889245,554.831232,80.475012,74.38958,0.785706,0.540671,26.96102,51.122751,25.200033,8.327749,-2.516606,60.88443,2.488154,0.816609,1000.003891,53.355378,0.214195,0.053905,0.000771,62.956892,2.765337,2.765337,0.647125
287,2008-10-14,366.0,277.838372,200.838372,0.997449,1.005121,-8.135029,-0.149798,0.888438,390.785559,80.293072,75.3787,0.785706,0.380816,18.872713,29.101559,25.044751,6.068168,-1.426999,56.840928,2.490928,0.816609,1000.012234,53.240943,0.20729,0.02958,0.000746,64.419854,1.98896,1.98896,0.433454
288,2008-10-15,366.0,278.827158,201.827158,0.997166,1.005693,-8.505301,-0.152426,0.887599,394.842692,80.111677,75.271686,0.785706,0.384704,18.947121,28.915774,24.889441,6.102482,-1.419892,53.029959,2.493728,0.816609,1000.000813,53.113388,0.200345,0.028447,0.000721,64.949427,1.972891,1.972891,0.40008
289,2008-10-16,366.0,279.816507,202.816507,0.996883,1.006264,-8.873585,-0.155032,0.886728,397.40212,79.930866,74.846818,0.785706,0.387119,18.947121,30.504144,24.734167,6.045046,-1.502308,60.88443,2.488154,0.816609,1000.003891,53.355378,0.214195,0.032179,0.000771,63.504462,2.007335,2.007335,0.46345
290,2008-10-17,366.0,280.806417,203.806417,0.996601,1.006834,-9.239776,-0.157616,0.885825,519.615013,79.750681,73.483132,0.785706,0.504839,24.553786,48.958867,24.578993,7.520835,-2.42921,74.527011,2.479993,0.816609,999.866744,53.639508,0.234502,0.056965,0.000844,60.294332,2.586267,2.586267,0.733267
291,2008-10-18,366.0,281.796886,204.796886,0.996319,1.007402,-9.603768,-0.160178,0.884891,411.43901,79.571162,74.165824,0.785706,0.399778,19.321335,33.43699,24.423983,6.096474,-1.655076,69.715366,2.482687,0.816609,999.930536,53.55284,0.227817,0.037705,0.00082,61.554148,2.073497,2.073497,0.550487
292,2008-10-19,366.0,282.787913,205.787913,0.996039,1.007969,-9.965455,-0.162716,0.883929,490.770822,79.392352,73.48263,0.785706,0.476833,22.89936,43.477575,24.269205,7.088015,-2.161015,67.410908,2.484044,0.816609,999.955764,53.506817,0.22444,0.048502,0.000808,61.391168,2.396933,2.396933,0.613862
293,2008-10-20,366.0,283.779497,206.779497,0.99576,1.008534,-10.324729,-0.16523,0.882937,499.582054,79.214294,73.423545,0.785706,0.485391,23.161968,43.297593,24.114723,7.191807,-2.154541,60.88443,2.488154,0.816609,1000.003891,53.355378,0.214195,0.046149,0.000771,62.306106,2.388132,2.388132,0.552906
294,2008-10-21,366.0,284.771636,207.771636,0.995482,1.009097,-10.681482,-0.167718,0.881919,425.862983,79.037035,74.301918,0.785706,0.41374,19.616769,30.194019,23.960608,6.319593,-1.497471,42.883546,2.502295,0.816609,999.840702,52.692082,0.179339,0.026855,0.000646,65.764974,1.950678,1.950678,0.316967
295,2008-10-22,366.0,285.764328,208.764328,0.995206,1.009658,-11.035608,-0.170182,0.880874,501.522188,78.86062,73.290448,0.785706,0.487114,22.947505,41.670172,23.806926,7.168241,-2.07844,53.029959,2.493728,0.816609,1000.000813,53.113388,0.200345,0.041641,0.000721,63.407005,2.317444,2.317444,0.465355
296,2008-10-23,366.0,286.75757,209.75757,0.994931,1.010217,-11.386996,-0.172619,0.879804,504.839323,78.685097,72.894064,0.785706,0.490268,22.947505,43.500159,23.653748,7.103741,-2.175664,58.832904,2.489538,0.816609,1000.010491,53.299671,0.210749,0.045852,0.000759,62.312967,2.3438,2.3438,0.518413
297,2008-10-24,366.0,287.751361,210.751361,0.994657,1.010773,-11.735539,-0.175028,0.878709,518.822894,78.510516,72.491115,0.785706,0.503804,23.428953,46.348807,23.501145,7.184621,-2.324535,62.996953,2.486778,0.816609,999.992517,53.408313,0.217627,0.050588,0.000783,61.481815,2.400683,2.400683,0.563953
298,2008-10-25,366.0,288.745698,211.745698,0.994384,1.011327,-12.081126,-0.177411,0.877592,475.687395,78.336926,72.402193,0.785706,0.461898,21.341224,41.819959,23.349186,6.557429,-2.100039,69.715366,2.482687,0.816609,999.930536,53.55284,0.227817,0.047842,0.00082,60.608419,2.230274,2.230274,0.572863
299,2008-10-26,366.0,289.740577,212.740577,0.994114,1.011877,-12.423647,-0.179765,0.876454,500.061712,78.164379,72.114229,0.785706,0.485551,22.288798,44.711549,23.197945,6.811723,-2.250169,67.410908,2.484044,0.816609,999.955764,53.506817,0.22444,0.050503,0.000808,60.741389,2.3035,2.3035,0.570392
300,2008-10-27,366.0,290.735997,213.735997,0.993845,1.012425,-12.762993,-0.18209,0.875295,492.96306,77.992929,71.787544,0.785706,0.478644,21.829235,45.094396,23.047493,6.625361,-2.274806,74.527011,2.479993,0.816609,999.866744,53.639508,0.234502,0.053345,0.000844,59.67161,2.278331,2.278331,0.615163
301,2008-10-28,366.0,291.731955,214.731955,0.993577,1.01297,-13.099053,-0.184385,0.874117,450.065339,77.822629,71.789414,0.785706,0.436999,19.800592,39.959295,22.897903,6.041101,-2.017393,79.619631,2.477324,0.816609,999.785632,53.720344,0.241085,0.048636,0.000868,59.151561,2.099163,2.099163,0.597855
302,2008-10-29,366.0,292.728446,215.728446,0.993312,1.013511,-13.431716,-0.18665,0.872921,479.038089,77.653537,71.518794,0.785706,0.465134,20.938557,43.142223,22.74925,6.356721,-2.182625,74.527011,2.479993,0.816609,999.866744,53.639508,0.234502,0.051183,0.000844,59.616507,2.185951,2.185951,0.583479
303,2008-10-30,366.0,293.725468,216.725468,0.993048,1.014049,-13.76087,-0.188885,0.871709,415.247146,77.485709,71.749876,0.785706,0.403192,18.032371,34.924323,22.601606,5.550221,-1.766372,77.037385,2.478655,0.816609,999.828319,53.680558,0.237807,0.042006,0.000856,59.580722,1.918715,1.918715,0.524853
304,2008-10-31,366.0,294.723018,217.723018,0.992787,1.014584,-14.086404,-0.191088,0.870482,219.438777,77.319205,73.275328,0.785706,0.213057,9.466994,13.037665,22.455047,3.097734,-0.655199,67.410908,2.484044,0.816609,999.955764,53.506817,0.22444,0.014705,0.000808,62.041906,1.047551,1.047551,0.252364
305,2008-11-01,366.0,295.721091,218.721091,0.992528,1.015114,-14.408206,-0.193258,0.869242,100.195981,77.154084,70.941288,0.785706,0.097011,4.282688,9.075858,22.309648,1.295554,-0.461502,62.996953,2.486778,0.816609,999.992517,53.408313,0.217627,0.010044,0.000783,60.398346,0.432899,0.432899,0.100145
306,2008-11-02,366.0,296.719684,219.719684,0.99227,1.01564,-14.726164,-0.195397,0.867989,348.794823,76.990409,72.388169,0.785706,0.335885,14.732271,23.448771,22.165483,4.753125,-1.18522,53.029959,2.493728,0.816609,1000.000813,53.113388,0.200345,0.023745,0.000721,62.34296,1.536653,1.536653,0.317255
307,2008-11-03,366.0,297.718792,220.718792,0.992015,1.016162,-15.040168,-0.197502,0.866726,99.682669,76.828242,71.228924,0.785706,0.097321,4.241108,8.114182,22.022629,1.299187,-0.412687,44.448208,2.50085,0.816609,999.881063,52.722538,0.182929,0.007549,0.000659,62.421766,0.404428,0.404428,0.071619
308,2008-11-04,366.0,298.718412,221.718412,0.991763,1.01668,-15.350103,-0.199573,0.865453,126.293547,76.667649,72.516153,0.785706,0.127619,5.525696,7.633344,21.881161,1.724105,-0.386191,37.089471,2.508149,0.816609,999.621031,52.569098,0.164995,0.006372,0.000594,64.735162,0.513117,0.513117,0.075105
309,2008-11-05,366.0,299.718539,222.718539,0.991513,1.017194,-15.655859,-0.20161,0.864173,341.894614,76.508694,72.361192,0.785706,0.339083,14.587838,20.598503,21.741155,4.634005,-1.043683,34.454912,2.51112,0.816609,999.474637,52.506899,0.157864,0.016476,0.000568,65.069685,1.351911,1.351911,0.182382
310,2008-11-06,366.0,300.719168,223.719168,0.991265,1.017702,-15.957323,-0.203612,0.862887,118.610827,76.351446,71.737741,0.785706,0.127984,5.470986,7.921847,21.602688,1.568606,-0.40286,41.366531,2.503748,0.816609,999.794631,52.661511,0.175748,0.00708,0.000633,63.363194,0.479982,0.479982,0.078765
311,2008-11-07,366.0,301.720295,224.720295,0.99102,1.018206,-16.254384,-0.205578,0.861596,194.425904,76.195972,72.159403,0.785706,0.200928,8.534739,11.352288,21.465834,2.60788,-0.5766,54.907078,2.492324,0.816609,1000.009037,53.178937,0.203822,0.011752,0.000734,61.634501,0.849007,0.849007,0.0
312,2008-11-08,366.0,302.721915,225.721915,0.990777,1.018704,-16.546929,-0.207509,0.860302,146.122159,76.042343,71.966261,0.785706,0.143718,6.066229,8.59502,21.330672,1.943082,-0.437268,53.029959,2.493728,0.816609,1000.000813,53.113388,0.200345,0.00876,0.000721,60.887815,0.628185,0.628185,0.142258
313,2008-11-09,366.0,303.724023,226.724023,0.990537,1.019198,-16.834848,-0.209403,0.859007,175.271678,75.89063,72.299416,0.785706,0.170448,7.149484,9.074101,21.197275,2.356043,-0.461253,47.725402,2.49798,0.816609,999.945071,52.89268,0.189893,0.008759,0.000684,61.25736,0.745057,0.745057,0.162238
314,2008-11-10,366.0,304.726614,227.726614,0.9903,1.019686,-17.118029,-0.211261,0.857712,176.701837,75.740905,72.276035,0.785706,0.171513,7.149484,8.809288,21.06572,2.369642,-0.44816,42.883546,2.502295,0.816609,999.840702,52.692082,0.179339,0.008037,0.000646,62.115393,0.731441,0.731441,0.143262
315,2008-11-11,366.0,305.729682,228.729682,0.990066,1.020168,-17.396362,-0.21308,0.856419,62.389247,75.593242,66.605088,0.785706,0.072474,3.002477,7.921847,20.936083,0.670384,-0.413941,41.366531,2.503748,0.816609,999.794631,52.661511,0.175748,0.007275,0.000633,57.682018,0.205133,0.205133,0.038567
316,2008-11-12,366.0,306.733221,229.733221,0.989835,1.020645,-17.669736,-0.214862,0.855129,232.491823,75.447715,70.653777,0.785706,0.250007,10.294208,15.907279,20.808439,2.925341,-0.816533,62.996953,2.486778,0.816609,999.992517,53.408313,0.217627,0.01777,0.000783,57.524603,0.977479,0.977479,0.0
317,2008-11-13,366.0,307.737227,230.737227,0.989606,1.021116,-17.938043,-0.216606,0.853844,253.804042,75.304399,70.490691,0.785706,0.280078,11.46281,17.396601,20.682863,3.168999,-0.894258,49.440455,2.496556,0.816609,999.968924,52.970548,0.193378,0.017293,0.000696,57.982936,1.009746,1.009746,0.253967
318,2008-11-14,366.0,308.741693,231.741693,0.989381,1.021581,-18.201171,-0.218311,0.852565,388.325323,75.163372,69.927609,0.785706,0.401768,16.345118,28.850778,20.559428,4.7382,-1.487897,42.883546,2.502295,0.816609,999.840702,52.692082,0.179339,0.026684,0.000646,58.603195,1.462547,1.462547,0.326021
319,2008-11-15,366.0,309.746613,232.746613,0.989159,1.02204,-18.459015,-0.219977,0.851295,374.326613,75.024709,69.595317,0.785706,0.377907,15.283746,28.758067,20.43821,4.502524,-1.48635,56.840928,2.490928,0.816609,1000.012234,53.240943,0.20729,0.030811,0.000746,55.840951,1.47579,1.47579,0.0
320,2008-11-16,366.0,310.751981,233.751981,0.98894,1.022492,-18.711465,-0.221603,0.850035,423.712159,74.88849,69.475847,0.785706,0.402325,16.176612,32.380632,20.319281,5.06552,-1.675568,60.88443,2.488154,0.816609,1000.003891,53.355378,0.214195,0.03589,0.000771,53.585917,1.682071,1.682071,0.0
321,2008-11-17,366.0,311.757791,234.757791,0.988725,1.022938,-18.958416,-0.223189,0.848786,379.748149,74.754792,69.963456,0.785706,0.341585,13.655582,25.679268,20.202714,4.619365,-1.326656,65.171945,2.485408,0.816609,999.976449,53.458715,0.221043,0.029325,0.000796,52.049411,1.552922,1.552922,0.570656
322,2008-11-18,366.0,312.764036,235.764036,0.988512,1.023377,-19.199763,-0.224734,0.84755,436.035253,74.623695,69.383859,0.785706,0.392247,15.592311,32.132635,20.08858,5.179095,-1.665497,67.410908,2.484044,0.816609,999.955764,53.506817,0.22444,0.03738,0.000808,51.312839,1.751399,1.751399,0.658781
323,2008-11-19,366.0,313.770709,236.770709,0.988304,1.02381,-19.4354,-0.226239,0.846329,309.803622,74.495279,70.307994,0.785706,0.278737,11.018567,18.260926,19.976952,3.807553,-0.943055,58.832904,2.489538,0.816609,1000.010491,53.299671,0.210749,0.019875,0.000759,53.52777,1.25626,1.25626,0.424332
324,2008-11-20,366.0,314.777805,237.777805,0.988098,1.024235,-19.665225,-0.227702,0.845124,352.657837,74.369623,70.17752,0.785706,0.317283,12.473849,20.766405,19.867898,4.306535,-1.073722,47.725402,2.49798,0.816609,999.945071,52.89268,0.189893,0.020389,0.000684,55.636885,1.361866,1.361866,0.386035
325,2008-11-21,366.0,315.785316,238.785316,0.987897,1.024654,-19.889136,-0.229124,0.843938,356.694134,74.246807,70.366948,0.785706,0.320894,12.548254,19.416547,19.761488,4.381308,-1.003629,37.089471,2.508149,0.816609,999.621031,52.569098,0.164995,0.016559,0.000594,58.207211,1.303936,1.303936,0.292983
326,2008-11-22,366.0,316.793234,239.793234,0.987698,1.025065,-20.107032,-0.230504,0.842771,340.98807,74.126912,70.331706,0.785706,0.306722,11.931127,18.123795,19.65779,4.176974,-0.937484,37.089471,2.508149,0.816609,999.621031,52.569098,0.164995,0.015468,0.000594,58.19914,1.243124,1.243124,0.278926
327,2008-11-23,366.0,317.801553,240.801553,0.987504,1.025468,-20.318816,-0.231842,0.841624,395.989265,74.010018,69.887894,0.785706,0.356145,13.782508,22.792232,19.556871,4.762428,-1.18202,37.089471,2.508149,0.816609,999.621031,52.569098,0.164995,0.019503,0.000594,57.867077,1.417363,1.417363,0.317528
328,2008-11-24,366.0,318.810266,241.810266,0.987313,1.025865,-20.524389,-0.233137,0.840501,380.204329,73.896203,69.651499,0.785706,0.341913,13.165382,22.481551,19.458796,4.525053,-1.167791,42.883546,2.502295,0.816609,999.840702,52.692082,0.179339,0.020943,0.000646,56.363056,1.396755,1.396755,0.358137
329,2008-11-25,366.0,319.819365,242.819365,0.987126,1.026253,-20.723657,-0.234389,0.839401,389.844471,73.785548,69.31682,0.785706,0.350561,13.432366,24.204628,19.363631,4.574009,-1.25987,47.725402,2.49798,0.816609,999.945071,52.89268,0.189893,0.023924,0.000684,55.111471,1.44645,1.44645,0.406996
330,2008-11-26,366.0,320.828841,243.828841,0.986943,1.026634,-20.916525,-0.235598,0.838328,415.453509,73.67813,69.094947,0.785706,0.373586,14.246449,26.395684,19.271437,4.826357,-1.375994,46.061744,2.499411,0.816609,999.915818,52.810115,0.186409,0.02565,0.000671,55.312806,1.514443,1.514443,0.412456
331,2008-11-27,366.0,321.838689,244.838689,0.986764,1.027007,-21.102904,-0.236763,0.837281,447.197151,73.574029,68.733079,0.785706,0.402131,15.264052,29.930788,19.182277,5.115652,-1.563606,47.725402,2.49798,0.816609,999.945071,52.89268,0.189893,0.029692,0.000684,54.730734,1.617735,1.617735,0.453475
332,2008-11-28,366.0,322.848899,245.848899,0.986589,1.027371,-21.282702,-0.237885,0.836263,204.273389,73.473322,70.001853,0.785706,0.18648,7.04663,9.82729,19.096211,2.451791,-0.510657,46.061744,2.499411,0.816609,999.915818,52.810115,0.186409,0.009519,0.000671,56.065968,0.769338,0.769338,0.208823
333,2008-11-29,366.0,323.859463,246.859463,0.986418,1.027728,-21.455834,-0.238962,0.835275,153.252755,73.376083,69.222782,0.785706,0.139132,5.234639,8.787356,19.013298,1.782727,-0.458456,56.840928,2.490928,0.816609,1000.012234,53.240943,0.20729,0.009503,0.000746,53.36262,0.584323,0.584323,0.0
334,2008-11-30,366.0,324.870375,247.870375,0.986251,1.028076,-21.622214,-0.239996,0.834318,372.342403,73.282389,68.66188,0.785706,0.333173,12.482602,23.676681,18.933593,4.232428,-1.238959,56.840928,2.490928,0.816609,1000.012234,53.240943,0.20729,0.025682,0.000746,52.592223,1.387261,1.387261,0.458115
335,2008-12-01,366.0,325.881624,248.881624,0.986088,1.028416,-21.781761,-0.240984,0.833394,367.79315,73.192313,68.543233,0.785706,0.329128,12.281269,23.491069,18.857152,4.156625,-1.230421,58.832904,2.489538,0.816609,1000.010491,53.299671,0.210749,0.025931,0.000759,52.179477,1.371432,1.371432,0.464726
336,2008-12-02,366.0,326.893203,249.893203,0.985929,1.028747,-21.934394,-0.241928,0.832504,174.066497,73.105926,69.488387,0.785706,0.166088,6.173461,8.664806,18.784029,2.039055,-0.45208,44.448208,2.50085,0.816609,999.881063,52.722538,0.182929,0.00827,0.000659,55.729632,0.634744,0.634744,0.169833
337,2008-12-03,366.0,327.905104,250.905104,0.985775,1.02907,-22.080037,-0.242827,0.831649,207.509361,73.023298,69.596512,0.785706,0.193595,7.16918,9.775728,18.714275,2.438501,-0.509985,39.895963,2.505208,0.816609,999.742737,52.630824,0.172159,0.00878,0.00062,56.790784,0.739494,0.739494,0.179743
338,2008-12-04,366.0,328.917318,251.917318,0.985624,1.029383,-22.218615,-0.243681,0.83083,390.99631,72.944498,68.696251,0.785706,0.361584,13.342641,22.744244,18.647939,4.431874,-1.19184,34.454912,2.51112,0.816609,999.474637,52.506899,0.157864,0.018815,0.000568,57.398477,1.292942,1.292942,0.272745
339,2008-12-05,366.0,329.929835,252.929835,0.985479,1.029688,-22.350057,-0.244489,0.83005,358.081809,72.869592,68.117643,0.785706,0.346562,12.74521,23.22953,18.585069,3.963339,-1.220886,44.448208,2.50085,0.816609,999.881063,52.722538,0.182929,0.022334,0.000659,54.662519,1.233761,1.233761,0.330321
340,2008-12-06,366.0,330.942648,253.942648,0.985337,1.029984,-22.474295,-0.245252,0.829308,351.76908,72.798643,68.063589,0.785706,0.331375,12.147778,22.709803,18.52571,3.881643,-1.194252,51.2082,2.495138,0.816609,999.987473,53.044019,0.196863,0.02351,0.000709,53.273112,1.245953,1.245953,0.376435
341,2008-12-07,366.0,331.955747,254.955747,0.9852,1.03027,-22.591264,-0.245969,0.828606,218.552026,72.731713,68.790205,0.785706,0.217952,7.965756,11.759766,18.469906,2.479747,-0.616576,44.448208,2.50085,0.816609,999.881063,52.722538,0.182929,0.011279,0.000659,55.209808,0.771929,0.771929,0.206312
342,2008-12-08,366.0,332.969124,255.969124,0.985068,1.030547,-22.700902,-0.246639,0.827944,315.175163,72.66886,68.745114,0.785706,0.302635,11.029508,16.863408,18.417698,3.566885,-0.884602,31.983483,2.514121,0.816609,999.302552,52.444222,0.150785,0.013338,0.000543,58.088147,1.018798,1.018798,0.199196
343,2008-12-09,366.0,333.982768,256.982768,0.984939,1.030815,-22.803151,-0.247264,0.827325,262.127582,72.610139,68.622914,0.785706,0.265506,9.65082,14.233365,18.369123,2.950113,-0.747254,34.454912,2.51112,0.816609,999.474637,52.506899,0.157864,0.011796,0.000568,57.383001,0.860657,0.860657,0.180949
344,2008-12-10,366.0,334.996672,257.996672,0.984816,1.031074,-22.897955,-0.247843,0.826748,380.754168,72.555604,67.531878,0.785706,0.36936,13.392975,25.935131,18.32422,4.100498,-1.368664,46.061744,2.499411,0.816609,999.915818,52.810115,0.186409,0.025513,0.000671,53.927658,1.286679,1.286679,0.354335
345,2008-12-11,366.0,336.010825,259.010825,0.984697,1.031323,-22.985262,-0.248375,0.826215,313.959991,72.505304,68.252069,0.785706,0.29942,10.832553,18.133614,18.283023,3.477427,-0.954077,41.366531,2.503748,0.816609,999.794631,52.661511,0.175748,0.016768,0.000633,55.506957,1.064068,1.064068,0.265647
346,2008-12-12,366.0,337.025218,260.025218,0.984583,1.031562,-23.065026,-0.24886,0.825726,202.474557,72.459286,68.48028,0.785706,0.218207,7.87822,10.940488,18.245562,2.261599,-0.575148,35.751258,2.509631,0.816609,999.550981,52.538058,0.161424,0.009284,0.000581,57.004242,0.666503,0.666503,0.144705
347,2008-12-13,366.0,338.039842,261.039842,0.984473,1.031792,-23.1372,-0.249299,0.825283,87.34967,72.417593,66.757355,0.785706,0.098375,3.545199,6.671668,18.211868,0.910096,-0.35353,25.465127,2.523309,0.816609,998.621183,52.253266,0.130032,0.004597,0.000468,58.212928,0.241997,0.241997,0.037183
348,2008-12-14,366.0,339.054686,262.054686,0.984368,1.032012,-23.201746,-0.249691,0.824885,151.219213,72.380263,68.789499,0.785706,0.175176,6.302576,7.371695,18.181967,1.708021,-0.387133,24.499119,2.524868,0.816609,998.481982,52.221007,0.126667,0.004904,0.000456,60.200485,0.448214,0.448214,0.06617
349,2008-12-15,366.0,340.069742,263.069742,0.984268,1.032222,-23.258625,-0.250037,0.824534,233.822184,72.347332,68.888862,0.785706,0.246696,8.862998,10.976201,18.155885,2.650199,-0.576255,22.661981,2.528009,0.816609,998.180152,52.156109,0.120034,0.006917,0.000432,60.815342,0.67655,0.67655,0.091874
350,2008-12-16,366.0,341.085,264.085,0.984173,1.032422,-23.307806,-0.250335,0.824229,420.610327,72.318833,68.13487,0.785706,0.42813,15.36253,23.817957,18.133642,4.625939,-1.25489,19.343142,2.534391,0.816609,997.477826,52.024778,0.107213,0.013454,0.000386,61.151525,1.112054,1.112054,0.127011
351,2008-12-17,366.0,342.100449,265.100449,0.984082,1.032612,-23.349259,-0.250586,0.823972,280.743994,72.294794,68.175818,0.785706,0.329665,11.81733,15.646848,18.115258,3.091724,-0.82432,18.582681,2.536007,0.816609,997.280594,51.991621,0.10411,0.008582,0.000375,61.423903,0.731359,0.731359,0.079866
352,2008-12-18,366.0,343.116081,266.116081,0.983997,1.032792,-23.382959,-0.25079,0.823763,137.590644,72.275237,68.589667,0.785706,0.170463,6.10562,6.868519,18.100749,1.539829,-0.361209,21.789104,2.529593,0.816609,998.017178,52.123469,0.11677,0.004218,0.00042,60.828035,0.387476,0.387476,0.050344
353,2008-12-19,366.0,344.131884,267.131884,0.983916,1.032961,-23.408886,-0.250947,0.823601,95.223889,72.260184,67.593173,0.785706,0.121045,4.333021,5.998495,18.09013,1.024117,-0.316898,19.343142,2.534391,0.816609,997.477826,52.024778,0.107213,0.003398,0.000386,60.689476,0.246193,0.246193,0.028067
354,2008-12-20,366.0,345.147849,268.147849,0.98384,1.033121,-23.427022,-0.251057,0.823489,120.961795,72.24965,68.393726,0.785706,0.159619,5.71171,6.310957,18.083412,1.342859,-0.332221,20.130503,2.532783,0.816609,997.666204,52.057804,0.110358,0.003666,0.000397,61.15366,0.327914,0.327914,0.039066
355,2008-12-21,366.0,346.163966,269.163966,0.983769,1.03327,-23.437356,-0.25112,0.823424,142.775959,72.243647,67.484461,0.785706,0.209188,7.484309,9.16586,18.080604,1.528518,-0.484502,25.465127,2.523309,0.816609,998.621183,52.253266,0.130032,0.0063,0.000468,58.855689,0.406438,0.406438,0.062289
356,2008-12-22,366.0,347.180224,270.180224,0.983703,1.033409,-23.439877,-0.251135,0.823408,259.437619,72.242182,67.489043,0.785706,0.313763,11.226463,16.633947,18.081711,2.777922,-0.879249,26.46396,2.521758,0.816609,998.752798,52.285401,0.133428,0.011732,0.00048,58.593586,0.748187,0.748187,0.119348
357,2008-12-23,366.0,348.196614,271.196614,0.983642,1.033537,-23.434583,-0.251103,0.823441,263.241954,72.245258,68.186649,0.785706,0.297166,10.635597,14.445404,18.086736,2.898359,-0.76116,22.661981,2.528009,0.816609,998.180152,52.156109,0.120034,0.009136,0.000432,60.24455,0.739901,0.739901,0.10009
358,2008-12-24,366.0,349.213125,272.213125,0.983585,1.033655,-23.421472,-0.251023,0.823523,104.550072,72.252874,67.445733,0.785706,0.165011,5.908665,6.779621,18.095681,1.117676,-0.358414,22.661981,2.528009,0.816609,998.180152,52.156109,0.120034,0.004302,0.000432,59.614003,0.285323,0.285323,0.038559
359,2008-12-25,366.0,350.229747,273.229747,0.983534,1.033763,-23.400549,-0.250897,0.823653,301.171213,72.265026,66.930666,0.785706,0.379255,13.58993,21.638387,18.108543,3.153841,-1.146524,24.499119,2.524868,0.816609,998.481982,52.221007,0.126667,0.014523,0.000456,58.66626,0.827623,0.827623,0.1215
360,2008-12-26,366.0,351.24647,274.24647,0.983488,1.03386,-23.371821,-0.250723,0.823832,136.381855,72.281702,67.121166,0.785706,0.219655,7.87822,9.488029,18.125317,1.439555,-0.502262,23.565031,2.526435,0.816609,998.335029,52.188621,0.123333,0.006195,0.000444,59.091202,0.372667,0.372667,0.052462
361,2008-12-27,366.0,352.263283,275.263283,0.983447,1.033946,-23.335301,-0.250501,0.824059,134.936403,72.30289,65.81028,0.785706,0.241345,8.666042,11.761634,18.145995,1.350277,-0.626208,29.666731,2.517153,0.816609,999.103712,52.381061,0.143775,0.009003,0.000518,56.391465,0.377109,0.377109,0.067483
362,2008-12-28,366.0,353.280175,276.280175,0.983411,1.034022,-23.291006,-0.250233,0.824333,111.520316,72.328571,64.999458,0.785706,0.208152,7.484309,10.945989,18.170568,1.079192,-0.584807,42.883546,2.502295,0.816609,999.840702,52.692082,0.179339,0.010488,0.000646,52.756964,0.333116,0.333116,0.085257
363,2008-12-29,366.0,354.297137,277.297137,0.98338,1.034088,-23.238955,-0.249917,0.824655,162.85237,72.358724,63.807722,0.785706,0.31174,11.226463,18.577102,18.199021,1.498675,-0.997581,37.089471,2.508149,0.816609,999.621031,52.569098,0.164995,0.01646,0.000594,53.016976,0.446026,0.446026,0.099701
364,2008-12-30,366.0,355.314158,278.314158,0.983354,1.034142,-23.179173,-0.249554,0.825024,153.22554,72.393322,67.67461,0.785706,0.212918,7.681265,9.782627,18.231339,1.656156,-0.516308,28.563809,2.51868,0.816609,998.993908,52.349298,0.140301,0.007244,0.000505,58.205144,0.457138,0.457138,0.078857
365,2008-12-31,366.0,356.331228,279.331228,0.983333,1.034186,-23.111689,-0.249144,0.82544,97.152507,72.432336,65.341633,0.785706,0.190702,6.893443,9.252323,18.267503,0.955013,-0.49334,35.751258,2.509631,0.816609,999.550981,52.538058,0.161424,0.007964,0.000581,54.556172,0.281446,0.281446,0.060704
366,2009-01-01,365.0,357.128191,280.128191,0.98332,1.034213,-23.05345,-0.24879,0.825797,79.96829,72.465969,64.565496,0.785706,0.168621,6.10562,8.466473,18.298515,0.761164,-0.452916,39.895963,2.505208,0.816609,999.742737,52.630824,0.172159,0.007797,0.00062,53.031512,0.230829,0.230829,0.055266
367,2009-01-02,365.0,358.148108,281.148108,0.983308,1.034238,-22.972079,-0.248294,0.826296,287.21417,72.512905,65.434329,0.785706,0.417849,15.165573,27.350377,18.341609,2.837209,-1.457207,30.806287,2.515633,0.816609,999.206545,52.412702,0.14727,0.02146,0.00053,55.799299,0.801466,0.801466,0.149022
368,2009-01-03,365.0,359.168043,282.168043,0.983302,1.034252,-22.883064,-0.247752,0.826839,233.097511,72.564176,68.123599,0.785706,0.30101,10.952914,14.063463,18.388504,2.57061,-0.74016,20.130503,2.532783,0.816609,997.666204,52.057804,0.110358,0.008168,0.000397,60.948276,0.627719,0.627719,0.07449
369,2009-01-04,365.0,0.187988,283.187988,0.9833,1.034256,-22.786448,-0.247162,0.827426,101.949711,72.619738,66.193223,0.785706,0.218315,7.965756,8.852428,18.439173,1.040673,-0.469834,20.130503,2.532783,0.816609,997.666204,52.057804,0.110358,0.005185,0.000397,59.269184,0.254123,0.254123,0.030109
370,2009-01-05,365.0,1.20793,284.20793,0.983304,1.034248,-22.68228,-0.246526,0.828057,118.822217,72.679543,63.62852,0.785706,0.277533,10.156339,14.411757,18.493584,1.089552,-0.77338,29.666731,2.517153,0.816609,999.103712,52.381061,0.143775,0.011119,0.000518,54.591965,0.304293,0.304293,0.054333
371,2009-01-06,365.0,2.22786,285.22786,0.983312,1.03423,-22.57061,-0.245842,0.82873,83.651702,72.743541,63.088515,0.785706,0.206141,7.567468,10.812166,18.551703,0.749915,-0.581412,42.883546,2.502295,0.816609,999.840702,52.692082,0.179339,0.010427,0.000646,51.27923,0.231477,0.231477,0.059142
372,2009-01-07,365.0,3.247766,286.247766,0.983326,1.034201,-22.451493,-0.245112,0.829444,79.768339,72.811676,65.006691,0.785706,0.124356,4.58031,8.402685,18.613494,0.776948,-0.447923,49.440455,2.496556,0.816609,999.968924,52.970548,0.193378,0.008662,0.000696,51.497117,0.247561,0.247561,0.071766
373,2009-01-08,365.0,4.267639,287.267639,0.983345,1.034161,-22.324988,-0.244335,0.830199,154.898154,72.883891,59.784353,0.785706,0.386739,14.294592,26.869792,18.678917,1.199007,-1.464594,41.366531,2.503748,0.816609,999.794631,52.661511,0.175748,0.02574,0.000633,48.972455,0.366888,0.366888,0.090557
374,2009-01-09,365.0,5.287468,288.287468,0.983369,1.034111,-22.191155,-0.243512,0.830993,280.374891,72.960127,65.056276,0.785706,0.439585,16.307916,29.983595,18.747933,2.741671,-1.596906,31.983483,2.514121,0.816609,999.302552,52.444222,0.150785,0.024079,0.000543,55.225384,0.783095,0.783095,0.150928
375,2009-01-10,365.0,6.307241,289.307241,0.983398,1.03405,-22.050061,-0.242642,0.831825,144.350719,73.04032,59.754186,0.785706,0.362206,13.489263,25.457271,18.820497,1.117985,-1.386796,47.725402,2.49798,0.816609,999.945071,52.89268,0.189893,0.026334,0.000684,47.808783,0.353543,0.353543,0.099106
376,2009-01-11,365.0,7.326949,290.326949,0.983432,1.033978,-21.901773,-0.241727,0.832694,59.911904,73.124406,62.663843,0.785706,0.15076,5.637304,8.426915,18.896563,0.529731,-0.453198,49.440455,2.496556,0.816609,999.968924,52.970548,0.193378,0.008764,0.000696,49.694997,0.168789,0.168789,0.048959
377,2009-01-12,365.0,8.346581,291.346581,0.983471,1.033896,-21.746362,-0.240765,0.833599,172.394721,73.212318,66.082688,0.785706,0.271,10.176035,16.755193,18.976084,1.764835,-0.887289,51.2082,2.495138,0.816609,999.987473,53.044019,0.196863,0.017467,0.000709,51.865965,0.566487,0.566487,0.170358
378,2009-01-13,365.0,9.366127,292.366127,0.983515,1.033803,-21.583904,-0.239758,0.834539,312.656228,73.303985,65.064676,0.785706,0.426318,16.078135,35.042329,19.059009,3.071466,-1.863323,58.832904,2.489538,0.816609,1000.010491,53.299671,0.210749,0.039269,0.000759,49.770834,1.013396,1.013396,0.0
379,2009-01-14,365.0,10.385575,293.385575,0.983565,1.033699,-21.414476,-0.238705,0.835511,356.677638,73.399336,65.565534,0.785706,0.456629,17.299259,38.130957,19.145286,3.582215,-2.022176,54.907078,2.492324,0.816609,1000.009037,53.178937,0.203822,0.041216,0.000734,50.130929,1.166206,1.166206,0.0
380,2009-01-15,365.0,11.404916,294.404916,0.983619,1.033585,-21.238157,-0.237607,0.836516,370.933545,73.498298,65.989746,0.785706,0.45985,17.50278,38.1213,19.23486,3.796019,-2.016935,53.029959,2.493728,0.816609,1000.000813,53.113388,0.200345,0.040408,0.000721,50.02441,1.227227,1.227227,0.409362
381,2009-01-16,365.0,12.424139,295.424139,0.983678,1.03346,-21.055032,-0.236464,0.837551,358.495395,73.600796,66.254334,0.785706,0.441048,16.868145,36.135852,19.327675,3.71351,-1.908732,54.907078,2.492324,0.816609,1000.009037,53.178937,0.203822,0.038904,0.000734,49.883787,1.208949,1.208949,0.0
382,2009-01-17,365.0,13.443234,296.443234,0.983743,1.033325,-20.865185,-0.235276,0.838614,322.595177,73.706755,67.27212,0.785706,0.3907,15.016764,28.622748,19.423673,3.48739,-1.504264,47.725402,2.49798,0.816609,999.945071,52.89268,0.189893,0.028565,0.000684,51.308573,1.102826,1.102826,0.350386
383,2009-01-18,365.0,14.462191,297.462191,0.983812,1.033179,-20.668705,-0.234044,0.839706,374.067124,73.816096,66.600253,0.785706,0.452615,17.485272,37.197253,19.522792,3.940202,-1.959811,53.029959,2.493728,0.816609,1000.000813,53.113388,0.200345,0.039264,0.000721,49.759326,1.273841,1.273841,0.439265
384,2009-01-19,365.0,15.480999,298.480999,0.983886,1.033023,-20.465681,-0.232767,0.840823,380.552515,73.928741,66.659704,0.785706,0.460402,17.879184,38.19206,19.624972,4.023596,-2.010642,53.029959,2.493728,0.816609,1000.000813,53.113388,0.200345,0.040282,0.000721,49.834927,1.300802,1.300802,0.447884
385,2009-01-20,365.0,16.499648,299.499648,0.983966,1.032857,-20.256207,-0.231447,0.841964,365.250407,74.044612,67.116322,0.785706,0.441972,17.255491,35.049781,19.730147,3.939421,-1.840449,49.440455,2.496556,0.816609,999.968924,52.970548,0.193378,0.03559,0.000696,50.926701,1.255227,1.255227,0.408375
386,2009-01-21,365.0,17.518128,300.518128,0.98405,1.032681,-20.040378,-0.230082,0.843129,358.773814,74.163628,67.476227,0.785706,0.434268,17.047593,33.327337,19.838253,3.931541,-1.746205,46.061744,2.499411,0.816609,999.915818,52.810115,0.186409,0.032551,0.000671,51.940476,1.233663,1.233663,0.378507
387,2009-01-22,365.0,18.536429,301.536429,0.984139,1.032494,-19.818289,-0.228675,0.844315,246.131739,74.285709,69.054072,0.785706,0.298028,11.764809,18.006171,19.949223,2.875162,-0.936179,41.366531,2.503748,0.816609,999.794631,52.661511,0.175748,0.016453,0.000633,54.226657,0.879779,0.879779,0.246087
388,2009-01-23,365.0,19.554541,302.554541,0.984232,1.032297,-19.590041,-0.227224,0.84552,340.771941,74.410774,68.244813,0.785706,0.412757,16.386699,29.361214,20.062988,3.861477,-1.531296,39.895963,2.505208,0.816609,999.742737,52.630824,0.172159,0.026363,0.00062,54.004728,1.171022,1.171022,0.316771
389,2009-01-24,365.0,20.572453,303.572453,0.984331,1.03209,-19.355733,-0.225731,0.846744,230.128185,74.538742,69.624396,0.785706,0.278844,11.134552,15.897851,20.179479,2.756356,-0.823435,38.470662,2.506675,0.816609,999.684909,52.600019,0.168574,0.013881,0.000607,55.429103,0.828187,0.828187,0.216682
390,2009-01-25,365.0,21.590157,304.590157,0.984434,1.031873,-19.115468,-0.224195,0.847983,353.162637,74.669533,69.261788,0.785706,0.428069,17.194216,26.86681,20.298623,4.17704,-1.39304,26.46396,2.521758,0.816609,998.752798,52.285401,0.133428,0.018587,0.00048,58.559658,1.125016,1.125016,0.2056
391,2009-01-26,365.0,22.607642,305.607642,0.984543,1.031647,-18.869349,-0.222617,0.849238,394.262361,74.803064,69.725897,0.785706,0.47805,19.316959,28.250365,20.420349,4.754784,-1.46075,19.343142,2.534391,0.816609,997.477826,52.024778,0.107213,0.015661,0.000386,61.312014,1.143028,1.143028,0.150853
392,2009-01-27,365.0,23.624899,306.624899,0.984656,1.03141,-18.617481,-0.220998,0.850506,164.173465,74.939256,65.183303,0.785706,0.379826,15.441312,22.323235,20.544582,1.65186,-1.177472,26.46396,2.521758,0.816609,998.752798,52.285401,0.133428,0.015711,0.00048,55.257722,0.444901,0.444901,0.080981
393,2009-01-28,365.0,24.641918,307.641918,0.984773,1.031164,-18.359973,-0.219337,0.851785,263.614593,75.078027,68.055435,0.785706,0.398471,16.299162,26.09323,20.671248,2.986763,-1.3578,33.199343,2.512617,0.816609,999.39187,52.47562,0.154317,0.020953,0.000556,55.675694,0.862312,0.862312,0.196054
394,2009-01-29,365.0,25.658689,308.658689,0.984895,1.030908,-18.09693,-0.217636,0.853074,401.281008,75.219299,67.549738,0.785706,0.531473,21.875191,43.393178,20.800271,4.462365,-2.261722,39.895963,2.505208,0.816609,999.742737,52.630824,0.172159,0.038938,0.00062,53.574069,1.353245,1.353245,0.36399
395,2009-01-30,365.0,26.675203,309.675203,0.985022,1.030643,-17.828462,-0.215895,0.854371,385.742204,75.362991,68.259824,0.785706,0.486452,20.148548,38.791263,20.931574,4.419442,-2.014002,42.883546,2.502295,0.816609,999.840702,52.692082,0.179339,0.036119,0.000646,53.411275,1.364156,1.364156,0.390629
396,2009-01-31,365.0,27.691451,310.691451,0.985153,1.030368,-17.554679,-0.214113,0.855674,411.677972,75.509024,68.729285,0.785706,0.509356,21.231803,39.646203,21.06508,4.812071,-2.052581,37.089471,2.508149,0.816609,999.621031,52.569098,0.164995,0.033867,0.000594,55.226992,1.432137,1.432137,0.359692
397,2009-02-01,365.0,28.707423,311.707423,0.985289,1.030084,-17.275693,-0.212292,0.856982,441.733991,75.657322,68.976104,0.785706,0.542509,22.759302,42.033772,21.200711,5.221551,-2.172223,33.199343,2.512617,0.816609,999.39187,52.47562,0.154317,0.033521,0.000556,56.479708,1.50752,1.50752,0.340944
398,2009-02-02,365.0,29.723111,312.723111,0.98543,1.02979,-16.991615,-0.210432,0.858293,385.076636,75.807807,69.079867,0.785706,0.471632,19.914391,36.980906,21.338386,4.577309,-1.908842,42.883546,2.502295,0.816609,999.840702,52.692082,0.179339,0.034233,0.000646,54.096996,1.412885,1.412885,0.403031
399,2009-02-03,365.0,30.738504,313.738504,0.985574,1.029488,-16.702557,-0.208534,0.859605,416.541854,75.960402,68.873092,0.785706,0.509759,21.665105,42.194852,21.478027,4.918963,-2.178472,44.448208,2.50085,0.816609,999.881063,52.722538,0.182929,0.039851,0.000659,53.602817,1.531241,1.531241,0.449857
400,2009-02-04,365.0,31.753595,314.753595,0.985724,1.029176,-16.408634,-0.206597,0.860917,375.738788,76.115033,69.357524,0.785706,0.459821,19.671478,36.411585,21.619553,4.528663,-1.874347,46.061744,2.499411,0.816609,999.915818,52.810115,0.186409,0.034939,0.000671,53.627854,1.421031,1.421031,0.429397
401,2009-02-05,365.0,32.768375,315.768375,0.985877,1.028856,-16.109958,-0.204623,0.862227,84.900696,76.271626,67.683473,0.785706,0.200167,8.620087,10.424475,21.762884,0.959379,-0.540342,42.883546,2.502295,0.816609,999.840702,52.692082,0.179339,0.00969,0.000646,53.146541,0.296133,0.296133,0.084016
402,2009-02-06,365.0,33.782834,316.782834,0.986035,1.028527,-15.806645,-0.202612,0.863533,148.333486,76.430107,70.858363,0.785706,0.226556,9.821514,11.94744,21.907938,1.899423,-0.60985,39.895963,2.505208,0.816609,999.742737,52.630824,0.172159,0.010499,0.00062,56.25835,0.576014,0.576014,0.153455
403,2009-02-07,365.0,34.796964,317.796964,0.986197,1.028189,-15.498809,-0.200564,0.864834,375.271803,76.590406,69.538241,0.785706,0.501245,21.875191,38.189975,22.054635,4.575565,-1.959854,35.751258,2.509631,0.816609,999.550981,52.538058,0.161424,0.031637,0.000581,56.346093,1.348439,1.348439,0.324498
404,2009-02-08,365.0,35.810757,318.810757,0.986363,1.027843,-15.186566,-0.198481,0.866128,399.613639,76.752452,69.927824,0.785706,0.50791,22.315058,39.472819,22.202892,4.953544,-2.020495,37.089471,2.508149,0.816609,999.621031,52.569098,0.164995,0.033337,0.000594,56.314127,1.474242,1.474242,0.366628
405,2009-02-09,365.0,36.824204,319.824204,0.986533,1.027488,-14.87003,-0.196362,0.867414,343.343653,76.916175,71.388437,0.785706,0.428067,18.933989,27.630112,22.352629,4.505309,-1.403633,28.563809,2.51868,0.816609,998.993908,52.349298,0.140301,0.019693,0.000505,59.889736,1.243572,1.243572,0.2406
406,2009-02-10,365.0,37.837297,320.837297,0.986708,1.027125,-14.549319,-0.194208,0.868689,88.989552,77.081509,69.855127,0.785706,0.21466,9.558906,9.340704,22.503763,1.103272,-0.477538,24.499119,2.524868,0.816609,998.481982,52.221007,0.126667,0.006049,0.000456,59.920812,0.289518,0.289518,0.047871
407,2009-02-11,365.0,38.850028,321.850028,0.986886,1.026753,-14.224547,-0.19202,0.869953,282.658238,77.248386,70.429285,0.785706,0.436584,19.573,28.092808,22.656212,3.58746,-1.431271,27.49654,2.520215,0.816609,998.876988,52.317411,0.136852,0.019587,0.000493,59.462725,0.978326,0.978326,0.181851
408,2009-02-12,365.0,39.862389,322.862389,0.987068,1.026374,-13.895832,-0.189799,0.871204,332.540524,77.416743,71.410922,0.785706,0.447994,20.220766,29.237766,22.809896,4.386312,-1.481604,27.49654,2.520215,0.816609,998.876988,52.317411,0.136852,0.020276,0.000493,60.267985,1.196178,1.196178,0.222257
409,2009-02-13,365.0,40.874372,323.874372,0.987254,1.025987,-13.563288,-0.187544,0.87244,45.740679,77.586514,67.23394,0.785706,0.111243,5.055191,6.864004,22.964732,0.513629,-0.354315,27.49654,2.520215,0.816609,998.876988,52.317411,0.136852,0.004849,0.000493,56.892616,0.14007,0.14007,0.025941
410,2009-02-14,365.0,41.88597,324.88597,0.987444,1.025592,-13.227032,-0.185257,0.873661,133.69327,77.757639,68.422337,0.785706,0.329567,15.078039,18.187868,23.120639,1.576405,-0.933007,27.49654,2.520215,0.816609,998.876988,52.317411,0.136852,0.012768,0.000493,57.863512,0.429897,0.429897,0.079642
411,2009-02-15,365.0,42.897174,325.897174,0.987638,1.025189,-12.887179,-0.182939,0.874863,62.490032,77.930057,70.182207,0.785706,0.156118,7.191064,7.103002,23.277537,0.790101,-0.361124,28.563809,2.51868,0.816609,998.993908,52.349298,0.140301,0.005067,0.000505,58.977437,0.218087,0.218087,0.041985
412,2009-02-16,365.0,43.907977,326.907977,0.987836,1.024779,-12.543847,-0.180589,0.876047,295.892547,78.103708,70.398654,0.785706,0.464541,21.542555,33.525107,23.435344,3.777321,-1.701323,34.454912,2.51112,0.816609,999.474637,52.506899,0.157864,0.026858,0.000568,57.474125,1.101985,1.101985,0.254412
413,2009-02-17,365.0,44.918373,327.918373,0.988037,1.024362,-12.19715,-0.178209,0.87721,312.625494,78.278534,71.762963,0.785706,0.42631,19.903448,30.109934,23.59398,4.206991,-1.517002,37.089471,2.508149,0.816609,999.621031,52.569098,0.164995,0.02503,0.000594,57.8298,1.252057,1.252057,0.309521
414,2009-02-18,365.0,45.928353,328.928353,0.988242,1.023938,-11.847204,-0.175799,0.878352,458.301221,78.45448,71.056988,0.785706,0.593341,27.8889,50.109865,23.753366,6.014228,-2.530891,37.089471,2.508149,0.816609,999.621031,52.569098,0.164995,0.041758,0.000594,57.311622,1.789916,1.789916,0.441763
415,2009-02-19,365.0,46.937912,329.937912,0.98845,1.023506,-11.494125,-0.17336,0.879471,472.326538,78.63149,71.266487,0.785706,0.599359,28.361593,51.529392,23.913423,6.255278,-2.597818,38.470662,2.506675,0.816609,999.684909,52.600019,0.168574,0.043792,0.000607,57.137769,1.879488,1.879488,0.478935
416,2009-02-20,365.0,47.947041,330.947041,0.988662,1.023068,-11.138026,-0.170893,0.880565,524.887599,78.80951,70.737135,0.785706,0.660959,31.486618,62.78083,24.074071,6.822419,-3.170207,44.448208,2.50085,0.816609,999.881063,52.722538,0.182929,0.057992,0.000659,55.288143,2.123774,2.123774,0.614311
417,2009-02-21,365.0,48.955735,331.955735,0.988877,1.022622,-10.779024,-0.168398,0.881634,451.504842,78.988489,71.677223,0.785706,0.567032,27.192988,49.106407,24.235234,6.087056,-2.466637,42.883546,2.502295,0.816609,999.840702,52.692082,0.179339,0.044236,0.000646,56.403833,1.878901,1.878901,0.525748
418,2009-02-22,365.0,49.963986,332.963986,0.989096,1.022171,-10.417232,-0.165876,0.882677,101.282244,79.168376,69.53347,0.785706,0.25929,12.517616,14.459175,24.396833,1.260146,-0.732985,39.895963,2.505208,0.816609,999.742737,52.630824,0.172159,0.012619,0.00062,55.565989,0.382149,0.382149,0.099954
419,2009-02-23,365.0,50.971789,333.971789,0.989317,1.021712,-10.052764,-0.163327,0.883691,81.398938,79.349122,69.798005,0.785706,0.212999,10.351106,11.545492,24.558793,1.024337,-0.584053,46.061744,2.499411,0.816609,999.915818,52.810115,0.186409,0.010887,0.000671,54.319716,0.321423,0.321423,0.095318
420,2009-02-24,365.0,51.979136,334.979136,0.989542,1.021248,-9.685735,-0.160754,0.884676,145.536378,79.530677,73.624209,0.785706,0.233388,11.416854,12.904493,24.721037,2.114477,-0.64054,44.448208,2.50085,0.816609,999.881063,52.722538,0.182929,0.011717,0.000659,57.404158,0.658223,0.658223,0.190687
421,2009-02-25,365.0,52.986023,335.986023,0.98977,1.020777,-9.316256,-0.158155,0.885632,67.460587,79.712996,70.886236,0.785706,0.177598,8.744825,8.894025,24.883492,0.88688,-0.446853,39.895963,2.505208,0.816609,999.742737,52.630824,0.172159,0.007693,0.00062,56.525572,0.268953,0.268953,0.070655
422,2009-02-26,365.0,53.992443,336.992443,0.990001,1.020301,-8.944441,-0.155533,0.886556,166.079288,79.896033,68.53465,0.785706,0.440141,21.813915,28.049476,25.046082,1.996005,-1.423543,26.46396,2.521758,0.816609,998.752798,52.285401,0.133428,0.018994,0.00048,58.364973,0.537591,0.537591,0.094988
423,2009-02-27,365.0,54.998389,337.998389,0.990236,1.019819,-8.570403,-0.152887,0.887448,447.397001,80.079743,71.408178,0.785706,0.722284,36.029726,58.185103,25.208736,6.010718,-2.910975,24.499119,2.524868,0.816609,998.481982,52.221007,0.126667,0.036872,0.000456,61.342816,1.577317,1.577317,0.257812
424,2009-02-28,365.0,56.003858,339.003858,0.990472,1.019331,-8.194252,-0.150219,0.888307,178.962864,80.264084,67.262597,0.785706,0.477782,23.986992,34.561082,25.371382,2.048516,-1.761205,33.199343,2.512617,0.816609,999.39187,52.47562,0.154317,0.027178,0.000556,55.48065,0.59143,0.59143,0.130444
425,2009-03-01,365.0,57.008843,340.008843,0.990712,1.018838,-7.816102,-0.147529,0.889132,146.737848,80.449013,67.348802,0.785706,0.396432,20.030376,28.598196,25.533948,1.68706,-1.455474,44.448208,2.50085,0.816609,999.881063,52.722538,0.182929,0.026625,0.000659,52.827628,0.525171,0.525171,0.151262
426,2009-03-02,365.0,58.013338,341.013338,0.990955,1.018339,-7.436061,-0.144819,0.889922,151.900078,80.634489,66.440018,0.785706,0.417038,21.205542,32.034331,25.696365,1.684639,-1.635689,49.440455,2.496556,0.816609,999.968924,52.970548,0.193378,0.031631,0.000696,51.101208,0.536781,0.536781,0.168904
427,2009-03-03,365.0,59.017339,342.017339,0.9912,1.017835,-7.054241,-0.142088,0.890676,376.092818,80.820473,71.250466,0.785706,0.614791,31.458171,54.233855,25.858564,5.041227,-2.705568,39.895963,2.505208,0.816609,999.742737,52.630824,0.172159,0.046579,0.00062,56.44693,1.528789,1.528789,0.409765
428,2009-03-04,365.0,60.020841,343.020841,0.991448,1.017326,-6.670751,-0.139338,0.891394,157.203665,81.006926,68.134508,0.785706,0.435007,22.398217,30.284106,26.020478,1.869812,-1.531591,34.454912,2.51112,0.816609,999.474637,52.506899,0.157864,0.024178,0.000568,55.520269,0.545493,0.545493,0.127411
429,2009-03-05,365.0,61.023839,344.023839,0.991698,1.016813,-6.285702,-0.13657,0.892074,85.223205,81.193809,72.015576,0.785706,0.24009,12.438835,11.834559,26.182041,1.177272,-0.58718,30.806287,2.515633,0.816609,999.206545,52.412702,0.14727,0.008647,0.00053,59.598556,0.33256,0.33256,0.069883
430,2009-03-06,365.0,62.026328,345.026328,0.991951,1.016295,-5.899201,-0.133784,0.892717,417.341176,81.381087,72.776806,0.785706,0.691515,36.047235,54.481655,26.343188,5.933251,-2.690862,24.499119,2.524868,0.816609,998.481982,52.221007,0.126667,0.034084,0.000456,62.214499,1.556988,1.556988,0.260279
431,2009-03-07,365.0,63.028305,346.028305,0.992206,1.015772,-5.511358,-0.130981,0.893321,557.335654,81.568722,73.204293,0.785706,0.790889,41.47883,70.866672,26.503854,8.053337,-3.489726,29.666731,2.517153,0.816609,999.103712,52.381061,0.143775,0.050173,0.000518,60.90847,2.249159,2.249159,0.455092
432,2009-03-08,365.0,64.029763,347.029763,0.992463,1.015246,-5.122279,-0.128163,0.893885,535.533633,81.756681,74.803725,0.785706,0.718202,37.894239,56.845918,26.663978,8.199496,-2.775132,23.565031,2.526435,0.816609,998.335029,52.188621,0.123333,0.034227,0.000444,64.236807,2.122659,2.122659,0.340201
433,2009-03-09,365.0,65.030701,348.030701,0.992723,1.014715,-4.732072,-0.125329,0.89441,196.328373,81.944928,68.829472,0.785706,0.56435,29.954745,38.81071,26.823498,2.408205,-1.94763,22.661981,2.528009,0.816609,998.180152,52.156109,0.120034,0.023378,0.000432,59.608527,0.614773,0.614773,0.094142
434,2009-03-10,365.0,66.031112,349.031112,0.992984,1.01418,-4.340845,-0.122481,0.894895,390.338081,82.13343,74.123848,0.785706,0.65292,34.861125,47.748203,26.982355,5.840435,-2.334354,21.789104,2.529593,0.816609,998.017178,52.123469,0.11677,0.027258,0.00042,64.32931,1.469663,1.469663,0.216537
435,2009-03-11,365.0,67.030995,350.030995,0.993248,1.013642,-3.948703,-0.11962,0.895339,580.087027,82.322155,74.774958,0.785706,0.829181,44.531639,67.003435,27.140489,8.887058,-3.262306,25.465127,2.523309,0.816609,998.621183,52.253266,0.130032,0.04242,0.000468,63.597771,2.363097,2.363097,0.408733
436,2009-03-12,365.0,68.030344,351.030344,0.993514,1.013099,-3.555752,-0.116746,0.895742,617.854471,82.511069,74.715147,0.785706,0.834043,45.052474,73.7641,27.297845,9.449924,-3.589152,33.199343,2.512617,0.816609,999.39187,52.47562,0.154317,0.055387,0.000556,61.115572,2.728299,2.728299,0.611897
437,2009-03-13,365.0,69.029158,352.029158,0.993781,1.012554,-3.162097,-0.113861,0.896103,273.32069,82.700142,63.134733,0.785706,0.792752,43.067603,79.558956,27.454366,2.654782,-4.082754,41.366531,2.503748,0.816609,999.794631,52.661511,0.175748,0.071754,0.000633,50.165213,0.812345,0.812345,0.221476
438,2009-03-14,365.0,70.027432,353.027432,0.994051,1.012005,-2.767843,-0.110965,0.896422,156.090484,82.889342,68.204204,0.785706,0.455586,24.890799,34.632856,27.609998,1.872216,-1.735061,41.366531,2.503748,0.816609,999.794631,52.661511,0.175748,0.030493,0.000633,54.017035,0.572885,0.572885,0.156398
439,2009-03-15,365.0,71.025163,354.025163,0.994322,1.011454,-2.373095,-0.108059,0.8967,65.828893,83.078639,73.130079,0.785706,0.197606,10.856625,10.01676,27.764688,0.952236,-0.489773,39.895963,2.505208,0.816609,999.742737,52.630824,0.172159,0.008432,0.00062,58.096496,0.288773,0.288773,0.07644
440,2009-03-16,365.0,72.022348,355.022348,0.994595,1.010899,-1.977956,-0.105143,0.896935,74.019353,83.268003,72.806794,0.785706,0.227139,12.548253,11.842039,27.918385,1.058449,-0.579382,38.470662,2.506675,0.816609,999.684909,52.600019,0.168574,0.009767,0.000607,58.239518,0.318026,0.318026,0.081405
441,2009-03-17,365.0,73.018986,356.018986,0.994869,1.010342,-1.582529,-0.10222,0.897127,321.351368,83.457404,74.342792,0.785706,0.552743,30.703174,44.956277,28.071039,4.857992,-2.181124,37.089471,2.508149,0.816609,999.621031,52.569098,0.164995,0.035987,0.000594,59.787445,1.445804,1.445804,0.357976
442,2009-03-18,365.0,74.015073,357.015073,0.995145,1.009782,-1.186918,-0.09929,0.897277,219.961008,83.646813,64.241263,0.785706,0.679596,37.953327,63.931885,28.222601,2.243745,-3.249725,41.366531,2.503748,0.816609,999.794631,52.661511,0.175748,0.057113,0.000633,51.066177,0.68657,0.68657,0.186585
443,2009-03-19,365.0,75.010606,358.010606,0.995422,1.00922,-0.791224,-0.096353,0.897384,411.125335,83.8362,72.192899,0.785706,0.709553,39.837535,73.212675,28.373025,5.750688,-3.582509,51.2082,2.495138,0.816609,999.987473,53.044019,0.196863,0.070527,0.000709,54.772955,1.84589,1.84589,0.601864
444,2009-03-20,365.0,76.005584,359.005584,0.9957,1.008656,-0.39555,-0.093411,0.897448,515.894708,84.025538,73.40943,0.785706,0.754851,42.603662,84.007202,28.522264,7.54484,-4.082742,58.832904,2.489538,0.816609,1000.010491,53.299671,0.210749,0.086043,0.000759,54.063747,2.489336,2.489336,0.0
445,2009-03-21,365.0,77.000005,5e-06,0.99598,1.00809,2e-06,-0.090464,0.897469,169.77198,84.214798,68.106362,0.785706,0.492664,27.950174,41.45634,28.670276,2.030795,-2.064453,49.440455,2.496556,0.816609,999.968924,52.970548,0.193378,0.039922,0.000696,50.751665,0.647077,0.647077,0.21931
446,2009-03-22,365.0,77.993866,0.993866,0.99626,1.007522,0.395332,-0.087514,0.897448,371.302757,84.403952,74.94413,0.785706,0.623632,35.561411,54.064597,28.817017,5.735964,-2.602944,37.089471,2.508149,0.816609,999.621031,52.569098,0.164995,0.042947,0.000594,58.777997,1.7071,1.7071,0.457401
447,2009-03-23,365.0,78.987167,1.987167,0.996542,1.006952,0.790339,-0.084561,0.897384,280.014329,84.59297,66.944229,0.785706,0.817915,46.875412,74.729909,28.962447,3.196535,-3.73469,34.454912,2.51112,0.816609,999.474637,52.506899,0.157864,0.058957,0.000568,53.577641,0.932548,0.932548,0.23247
448,2009-03-24,365.0,79.979905,2.979905,0.996825,1.006381,1.184922,-0.081606,0.897278,107.484242,84.781827,73.139031,0.785706,0.315971,18.198689,19.20202,29.106525,1.556302,-0.930924,38.470662,2.506675,0.816609,999.684909,52.600019,0.168574,0.015693,0.000607,57.118921,0.467613,0.467613,0.128851
449,2009-03-25,365.0,80.972079,3.972079,0.997108,1.005809,1.578982,-0.07865,0.897129,125.254473,84.970492,72.457814,0.785706,0.374548,21.678236,24.017735,29.249214,1.768706,-1.167151,34.454912,2.51112,0.816609,999.474637,52.506899,0.157864,0.018425,0.000568,57.804783,0.515997,0.515997,0.128613
450,2009-03-26,365.0,81.963688,4.963688,0.997393,1.005235,1.972419,-0.075694,0.896938,437.771165,85.158939,74.914065,0.785706,0.745496,43.356472,69.058141,29.390478,6.751781,-3.312691,34.454912,2.51112,0.816609,999.474637,52.506899,0.157864,0.052295,0.000568,59.670657,1.969745,1.969745,0.490965
451,2009-03-27,365.0,82.954732,5.954732,0.997678,1.004661,2.365134,-0.072739,0.896705,205.291379,85.347139,67.315147,0.785706,0.618381,36.134769,56.062152,29.530281,2.377135,-2.786612,42.883546,2.502295,0.816609,999.840702,52.692082,0.179339,0.049975,0.000646,51.785964,0.733754,0.733754,0.22058
452,2009-03-28,365.0,83.945208,6.945208,0.997963,1.004086,2.757027,-0.069786,0.896431,125.063858,85.535064,71.150717,0.785706,0.386475,22.689276,27.493093,29.66859,1.680899,-1.340717,44.448208,2.50085,0.816609,999.881063,52.722538,0.182929,0.024526,0.000659,54.192711,0.523253,0.523253,0.162185
453,2009-03-29,365.0,84.935118,7.935118,0.998249,1.003511,3.148001,-0.066836,0.896115,144.816542,85.722685,72.076314,0.785706,0.449932,26.53647,30.258498,29.805372,2.014081,-1.467619,29.666731,2.517153,0.816609,999.103712,52.381061,0.143775,0.021101,0.000518,59.051412,0.562498,0.562498,0.121471
454,2009-03-30,365.0,85.924459,8.924459,0.998536,1.002935,3.537958,-0.063889,0.895759,349.622457,85.909975,76.826308,0.785706,0.605141,35.852465,49.037336,29.940598,5.754291,-2.32116,31.983483,2.514121,0.816609,999.302552,52.444222,0.150785,0.035,0.000543,61.96118,1.64358,1.64358,0.381574
455,2009-03-31,365.0,86.913232,9.913232,0.998823,1.002358,3.926798,-0.060947,0.895362,155.762507,86.096904,70.665759,0.785706,0.492391,29.302603,36.680286,30.074238,2.053037,-1.787898,34.454912,2.51112,0.816609,999.474637,52.506899,0.157864,0.028224,0.000568,56.557879,0.598947,0.598947,0.148238
456,2009-04-01,365.0,87.901437,10.901437,0.99911,1.001782,4.314426,-0.05801,0.894926,161.939089,86.283443,70.849637,0.785706,0.522787,31.248085,38.14789,30.206264,2.148322,-1.856062,29.666731,2.517153,0.816609,999.103712,52.381061,0.143775,0.026685,0.000518,58.161105,0.599989,0.599989,0.12892
457,2009-04-02,365.0,88.889074,11.889074,0.999398,1.001206,4.700743,-0.055079,0.894451,144.208807,86.469563,69.918913,0.785706,0.477559,28.667969,36.344971,30.33665,1.845411,-1.774606,38.470662,2.506675,0.816609,999.684909,52.600019,0.168574,0.029915,0.000607,54.915517,0.55448,0.55448,0.151182
458,2009-04-03,365.0,89.876143,12.876143,0.999685,1.00063,5.085652,-0.052156,0.893936,372.440208,86.655233,76.884673,0.785706,0.661257,39.863794,56.122602,30.465371,6.12955,-2.645663,31.983483,2.514121,0.816609,999.302552,52.444222,0.150785,0.039893,0.000543,62.099618,1.750764,1.750764,0.404298
459,2009-04-04,365.0,90.862644,13.862644,0.999973,1.000055,5.469058,-0.049241,0.893384,575.082565,86.840425,77.87938,0.785706,0.858928,51.996252,79.558956,30.592404,9.782047,-3.728111,41.366531,2.503748,0.816609,999.794631,52.661511,0.175748,0.065521,0.000633,59.967843,2.993237,2.993237,0.870103
460,2009-04-05,365.0,91.848578,14.848578,1.00026,0.99948,5.850862,-0.046335,0.892794,597.035459,87.025106,78.077283,0.785706,0.837962,50.934883,82.456384,30.717727,10.216158,-3.85633,46.061744,2.499411,0.816609,999.915818,52.810115,0.186409,0.071885,0.000671,58.880013,3.205688,3.205688,1.016373
461,2009-04-06,365.0,92.833946,15.833946,1.000547,0.998906,6.23097,-0.043438,0.892168,626.307882,87.209247,78.176468,0.785706,0.85845,52.390165,87.28543,30.841319,10.745029,-4.07624,54.907078,2.492324,0.816609,1000.009037,53.178937,0.203822,0.083083,0.000734,56.839251,3.498091,3.498091,0.0
462,2009-04-07,365.0,93.818749,16.818749,1.000834,0.998334,6.609285,-0.040553,0.891505,646.581323,87.392815,78.153536,0.785706,0.856715,52.490827,92.114477,30.963162,11.076132,-4.298183,65.171945,2.485408,0.816609,999.976449,53.458715,0.221043,0.095008,0.000796,52.11719,3.723535,3.723535,0.0
463,2009-04-08,365.0,94.802987,17.802987,1.001121,0.997762,6.985712,-0.037679,0.890807,330.082507,87.575778,80.98074,0.785706,0.424319,26.098791,33.658282,31.083236,6.19492,-1.546376,53.029959,2.493728,0.816609,1000.000813,53.113388,0.200345,0.030981,0.000721,54.686364,2.002776,2.002776,0.812965
464,2009-04-09,365.0,95.786662,18.786662,1.001407,0.997191,7.360154,-0.034818,0.890075,480.611423,87.758104,79.949597,0.785706,0.617265,38.110889,57.919694,31.201526,8.719361,-2.672737,47.725402,2.49798,0.816609,999.945071,52.89268,0.189893,0.050753,0.000684,55.524022,2.757344,2.757344,1.039577
465,2009-04-10,365.0,96.769775,19.769775,1.001693,0.996622,7.732518,-0.031971,0.889309,157.130001,87.939758,73.851343,0.785706,0.438582,27.179859,33.841555,31.318017,2.313695,-1.609095,46.061744,2.499411,0.816609,999.915818,52.810115,0.186409,0.029995,0.000671,52.089478,0.726005,0.726005,0.266259
466,2009-04-11,365.0,97.752328,20.752328,1.001978,0.996055,8.102707,-0.029138,0.88851,411.599718,88.120707,77.52309,0.785706,0.679469,42.262275,67.017236,31.432694,6.880167,-3.12539,47.725402,2.49798,0.816609,999.945071,52.89268,0.189893,0.059349,0.000684,53.992372,2.175732,2.175732,0.819583
467,2009-04-12,365.0,98.734322,21.734322,1.002263,0.99549,8.470628,-0.02632,0.887679,386.646641,88.300915,80.015444,0.785706,0.547534,34.178344,49.331599,31.545545,7.010666,-2.269213,51.2082,2.495138,0.816609,999.987473,53.044019,0.196863,0.044672,0.000709,54.673959,2.250326,2.250326,0.889375
468,2009-04-13,365.0,99.715759,22.715759,1.002547,0.994926,8.836185,-0.023518,0.886818,522.250955,88.480349,80.081749,0.785706,0.698769,43.772267,67.490398,31.656558,9.480533,-3.10052,42.883546,2.502295,0.816609,999.840702,52.692082,0.179339,0.055604,0.000646,57.081091,2.92637,2.92637,1.01945
469,2009-04-14,365.0,100.696642,23.696642,1.00283,0.994365,9.199284,-0.020734,0.885926,167.135416,88.65897,75.605091,0.785706,0.470837,29.595848,33.345375,31.765724,2.608486,-1.565905,31.983483,2.514121,0.816609,999.302552,52.444222,0.150785,0.023611,0.000543,57.864795,0.745054,0.745054,0.203221
470,2009-04-15,365.0,101.676973,24.676973,1.003112,0.993806,9.559832,-0.017967,0.885006,357.607324,88.836741,79.234684,0.785706,0.593747,37.447806,52.690057,31.873032,6.302463,-2.4267,42.883546,2.502295,0.816609,999.840702,52.692082,0.179339,0.04352,0.000646,56.667092,1.94539,1.94539,0.674448
471,2009-04-16,365.0,102.656753,25.656753,1.003393,0.993249,9.917734,-0.015219,0.884058,560.773848,89.013626,79.19685,0.785706,0.797974,50.495014,84.388002,31.978476,9.860248,-3.88375,49.440455,2.496556,0.816609,999.968924,52.970548,0.193378,0.075103,0.000696,54.796753,3.141794,3.141794,1.206017
472,2009-04-17,365.0,103.635986,26.635986,1.003673,0.992695,10.272897,-0.01249,0.883083,644.503646,89.189585,80.45582,0.785706,0.867271,55.057816,86.319621,32.082049,11.79164,-3.943104,53.029959,2.493728,0.816609,1000.000813,53.113388,0.200345,0.078998,0.000721,54.713111,3.812158,3.812158,1.532507
473,2009-04-18,365.0,104.614673,27.614673,1.003951,0.992144,10.625227,-0.009782,0.882082,715.64401,89.364577,81.410014,0.785706,0.942912,60.049546,87.28543,32.183745,13.481656,-3.963678,54.907078,2.492324,0.816609,1000.009037,53.178937,0.203822,0.080788,0.000734,54.933238,4.389012,4.389012,0.0
474,2009-04-19,365.0,105.592818,28.592818,1.004229,0.991595,10.974631,-0.007096,0.881056,733.597819,89.538564,81.08012,0.785706,0.935201,59.74317,95.011905,32.28356,13.660374,-4.318046,72.086874,2.481337,0.816609,999.900839,53.597002,0.231171,0.099821,0.000832,50.232158,4.672098,4.672098,0.0
475,2009-04-20,365.0,106.570424,29.570424,1.004505,0.99105,11.321017,-0.004431,0.880007,738.492061,89.711503,80.95679,0.785706,0.914955,58.62709,98.875142,32.38149,13.681404,-4.492416,82.275411,2.475999,0.816609,999.738747,53.759049,0.244334,0.109765,0.00088,48.169576,4.777813,4.777813,0.0
476,2009-04-21,365.0,107.547494,30.547494,1.00478,0.990508,11.664291,-0.001789,0.878936,759.939286,89.883352,81.201599,0.785706,0.912249,58.62709,100.806761,32.477533,14.171323,-4.570126,87.814364,2.473367,0.816609,999.632637,53.833919,0.250741,0.114592,0.000903,47.3063,4.996532,4.996532,0.0
477,2009-04-22,365.0,108.524031,31.524031,1.005054,0.989969,12.004362,0.000828,0.877843,789.547267,90.054067,82.175506,0.785706,0.911242,58.732129,95.011905,32.571688,15.162243,-4.281423,72.086874,2.481337,0.816609,999.900839,53.597002,0.231171,0.098974,0.000832,50.830801,5.185765,5.185765,0.0
478,2009-04-23,365.0,109.500038,32.500038,1.005325,0.989434,12.341137,0.003422,0.876731,654.95508,90.223605,83.300309,0.785706,0.716357,46.302049,69.232497,32.663953,13.005729,-3.098318,41.366531,2.503748,0.816609,999.794631,52.661511,0.175748,0.054452,0.000633,59.650188,3.979661,3.979661,1.350641
479,2009-04-24,365.0,110.475519,33.475519,1.005596,0.988902,12.674525,0.005989,0.8756,780.868787,90.391919,83.793761,0.785706,0.854603,55.390456,78.593147,32.754331,15.720698,-3.504774,39.895963,2.505208,0.816609,999.742737,52.630824,0.172159,0.060338,0.00062,60.497423,4.767418,4.767418,1.572277
480,2009-04-25,365.0,111.450478,34.450478,1.005864,0.988374,13.004434,0.008531,0.874452,698.346398,90.558965,83.276339,0.785706,0.765626,49.757525,77.455261,32.842822,13.821174,-3.46051,42.883546,2.502295,0.816609,999.840702,52.692082,0.179339,0.06206,0.000646,59.265548,4.266202,4.266202,1.481978
481,2009-04-26,365.0,112.424918,35.424918,1.006131,0.98785,13.330773,0.011045,0.873287,726.609003,90.724693,83.351556,0.785706,0.797969,51.996252,81.490574,32.929429,14.394463,-3.636088,44.448208,2.50085,0.816609,999.881063,52.722538,0.182929,0.066515,0.000659,58.925099,4.480902,4.480902,1.593569
482,2009-04-27,365.0,113.398844,36.398844,1.006396,0.98733,13.653451,0.013532,0.872108,289.180558,90.889058,82.603306,0.785706,0.463081,30.252366,36.380567,33.014155,5.590872,-1.628362,44.448208,2.50085,0.816609,999.881063,52.722538,0.182929,0.029787,0.000659,58.58279,1.740402,1.740402,0.616192
483,2009-04-28,365.0,114.372259,37.372259,1.006658,0.986815,13.972378,0.01599,0.870915,209.525548,91.052008,84.32201,0.785706,0.339157,22.212204,21.404326,33.097004,4.263182,-0.948403,38.470662,2.506675,0.816609,999.684909,52.600019,0.168574,0.015988,0.000607,61.781135,1.280934,1.280934,0.404551
484,2009-04-29,365.0,115.345167,38.345167,1.006919,0.986304,14.287464,0.018419,0.86971,339.360993,91.213494,82.156863,0.785706,0.56066,36.808797,46.52659,33.17798,6.452863,-2.083823,38.470662,2.506675,0.816609,999.684909,52.600019,0.168574,0.035128,0.000607,60.401656,1.938855,1.938855,0.610485
485,2009-04-30,365.0,116.317574,39.317574,1.007178,0.985797,14.598619,0.020817,0.868495,320.047165,91.373465,81.871503,0.785706,0.538909,35.465124,45.964137,33.257091,6.02314,-2.059997,44.448208,2.50085,0.816609,999.881063,52.722538,0.182929,0.037683,0.000659,58.287813,1.874964,1.874964,0.659993
486,2009-05-01,365.0,117.289483,40.289483,1.007435,0.985295,14.905755,0.023185,0.86727,614.784268,91.53187,82.441472,0.785706,0.804068,53.037932,84.388002,33.33434,11.760844,-3.767364,49.440455,2.496556,0.816609,999.968924,52.970548,0.193378,0.072853,0.000696,57.225296,3.747386,3.747386,1.423224
487,2009-05-02,365.0,118.2609,41.2609,1.007689,0.984797,15.208781,0.025521,0.866037,373.013093,91.688654,85.196654,0.785706,0.447668,29.595846,36.569878,33.409737,7.746912,-1.607126,53.029959,2.493728,0.816609,1000.000813,53.113388,0.200345,0.032198,0.000721,58.02805,2.504525,2.504525,0.996654
488,2009-05-03,365.0,119.231828,42.231828,1.007941,0.984305,15.507611,0.027824,0.864797,198.97273,91.843764,84.161571,0.785706,0.344724,22.840273,23.039926,33.483288,4.000639,-1.01738,44.448208,2.50085,0.816609,999.881063,52.722538,0.182929,0.018611,0.000659,59.204012,1.245373,1.245373,0.446194
489,2009-05-04,365.0,120.202273,43.202273,1.008191,0.983817,15.802157,0.030095,0.863552,228.649163,91.997146,83.246923,0.785706,0.409739,27.20612,30.099435,33.555002,4.464832,-1.334585,44.448208,2.50085,0.816609,999.881063,52.722538,0.182929,0.024413,0.000659,58.648704,1.389873,1.389873,0.497459
490,2009-05-05,365.0,121.17224,44.17224,1.008438,0.983335,16.092332,0.032331,0.862303,342.367686,92.148744,84.67783,0.785706,0.462432,30.768827,38.452947,33.624887,6.971235,-1.690412,53.029959,2.493728,0.816609,1000.000813,53.113388,0.200345,0.033867,0.000721,56.997881,2.253753,2.253753,0.913842
491,2009-05-06,365.0,122.141733,45.141733,1.008683,0.982858,16.378048,0.034533,0.861052,245.269907,92.298501,82.50066,0.785706,0.449944,29.99851,36.03335,33.692953,4.666944,-1.601508,49.440455,2.496556,0.816609,999.968924,52.970548,0.193378,0.03097,0.000696,56.614334,1.48704,1.48704,0.575354
492,2009-05-07,365.0,123.110759,46.110759,1.008925,0.982386,16.659221,0.0367,0.8598,247.883125,92.44636,83.015415,0.785706,0.458823,30.650651,35.014329,33.75921,4.785265,-1.55067,41.366531,2.503748,0.816609,999.794631,52.661511,0.175748,0.027253,0.000633,59.466435,1.464257,1.464257,0.496889
493,2009-05-08,365.0,124.079323,47.079323,1.009165,0.98192,16.935766,0.03883,0.858548,504.884663,92.592264,81.662901,0.785706,0.941663,63.025764,82.456384,33.823668,9.331571,-3.675458,46.061744,2.499411,0.816609,999.915818,52.810115,0.186409,0.068514,0.000671,57.090075,2.928116,2.928116,1.076918
494,2009-05-09,365.0,125.047429,48.047429,1.009401,0.981459,17.207597,0.040925,0.857298,620.653047,92.736152,83.425651,0.785706,0.856699,57.445356,86.319621,33.886338,12.097664,-3.808347,53.029959,2.493728,0.816609,1000.000813,53.113388,0.200345,0.076298,0.000721,56.199914,3.911093,3.911093,1.587209
495,2009-05-10,365.0,126.015084,49.015084,1.009635,0.981004,17.474631,0.042981,0.856051,715.6442,92.877967,84.34293,0.785706,0.894256,60.071426,91.148667,33.947232,14.321588,-3.998305,62.996953,2.486778,0.816609,999.992517,53.408313,0.217627,0.087014,0.000783,54.289094,4.785443,4.785443,0.0
496,2009-05-11,365.0,126.982294,49.982294,1.009866,0.980555,17.736786,0.045,0.854809,759.589529,93.017649,85.052207,0.785706,0.864277,58.158775,90.182858,34.00636,15.504352,-3.937608,60.88443,2.488154,0.816609,1000.003891,53.355378,0.214195,0.084342,0.000771,55.023898,5.14842,5.14842,0.0
497,2009-05-12,365.0,127.949063,50.949063,1.010095,0.980112,17.993979,0.04698,0.853573,464.761796,93.155136,87.70411,0.785706,0.485337,32.714309,37.726872,34.063735,10.232474,-1.622027,39.895963,2.505208,0.816609,999.742737,52.630824,0.172159,0.027925,0.00062,63.001336,3.103073,3.103073,1.025618
498,2009-05-13,365.0,128.915399,51.915399,1.01032,0.979675,18.24613,0.048921,0.852345,523.425781,93.290367,84.29278,0.785706,0.704535,47.566943,69.973075,34.119369,10.413804,-3.063341,46.061744,2.499411,0.816609,999.915818,52.810115,0.186409,0.057103,0.000671,58.735509,3.267706,3.267706,1.203037
499,2009-05-14,365.0,129.881307,52.881307,1.010542,0.979245,18.493159,0.050822,0.851125,525.031817,93.423283,85.797359,0.785706,0.605042,40.914224,59.431734,34.173274,10.908039,-2.578551,56.840928,2.490928,0.816609,1000.012234,53.240943,0.20729,0.053451,0.000746,56.570364,3.575322,3.575322,0.0
500,2009-05-15,365.0,130.846793,53.846793,1.010761,0.97882,18.734985,0.052683,0.849916,947.373239,93.553819,87.201899,0.785706,0.952839,64.531375,89.217049,34.225464,20.472608,-3.838012,58.832904,2.489538,0.816609,1000.010491,53.299671,0.210749,0.080886,0.000759,56.778538,6.754709,6.754709,0.0
501,2009-05-16,365.0,131.811864,54.811864,1.010977,0.978402,18.971532,0.054502,0.848719,1126.47845,93.681916,87.811258,0.785706,0.972505,65.960402,97.909333,34.275951,24.735437,-4.194627,79.619631,2.477324,0.816609,999.785632,53.720344,0.241085,0.101126,0.000868,52.229209,8.595074,8.595074,4.491896
502,2009-05-17,365.0,132.776526,55.776526,1.01119,0.977991,19.202722,0.05628,0.847535,1086.943857,93.80751,87.293714,0.785706,0.941545,63.951455,104.669998,34.324748,23.484645,-4.49411,99.85098,2.468178,0.816609,999.372717,53.977994,0.263154,0.118264,0.000947,48.519515,8.42755,8.42755,4.924835
503,2009-05-18,365.0,133.740785,56.740785,1.011399,0.977586,19.42848,0.058016,0.846365,1047.001297,93.930538,87.096087,0.785706,0.911715,62.010343,105.635807,34.371869,22.462647,-4.53747,103.070439,2.466896,0.816609,999.298128,54.013691,0.266168,0.120773,0.000958,48.329787,8.094033,8.094033,4.77114
504,2009-05-19,365.0,134.704648,57.704648,1.011605,0.977188,19.648731,0.059709,0.845211,972.433242,94.05094,87.625551,0.785706,0.85113,57.966194,92.114477,34.417327,21.152555,-3.942321,65.171945,2.485408,0.816609,999.976449,53.458715,0.221043,0.087142,0.000796,56.467518,7.110992,7.110992,3.23089
505,2009-05-20,365.0,135.668122,58.668122,1.011808,0.976796,19.863402,0.061358,0.844075,1018.265003,94.168652,88.410499,0.785706,0.894527,60.999308,86.319621,34.461135,22.616886,-3.675621,53.029959,2.493728,0.816609,1000.000813,53.113388,0.200345,0.073639,0.000721,60.448269,7.311887,7.311887,2.875751
506,2009-05-21,365.0,136.631213,59.631213,1.012007,0.976412,20.072421,0.062963,0.842957,1087.879223,94.283613,88.403476,0.785706,0.958853,65.465819,94.046095,34.503307,24.126326,-4.002194,69.715366,2.482687,0.816609,999.930536,53.55284,0.227817,0.091177,0.00082,56.375778,8.205704,8.205704,3.842595
507,2009-05-22,365.0,137.593929,60.593929,1.012203,0.976034,20.275718,0.064524,0.841859,1042.814668,94.39576,87.937977,0.785706,0.922991,63.091415,98.875142,34.543856,22.795075,-4.216085,82.275411,2.475999,0.816609,999.738747,53.759049,0.244334,0.103013,0.00088,53.781613,7.960484,7.960484,4.082151
508,2009-05-23,365.0,138.556276,61.556276,1.012395,0.975664,20.473224,0.066041,0.840781,713.673803,94.505032,87.798268,0.785706,0.634462,43.417747,70.183914,34.582797,15.518698,-2.993192,77.037385,2.478655,0.816609,999.828319,53.680558,0.237807,0.07118,0.000856,55.161128,5.364825,5.364825,2.627832
509,2009-05-24,365.0,139.518261,62.518261,1.012583,0.975301,20.664871,0.067511,0.839727,965.346861,94.611369,87.685456,0.785706,0.857132,58.719005,97.909333,34.620141,20.89778,-4.175778,79.619631,2.477324,0.816609,999.785632,53.720344,0.241085,0.100672,0.000868,54.411173,7.261564,7.261564,3.637762
510,2009-05-25,365.0,140.479892,63.479892,1.012768,0.974945,20.850593,0.068936,0.838696,988.430072,94.714708,87.941944,0.785706,0.881139,60.425953,97.909333,34.655903,21.527521,-4.167329,79.619631,2.477324,0.816609,999.785632,53.720344,0.241085,0.100468,0.000868,54.896393,7.480387,7.480387,3.721641
511,2009-05-26,365.0,141.441175,64.441175,1.012949,0.974596,21.030326,0.070314,0.83769,950.14243,94.814992,87.76061,0.785706,0.850431,58.377615,97.909333,34.690095,20.56266,-4.169238,79.619631,2.477324,0.816609,999.785632,53.720344,0.241085,0.100514,0.000868,55.156269,7.145117,7.145117,3.528761
512,2009-05-27,365.0,142.402118,65.402118,1.013126,0.974255,21.204008,0.071646,0.836709,912.718569,94.912161,87.342077,0.785706,0.820075,56.346779,100.806761,34.722731,19.495413,-4.300393,87.814364,2.473367,0.816609,999.632637,53.833919,0.250741,0.107828,0.000903,53.686644,6.873702,6.873702,3.567037
513,2009-05-28,365.0,143.362728,66.362728,1.0133,0.973922,21.371578,0.07293,0.835756,869.62999,95.006157,86.919792,0.785706,0.784369,53.941734,102.476229,34.753824,18.330147,-4.379684,93.668112,2.47076,0.816609,999.510474,53.906496,0.257017,0.112565,0.000925,52.769131,6.521679,6.521679,3.483455
514,2009-05-29,365.0,144.323014,67.323014,1.01347,0.973596,21.532977,0.074167,0.834832,634.12513,95.096923,88.207733,0.785706,0.569058,39.167883,63.588306,34.783387,13.851068,-2.696643,96.717493,2.469466,0.816609,999.443517,53.942308,0.260104,0.070141,0.000936,52.362577,4.949533,4.949533,2.717308
515,2009-05-30,365.0,145.282981,68.282981,1.013635,0.973277,21.688148,0.075356,0.833937,801.335362,95.184403,87.263689,0.785706,0.718231,49.475221,92.287758,34.811431,17.021309,-3.932695,103.070439,2.466896,0.816609,999.298128,54.013691,0.266168,0.104676,0.000958,50.689189,6.133339,6.133339,3.487387
516,2009-05-31,365.0,146.242638,69.242638,1.013797,0.972967,21.837036,0.076496,0.833072,657.804286,95.268542,88.200687,0.785706,0.591848,40.800428,67.525808,34.837969,14.335147,-2.860963,96.717493,2.469466,0.816609,999.443517,53.942308,0.260104,0.074415,0.000936,52.556784,5.122514,5.122514,2.802446
517,2009-06-01,365.0,147.201993,70.201993,1.013955,0.972664,21.979587,0.077587,0.832239,705.205823,95.349288,88.043844,0.785706,0.636531,43.912324,74.748626,34.863014,15.284851,-3.168351,93.668112,2.47076,0.816609,999.510474,53.906496,0.257017,0.081432,0.000925,53.298053,5.438194,5.438194,2.908757
518,2009-06-02,365.0,148.161053,71.161053,1.014108,0.972369,22.115752,0.078629,0.831438,487.812876,95.426588,89.641662,0.785706,0.440763,30.427438,40.893006,34.886577,11.045061,-1.716879,82.275411,2.475999,0.816609,999.738747,53.759049,0.244334,0.041949,0.00088,56.35842,3.857151,3.857151,1.914894
519,2009-06-03,365.0,149.119827,72.119827,1.014258,0.972082,22.24548,0.079622,0.830671,464.246272,95.500393,89.84427,0.785706,0.420462,29.044371,38.012363,34.908669,10.560509,-1.593415,82.275411,2.475999,0.816609,999.738747,53.759049,0.244334,0.038933,0.00088,56.683661,3.687936,3.687936,1.822952
520,2009-06-04,365.0,150.078321,73.078321,1.014404,0.971803,22.368726,0.080565,0.829938,630.852296,95.570654,88.865836,0.785706,0.568865,39.318883,61.187759,34.929302,13.954294,-2.578235,85.006416,2.47468,0.816609,999.687728,53.796851,0.247553,0.063825,0.000891,55.137512,4.896831,4.896831,2.490398
521,2009-06-05,365.0,151.036545,74.036545,1.014545,0.971533,22.485444,0.081457,0.829241,491.54183,95.637325,90.163292,0.785706,0.437735,30.27206,38.87802,34.948486,11.260215,-1.625448,72.086874,2.481337,0.816609,999.900839,53.597002,0.231171,0.037576,0.000832,57.292592,3.8512,3.8512,1.822704
522,2009-06-06,365.0,151.994505,74.994505,1.014682,0.97127,22.595593,0.0823,0.828579,476.338997,95.700361,90.349932,0.785706,0.422427,29.228195,36.791954,34.966231,10.958945,-1.536027,72.086874,2.481337,0.816609,999.900839,53.597002,0.231171,0.035509,0.000832,56.96798,3.74816,3.74816,1.789703
523,2009-06-07,365.0,152.952211,75.952211,1.014815,0.971016,22.699133,0.083091,0.827955,499.786456,95.75972,90.557099,0.785706,0.442336,30.620016,37.504324,34.982549,11.554685,-1.563368,60.88443,2.488154,0.816609,1000.003891,53.355378,0.214195,0.033487,0.000771,59.649573,3.836882,3.836882,1.653712
524,2009-06-08,365.0,153.90967,76.90967,1.014944,0.97077,22.796027,0.083831,0.827368,733.90951,95.815361,89.237087,0.785706,0.648148,44.886157,69.609706,34.997447,16.351773,-2.922824,67.410908,2.484044,0.816609,999.955764,53.506817,0.22444,0.0656,0.000808,57.031307,5.529631,5.529631,2.555699
525,2009-06-09,365.0,154.86689,77.86689,1.015068,0.970532,22.886238,0.084521,0.82682,798.81255,95.867246,88.745373,0.785706,0.707568,49.020037,81.977693,35.010937,17.543953,-3.450802,74.527011,2.479993,0.816609,999.866744,53.639508,0.234502,0.080922,0.000844,55.373493,6.03302,6.03302,2.948191
526,2009-06-10,365.0,155.82388,78.82388,1.015188,0.970303,22.969736,0.085159,0.82631,653.773552,95.91534,89.461212,0.785706,0.581016,40.266459,60.754363,35.023025,14.638311,-2.546276,74.527011,2.479993,0.816609,999.866744,53.639508,0.234502,0.059711,0.000844,56.045678,5.033827,5.033827,2.446256
527,2009-06-11,365.0,156.780648,79.780648,1.015303,0.970082,23.046489,0.085745,0.82584,674.364673,95.959608,89.366196,0.785706,0.601041,41.66703,63.983733,35.033721,15.051133,-2.682404,74.527011,2.479993,0.816609,999.866744,53.639508,0.234502,0.062903,0.000844,56.246388,5.175788,5.175788,2.502334
528,2009-06-12,365.0,157.737202,80.737202,1.015414,0.96987,23.116471,0.086279,0.82541,372.835629,96.000022,91.289646,0.785706,0.333262,23.109446,25.241702,35.043033,8.764882,-1.046306,69.715366,2.482687,0.816609,999.930536,53.55284,0.227817,0.023837,0.00082,58.659546,2.98106,2.98106,1.37672
529,2009-06-13,365.0,158.693551,81.693551,1.015521,0.969666,23.179656,0.086762,0.825021,404.616889,96.036551,91.178737,0.785706,0.358428,24.860161,28.238127,35.050967,9.479243,-1.171017,69.715366,2.482687,0.816609,999.930536,53.55284,0.227817,0.026678,0.00082,57.712547,3.224025,3.224025,1.516756
530,2009-06-14,365.0,159.649703,82.649703,1.015623,0.969471,23.236022,0.087192,0.824673,260.689198,96.069172,92.23501,0.785706,0.22713,15.75644,14.345987,35.057532,6.279155,-0.591166,69.715366,2.482687,0.816609,999.930536,53.55284,0.227817,0.013468,0.00082,56.727894,2.135629,2.135629,1.035977
531,2009-06-15,365.0,160.605667,83.605667,1.015721,0.969284,23.285549,0.08757,0.824367,498.03629,96.097861,90.623366,0.785706,0.434007,30.11231,39.146265,35.062733,11.484973,-1.62802,77.037385,2.478655,0.816609,999.828319,53.680558,0.237807,0.038715,0.000856,54.205999,3.970363,3.970363,2.038993
532,2009-06-16,365.0,161.561452,84.561452,1.015814,0.969106,23.328221,0.087896,0.824103,839.466205,96.122598,88.753784,0.785706,0.731675,50.770752,88.831454,35.066576,18.380552,-3.7337,82.275411,2.475999,0.816609,999.738747,53.759049,0.244334,0.091227,0.00088,52.163676,6.418847,6.418847,3.415738
533,2009-06-17,365.0,162.517065,85.517065,1.015903,0.968937,23.364023,0.088169,0.82388,681.477193,96.143367,89.56615,0.785706,0.59539,41.316889,64.336475,35.069067,15.257923,-2.691273,79.619631,2.477324,0.816609,999.785632,53.720344,0.241085,0.064883,0.000868,53.312221,5.301826,5.301826,2.762736
534,2009-06-18,365.0,163.472516,86.472516,1.015987,0.968777,23.392943,0.08839,0.823701,903.867751,96.160153,88.613345,0.785706,0.792146,54.972469,97.909333,35.070211,19.703341,-4.117677,79.619631,2.477324,0.816609,999.785632,53.720344,0.241085,0.099271,0.000868,53.087427,6.846521,6.846521,3.550291
535,2009-06-19,365.0,164.427813,87.427813,1.016067,0.968625,23.414974,0.088558,0.823564,441.645458,96.172946,91.070432,0.785706,0.388507,26.96102,32.316235,35.070012,10.298388,-1.33992,72.086874,2.481337,0.816609,999.900839,53.597002,0.231171,0.030975,0.000832,56.343736,3.522237,3.522237,1.716152
536,2009-06-20,365.0,165.382964,88.382964,1.016141,0.968482,23.430108,0.088673,0.823469,785.795462,96.181737,89.373811,0.785706,0.691269,47.969607,76.750821,35.068474,17.491495,-3.213422,67.410908,2.484044,0.816609,999.955764,53.506817,0.22444,0.072122,0.000808,56.540658,5.915047,5.915047,2.766703
537,2009-06-21,365.0,166.33798,89.33798,1.016212,0.968348,23.438342,0.088736,0.823418,325.97579,96.186521,92.222174,0.785706,0.287632,19.958157,18.518157,35.065601,7.837084,-0.762628,53.029959,2.493728,0.816609,1000.000813,53.113388,0.200345,0.015279,0.000721,62.319416,2.533677,2.533677,1.007716
538,2009-06-22,365.0,167.292867,90.292867,1.016277,0.968223,23.439675,0.088746,0.82341,816.256389,96.187296,89.696331,0.785706,0.716643,49.720322,76.001857,35.061395,18.330819,-3.176075,54.907078,2.492324,0.816609,1000.009037,53.178937,0.203822,0.064735,0.000734,59.841706,5.967678,5.967678,2.455535
539,2009-06-23,365.0,168.247636,91.247636,1.016338,0.968107,23.434111,0.088704,0.823444,963.271605,96.184062,89.169448,0.785706,0.847993,58.824041,96.943523,35.05586,21.320172,-4.063559,77.037385,2.478655,0.816609,999.828319,53.680558,0.237807,0.096634,0.000856,54.258053,7.370398,7.370398,3.729127
540,2009-06-24,365.0,169.202295,92.202295,1.016394,0.968,23.421653,0.088609,0.823522,954.055606,96.176825,88.320321,0.785706,0.843111,58.473904,107.567426,35.048996,20.622305,-4.530996,109.774875,2.464349,0.816609,999.137787,54.085622,0.272083,0.123281,0.000979,48.305621,7.489828,7.489828,4.517955
541,2009-06-25,365.0,170.156853,93.156853,1.016446,0.967902,23.402309,0.088461,0.823642,824.766759,96.165591,88.359726,0.785706,0.732213,50.770752,92.404594,35.040805,17.850082,-3.891675,93.668112,2.47076,0.816609,999.510474,53.906496,0.257017,0.100023,0.000925,51.360416,6.350877,6.350877,3.524897
542,2009-06-26,365.0,171.111318,94.111318,1.016493,0.967813,23.376089,0.088261,0.823805,889.976055,96.15037,88.411435,0.785706,0.793026,54.972469,98.875142,35.031288,19.293252,-4.163319,82.275411,2.475999,0.816609,999.738747,53.759049,0.244334,0.101724,0.00088,53.86569,6.73758,6.73758,3.466285
543,2009-06-27,365.0,172.0657,95.0657,1.016535,0.967733,23.343007,0.088009,0.824011,971.80312,96.131174,88.90666,0.785706,0.869061,60.224619,100.806761,35.020445,21.366852,-4.23313,87.814364,2.473367,0.816609,999.632637,53.833919,0.250741,0.106142,0.000903,53.380378,7.533535,7.533535,3.994281
544,2009-06-28,365.0,173.020007,96.020007,1.016572,0.967662,23.303078,0.087704,0.824258,911.92849,96.10802,87.89664,0.785706,0.818819,56.723188,107.567426,35.008276,19.494396,-4.543705,109.774875,2.464349,0.816609,999.137787,54.085622,0.272083,0.123626,0.000979,49.57246,7.080182,7.080182,4.178304
545,2009-06-29,365.0,173.974249,96.974249,1.016605,0.9676,23.25632,0.087347,0.824548,897.231511,96.080927,87.813057,0.785706,0.809022,56.022899,106.601616,34.99478,19.141473,-4.505738,106.377763,2.46562,0.816609,999.219801,54.049525,0.269145,0.121269,0.000969,50.45725,6.924971,6.924971,3.999197
546,2009-06-30,365.0,174.928434,97.928434,1.016632,0.967547,23.202755,0.086938,0.824879,882.852614,96.049916,87.803087,0.785706,0.799248,55.322614,104.669998,34.979957,18.836937,-4.425121,99.85098,2.468178,0.816609,999.372717,53.977994,0.263154,0.116449,0.000947,51.889422,6.759703,6.759703,3.755994
547,2009-07-01,365.0,175.882571,98.882571,1.016655,0.967503,23.142405,0.086477,0.825251,902.254432,96.015011,87.874824,0.785706,0.819861,56.723188,105.635807,34.963803,19.298862,-4.465015,103.070439,2.466896,0.816609,999.298128,54.013691,0.266168,0.118844,0.000958,51.780438,6.954017,6.954017,3.902079
548,2009-07-02,365.0,176.83667,99.83667,1.016674,0.967468,23.075298,0.085965,0.825663,871.527806,95.976239,87.476656,0.785706,0.794954,54.972469,106.601616,34.946318,18.440675,-4.517012,106.377763,2.46562,0.816609,999.219801,54.049525,0.269145,0.121573,0.000969,51.453414,6.671438,6.671438,3.778121
549,2009-07-03,365.0,177.790739,100.790739,1.016687,0.967443,23.001462,0.085401,0.826116,586.605878,95.933631,88.852379,0.785706,0.53701,37.115172,59.802531,34.927498,12.910961,-2.514865,106.377763,2.46562,0.816609,999.219801,54.049525,0.269145,0.067686,0.000969,52.530319,4.670906,4.670906,2.628617
550,2009-07-04,365.0,178.744787,101.744787,1.016696,0.967426,22.920928,0.084786,0.826608,570.784701,95.887219,88.949011,0.785706,0.523887,36.187289,57.04852,34.90734,12.604176,-2.398361,103.070439,2.466896,0.816609,999.298128,54.013691,0.266168,0.063837,0.000958,53.386463,4.5417,4.5417,2.501904
551,2009-07-05,365.0,179.698823,102.698823,1.0167,0.967419,22.83373,0.08412,0.827139,785.142057,95.837037,87.490506,0.785706,0.720788,49.757525,94.480666,34.885841,16.649115,-4.006245,109.774875,2.464349,0.816609,999.137787,54.085622,0.272083,0.109003,0.000979,51.628194,6.046803,6.046803,3.438292
552,2009-07-06,365.0,180.652856,103.652856,1.016699,0.967421,22.739904,0.083403,0.827708,766.719187,95.783122,87.948852,0.785706,0.706129,48.71366,86.660425,34.862997,16.483231,-3.666232,90.701004,2.472061,0.816609,999.573533,53.870416,0.253896,0.093084,0.000914,55.336012,5.838421,5.838421,2.974418
553,2009-07-07,365.0,181.606895,104.606895,1.016693,0.967431,22.639489,0.082635,0.828315,721.439259,95.725514,88.467939,0.785706,0.666241,45.930022,75.593243,34.838802,15.750267,-3.189651,77.037385,2.478655,0.816609,999.828319,53.680558,0.237807,0.075852,0.000856,58.560465,5.444878,5.444878,2.49457
554,2009-07-08,365.0,182.56095,105.56095,1.016683,0.967451,22.532524,0.081817,0.828959,774.904354,95.664254,88.266407,0.785706,0.71724,49.409569,82.833575,34.813252,16.834847,-3.500377,72.086874,2.481337,0.816609,999.900839,53.597002,0.231171,0.080919,0.000832,59.744502,5.757826,5.757826,2.509746
555,2009-07-09,365.0,183.515029,106.515029,1.016668,0.96748,22.419054,0.08095,0.829638,784.662242,95.599387,87.983869,0.785706,0.727905,50.105478,86.420374,34.786342,16.925094,-3.65915,77.037385,2.478655,0.816609,999.828319,53.680558,0.237807,0.087017,0.000856,58.784207,5.851017,5.851017,2.647609
556,2009-07-10,365.0,184.469141,107.469141,1.016648,0.967518,22.299124,0.080032,0.830353,859.631868,95.530958,87.197028,0.785706,0.799323,54.976846,103.704188,34.758067,18.146388,-4.412244,96.717493,2.469466,0.816609,999.443517,53.942308,0.260104,0.114764,0.000936,54.97473,6.484421,6.484421,3.350438
557,2009-07-11,365.0,185.423294,108.423294,1.016623,0.967566,22.172781,0.079066,0.831102,744.54173,95.459014,87.107277,0.785706,0.694344,47.715755,90.095656,34.728419,15.690571,-3.83674,113.263729,2.463085,0.816609,999.052136,54.122096,0.274982,0.105504,0.00099,52.718618,5.72032,5.72032,3.199331
558,2009-07-12,365.0,186.377499,109.377499,1.016593,0.967622,22.040074,0.07805,0.831884,791.589827,95.383605,86.815938,0.785706,0.740289,50.827651,98.359906,34.697392,16.558199,-4.197321,109.774875,2.464349,0.816609,999.137787,54.085622,0.272083,0.114202,0.000979,53.411404,6.013783,6.013783,3.286719
559,2009-07-13,365.0,187.331764,110.331764,1.016559,0.967687,21.901055,0.076986,0.832699,639.581534,95.304782,88.434488,0.785706,0.599842,41.146193,63.788868,34.66498,14.023869,-2.698502,74.527011,2.479993,0.816609,999.866744,53.639508,0.234502,0.06328,0.000844,60.845769,4.822532,4.822532,2.065977
560,2009-07-14,365.0,188.286098,111.286098,1.01652,0.967761,21.755779,0.075874,0.833545,864.488146,95.222597,87.045086,0.785706,0.812215,55.659627,102.738379,34.631175,18.239243,-4.382478,93.668112,2.47076,0.816609,999.510474,53.906496,0.257017,0.112637,0.000925,56.656602,6.489336,6.489336,3.20118
561,2009-07-15,365.0,189.24051,112.24051,1.016476,0.967845,21.604299,0.074714,0.834421,841.677672,95.137105,86.352253,0.785706,0.792967,54.285314,107.567426,34.595971,17.423823,-4.608539,109.774875,2.464349,0.816609,999.137787,54.085622,0.272083,0.12539,0.000979,54.090334,6.328169,6.328169,3.394076
562,2009-07-16,365.0,190.195008,113.195008,1.016427,0.967937,21.446675,0.073506,0.835327,786.944751,95.04836,86.020847,0.785706,0.743566,50.849534,103.461345,34.559359,16.151519,-4.443036,128.17671,2.458084,0.816609,998.6741,54.273912,0.286183,0.127152,0.00103,51.811184,5.972548,5.972548,3.448329
563,2009-07-17,365.0,191.149602,114.149602,1.016374,0.968039,21.282964,0.072251,0.836261,722.472096,94.95642,86.210758,0.785706,0.68467,46.770368,92.127413,34.52133,14.927432,-3.954147,132.154652,2.456849,0.816609,998.570959,54.313829,0.288881,0.114228,0.00104,51.81474,5.538263,5.538263,3.222891
564,2009-07-18,365.0,192.1043,115.1043,1.016316,0.968149,21.113228,0.07095,0.837223,779.220552,94.861341,85.588351,0.785706,0.74049,50.525654,105.468095,34.481878,15.827,-4.544864,140.425038,2.454394,0.816609,998.354614,54.396625,0.294156,0.13369,0.001059,50.899934,5.909648,5.909648,3.516843
565,2009-07-19,365.0,193.059112,116.059112,1.016254,0.968268,20.93753,0.069603,0.83821,730.503113,94.763182,86.288965,0.785706,0.696286,47.453146,90.476889,34.440994,15.163065,-3.885796,113.263729,2.463085,0.816609,999.052136,54.122096,0.274982,0.106853,0.00099,55.116634,5.528007,5.528007,2.918545
566,2009-07-20,365.0,194.014045,117.014045,1.016186,0.968397,20.755933,0.06821,0.839222,792.57929,94.662002,85.727635,0.785706,0.757327,51.549824,103.613966,34.398668,16.203075,-4.466454,116.84631,2.461826,0.816609,998.962896,54.15906,0.277842,0.124097,0.001,54.663965,5.929011,5.929011,3.160259
567,2009-07-21,365.0,194.96911,117.96911,1.016114,0.968534,20.568504,0.066772,0.840258,755.143778,94.557861,85.50643,0.785706,0.723494,49.184166,100.134858,34.354892,15.356441,-4.324284,132.154652,2.456849,0.816609,998.570959,54.313829,0.288881,0.124921,0.00104,52.986327,5.697431,5.697431,3.217425
568,2009-07-22,365.0,195.924314,118.924314,1.016038,0.96868,20.37531,0.065289,0.841317,754.07734,94.45082,85.147541,0.785706,0.724448,49.184166,102.89848,34.309657,15.191853,-4.455111,144.721857,2.453175,0.816609,998.241492,54.439657,0.296732,0.132197,0.001068,51.765538,5.689951,5.689951,3.336086
569,2009-07-23,365.0,196.879667,119.879667,1.015957,0.968835,20.176419,0.063762,0.842396,721.811778,94.340941,85.519908,0.785706,0.695417,47.148958,93.520725,34.262954,14.721811,-4.043212,128.17671,2.458084,0.816609,998.6741,54.273912,0.286183,0.11571,0.00103,54.313182,5.443867,5.443867,2.97252
570,2009-07-24,365.0,197.835176,120.835176,1.015871,0.968998,19.971901,0.062191,0.843496,742.135586,94.228284,85.644821,0.785706,0.716792,48.529834,93.691381,34.214774,15.211981,-4.050316,109.774875,2.464349,0.816609,999.137787,54.085622,0.272083,0.110202,0.000979,57.188638,5.524849,5.524849,2.735557
571,2009-07-25,365.0,198.790852,121.790852,1.01578,0.969171,19.761828,0.060578,0.844614,715.769992,94.112911,85.516981,0.785706,0.692909,46.84477,90.613395,34.165107,14.635755,-3.922532,116.84631,2.461826,0.816609,998.962896,54.15906,0.277842,0.108985,0.001,56.512113,5.355499,5.355499,2.727758
572,2009-07-26,365.0,199.746701,122.746701,1.015686,0.969352,19.546273,0.058921,0.84575,567.432826,93.994884,86.503895,0.785706,0.550562,37.165506,62.69882,34.113944,11.958666,-2.701094,109.774875,2.464349,0.816609,999.137787,54.085622,0.272083,0.073492,0.000979,58.427689,4.343275,4.343275,2.11157
573,2009-07-27,365.0,200.702734,123.702734,1.015586,0.969541,19.325309,0.057223,0.846901,684.885087,93.874267,85.443226,0.785706,0.66567,44.866463,85.272599,34.061276,14.011618,-3.697719,116.84631,2.461826,0.816609,998.962896,54.15906,0.277842,0.102738,0.001,57.131468,5.127115,5.127115,2.568872
574,2009-07-28,365.0,201.658958,124.658958,1.015482,0.96974,19.099011,0.055483,0.848068,694.736983,93.751119,85.015952,0.785706,0.676682,45.536115,89.733326,34.007093,14.053622,-3.902981,128.17671,2.458084,0.816609,998.6741,54.273912,0.286183,0.111697,0.00103,55.820315,5.196783,5.196783,2.723679
575,2009-07-29,365.0,202.615381,125.615381,1.015374,0.969947,18.867454,0.053702,0.849248,598.475538,93.625505,85.529851,0.785706,0.584241,39.251044,71.752487,33.951386,12.309176,-3.114228,128.17671,2.458084,0.816609,998.6741,54.273912,0.286183,0.089124,0.00103,56.512282,4.551717,4.551717,2.363433
576,2009-07-30,365.0,203.572014,126.572014,1.015261,0.970162,18.630717,0.051881,0.85044,689.597015,93.497484,84.839384,0.785706,0.674499,45.238492,88.527827,33.894146,13.915273,-3.859671,124.300739,2.459326,0.816609,998.773833,54.234871,0.283443,0.1094,0.00102,56.92622,5.128113,5.128113,2.592044
577,2009-07-31,365.0,204.528862,127.528862,1.015144,0.970386,18.388877,0.05002,0.851642,709.966421,93.36712,84.255419,0.785706,0.695903,46.59311,96.033022,33.835363,14.097603,-4.203307,140.425038,2.454394,0.816609,998.354614,54.396625,0.294156,0.123643,0.001059,55.113892,5.263908,5.263908,2.825603
578,2009-08-01,365.0,205.485936,128.485936,1.015023,0.970619,18.142012,0.04812,0.852854,699.510291,93.234474,84.248669,0.785706,0.687258,45.932212,93.444406,33.775029,13.906917,-4.093127,136.236704,2.455619,0.816609,998.464449,54.354708,0.291539,0.119331,0.00105,56.003852,5.176361,5.176361,2.702907
579,2009-08-02,365.0,206.443243,129.443243,1.014897,0.970859,17.890202,0.046181,0.854074,598.629996,93.099606,84.659364,0.785706,0.589452,39.323261,75.233356,33.713134,12.066214,-3.290472,144.721857,2.453175,0.816609,998.241492,54.439657,0.296732,0.097639,0.001068,55.750637,4.519275,4.519275,2.416436
580,2009-08-03,365.0,207.400792,130.400792,1.014766,0.971109,17.633528,0.044205,0.855301,689.557003,92.962576,84.010811,0.785706,0.68032,45.299767,92.019877,33.64967,13.650007,-4.041965,136.236704,2.455619,0.816609,998.464449,54.354708,0.291539,0.117839,0.00105,56.67237,5.080735,5.080735,2.59826
581,2009-08-04,365.0,208.358591,131.358591,1.014632,0.971366,17.372071,0.042191,0.856532,689.432099,92.823445,84.160271,0.785706,0.681638,45.299767,89.171357,33.584628,13.72903,-3.916631,120.524631,2.460573,0.816609,998.870113,54.196619,0.280663,0.109925,0.00101,58.993586,5.0418,5.0418,2.364046
582,2009-08-05,365.0,209.316647,132.316647,1.014493,0.971632,17.105912,0.040141,0.857768,678.273703,92.682272,84.217589,0.785706,0.668607,44.345626,85.843771,33.518,13.549709,-3.772205,116.84631,2.461826,0.816609,998.962896,54.15906,0.277842,0.104808,0.001,59.013436,4.958094,4.958094,2.310875
583,2009-08-06,365.0,210.27497,133.27497,1.01435,0.971905,16.835135,0.038055,0.859006,314.263949,92.539116,87.585326,0.785706,0.310354,20.542459,23.332969,33.449778,6.939534,-1.007288,77.037385,2.478655,0.816609,999.828319,53.680558,0.237807,0.023954,0.000856,67.441539,2.399002,2.399002,0.817053
584,2009-08-07,365.0,211.233566,134.233566,1.014203,0.972187,16.559822,0.035934,0.860245,126.797061,92.394034,87.574726,0.785706,0.122586,8.09706,9.172026,33.379955,2.803106,-0.3963,65.171945,2.485408,0.816609,999.976449,53.458715,0.221043,0.00876,0.000796,66.63791,0.942339,0.942339,0.316694
585,2009-08-08,365.0,212.192444,135.192444,1.014052,0.972477,16.280057,0.033778,0.861484,616.409607,92.247084,85.555558,0.785706,0.584759,38.542003,61.971533,33.308522,12.870452,-2.709815,77.037385,2.478655,0.816609,999.828319,53.680558,0.237807,0.064441,0.000856,60.542874,4.449324,4.449324,1.841377
586,2009-08-09,365.0,213.151612,136.151612,1.013897,0.972775,15.995924,0.031588,0.862721,653.960554,92.098322,84.844874,0.785706,0.621216,40.855136,71.350832,33.235472,13.388926,-3.134631,90.701004,2.472061,0.816609,999.573533,53.870416,0.253896,0.079587,0.000914,57.882565,4.742407,4.742407,2.178704
587,2009-08-10,365.0,214.111078,137.111078,1.013738,0.97308,15.707508,0.029365,0.863955,721.343307,91.947804,83.941808,0.785706,0.686348,45.037158,86.954655,33.1608,14.39362,-3.842082,106.377763,2.46562,0.816609,999.219801,54.049525,0.269145,0.103408,0.000969,55.183201,5.207301,5.207301,2.623478
588,2009-08-11,365.0,215.070848,138.070848,1.013575,0.973394,15.414894,0.027109,0.865184,752.469713,91.795585,83.37585,0.785706,0.717413,46.967323,95.498567,33.084498,14.77943,-4.236008,116.84631,2.461826,0.816609,998.962896,54.15906,0.277842,0.117694,0.001,53.737366,5.408072,5.408072,2.854929
589,2009-08-12,365.0,216.030932,139.030932,1.013407,0.973715,15.118167,0.024822,0.866408,547.791377,91.641718,84.88267,0.785706,0.523432,34.187099,55.930529,33.006561,11.275899,-2.462799,96.717493,2.469466,0.816609,999.443517,53.942308,0.260104,0.064058,0.000936,57.840119,4.029324,4.029324,1.883061
590,2009-08-13,365.0,216.991336,139.991336,1.013236,0.974044,14.817414,0.022504,0.867625,466.369037,91.486257,85.637373,0.785706,0.446237,29.075011,41.274955,32.926984,9.830734,-1.811547,79.619631,2.477324,0.816609,999.785632,53.720344,0.241085,0.043674,0.000868,61.417899,3.415985,3.415985,1.390011
591,2009-08-14,365.0,217.952068,140.952068,1.013061,0.97438,14.512721,0.020155,0.868833,479.188718,91.329253,85.744237,0.785706,0.458923,29.827816,40.553758,32.845762,10.14688,-1.780383,65.171945,2.485408,0.816609,999.976449,53.458715,0.221043,0.039354,0.000796,64.461346,3.411143,3.411143,1.186837
592,2009-08-15,365.0,218.913136,141.913136,1.012883,0.974724,14.204174,0.017777,0.870032,669.011395,91.170758,84.421396,0.785706,0.641181,41.568555,68.475633,32.762889,13.639144,-3.030503,67.410908,2.484044,0.816609,999.955764,53.506817,0.22444,0.068017,0.000808,63.24218,4.612309,4.612309,1.638524
593,2009-08-16,365.0,219.874547,142.874547,1.0127,0.975075,13.89186,0.015369,0.871219,711.088876,91.010821,83.678083,0.785706,0.682266,44.118032,79.146497,32.678364,14.194264,-3.519876,79.619631,2.477324,0.816609,999.785632,53.720344,0.241085,0.084859,0.000868,60.651624,4.932226,4.932226,1.972746
594,2009-08-17,365.0,220.836307,143.836307,1.012514,0.975434,13.575866,0.012934,0.872394,686.54164,90.849492,83.356747,0.785706,0.659639,42.542388,78.168735,32.592181,13.588956,-3.485428,90.701004,2.472061,0.816609,999.573533,53.870416,0.253896,0.088494,0.000914,58.833532,4.813259,4.813259,2.094115
595,2009-08-18,365.0,221.798425,144.798425,1.012324,0.9758,13.256281,0.010471,0.873556,753.371671,90.686819,82.44219,0.785706,0.724944,46.628121,94.447917,32.50434,14.516804,-4.235629,106.377763,2.46562,0.816609,999.219801,54.049525,0.269145,0.114,0.000969,56.212964,5.251866,5.251866,2.516287
596,2009-08-19,365.0,222.760907,145.760907,1.012131,0.976173,12.93319,0.007982,0.874702,728.730258,90.52285,81.959475,0.785706,0.702552,45.063419,94.975102,32.414837,13.850486,-4.273963,128.17671,2.458084,0.816609,998.6741,54.273912,0.286183,0.122313,0.00103,53.495443,5.121667,5.121667,2.717671
597,2009-08-20,365.0,223.72376,146.72376,1.011934,0.976553,12.606683,0.005467,0.875833,704.066075,90.357629,81.636272,0.785706,0.680173,43.505282,93.543965,32.323672,13.263827,-4.220493,144.721857,2.453175,0.816609,998.241492,54.439657,0.296732,0.125236,0.001068,51.862065,4.967829,4.967829,2.790782
598,2009-08-21,365.0,224.686992,147.686992,1.011733,0.97694,12.276847,0.002926,0.876946,694.529684,90.191203,81.87553,0.785706,0.672387,42.883778,88.108027,32.230844,13.199578,-3.973728,124.300739,2.459326,0.816609,998.773833,54.234871,0.283443,0.112633,0.00102,54.645883,4.864362,4.864362,2.489214
599,2009-08-22,365.0,225.650608,148.650608,1.01153,0.977334,11.943771,0.000362,0.87804,710.399557,90.023616,81.889299,0.785706,0.689024,43.816035,88.260903,32.136353,13.52387,-3.983888,109.774875,2.464349,0.816609,999.137787,54.085622,0.272083,0.108395,0.000979,56.803752,4.911743,4.911743,2.307405
600,2009-08-23,365.0,226.614617,149.614617,1.011322,0.977734,11.607543,-0.002226,0.879115,651.22334,89.85491,82.350264,0.785706,0.63269,40.113272,74.759654,32.0402,12.592349,-3.369274,96.717493,2.469466,0.816609,999.443517,53.942308,0.260104,0.087636,0.000936,59.202984,4.499743,4.499743,1.924088
601,2009-08-24,365.0,227.579024,150.579024,1.011112,0.978142,11.268251,-0.004837,0.880169,787.231317,89.685129,81.323139,0.785706,0.765846,48.407287,100.723677,31.942388,14.757528,-4.568239,99.85098,2.468178,0.816609,999.372717,53.977994,0.263154,0.120215,0.000947,58.355768,5.295792,5.295792,2.29399
602,2009-08-25,365.0,228.543835,151.543835,1.010898,0.978556,10.925985,-0.00747,0.881201,693.582808,89.514313,81.373859,0.785706,0.675855,42.586156,86.488721,31.842917,13.038111,-3.925131,113.263729,2.463085,0.816609,999.052136,54.122096,0.274982,0.107934,0.00099,56.946646,4.753311,4.753311,2.216791
603,2009-08-26,365.0,229.509059,152.509059,1.010681,0.978976,10.580832,-0.010124,0.88221,724.462976,89.342503,80.929288,0.785706,0.707066,44.411278,93.426532,31.741792,13.44332,-4.253763,116.84631,2.461826,0.816609,998.962896,54.15906,0.277842,0.118188,0.001,56.547018,4.919164,4.919164,2.317431
604,2009-08-27,365.0,230.4747,153.4747,1.01046,0.979403,10.232882,-0.012798,0.883194,710.515632,89.169738,80.380982,0.785706,0.694612,43.487775,95.76364,31.639017,12.969819,-4.376676,140.425038,2.454394,0.816609,998.354614,54.396625,0.294156,0.128743,0.001059,53.936856,4.842804,4.842804,2.524671
605,2009-08-28,365.0,231.440764,154.440764,1.010237,0.979836,9.882224,-0.015491,0.884153,627.544332,88.996057,80.743339,0.785706,0.614638,38.353802,79.529376,31.534597,11.601551,-3.631174,140.425038,2.454394,0.816609,998.354614,54.396625,0.294156,0.106813,0.001059,54.546166,4.331906,4.331906,2.234975
606,2009-08-29,365.0,232.407259,155.407259,1.010011,0.980275,9.528948,-0.018204,0.885086,550.388572,88.821497,81.894721,0.785706,0.539931,33.578724,58.664065,31.428538,10.563616,-2.664838,96.717493,2.469466,0.816609,999.443517,53.942308,0.260104,0.069313,0.000936,60.810205,3.774797,3.774797,1.509208
607,2009-08-30,365.0,233.37419,156.37419,1.009782,0.98072,9.173141,-0.020934,0.885992,640.442952,88.646095,81.201953,0.785706,0.62886,38.975305,73.382097,31.320846,12.038972,-3.348647,93.668112,2.47076,0.816609,999.510474,53.906496,0.257017,0.086066,0.000925,60.981336,4.283343,4.283343,1.657683
608,2009-08-31,365.0,234.341563,157.341563,1.009549,0.981171,8.814895,-0.023681,0.886869,642.224293,88.469888,80.796062,0.785706,0.631275,38.988439,75.89317,31.21153,11.929467,-3.473806,103.070439,2.466896,0.816609,999.298128,54.013691,0.266168,0.092462,0.000958,59.700595,4.298581,4.298581,1.767234
609,2009-09-01,365.0,235.309384,158.309384,1.009314,0.981628,8.454298,-0.026445,0.887717,614.287215,88.292909,80.512344,0.785706,0.604511,37.202708,73.641909,31.100598,11.318289,-3.378882,116.84631,2.461826,0.816609,998.962896,54.15906,0.277842,0.09388,0.001,58.107838,4.141575,4.141575,1.839501
610,2009-09-02,365.0,236.277658,159.277658,1.009077,0.982091,8.09144,-0.029224,0.888535,625.909966,88.115194,80.177104,0.785706,0.616699,37.815457,76.588169,30.988061,11.419348,-3.523465,120.524631,2.460573,0.816609,998.870113,54.196619,0.280663,0.098891,0.00101,57.764344,4.193601,4.193601,1.882407
611,2009-09-03,365.0,237.246392,160.246392,1.008836,0.982559,7.72641,-0.032018,0.889322,622.536086,87.936775,80.220291,0.785706,0.614143,37.520023,74.108578,30.873929,11.38368,-3.41181,109.774875,2.464349,0.816609,999.137787,54.085622,0.272083,0.092829,0.000979,59.339504,4.134446,4.134446,1.721645
612,2009-09-04,365.0,238.215589,161.215589,1.008593,0.983033,7.3593,-0.034825,0.890076,692.745439,87.757687,79.587131,0.785706,0.684157,41.640769,87.318867,30.758213,12.42099,-4.036932,109.774875,2.464349,0.816609,999.137787,54.085622,0.272083,0.109838,0.000979,59.185828,4.511187,4.511187,1.858436
613,2009-09-05,365.0,239.185257,162.185257,1.008347,0.983512,6.990198,-0.037645,0.890799,655.424383,87.57796,79.701066,0.785706,0.648084,39.294809,79.709647,30.640927,11.805015,-3.686428,106.377763,2.46562,0.816609,999.219801,54.049525,0.269145,0.099218,0.000969,59.964207,4.270799,4.270799,1.699848
614,2009-09-06,365.0,240.155399,163.155399,1.008099,0.983996,6.619194,-0.040477,0.891487,545.264526,87.397627,81.030379,0.785706,0.539733,32.598324,53.716747,30.522085,10.257396,-2.469596,72.086874,2.481337,0.816609,999.900839,53.597002,0.231171,0.05709,0.000832,65.788322,3.508218,3.508218,1.007899
615,2009-09-07,365.0,241.126022,164.126022,1.007849,0.984486,6.24638,-0.043321,0.892141,509.132028,87.216718,81.331473,0.785706,0.504184,30.331147,46.402647,30.401702,9.676621,-2.132016,62.996953,2.486778,0.816609,999.992517,53.408313,0.217627,0.046398,0.000783,67.575233,3.233365,3.233365,0.81601
616,2009-09-08,365.0,242.09713,165.09713,1.007596,0.98498,5.871845,-0.046175,0.892761,681.406052,87.035264,79.867192,0.785706,0.674952,40.44153,75.560437,30.279794,12.366488,-3.501417,72.086874,2.481337,0.816609,999.900839,53.597002,0.231171,0.080943,0.000832,65.16268,4.229566,4.229566,1.196542
617,2009-09-09,365.0,243.068727,166.068727,1.00734,0.985479,5.49568,-0.049038,0.893344,639.837675,86.853293,79.272247,0.785706,0.634147,37.841718,75.021747,30.156378,11.396731,-3.490386,96.717493,2.469466,0.816609,999.443517,53.942308,0.260104,0.090786,0.000936,61.590816,4.072502,4.072502,1.459059
618,2009-09-10,365.0,244.040819,167.040819,1.007083,0.985983,5.117976,-0.05191,0.893891,622.514244,86.670836,78.979951,0.785706,0.617488,36.695001,74.053875,30.031473,10.989077,-3.45377,106.377763,2.46562,0.816609,999.219801,54.049525,0.269145,0.092956,0.000969,60.473858,3.975611,3.975611,1.516132
619,2009-09-11,365.0,245.01341,168.01341,1.006823,0.986492,4.738824,-0.05479,0.894402,653.725118,86.487921,78.297168,0.785706,0.649016,38.406323,82.778898,29.905099,11.28877,-3.877804,120.524631,2.460573,0.816609,998.870113,54.196619,0.280663,0.108836,0.00101,58.713958,4.145648,4.145648,1.713217
620,2009-09-12,365.0,245.986505,168.986505,1.006562,0.987004,4.358314,-0.057677,0.894874,621.833441,86.304576,78.103001,0.785706,0.618005,36.414885,78.850952,29.777275,10.674439,-3.700929,132.154652,2.456849,0.816609,998.570959,54.313829,0.288881,0.106913,0.00104,57.725139,3.96035,3.96035,1.724134
621,2009-09-13,365.0,246.960108,169.960108,1.006298,0.987522,3.976539,-0.06057,0.895309,580.388101,86.120829,78.407421,0.785706,0.577429,33.876346,69.265419,29.648025,10.069357,-3.249073,120.524631,2.460573,0.816609,998.870113,54.196619,0.280663,0.091189,0.00101,59.402737,3.697835,3.697835,1.490275
622,2009-09-14,365.0,247.934223,170.934223,1.006033,0.988043,3.593589,-0.063468,0.895705,417.431598,85.936708,79.942805,0.785706,0.415656,24.278049,38.800168,29.517372,7.619367,-1.807537,93.668112,2.47076,0.816609,999.510474,53.906496,0.257017,0.046457,0.000925,63.755332,2.710893,2.710893,0.88833
623,2009-09-15,365.0,248.908853,171.908853,1.005765,0.988568,3.209557,-0.066371,0.896062,623.899467,85.752239,78.147072,0.785706,0.621431,36.134769,73.420733,29.385339,10.739897,-3.455066,99.85098,2.468178,0.816609,999.372717,53.977994,0.263154,0.090921,0.000947,61.857996,3.854051,3.854051,1.318841
624,2009-09-16,365.0,249.884004,172.884004,1.005496,0.989098,2.824534,-0.069277,0.896379,577.769289,85.567449,77.986193,0.785706,0.575872,33.333624,67.773437,29.251953,9.896015,-3.19493,113.263729,2.463085,0.816609,999.052136,54.122096,0.274982,0.087855,0.00099,60.522639,3.607795,3.607795,1.347436
625,2009-09-17,365.0,250.859679,173.859679,1.005225,0.989631,2.438613,-0.072186,0.896657,502.959795,85.382365,78.720946,0.785706,0.501661,28.904313,51.899902,29.117241,8.830378,-2.43986,93.668112,2.47076,0.816609,999.510474,53.906496,0.257017,0.062709,0.000925,63.447531,3.141758,3.141758,0.996008
626,2009-09-18,365.0,251.835881,174.835881,1.004953,0.990167,2.051886,-0.075097,0.896894,631.257333,85.197013,77.448258,0.785706,0.629867,36.121642,75.635561,28.98123,10.624611,-3.582005,103.070439,2.466896,0.816609,999.298128,54.013691,0.266168,0.095342,0.000958,61.622164,3.828398,3.828398,1.300037
627,2009-09-19,365.0,252.812614,175.812614,1.004679,0.990707,1.664446,-0.078008,0.897091,517.726367,85.01142,78.16566,0.785706,0.51692,29.503935,54.863106,28.84395,8.927985,-2.591331,96.717493,2.469466,0.816609,999.443517,53.942308,0.260104,0.067401,0.000936,63.079194,3.190322,3.190322,1.015937
628,2009-09-20,365.0,253.789881,176.789881,1.004404,0.991251,1.276386,-0.08092,0.897247,540.001366,84.825611,78.605523,0.785706,0.539371,30.637522,52.024953,28.705432,9.450814,-2.454152,65.171945,2.485408,0.816609,999.976449,53.458715,0.221043,0.054247,0.000796,67.416216,3.177142,3.177142,0.700414
629,2009-09-21,365.0,254.767685,177.767685,1.004127,0.991797,0.8878,-0.083832,0.897362,639.486165,84.639613,77.395015,0.785706,0.638797,36.108509,71.62122,28.565707,10.74938,-3.40243,79.619631,2.477324,0.816609,999.785632,53.720344,0.241085,0.082027,0.000868,64.734697,3.735197,3.735197,0.985442
630,2009-09-22,365.0,255.74603,178.74603,1.003849,0.992347,0.498781,-0.086741,0.897435,642.124741,84.453452,76.386986,0.785706,0.641652,36.091001,79.932901,28.42481,10.430186,-3.820043,113.263729,2.463085,0.816609,999.052136,54.122096,0.274982,0.105044,0.00099,60.517778,3.802538,3.802538,1.339843
631,2009-09-23,365.0,256.724918,179.724918,1.00357,0.992899,0.109424,-0.089648,0.897468,577.031542,84.267153,76.359869,0.785706,0.576993,32.291947,70.395058,28.282773,9.364468,-3.367845,128.17671,2.458084,0.816609,998.6741,54.273912,0.286183,0.096382,0.00103,59.368341,3.462816,3.462816,1.324652
632,2009-09-24,365.0,257.704353,180.704353,1.003289,0.993454,-0.280177,-0.092552,0.897459,589.402416,84.080742,76.070033,0.785706,0.589753,32.839048,72.790178,28.139635,9.470064,-3.490724,128.17671,2.458084,0.816609,998.6741,54.273912,0.286183,0.099898,0.00103,59.42178,3.501863,3.501863,1.322365
633,2009-09-25,365.0,258.684335,181.684335,1.003008,0.994012,-0.669928,-0.095452,0.897408,567.983134,83.894246,76.233881,0.785706,0.568694,31.504127,67.07575,27.995431,9.177132,-3.217092,116.84631,2.461826,0.816609,998.962896,54.15906,0.277842,0.089384,0.001,60.823948,3.358086,3.358086,1.16475
634,2009-09-26,365.0,259.664869,182.664869,1.002725,0.994572,-1.059733,-0.098347,0.897316,580.327024,83.707692,76.085491,0.785706,0.581348,32.038095,68.150362,27.850199,9.327743,-3.274107,109.774875,2.464349,0.816609,999.137787,54.085622,0.272083,0.089083,0.000979,61.595991,3.387749,3.387749,1.10309
635,2009-09-27,365.0,260.645956,183.645956,1.002442,0.995134,-1.449496,-0.101236,0.897182,568.710785,83.521105,76.382437,0.785706,0.569966,31.245898,62.55652,27.703981,9.233656,-3.003767,90.701004,2.472061,0.816609,999.573533,53.870416,0.253896,0.076264,0.000914,63.909941,3.270595,3.270595,0.892359
636,2009-09-28,365.0,261.627599,184.627599,1.002158,0.995698,-1.839121,-0.104118,0.897007,610.359237,83.334512,75.697638,0.785706,0.611858,33.364265,71.703706,27.556816,9.676147,-3.457893,99.85098,2.468178,0.816609,999.372717,53.977994,0.263154,0.090996,0.000947,62.616572,3.47232,3.47232,1.019644
637,2009-09-29,365.0,262.609799,185.609799,1.001873,0.996264,-2.228512,-0.106993,0.896791,328.324668,83.147941,78.66523,0.785706,0.329249,17.8573,22.740977,27.408747,5.754595,-1.08162,53.029959,2.493728,0.816609,1000.000813,53.113388,0.200345,0.02167,0.000721,70.408768,1.860422,1.860422,0.292975
638,2009-09-30,365.0,263.592558,186.592558,1.001588,0.996832,-2.617572,-0.109859,0.896533,252.518876,82.961419,79.295662,0.785706,0.253154,13.655581,14.308702,27.259818,4.517359,-0.679046,42.883546,2.502295,0.816609,999.840702,52.692082,0.179339,0.012178,0.000646,72.32684,1.39438,1.39438,0.174151
639,2009-10-01,365.0,264.575878,187.575878,1.001302,0.997402,-3.006203,-0.112716,0.896234,253.425629,82.774973,78.89661,0.785706,0.257286,13.802204,15.175254,27.110074,4.473095,-0.722298,47.725402,2.49798,0.816609,999.945071,52.89268,0.189893,0.013716,0.000684,71.351092,1.414538,1.414538,0.197867
640,2009-10-02,365.0,265.55976,188.55976,1.001015,0.997972,-3.394307,-0.115564,0.895895,406.229723,82.588632,77.484657,0.785706,0.41005,21.87519,31.920628,26.95956,6.837977,-1.531527,53.029959,2.493728,0.816609,1000.000813,53.113388,0.200345,0.030683,0.000721,69.378615,2.210672,2.210672,0.348343
641,2009-10-03,365.0,266.544206,189.544206,1.000728,0.998545,-3.781787,-0.1184,0.895515,89.622775,82.402424,76.648844,0.785706,0.092489,4.90638,7.921847,26.808325,1.46575,-0.382019,41.366531,2.503748,0.816609,999.794631,52.661511,0.175748,0.006714,0.000633,70.185458,0.448509,0.448509,0.053726
642,2009-10-04,365.0,267.529217,190.529217,1.000441,0.999118,-4.168543,-0.121225,0.895095,112.005864,82.216379,77.560545,0.785706,0.117494,6.197534,8.018015,26.656418,1.888512,-0.385272,42.883546,2.502295,0.816609,999.840702,52.692082,0.179339,0.006909,0.000646,70.794223,0.58293,0.58293,0.072713
643,2009-10-05,365.0,268.514793,191.514793,1.000154,0.999692,-4.554476,-0.124037,0.894635,379.022349,82.030526,77.171477,0.785706,0.390562,20.483372,28.275924,26.503887,6.303911,-1.362574,46.061744,2.499411,0.816609,999.915818,52.810115,0.186409,0.0254,0.000671,70.031946,1.978079,1.978079,0.266849
644,2009-10-06,365.0,269.500937,192.500937,0.999867,1.000267,-4.939486,-0.126836,0.894136,513.994464,81.844897,75.885882,0.785706,0.52579,27.416208,46.877589,26.350786,8.175631,-2.275426,53.029959,2.493728,0.816609,1000.000813,53.113388,0.200345,0.045587,0.000721,68.078409,2.643126,2.643126,0.412093
645,2009-10-07,365.0,270.487647,193.487647,0.999579,1.000842,-5.323472,-0.129621,0.893598,456.165226,81.659521,76.034815,0.785706,0.465212,24.116108,39.245253,26.197166,7.288909,-1.905318,54.907078,2.492324,0.816609,1000.009037,53.178937,0.203822,0.038835,0.000734,68.034031,2.372936,2.372936,0.0
646,2009-10-08,365.0,271.474925,194.474925,0.999292,1.001418,-5.706333,-0.132391,0.893022,452.578956,81.47443,76.158389,0.785706,0.44928,23.153213,36.773944,26.043081,7.257847,-1.785898,53.029959,2.493728,0.816609,1000.000813,53.113388,0.200345,0.03578,0.000721,67.564927,2.346413,2.346413,0.397914
647,2009-10-09,365.0,272.462771,195.462771,0.999004,1.001995,-6.087968,-0.135146,0.892408,222.739077,81.289658,77.734345,0.785706,0.221068,11.324942,12.1263,25.888586,3.766243,-0.584883,46.061744,2.499411,0.816609,999.915818,52.810115,0.186409,0.010903,0.000671,69.903827,1.181794,1.181794,0.172252
648,2009-10-10,365.0,273.451186,196.451186,0.998717,1.002571,-6.468275,-0.137883,0.891756,316.05036,81.105237,77.176084,0.785706,0.313549,15.966526,18.977815,25.733738,5.240462,-0.918724,38.470662,2.506675,0.816609,999.684909,52.600019,0.168574,0.015487,0.000607,70.52997,1.574572,1.574572,0.1876
649,2009-10-11,365.0,274.440169,197.440169,0.99843,1.003147,-6.847151,-0.140604,0.891068,402.589703,80.921202,76.433798,0.785706,0.399243,20.207635,27.542257,25.578593,6.503415,-1.339435,38.470662,2.506675,0.816609,999.684909,52.600019,0.168574,0.022579,0.000607,69.89049,1.954045,1.954045,0.232066
650,2009-10-12,365.0,275.42972,198.42972,0.998144,1.003723,-7.224493,-0.143307,0.890344,456.188121,80.737587,75.621618,0.785706,0.45223,22.750549,35.485798,25.423211,7.159363,-1.73419,46.061744,2.499411,0.816609,999.915818,52.810115,0.186409,0.032327,0.000671,68.134422,2.246508,2.246508,0.324309
651,2009-10-13,365.0,276.419838,199.419838,0.997858,1.004298,-7.600196,-0.14599,0.889585,143.020018,80.554429,76.653796,0.785706,0.15332,7.665946,8.489176,25.267652,2.323949,-0.41315,49.440455,2.496556,0.816609,999.968924,52.970548,0.193378,0.007989,0.000696,68.619657,0.740485,0.740485,0.114755
652,2009-10-14,365.0,277.410524,200.410524,0.997572,1.004873,-7.974157,-0.148654,0.888792,148.106478,80.371765,76.475,0.785706,0.152905,7.598105,8.768918,25.111976,2.389769,-0.427525,54.907078,2.492324,0.816609,1000.009037,53.178937,0.203822,0.008714,0.000734,66.566478,0.778,0.778,0.0
653,2009-10-15,365.0,278.401776,201.401776,0.997288,1.005447,-8.346271,-0.151298,0.887964,285.757125,80.189632,75.992556,0.785706,0.27794,13.72561,18.183196,24.956245,4.530601,-0.889407,58.832904,2.489538,0.816609,1000.010491,53.299671,0.210749,0.018744,0.000759,62.458873,1.494821,1.494821,0.0
654,2009-10-16,365.0,279.393593,202.393593,0.997004,1.00602,-8.716431,-0.153921,0.887104,451.464167,80.00807,74.502727,0.785706,0.430631,21.133326,37.519659,24.800523,6.787175,-1.850193,69.715366,2.482687,0.816609,999.930536,53.55284,0.227817,0.04215,0.00082,59.15422,2.308414,2.308414,0.720204
655,2009-10-17,365.0,280.385976,203.385976,0.99672,1.006592,-9.084533,-0.156522,0.886212,412.505039,79.827119,74.472375,0.785706,0.393502,19.190032,33.297324,24.644873,6.188567,-1.643674,74.527011,2.479993,0.816609,999.866744,53.639508,0.234502,0.038544,0.000844,58.497248,2.128126,2.128126,0.698866
656,2009-10-18,365.0,281.378921,204.378921,0.996438,1.007162,-9.450468,-0.1591,0.885289,400.942481,79.64682,74.58086,0.785706,0.382498,18.535701,30.583486,24.489361,6.032006,-1.510251,65.171945,2.485408,0.816609,999.976449,53.458715,0.221043,0.033383,0.000796,60.077027,2.027819,2.027819,0.591816
657,2009-10-19,365.0,282.372429,205.372429,0.996157,1.007731,-9.814131,-0.161655,0.884336,343.56095,79.467216,75.018698,0.785706,0.326949,15.743309,23.001154,24.334052,5.243604,-1.134423,56.840928,2.490928,0.816609,1000.012234,53.240943,0.20729,0.023515,0.000746,61.547818,1.718693,1.718693,0.45053
658,2009-10-20,365.0,283.366496,206.366496,0.995876,1.008299,-10.175413,-0.164186,0.883354,413.932132,79.28835,74.461786,0.785706,0.393857,18.844264,29.988517,24.179015,6.18762,-1.484317,53.029959,2.493728,0.816609,1000.000813,53.113388,0.200345,0.029738,0.000721,61.815745,2.000416,2.000416,0.49047
659,2009-10-21,365.0,284.361123,207.361123,0.995597,1.008864,-10.534206,-0.166692,0.882343,204.296451,79.110267,75.566433,0.785706,0.193893,9.217518,10.876473,24.024316,3.171291,-0.535945,54.907078,2.492324,0.816609,1000.009037,53.178937,0.203822,0.010924,0.000734,62.126478,1.032428,1.032428,0.265397
660,2009-10-22,365.0,285.356306,208.356306,0.995319,1.009428,-10.890402,-0.169172,0.881306,427.184865,78.933014,74.079981,0.785706,0.405303,19.144076,30.998944,23.870026,6.284839,-1.539809,51.2082,2.495138,0.816609,999.987473,53.044019,0.196863,0.030313,0.000709,61.643068,2.017345,2.017345,0.485105
661,2009-10-23,365.0,286.352043,209.352043,0.995043,1.009989,-11.24389,-0.171627,0.880243,262.978561,78.756638,74.809175,0.785706,0.249478,11.70791,15.522922,23.716213,3.96575,-0.769031,58.832904,2.489538,0.816609,1000.010491,53.299671,0.210749,0.016207,0.000759,60.943224,1.308455,1.308455,0.356063
662,2009-10-24,365.0,287.348333,210.348333,0.994768,1.010548,-11.594562,-0.174055,0.879156,459.805111,78.581188,73.698986,0.785706,0.431893,20.137607,33.432511,23.562949,6.656657,-1.666566,47.725402,2.49798,0.816609,999.945071,52.89268,0.189893,0.031647,0.000684,61.059269,2.10505,2.10505,0.505251
663,2009-10-25,365.0,288.345173,211.345173,0.994494,1.011104,-11.942306,-0.176455,0.878045,495.845442,78.406715,73.306351,0.785706,0.465699,21.573194,37.569011,23.410304,7.068417,-1.87786,47.725402,2.49798,0.816609,999.945071,52.89268,0.189893,0.035659,0.000684,60.794795,2.235262,2.235262,0.534754
664,2009-10-26,365.0,289.34256,212.34256,0.994222,1.011657,-12.287014,-0.178827,0.876912,333.053548,78.233269,74.080099,0.785706,0.317535,14.6141,20.550883,23.258351,4.875546,-1.024293,46.061744,2.499411,0.816609,999.915818,52.810115,0.186409,0.019094,0.000671,61.773099,1.529878,1.529878,0.353121
665,2009-10-27,365.0,290.340492,213.340492,0.993951,1.012208,-12.628572,-0.18117,0.875758,186.538022,78.060904,74.951554,0.785706,0.180913,8.272131,8.619615,23.107162,2.812768,-0.428183,34.454912,2.51112,0.816609,999.474637,52.506899,0.157864,0.006759,0.000568,64.956119,0.820589,0.820589,0.141841
666,2009-10-28,365.0,291.338965,214.338965,0.993683,1.012755,-12.96687,-0.183483,0.874584,374.646981,77.889675,73.936123,0.785706,0.359137,16.314481,21.925087,22.956812,5.441752,-1.095357,31.983483,2.514121,0.816609,999.302552,52.444222,0.150785,0.016516,0.000543,64.690135,1.55431,1.55431,0.248054
667,2009-10-29,365.0,292.337976,215.337976,0.993416,1.0133,-13.301797,-0.185767,0.873392,377.902293,77.719637,72.852543,0.785706,0.39839,17.979849,27.109666,22.807373,5.270824,-1.362487,37.089471,2.508149,0.816609,999.621031,52.569098,0.164995,0.02248,0.000594,62.661694,1.568668,1.568668,0.291463
668,2009-10-30,365.0,293.337523,216.337523,0.993151,1.01384,-13.633239,-0.188019,0.872183,416.583073,77.550847,71.986432,0.785706,0.421304,18.890221,34.033402,22.658921,5.62028,-1.718863,56.840928,2.490928,0.816609,1000.012234,53.240943,0.20729,0.03563,0.000746,58.230854,1.842156,1.842156,0.0
669,2009-10-31,365.0,294.337601,217.337601,0.992888,1.014378,-13.961086,-0.19024,0.870958,471.970921,77.383365,72.15577,0.785706,0.435165,19.3848,36.17538,22.51153,6.398585,-1.827052,58.832904,2.489538,0.816609,1000.010491,53.299671,0.210749,0.038505,0.000759,56.124566,2.111142,2.111142,0.092899
670,2009-11-01,365.0,295.338207,218.338207,0.992627,1.014911,-14.285223,-0.19243,0.869719,465.177028,77.217251,72.437514,0.785706,0.427825,18.933989,32.564455,22.365275,6.363277,-1.643806,46.061744,2.499411,0.816609,999.915818,52.810115,0.186409,0.030642,0.000671,58.820705,1.996707,1.996707,0.514053
671,2009-11-02,365.0,296.339337,219.339337,0.992368,1.01544,-14.605539,-0.194586,0.868468,535.137059,77.052566,71.876141,0.785706,0.492134,21.638846,40.440232,22.220234,7.159618,-2.048375,46.061744,2.499411,0.816609,999.915818,52.810115,0.186409,0.038184,0.000671,58.428924,2.246588,2.246588,0.57676
672,2009-11-03,365.0,297.340987,220.340987,0.992112,1.015966,-14.921921,-0.19671,0.867205,533.398225,76.889373,71.525955,0.785706,0.49053,21.428759,41.650814,22.076481,7.033596,-2.114805,51.2082,2.495138,0.816609,999.987473,53.044019,0.196863,0.041633,0.000709,57.183856,2.257686,2.257686,0.634524
673,2009-11-04,365.0,298.343153,221.343153,0.991857,1.016486,-15.234255,-0.198799,0.865932,480.916456,76.727738,71.35994,0.785706,0.442285,19.196597,37.49772,21.934093,6.293017,-1.906879,60.88443,2.488154,0.816609,1000.003891,53.355378,0.214195,0.040844,0.000771,55.333671,2.089677,2.089677,0.677825
674,2009-11-05,365.0,299.34583,222.34583,0.991605,1.017003,-15.542429,-0.200855,0.864651,445.802682,76.567725,71.185082,0.785706,0.41003,17.682228,34.77512,21.793146,5.786793,-1.771218,69.715366,2.482687,0.816609,999.930536,53.55284,0.227817,0.040351,0.00082,53.786377,1.96817,1.96817,0.709221
675,2009-11-06,365.0,300.349014,223.349014,0.991356,1.017515,-15.84633,-0.202875,0.863363,232.007373,76.409403,72.907256,0.785706,0.216652,9.283169,11.805411,21.653718,3.205181,-0.596901,46.061744,2.499411,0.816609,999.915818,52.810115,0.186409,0.011127,0.000671,59.432466,1.005741,1.005741,0.254993
676,2009-11-07,365.0,301.352701,224.352701,0.991109,1.018021,-16.145844,-0.204861,0.862071,298.936278,76.252839,72.516549,0.785706,0.277561,11.81733,16.181904,21.515884,4.065057,-0.820303,41.366531,2.503748,0.816609,999.794631,52.661511,0.175748,0.014417,0.000633,60.12397,1.243879,1.243879,0.285454
677,2009-11-08,365.0,302.356885,225.356885,0.990865,1.018523,-16.44086,-0.20681,0.860774,362.954565,76.098105,71.968157,0.785706,0.336229,14.224564,21.646263,21.379722,4.829431,-1.100944,41.366531,2.503748,0.816609,999.794631,52.661511,0.175748,0.019349,0.000633,59.712845,1.477772,1.477772,0.338513
678,2009-11-09,365.0,303.361561,226.361561,0.990624,1.01902,-16.731265,-0.208722,0.859476,255.254611,75.945271,72.297399,0.785706,0.242211,10.182599,13.432443,21.245308,3.432808,-0.682625,42.883546,2.502295,0.816609,999.840702,52.692082,0.179339,0.012242,0.000646,59.665822,1.05961,1.05961,0.250813
679,2009-11-10,365.0,304.366725,227.366725,0.990385,1.019511,-17.016946,-0.210598,0.858177,309.492097,75.794409,71.761623,0.785706,0.290404,12.132458,17.946294,21.112719,4.074254,-0.91496,46.061744,2.499411,0.816609,999.915818,52.810115,0.186409,0.017056,0.000671,58.594636,1.278444,1.278444,0.322941
680,2009-11-11,365.0,305.37237,228.37237,0.990149,1.019997,-17.297793,-0.212437,0.856879,146.372165,75.645593,71.875673,0.785706,0.146106,6.066229,7.921847,20.982031,1.932153,-0.403951,41.366531,2.503748,0.816609,999.794631,52.661511,0.175748,0.007099,0.000633,59.70252,0.591225,0.591225,0.134828
681,2009-11-12,365.0,306.378492,229.378492,0.989916,1.020477,-17.573693,-0.214237,0.855584,312.512896,75.498899,71.506679,0.785706,0.317033,13.082222,17.859848,20.853319,4.062767,-0.912913,30.806287,2.515633,0.816609,999.206545,52.412702,0.14727,0.013444,0.00053,61.872575,1.147667,1.147667,0.19459
682,2009-11-13,365.0,307.385084,230.385084,0.989686,1.020952,-17.844535,-0.215999,0.854294,244.610705,75.354401,71.790771,0.785706,0.256222,10.508671,12.464708,20.72666,3.209043,-0.636729,27.49654,2.520215,0.816609,998.876988,52.317411,0.136852,0.008714,0.000493,62.962187,0.875129,0.875129,0.131508
683,2009-11-14,365.0,308.392142,231.392142,0.989459,1.02142,-18.110211,-0.217722,0.853009,427.043343,75.212177,70.809998,0.785706,0.42697,17.406489,26.759988,20.602129,5.39181,-1.37414,26.46396,2.521758,0.816609,998.752798,52.285401,0.133428,0.018335,0.00048,62.404641,1.452194,1.452194,0.20918
684,2009-11-15,365.0,309.399658,232.399658,0.989235,1.021882,-18.37061,-0.219406,0.851732,325.079265,75.072304,70.714003,0.785706,0.345711,14.010101,20.124735,20.4798,4.083402,-1.034556,29.666731,2.517153,0.816609,999.103712,52.381061,0.143775,0.014874,0.000518,61.525586,1.140424,1.140424,0.185221
685,2009-11-16,365.0,310.407627,233.407627,0.989015,1.022338,-18.625623,-0.22105,0.850465,390.363305,74.93486,69.640231,0.785706,0.421515,16.981941,29.214086,20.359748,4.698994,-1.510243,35.751258,2.509631,0.816609,999.550981,52.538058,0.161424,0.024379,0.000581,59.212204,1.384814,1.384814,0.272025
686,2009-11-17,365.0,311.416042,234.416042,0.988797,1.022787,-18.875144,-0.222654,0.849209,191.863205,74.799925,70.629289,0.785706,0.209798,8.403435,11.321889,20.242045,2.395189,-0.583,46.061744,2.499411,0.816609,999.915818,52.810115,0.186409,0.010868,0.000671,57.825834,0.751577,0.751577,0.18837
687,2009-11-18,365.0,312.424897,235.424897,0.988584,1.02323,-19.119065,-0.224218,0.847965,369.988013,74.667578,69.962196,0.785706,0.379799,15.126183,24.540892,20.126766,4.49607,-1.26837,34.454912,2.51112,0.816609,999.474637,52.506899,0.157864,0.020023,0.000568,59.771827,1.31167,1.31167,0.248249
688,2009-11-19,365.0,313.434185,236.434185,0.988373,1.023666,-19.357281,-0.22574,0.846736,262.084357,74.537899,70.652427,0.785706,0.262473,10.394874,14.35731,20.01398,3.265157,-0.740134,37.089471,2.508149,0.816609,999.621031,52.569098,0.164995,0.012212,0.000594,59.752143,0.971755,0.971755,0.197853
689,2009-11-20,365.0,314.4439,237.4439,0.988166,1.024095,-19.589687,-0.227222,0.845522,214.210795,74.410968,70.174379,0.785706,0.237533,9.355386,12.755042,19.90376,2.616783,-0.659378,39.895963,2.505208,0.816609,999.742737,52.630824,0.172159,0.011352,0.00062,58.762103,0.793559,0.793559,0.173379
690,2009-11-21,365.0,315.454034,238.454034,0.987962,1.024517,-19.81618,-0.228661,0.844326,235.833743,74.286867,70.098839,0.785706,0.26536,10.394874,13.854309,19.796176,2.86854,-0.71687,31.983483,2.514121,0.816609,999.302552,52.444222,0.150785,0.010809,0.000543,60.501931,0.819332,0.819332,0.143176
691,2009-11-22,365.0,316.464581,239.464581,0.987763,1.024931,-20.036659,-0.230059,0.843149,164.109735,74.165676,70.310992,0.785706,0.190055,7.405527,8.863637,19.691296,2.009594,-0.458447,31.983483,2.514121,0.816609,999.302552,52.444222,0.150785,0.006913,0.000543,60.687419,0.573994,0.573994,0.100231
692,2009-11-23,365.0,317.475533,240.475533,0.987566,1.025339,-20.251023,-0.231414,0.841992,409.281995,74.047475,68.869422,0.785706,0.43516,16.868145,29.517393,19.589188,4.733523,-1.537669,31.983483,2.514121,0.816609,999.302552,52.444222,0.150785,0.023186,0.000543,59.493905,1.352021,1.352021,0.235763
693,2009-11-24,365.0,318.486883,241.486883,0.987374,1.025738,-20.459175,-0.232726,0.840858,357.769831,73.932346,68.93093,0.785706,0.368036,14.193927,24.885242,19.48992,4.142153,-1.296694,41.366531,2.503748,0.816609,999.794631,52.661511,0.175748,0.022789,0.000633,57.50236,1.26747,1.26747,0.285635
694,2009-11-25,365.0,319.498623,242.498623,0.987185,1.026131,-20.661017,-0.233996,0.839748,364.348891,73.820367,68.740029,0.785706,0.369865,14.193927,25.685602,19.393556,4.181343,-1.340259,44.448208,2.50085,0.816609,999.881063,52.722538,0.182929,0.024517,0.000659,56.744276,1.301625,1.301625,0.31368
695,2009-11-26,365.0,320.510747,243.510747,0.987001,1.026515,-20.856454,-0.235222,0.838663,236.183827,73.71162,68.718069,0.785706,0.277108,10.583076,16.338586,19.30016,2.704658,-0.853053,42.883546,2.502295,0.816609,999.840702,52.692082,0.179339,0.015299,0.000646,57.064732,0.834851,0.834851,0.194125
696,2009-11-27,365.0,321.523245,244.523245,0.98682,1.026891,-21.045395,-0.236404,0.837605,226.418061,73.606182,68.560702,0.785706,0.273057,10.379555,15.793454,19.209795,2.573571,-0.825585,41.366531,2.503748,0.816609,999.794631,52.661511,0.175748,0.014509,0.000633,57.256119,0.787495,0.787495,0.176767
697,2009-11-28,365.0,322.53611,245.53611,0.986643,1.027259,-21.227747,-0.237542,0.836575,395.040785,73.504132,67.818731,0.785706,0.43028,16.281655,30.930358,19.122522,4.354642,-1.623058,38.470662,2.506675,0.816609,999.684909,52.600019,0.168574,0.02736,0.000607,57.269774,1.308415,1.308415,0.273228
698,2009-11-29,365.0,323.549335,246.549335,0.98647,1.027619,-21.403423,-0.238636,0.835575,423.378972,73.405547,67.625112,0.785706,0.443567,16.71058,33.632247,19.038401,4.625481,-1.767186,42.883546,2.502295,0.816609,999.840702,52.692082,0.179339,0.031692,0.000646,56.231892,1.427754,1.427754,0.330888
699,2009-11-30,365.0,324.562911,247.562911,0.986301,1.027971,-21.572336,-0.239686,0.834605,395.408325,73.310503,67.672342,0.785706,0.407891,15.301254,30.597797,18.957489,4.323056,-1.608106,47.725402,2.49798,0.816609,999.945071,52.89268,0.189893,0.030537,0.000684,55.375459,1.36709,1.36709,0.349139
700,2009-12-01,365.0,325.576829,248.576829,0.986137,1.028314,-21.734402,-0.240691,0.833669,420.573513,73.219074,68.043951,0.785706,0.431125,16.106583,29.866485,18.879842,4.661638,-1.567701,34.454912,2.51112,0.816609,999.474637,52.506899,0.157864,0.024748,0.000568,58.377902,1.359973,1.359973,0.252887
701,2009-12-02,365.0,326.591081,249.591081,0.985976,1.028649,-21.889542,-0.241651,0.832766,428.658788,73.131333,68.256757,0.785706,0.438239,16.307916,28.653814,18.805516,4.786365,-1.503209,28.563809,2.51868,0.816609,998.993908,52.349298,0.140301,0.02109,0.000505,59.913707,1.321151,1.321151,0.201754
702,2009-12-03,365.0,327.605659,250.605659,0.98582,1.028975,-22.037675,-0.242566,0.831898,420.857549,73.047351,68.223957,0.785706,0.429746,15.931512,27.79818,18.734561,4.688263,-1.459104,28.563809,2.51868,0.816609,998.993908,52.349298,0.140301,0.020471,0.000505,59.897063,1.294072,1.294072,0.197375
703,2009-12-04,365.0,328.620555,251.620555,0.985668,1.029292,-22.178727,-0.243435,0.831066,438.476987,72.967198,67.890621,0.785706,0.447474,16.528944,30.411942,18.667029,4.815418,-1.599295,30.806287,2.515633,0.816609,999.206545,52.412702,0.14727,0.023553,0.00053,59.105839,1.360278,1.360278,0.224414
704,2009-12-05,365.0,329.635758,252.635758,0.98552,1.0296,-22.312624,-0.244259,0.830272,381.793872,72.890941,68.700031,0.785706,0.389507,14.33836,21.891301,18.602967,4.325302,-1.147408,22.661981,2.528009,0.816609,998.180152,52.156109,0.120034,0.013773,0.000432,61.781008,1.104174,1.104174,0.130649
705,2009-12-06,365.0,330.651261,253.651261,0.985377,1.029899,-22.439297,-0.245037,0.829517,335.249787,72.818644,69.271364,0.785706,0.341932,12.546066,16.281136,18.542424,3.880272,-0.851428,17.848346,2.537632,0.816609,997.074305,51.958333,0.101052,0.008604,0.000364,63.573194,0.902814,0.902814,0.081659
706,2009-12-07,365.0,331.667055,254.667055,0.985239,1.030189,-22.55868,-0.245769,0.828801,421.794251,72.750371,69.123685,0.785706,0.430093,15.732368,20.910834,18.485442,4.849772,-1.094621,13.949845,2.547562,0.816609,995.634204,51.755808,0.083703,0.009162,0.000301,64.547558,1.011429,1.011429,0.068926
707,2009-12-08,365.0,332.68313,255.68313,0.985104,1.03047,-22.670709,-0.246455,0.828127,374.912303,72.68618,69.602012,0.785706,0.382199,13.940073,15.813722,18.432064,4.387976,-0.826244,11.290774,2.556083,0.816609,994.142914,51.583284,0.070669,0.005839,0.000254,65.78456,0.823668,0.823668,0.043943
708,2009-12-09,365.0,333.699477,256.699477,0.984975,1.030741,-22.775325,-0.247094,0.827494,440.947639,72.626129,68.833626,0.785706,0.449411,16.347307,22.794779,18.382329,5.004907,-1.195498,14.542704,2.545885,0.816609,995.899452,51.789899,0.08647,0.010337,0.000311,64.1145,1.064313,1.064313,0.07602
709,2009-12-10,365.0,334.716087,257.716087,0.98485,1.031003,-22.87247,-0.247687,0.826903,383.547129,72.570273,68.736925,0.785706,0.39083,14.180796,20.017285,18.336276,4.333811,-1.050561,17.848346,2.537632,0.816609,997.074305,51.958333,0.101052,0.010616,0.000364,63.104485,1.008338,1.008338,0.091008
710,2009-12-11,365.0,335.73295,258.73295,0.984729,1.031256,-22.962091,-0.248234,0.826357,400.525068,72.518661,68.259097,0.785706,0.408056,14.771663,23.173262,18.293939,4.43822,-1.219118,21.789104,2.529593,0.816609,998.017178,52.123469,0.11677,0.014236,0.00042,61.640917,1.116816,1.116816,0.126073
711,2009-12-12,365.0,336.750058,259.750058,0.984613,1.031498,-23.04414,-0.248733,0.825855,189.624681,72.471342,68.02031,0.785706,0.234447,8.469087,11.446873,18.255352,2.080143,-0.602987,30.806287,2.515633,0.816609,999.206545,52.412702,0.14727,0.00888,0.00053,59.264113,0.587607,0.587607,0.096466
712,2009-12-13,365.0,337.7674,260.7674,0.984502,1.031731,-23.11857,-0.249186,0.825398,174.422135,72.42836,67.908519,0.785706,0.218507,7.87822,10.680734,18.220543,1.903821,-0.563024,33.199343,2.512617,0.816609,999.39187,52.47562,0.154317,0.008688,0.000556,58.64005,0.549654,0.549654,0.097482
713,2009-12-14,365.0,338.784967,261.784967,0.984396,1.031954,-23.185339,-0.249592,0.824986,187.268895,72.389755,67.636517,0.785706,0.240767,8.666042,12.041397,18.189542,2.020939,-0.635641,31.983483,2.514121,0.816609,999.302552,52.444222,0.150785,0.009584,0.000543,58.688001,0.577234,0.577234,0.098416
714,2009-12-15,365.0,339.802749,262.802749,0.984294,1.032168,-23.24441,-0.24995,0.824622,54.182315,72.355565,61.988458,0.785706,0.082202,2.954333,7.441009,18.162374,0.460473,-0.402751,34.454912,2.51112,0.816609,999.474637,52.506899,0.157864,0.006358,0.000568,53.440818,0.134337,0.134337,0.02465
715,2009-12-16,365.0,340.820736,263.820736,0.984197,1.032371,-23.295748,-0.250262,0.824304,68.629009,72.325823,63.663833,0.785706,0.109744,3.93911,7.921847,18.13906,0.627403,-0.42573,41.366531,2.503748,0.816609,999.794631,52.661511,0.175748,0.007482,0.000633,53.503529,0.191981,0.191981,0.042321
716,2009-12-17,365.0,341.838919,264.838919,0.984105,1.032564,-23.339324,-0.250526,0.824034,85.05028,72.300557,65.26455,0.785706,0.137327,4.923888,8.018015,18.119622,0.831938,-0.427929,42.883546,2.502295,0.816609,999.840702,52.692082,0.179339,0.007674,0.000646,54.509698,0.256795,0.256795,0.058675
717,2009-12-18,365.0,342.857287,265.857287,0.984018,1.032747,-23.37511,-0.250743,0.823811,197.277204,72.279793,67.034595,0.785706,0.252899,9.059953,13.945164,18.104077,2.074992,-0.7385,39.895963,2.505208,0.816609,999.742737,52.630824,0.172159,0.012714,0.00062,56.519051,0.629257,0.629257,0.134165
718,2009-12-19,365.0,343.87583,266.87583,0.983936,1.03292,-23.403085,-0.250912,0.823638,66.14046,72.263553,63.252552,0.785706,0.110027,3.93911,7.921847,18.092439,0.593508,-0.426615,41.366531,2.503748,0.816609,999.794631,52.661511,0.175748,0.007498,0.000633,53.172439,0.181609,0.181609,0.040017
719,2009-12-20,365.0,344.894539,267.894539,0.983858,1.033082,-23.42323,-0.251034,0.823512,58.407704,72.251853,61.99616,0.785706,0.099067,3.545199,7.921847,18.084721,0.495885,-0.428964,41.366531,2.503748,0.816609,999.794631,52.661511,0.175748,0.007539,0.000633,52.149483,0.151737,0.151737,0.033418
720,2009-12-21,365.0,345.913403,268.913403,0.983786,1.033234,-23.435533,-0.251109,0.823436,122.999185,72.244706,65.497624,0.785706,0.214689,7.681265,11.118593,18.080933,1.214025,-0.59295,39.895963,2.505208,0.816609,999.742737,52.630824,0.172159,0.010208,0.00062,55.27765,0.368162,0.368162,0.078386
721,2009-12-22,365.0,346.932412,269.932412,0.983718,1.033376,-23.439983,-0.251135,0.823408,210.385816,72.242121,67.283762,0.785706,0.280745,10.044731,14.061731,18.081079,2.234167,-0.74397,26.46396,2.521758,0.816609,998.752798,52.285401,0.133428,0.009927,0.00048,59.667579,0.601736,0.601736,0.083755
722,2009-12-23,365.0,347.951555,270.951555,0.983656,1.033507,-23.436574,-0.251115,0.823429,334.576259,72.244101,66.719278,0.785706,0.407263,14.574708,24.870495,18.085166,3.47273,-1.319151,26.46396,2.521758,0.816609,998.752798,52.285401,0.133428,0.017601,0.00048,59.185223,0.935322,0.935322,0.130077
723,2009-12-24,365.0,348.970823,271.970823,0.983598,1.033628,-23.425306,-0.251047,0.823499,365.157349,72.250647,66.365564,0.785706,0.429087,15.36253,28.881734,18.093193,3.736075,-1.534284,31.983483,2.514121,0.816609,999.302552,52.444222,0.150785,0.023135,0.000543,57.645835,1.067123,1.067123,0.181345
724,2009-12-25,365.0,349.990205,272.990205,0.983546,1.033739,-23.406182,-0.250931,0.823618,351.099586,72.261755,66.480091,0.785706,0.406814,14.574708,27.297493,18.10516,3.609654,-1.44931,34.454912,2.51112,0.816609,999.474637,52.506899,0.157864,0.022879,0.000568,57.22252,1.05307,1.05307,0.193078
725,2009-12-26,365.0,351.00969,274.00969,0.983498,1.033838,-23.379208,-0.250768,0.823786,281.275343,72.277415,67.676767,0.785706,0.324067,11.620375,17.476254,18.121062,3.035896,-0.922844,26.46396,2.521758,0.816609,998.752798,52.285401,0.133428,0.012313,0.00048,60.036579,0.817668,0.817668,0.113426
726,2009-12-27,365.0,352.029269,275.029269,0.983456,1.033927,-23.344395,-0.250557,0.824002,238.664782,72.297615,68.089498,0.785706,0.274333,9.847775,13.586303,18.140891,2.619426,-0.716034,26.46396,2.521758,0.816609,998.752798,52.285401,0.133428,0.009554,0.00048,60.398206,0.705499,0.705499,0.097819
727,2009-12-28,365.0,353.04893,276.04893,0.983419,1.034006,-23.301761,-0.250298,0.824267,133.60617,72.322338,68.49065,0.785706,0.153425,5.514754,6.937064,18.164638,1.490325,-0.364898,27.49654,2.520215,0.816609,998.876988,52.317411,0.136852,0.004994,0.000493,60.502238,0.406422,0.406422,0.058706
728,2009-12-29,365.0,354.068664,277.068664,0.983386,1.034074,-23.251323,-0.249992,0.824579,129.205943,72.351562,66.205299,0.785706,0.229788,8.272131,10.684419,18.192291,1.315011,-0.567731,27.49654,2.520215,0.816609,998.876988,52.317411,0.136852,0.007769,0.000493,58.544115,0.358613,0.358613,0.051714
729,2009-12-30,365.0,355.088459,278.088459,0.983359,1.034131,-23.193106,-0.249639,0.824938,105.525236,72.385262,66.101754,0.785706,0.191159,6.893443,8.922684,18.223834,1.069897,-0.474264,31.983483,2.514121,0.816609,999.302552,52.444222,0.150785,0.007151,0.000543,57.463891,0.305591,0.305591,0.051711
730,2009-12-31,365.0,356.108305,279.108305,0.983337,1.034177,-23.127138,-0.249238,0.825345,70.111612,72.423409,64.812332,0.785706,0.136277,4.923888,7.152506,18.259249,0.673977,-0.382284,30.806287,2.515633,0.816609,999.206545,52.412702,0.14727,0.00563,0.00053,56.629031,0.190388,0.190388,0.030945
731,2010-01-01,365.0,357.128191,280.128191,0.98332,1.034213,-23.05345,-0.24879,0.825797,99.320788,72.465969,64.873653,0.785706,0.201258,7.287354,10.116499,18.298515,0.957759,-0.540451,38.470662,2.506675,0.816609,999.684909,52.600019,0.168574,0.009111,0.000607,55.114664,0.287772,0.287772,0.058735
732,2010-01-02,365.0,358.148108,281.148108,0.983308,1.034238,-22.972079,-0.248294,0.826296,298.716277,72.512905,64.941657,0.785706,0.428702,15.559485,30.372166,18.341609,2.890551,-1.621732,37.089471,2.508149,0.816609,999.621031,52.569098,0.164995,0.026758,0.000594,55.44686,0.860267,0.860267,0.169218
733,2010-01-03,365.0,359.168043,282.168043,0.983302,1.034252,-22.883064,-0.247752,0.826839,243.260526,72.564176,67.060091,0.785706,0.311956,11.351202,18.128127,18.388504,2.570707,-0.958659,34.454912,2.51112,0.816609,999.474637,52.506899,0.157864,0.015134,0.000568,57.755063,0.74997,0.74997,0.136897
734,2010-01-04,365.0,0.187988,283.187988,0.9833,1.034256,-22.786448,-0.247162,0.827426,99.88129,72.619738,64.998377,0.785706,0.207399,7.567468,10.242277,18.439173,0.970143,-0.546486,35.751258,2.509631,0.816609,999.550981,52.538058,0.161424,0.008822,0.000581,55.780371,0.285905,0.285905,0.054095
735,2010-01-05,365.0,1.20793,284.20793,0.983304,1.034248,-22.68228,-0.246526,0.828057,84.03757,72.679543,64.145876,0.785706,0.185022,6.770893,9.628573,18.493584,0.787893,-0.515531,44.448208,2.50085,0.816609,999.881063,52.722538,0.182929,0.009431,0.000659,53.425581,0.245266,0.245266,0.057493
736,2010-01-06,365.0,2.22786,285.22786,0.983312,1.03423,-22.57061,-0.245842,0.82873,331.302109,72.743541,64.152611,0.785706,0.493654,18.122095,38.253434,18.551703,3.109536,-2.047498,38.470662,2.506675,0.816609,999.684909,52.600019,0.168574,0.034515,0.000607,54.474498,0.934305,0.934305,0.191448
737,2010-01-07,365.0,3.247766,286.247766,0.983326,1.034201,-22.451493,-0.245112,0.829444,324.395545,72.811676,66.732337,0.785706,0.427134,15.732368,26.775948,18.613494,3.39346,-1.416446,26.46396,2.521758,0.816609,998.752798,52.285401,0.133428,0.018899,0.00048,59.212611,0.913972,0.913972,0.126862
738,2010-01-08,365.0,4.267639,287.267639,0.983345,1.034161,-22.324988,-0.244335,0.830199,316.325521,72.883891,67.321162,0.785706,0.397633,14.697257,23.965084,18.678917,3.391994,-1.26399,26.46396,2.521758,0.816609,998.752798,52.285401,0.133428,0.016865,0.00048,59.72682,0.913577,0.913577,0.126753
739,2010-01-09,365.0,5.287468,288.287468,0.983369,1.034111,-22.191155,-0.243512,0.830993,188.481362,72.960127,61.658805,0.785706,0.417877,15.502586,28.456559,18.747933,1.590627,-1.538195,34.454912,2.51112,0.816609,999.474637,52.506899,0.157864,0.024283,0.000568,53.207585,0.464045,0.464045,0.084755
740,2010-01-10,365.0,6.307241,289.307241,0.983398,1.03405,-22.050061,-0.242642,0.831825,155.415815,73.04032,67.350927,0.785706,0.23246,8.657289,12.072988,18.820497,1.671809,-0.636222,37.089471,2.508149,0.816609,999.621031,52.569098,0.164995,0.010497,0.000594,57.410819,0.497553,0.497553,0.098174
741,2010-01-11,365.0,7.326949,290.326949,0.983432,1.033978,-21.901773,-0.241727,0.832694,146.803626,73.124406,68.200196,0.785706,0.193835,7.247962,9.910211,18.896563,1.635385,-0.52005,41.366531,2.503748,0.816609,999.794631,52.661511,0.175748,0.00914,0.000633,57.234807,0.500416,0.500416,0.109999
742,2010-01-12,365.0,8.346581,291.346581,0.983471,1.033896,-21.746362,-0.240765,0.833599,83.068764,73.212318,64.525321,0.785706,0.1897,7.123224,9.783512,18.976084,0.796787,-0.521682,42.883546,2.502295,0.816609,999.840702,52.692082,0.179339,0.009356,0.000646,53.98616,0.245945,0.245945,0.055852
743,2010-01-13,365.0,9.366127,292.366127,0.983515,1.033803,-21.583904,-0.239758,0.834539,93.168346,73.303985,64.336514,0.785706,0.215857,8.140828,11.335616,19.059009,0.887521,-0.604693,41.366531,2.503748,0.816609,999.794631,52.661511,0.175748,0.010627,0.000633,54.114015,0.271575,0.271575,0.059561
744,2010-01-14,365.0,10.385575,293.385575,0.983565,1.033699,-21.414476,-0.238705,0.835511,288.764165,73.399336,65.354755,0.785706,0.440513,16.688696,31.677996,19.145286,2.874771,-1.681532,37.089471,2.508149,0.816609,999.621031,52.569098,0.164995,0.027744,0.000594,55.781537,0.855571,0.855571,0.168426
745,2010-01-15,365.0,11.404916,294.404916,0.983619,1.033585,-21.238157,-0.237607,0.836516,199.679849,73.498298,68.070375,0.785706,0.267355,10.176035,14.93691,19.23486,2.223145,-0.782938,38.470662,2.506675,0.816609,999.684909,52.600019,0.168574,0.013198,0.000607,57.739315,0.667976,0.667976,0.136464
746,2010-01-16,365.0,12.424139,295.424139,0.983678,1.03346,-21.055032,-0.236464,0.837551,73.197457,73.600796,64.864326,0.785706,0.172116,6.582691,8.732205,19.327675,0.715614,-0.464101,41.366531,2.503748,0.816609,999.794631,52.661511,0.175748,0.008156,0.000633,54.565659,0.218973,0.218973,0.047943
747,2010-01-17,365.0,13.443234,296.443234,0.983743,1.033325,-20.865185,-0.235276,0.838614,42.638891,73.706755,60.216911,0.785706,0.101689,3.908473,7.729512,19.423673,0.34013,-0.418972,38.470662,2.506675,0.816609,999.684909,52.600019,0.168574,0.007063,0.000607,51.292734,0.102197,0.102197,0.020779
748,2010-01-18,365.0,14.462191,297.462191,0.983812,1.033179,-20.668705,-0.234044,0.839706,81.468815,73.816096,64.759665,0.785706,0.19702,7.611236,10.103777,19.522792,0.79501,-0.536714,41.366531,2.503748,0.816609,999.794631,52.661511,0.175748,0.009433,0.000633,54.484804,0.243268,0.243268,0.053241
749,2010-01-19,365.0,15.480999,298.480999,0.983886,1.033023,-20.465681,-0.232767,0.840823,134.290913,73.928741,68.172388,0.785706,0.208787,8.108002,10.724945,19.624972,1.508932,-0.560784,39.895963,2.505208,0.816609,999.742737,52.630824,0.172159,0.009654,0.00062,57.546956,0.457595,0.457595,0.096786
750,2010-01-20,365.0,16.499648,299.499648,0.983966,1.032857,-20.256207,-0.231447,0.841964,52.109242,74.044612,63.328688,0.785706,0.127799,4.98954,7.633344,19.730147,0.479587,-0.407614,37.089471,2.508149,0.816609,999.621031,52.569098,0.164995,0.006725,0.000594,54.137385,0.142731,0.142731,0.027989
751,2010-01-21,365.0,17.518128,300.518128,0.98405,1.032681,-20.040378,-0.230082,0.843129,150.11466,74.163628,62.166654,0.785706,0.370717,14.552823,24.555118,19.838253,1.314757,-1.317147,38.470662,2.506675,0.816609,999.684909,52.600019,0.168574,0.022204,0.000607,52.915982,0.395038,0.395038,0.080303
752,2010-01-22,365.0,18.536429,301.536429,0.984139,1.032494,-19.818289,-0.228675,0.844315,240.803377,74.285709,67.008724,0.785706,0.377857,14.916097,24.346915,19.949223,2.593124,-1.277637,34.454912,2.51112,0.816609,999.474637,52.506899,0.157864,0.020169,0.000568,57.733058,0.756511,0.756511,0.137815
753,2010-01-23,365.0,19.554541,302.554541,0.984232,1.032297,-19.590041,-0.227224,0.84552,118.344697,74.410774,64.268647,0.785706,0.296338,11.764809,16.551731,20.062988,1.138888,-0.878729,33.199343,2.512617,0.816609,999.39187,52.47562,0.154317,0.01356,0.000556,55.709151,0.32881,0.32881,0.057524
754,2010-01-24,365.0,20.572453,303.572453,0.984331,1.03209,-19.355733,-0.225731,0.846744,134.75501,74.538742,63.742975,0.785706,0.341978,13.655582,20.060657,20.179479,1.26978,-1.066853,30.806287,2.515633,0.816609,999.206545,52.412702,0.14727,0.015712,0.00053,55.762204,0.358692,0.358692,0.057998
755,2010-01-25,365.0,21.590157,304.590157,0.984434,1.031873,-19.115468,-0.224195,0.847983,62.052718,74.669533,65.668316,0.785706,0.158544,6.368228,7.768368,20.298623,0.635224,-0.409381,35.751258,2.509631,0.816609,999.550981,52.538058,0.161424,0.006608,0.000581,56.363159,0.187203,0.187203,0.035343
756,2010-01-26,365.0,22.607642,305.607642,0.984543,1.031647,-18.869349,-0.222617,0.849238,82.147154,74.803064,65.399265,0.785706,0.215385,8.703245,10.754229,20.420349,0.832792,-0.567061,35.751258,2.509631,0.816609,999.550981,52.538058,0.161424,0.009154,0.000581,56.141763,0.245428,0.245428,0.04632
757,2010-01-27,365.0,23.624899,306.624899,0.984656,1.03141,-18.617481,-0.220998,0.850506,337.564313,74.939256,66.128711,0.785706,0.543363,22.089655,41.583749,20.544582,3.532482,-2.184167,31.983483,2.514121,0.816609,999.302552,52.444222,0.150785,0.032934,0.000543,57.54116,1.008972,1.008972,0.169776
758,2010-01-28,365.0,24.641918,307.641918,0.984773,1.031164,-18.359973,-0.219337,0.851785,327.994446,75.078027,68.213599,0.785706,0.456144,18.658251,31.749965,20.671248,3.739598,-1.650969,31.983483,2.514121,0.816609,999.302552,52.444222,0.150785,0.024894,0.000543,59.30583,1.068129,1.068129,0.179765
759,2010-01-29,365.0,25.658689,308.658689,0.984895,1.030908,-18.09693,-0.217636,0.853074,324.229007,75.219299,68.716569,0.785706,0.427262,17.585938,29.833601,20.800271,3.776483,-1.546746,35.751258,2.509631,0.816609,999.550981,52.538058,0.161424,0.024968,0.000581,58.913342,1.112946,1.112946,0.209956
760,2010-01-30,365.0,26.675203,309.675203,0.985022,1.030643,-17.828462,-0.215895,0.854371,73.242312,75.362991,66.347885,0.785706,0.193535,8.016089,9.291796,20.931574,0.776901,-0.486608,34.454912,2.51112,0.816609,999.474637,52.506899,0.157864,0.007682,0.000568,57.233773,0.226651,0.226651,0.041071
761,2010-01-31,365.0,27.691451,310.691451,0.985153,1.030368,-17.554679,-0.214113,0.855674,122.344813,75.509024,63.798493,0.785706,0.327443,13.649016,20.026876,21.06508,1.167784,-1.060036,37.089471,2.508149,0.816609,999.621031,52.569098,0.164995,0.01749,0.000594,54.585696,0.347548,0.347548,0.067787
762,2010-02-01,365.0,28.707423,311.707423,0.985289,1.030084,-17.275693,-0.212292,0.856982,189.76708,75.657322,60.87622,0.785706,0.51121,21.446266,38.864138,21.200711,1.594282,-2.081994,34.454912,2.51112,0.816609,999.474637,52.506899,0.157864,0.032867,0.000568,52.651805,0.465111,0.465111,0.084007
763,2010-02-02,365.0,29.723111,312.723111,0.98543,1.02979,-16.991615,-0.210432,0.858293,254.506715,75.807807,68.045088,0.785706,0.414622,17.507156,28.11373,21.338386,2.904407,-1.458022,34.454912,2.51112,0.816609,999.474637,52.506899,0.157864,0.023017,0.000568,58.657819,0.847323,0.847323,0.153538
764,2010-02-03,365.0,30.738504,313.738504,0.985574,1.029488,-16.702557,-0.208534,0.859605,101.881076,75.960402,65.379547,0.785706,0.27805,11.81733,15.239611,21.478027,1.044599,-0.799333,34.454912,2.51112,0.816609,999.474637,52.506899,0.157864,0.012619,0.000568,56.44299,0.304748,0.304748,0.055097
765,2010-02-04,365.0,31.753595,314.753595,0.985724,1.029176,-16.408634,-0.206597,0.860917,102.830588,76.115033,65.304496,0.785706,0.284159,12.156532,15.742369,21.619553,1.052638,-0.825384,34.454912,2.51112,0.816609,999.474637,52.506899,0.157864,0.01303,0.000568,56.383137,0.307094,0.307094,0.055503
766,2010-02-05,365.0,32.768375,315.768375,0.985877,1.028856,-16.109958,-0.204623,0.862227,135.977061,76.271626,62.656534,0.785706,0.384937,16.577089,26.02846,21.762884,1.244527,-1.379735,38.470662,2.506675,0.816609,999.684909,52.600019,0.168574,0.023259,0.000607,53.399897,0.373936,0.373936,0.075466
767,2010-02-06,365.0,33.782834,316.782834,0.986035,1.028527,-15.806645,-0.202612,0.863533,241.546628,76.430107,68.516158,0.785706,0.401622,17.410867,27.451145,21.907938,2.825552,-1.416454,37.089471,2.508149,0.816609,999.621031,52.569098,0.164995,0.023371,0.000594,58.507976,0.840923,0.840923,0.164006
768,2010-02-07,365.0,34.796964,317.796964,0.986197,1.028189,-15.498809,-0.200564,0.864834,409.669401,76.590406,68.30757,0.785706,0.583081,25.44665,48.791239,22.054635,4.760047,-2.518083,37.089471,2.508149,0.816609,999.621031,52.569098,0.164995,0.041547,0.000594,58.346829,1.416654,1.416654,0.276009
769,2010-02-08,365.0,35.810757,318.810757,0.986363,1.027843,-15.186566,-0.198481,0.866128,438.777027,76.752452,69.311184,0.785706,0.589996,25.921533,47.175329,22.202892,5.310883,-2.421648,31.983483,2.514121,0.816609,999.302552,52.444222,0.150785,0.036515,0.000543,60.304888,1.51693,1.51693,0.253511
770,2010-02-09,365.0,36.824204,319.824204,0.986533,1.027488,-14.87003,-0.196362,0.867414,220.841209,76.916175,71.927789,0.785706,0.290474,12.848064,16.060265,22.352629,2.956721,-0.813815,33.199343,2.512617,0.816609,999.39187,52.47562,0.154317,0.012559,0.000556,62.230749,0.853639,0.853639,0.148321
771,2010-02-10,365.0,37.837297,320.837297,0.986708,1.027125,-14.549319,-0.194208,0.868689,145.969583,77.081509,63.50723,0.785706,0.419098,18.662627,28.216049,22.503763,1.396827,-1.484519,33.199343,2.512617,0.816609,999.39187,52.47562,0.154317,0.022909,0.000556,55.18079,0.40328,0.40328,0.06969
772,2010-02-11,365.0,38.850028,321.850028,0.986886,1.026753,-14.224547,-0.19202,0.869953,91.545973,77.248386,65.792497,0.785706,0.269058,12.06243,15.077386,22.656212,0.966386,-0.78462,38.470662,2.506675,0.816609,999.684909,52.600019,0.168574,0.013227,0.000607,56.044116,0.290365,0.290365,0.058375
773,2010-02-12,365.0,39.862389,322.862389,0.987068,1.026374,-13.895832,-0.189799,0.871204,174.783183,77.416743,70.546476,0.785706,0.295269,13.327323,17.539288,22.809896,2.231447,-0.892388,39.895963,2.505208,0.816609,999.742737,52.630824,0.172159,0.015363,0.00062,59.640852,0.676703,0.676703,0.141365
774,2010-02-13,365.0,40.874372,323.874372,0.987254,1.025987,-13.563288,-0.187544,0.87244,179.465291,77.586514,60.549094,0.785706,0.530934,24.127049,43.325626,22.964732,1.51221,-2.303616,39.895963,2.505208,0.816609,999.742737,52.630824,0.172159,0.039659,0.00062,51.468996,0.458589,0.458589,0.095259
775,2010-02-14,365.0,41.88597,324.88597,0.987444,1.025592,-13.227032,-0.185257,0.873661,63.02832,77.757639,67.331799,0.785706,0.187599,8.582884,9.545392,23.120639,0.711547,-0.492109,41.366531,2.503748,0.816609,999.794631,52.661511,0.175748,0.008649,0.000633,56.752006,0.217728,0.217728,0.047005
776,2010-02-15,365.0,42.897174,325.897174,0.987638,1.025189,-12.887179,-0.182939,0.874863,263.845705,77.930057,69.290848,0.785706,0.448211,20.645314,33.359083,23.277537,3.223202,-1.703036,39.895963,2.505208,0.816609,999.742737,52.630824,0.172159,0.029319,0.00062,58.639493,0.97746,0.97746,0.20377
777,2010-02-16,365.0,43.907977,326.907977,0.987836,1.024779,-12.543847,-0.180589,0.876047,170.215148,78.103708,61.145396,0.785706,0.509985,23.64998,41.222904,23.435344,1.47978,-2.18092,41.366531,2.503748,0.816609,999.794631,52.661511,0.175748,0.038329,0.000633,51.72052,0.452802,0.452802,0.097338
778,2010-02-17,365.0,44.918373,327.918373,0.988037,1.024362,-12.19715,-0.178209,0.87721,314.944777,78.278534,68.861787,0.785706,0.536649,25.054928,43.503244,23.59398,3.79369,-2.221626,38.470662,2.506675,0.816609,999.684909,52.600019,0.168574,0.037451,0.000607,58.600642,1.139869,1.139869,0.228765
779,2010-02-18,365.0,45.928353,328.928353,0.988242,1.023938,-11.847204,-0.175799,0.878352,437.156705,78.45448,69.967059,0.785706,0.633567,29.779674,54.683746,23.753366,5.503695,-2.775999,35.751258,2.509631,0.816609,999.550981,52.538058,0.161424,0.044811,0.000581,60.098902,1.621963,1.621963,0.302036
780,2010-02-19,365.0,46.937912,329.937912,0.98845,1.023506,-11.494125,-0.17336,0.879471,475.19667,78.63149,70.763186,0.785706,0.649306,30.725059,55.313933,23.913423,6.174958,-2.795204,33.199343,2.512617,0.816609,999.39187,52.47562,0.154317,0.043135,0.000556,61.342944,1.782779,1.782779,0.30717
781,2010-02-20,365.0,47.947041,330.947041,0.988662,1.023068,-11.138026,-0.170893,0.880565,502.360008,78.80951,71.420637,0.785706,0.670974,31.963688,55.094438,24.074071,6.699922,-2.773158,28.563809,2.51868,0.816609,998.993908,52.349298,0.140301,0.038908,0.000505,62.995132,1.849338,1.849338,0.271365
782,2010-02-21,365.0,48.955735,331.955735,0.988877,1.022622,-10.779024,-0.168398,0.881634,529.746702,78.988489,71.720254,0.785706,0.701329,33.633435,57.283096,24.235234,7.153351,-2.876772,26.46396,2.521758,0.816609,998.752798,52.285401,0.133428,0.038384,0.00048,63.779195,1.926636,1.926636,0.259893
783,2010-02-22,365.0,49.963986,332.963986,0.989096,1.022171,-10.417232,-0.165876,0.882677,555.47626,79.168376,71.128085,0.785706,0.732994,35.386339,66.451244,24.396833,7.344975,-3.343619,33.199343,2.512617,0.816609,999.39187,52.47562,0.154317,0.051598,0.000556,61.699977,2.120576,2.120576,0.363644
784,2010-02-23,365.0,50.971789,333.971789,0.989317,1.021712,-10.052764,-0.163327,0.883691,157.133049,79.349122,63.999216,0.785706,0.475533,23.109447,35.2085,24.558793,1.562346,-1.828795,35.751258,2.509631,0.816609,999.550981,52.538058,0.161424,0.029521,0.000581,55.225216,0.46043,0.46043,0.084735
785,2010-02-24,365.0,51.979136,334.979136,0.989542,1.021248,-9.685735,-0.160754,0.884676,100.564064,79.530677,67.097233,0.785706,0.307873,15.060531,18.456967,24.721037,1.13878,-0.944571,38.470662,2.506675,0.816609,999.684909,52.600019,0.168574,0.015923,0.000607,57.267902,0.342163,0.342163,0.067917
786,2010-02-25,365.0,52.986023,335.986023,0.98977,1.020777,-9.316256,-0.158155,0.885632,132.948917,79.712996,64.857791,0.785706,0.409462,20.16168,28.998805,24.883492,1.374011,-1.497897,39.895963,2.505208,0.816609,999.742737,52.630824,0.172159,0.025788,0.00062,55.154005,0.416679,0.416679,0.085651
787,2010-02-26,365.0,53.992443,336.992443,0.990001,1.020301,-8.944441,-0.155533,0.886556,39.688837,79.896033,66.556693,0.785706,0.123635,6.127504,7.82568,25.046082,0.440599,-0.400783,39.895963,2.505208,0.816609,999.742737,52.630824,0.172159,0.0069,0.00062,56.553015,0.133615,0.133615,0.027477
788,2010-02-27,365.0,54.998389,337.998389,0.990236,1.019819,-8.570403,-0.152887,0.887448,269.160233,80.079743,71.166787,0.785706,0.466782,23.284517,35.958124,25.208736,3.583516,-1.801021,41.366531,2.503748,0.816609,999.794631,52.661511,0.175748,0.031653,0.000633,60.01112,1.096531,1.096531,0.234248
789,2010-02-28,365.0,56.003858,339.003858,0.990472,1.019331,-8.194252,-0.150219,0.888307,486.185786,80.264084,70.575695,0.785706,0.71421,35.856845,70.592848,25.371382,6.335993,-3.542448,44.448208,2.50085,0.816609,999.881063,52.722538,0.182929,0.064802,0.000659,58.933476,1.972353,1.972353,0.451183
790,2010-03-01,365.0,57.008843,340.008843,0.990712,1.018838,-7.816102,-0.147529,0.889132,470.579529,80.449013,71.578488,0.785706,0.650932,32.889382,62.794561,25.533948,6.374641,-3.133431,47.725402,2.49798,0.816609,999.945071,52.89268,0.189893,0.059502,0.000684,59.142528,2.015868,2.015868,0.491579
791,2010-03-02,365.0,58.013338,341.013338,0.990955,1.018339,-7.436061,-0.144819,0.889922,146.941232,80.634489,63.7385,0.785706,0.461195,23.450834,36.580091,25.696365,1.454935,-1.890691,46.061744,2.499411,0.816609,999.915818,52.810115,0.186409,0.035244,0.000671,53.227217,0.456538,0.456538,0.107047
792,2010-03-03,365.0,59.017339,342.017339,0.9912,1.017835,-7.054241,-0.142088,0.890676,175.17751,80.820473,62.307362,0.785706,0.555771,28.438187,47.619225,25.858564,1.630919,-2.474743,42.883546,2.502295,0.816609,999.840702,52.692082,0.179339,0.044382,0.000646,52.583401,0.503418,0.503418,0.110407
793,2010-03-04,365.0,60.020841,343.020841,0.991448,1.017326,-6.670751,-0.139338,0.891394,346.563751,81.006926,70.462505,0.785706,0.606077,31.206505,55.022144,26.020478,4.512652,-2.752625,44.448208,2.50085,0.816609,999.881063,52.722538,0.182929,0.050354,0.000659,58.887866,1.404759,1.404759,0.320257
794,2010-03-05,365.0,61.023839,344.023839,0.991698,1.016813,-6.285702,-0.13657,0.892074,460.603679,81.193809,71.989135,0.785706,0.681072,35.285673,64.142276,26.182041,6.356539,-3.182867,41.366531,2.503748,0.816609,999.794631,52.661511,0.175748,0.055938,0.000633,60.758357,1.945056,1.945056,0.413003
795,2010-03-06,365.0,62.026328,345.026328,0.991951,1.016295,-5.899201,-0.133784,0.892717,503.958435,81.381087,72.392607,0.785706,0.701255,36.554942,68.667549,26.343188,7.064382,-3.397751,44.448208,2.50085,0.816609,999.881063,52.722538,0.182929,0.062155,0.000659,60.48279,2.199096,2.199096,0.499836
796,2010-03-07,365.0,63.028305,346.028305,0.992206,1.015772,-5.511358,-0.130981,0.893321,517.15913,81.568722,72.580977,0.785706,0.703012,36.870069,70.561667,26.503854,7.304729,-3.48512,47.725402,2.49798,0.816609,999.945071,52.89268,0.189893,0.06618,0.000684,60.041349,2.309992,2.309992,0.559362
797,2010-03-08,365.0,64.029763,347.029763,0.992463,1.015246,-5.122279,-0.128163,0.893885,482.652963,81.756681,73.923487,0.785706,0.650264,34.309647,57.615553,26.663978,7.162013,-2.824748,37.089471,2.508149,0.816609,999.621031,52.569098,0.164995,0.046607,0.000594,63.358279,2.131512,2.131512,0.402578
798,2010-03-09,365.0,65.030701,348.030701,0.992723,1.014715,-4.732072,-0.125329,0.89441,507.198169,81.944928,74.976504,0.785706,0.681112,36.152278,54.024498,26.823498,7.817691,-2.632718,25.465127,2.523309,0.816609,998.621183,52.253266,0.130032,0.034234,0.000468,67.058109,2.078749,2.078749,0.262692
799,2010-03-10,365.0,66.031112,349.031112,0.992984,1.01418,-4.340845,-0.122481,0.894895,472.260578,82.13343,75.048283,0.785706,0.633574,33.828204,51.195943,26.982355,7.30154,-2.491671,29.666731,2.517153,0.816609,999.103712,52.381061,0.143775,0.035824,0.000518,66.076408,2.039195,2.039195,0.303763
800,2010-03-11,365.0,67.030995,350.030995,0.993248,1.013642,-3.948703,-0.11962,0.895339,226.897015,82.322155,61.770664,0.785706,0.7322,39.32326,68.948805,27.140489,2.073439,-3.566168,37.089471,2.508149,0.816609,999.621031,52.569098,0.164995,0.05884,0.000594,53.331345,0.617084,0.617084,0.115118
801,2010-03-12,365.0,68.030344,351.030344,0.993514,1.013099,-3.555752,-0.116746,0.895742,116.120125,82.511069,67.504465,0.785706,0.380864,20.573096,26.240228,27.297845,1.353415,-1.321304,41.366531,2.503748,0.816609,999.794631,52.661511,0.175748,0.023222,0.000633,57.295413,0.414135,0.414135,0.086453
802,2010-03-13,365.0,69.029158,352.029158,0.993781,1.012554,-3.162097,-0.113861,0.896103,242.218878,82.700142,74.890393,0.785706,0.430213,23.372052,28.99921,27.454366,3.729173,-1.408487,31.983483,2.514121,0.816609,999.302552,52.444222,0.150785,0.021238,0.000543,65.41237,1.065152,1.065152,0.171394
803,2010-03-14,365.0,70.027432,353.027432,0.994051,1.012005,-2.767843,-0.110965,0.896422,534.315274,82.889342,73.51046,0.785706,0.799699,43.691298,76.661528,27.609998,7.833854,-3.745009,37.089471,2.508149,0.816609,999.621031,52.569098,0.164995,0.061791,0.000594,63.111689,2.331461,2.331461,0.436802
804,2010-03-15,365.0,71.025163,354.025163,0.994322,1.011454,-2.373095,-0.108059,0.8967,517.252721,83.078639,73.913663,0.785706,0.727769,39.984158,72.624337,27.764688,7.696889,-3.537525,44.448208,2.50085,0.816609,999.881063,52.722538,0.182929,0.064712,0.000659,61.91445,2.395991,2.395991,0.536433
805,2010-03-16,365.0,72.022348,355.022348,0.994595,1.010899,-1.977956,-0.105143,0.896935,531.104188,83.268003,73.451996,0.785706,0.729743,40.314604,79.835667,27.918385,7.774788,-3.893852,58.832904,2.489538,0.816609,1000.010491,53.299671,0.210749,0.082062,0.000759,58.950333,2.565205,2.565205,0.0
806,2010-03-17,365.0,73.018986,356.018986,0.994869,1.010342,-1.582529,-0.10222,0.897127,514.262172,83.457404,74.927485,0.785706,0.687323,38.17873,67.404245,28.071039,7.936936,-3.260878,46.061744,2.499411,0.816609,999.915818,52.810115,0.186409,0.060786,0.000671,60.336184,2.490499,2.490499,0.656963
807,2010-03-18,365.0,74.015073,357.015073,0.995145,1.009782,-1.186918,-0.09929,0.897277,557.051602,83.646813,75.01534,0.785706,0.742254,41.452568,73.926523,28.222601,8.625404,-3.571485,42.883546,2.502295,0.816609,999.840702,52.692082,0.179339,0.064051,0.000646,61.173839,2.662416,2.662416,0.656181
808,2010-03-19,365.0,75.010606,358.010606,0.995422,1.00922,-0.791224,-0.096353,0.897384,540.11955,83.8362,75.357241,0.785706,0.719142,40.375879,70.484412,28.373025,8.465138,-3.396246,42.883546,2.502295,0.816609,999.840702,52.692082,0.179339,0.060908,0.000646,61.486967,2.612946,2.612946,0.642139
809,2010-03-20,365.0,76.005584,359.005584,0.9957,1.008656,-0.39555,-0.093411,0.897448,233.224962,84.025538,63.23062,0.785706,0.721195,40.704136,72.486316,28.522264,2.278211,-3.694601,46.061744,2.499411,0.816609,999.915818,52.810115,0.186409,0.068871,0.000671,51.45575,0.714871,0.714871,0.185905
810,2010-03-21,365.0,77.000005,5e-06,0.99598,1.00809,2e-06,-0.090464,0.897469,122.568129,84.214798,69.522994,0.785706,0.382652,21.708873,27.393818,28.670276,1.549912,-1.35511,46.061744,2.499411,0.816609,999.915818,52.810115,0.186409,0.02526,0.000671,56.327893,0.486341,0.486341,0.126983
811,2010-03-22,365.0,77.993866,0.993866,0.99626,1.007522,0.395332,-0.087514,0.897448,131.444665,84.403952,70.116265,0.785706,0.412556,23.525242,28.618056,28.817017,1.700541,-1.410381,37.089471,2.508149,0.816609,999.621031,52.569098,0.164995,0.023271,0.000594,58.700183,0.506104,0.506104,0.108106
812,2010-03-23,365.0,78.987167,1.987167,0.996542,1.006952,0.790339,-0.084561,0.897384,251.425625,84.59297,63.732334,0.785706,0.793858,45.496723,78.593147,28.962447,2.509693,-3.985895,39.895963,2.505208,0.816609,999.742737,52.630824,0.172159,0.068621,0.00062,52.980968,0.761083,0.761083,0.173869
813,2010-03-24,365.0,79.979905,2.979905,0.996825,1.006381,1.184922,-0.081606,0.897278,371.603137,84.781827,73.908853,0.785706,0.651093,37.50033,62.090795,29.106525,5.532184,-2.998905,46.061744,2.499411,0.816609,999.915818,52.810115,0.186409,0.055902,0.000671,59.655773,1.735922,1.735922,0.455184
814,2010-03-25,365.0,80.972079,3.972079,0.997108,1.005809,1.578982,-0.07865,0.897129,112.681759,84.970492,70.990563,0.785706,0.360143,20.844457,24.065,29.249214,1.50654,-1.177748,41.366531,2.503748,0.816609,999.794631,52.661511,0.175748,0.020699,0.000633,58.464282,0.460991,0.460991,0.109092
815,2010-03-26,365.0,81.963688,4.963688,0.997393,1.005235,1.972419,-0.075694,0.896938,244.17544,85.158939,77.172689,0.785706,0.430094,25.013349,30.14047,29.390478,4.071752,-1.429668,35.751258,2.509631,0.816609,999.550981,52.538058,0.161424,0.023078,0.000581,64.713624,1.199963,1.199963,0.247224
816,2010-03-27,365.0,82.954732,5.954732,0.997678,1.004661,2.365134,-0.072739,0.896705,189.225155,85.347139,66.187772,0.785706,0.608793,35.574541,54.742225,29.530281,2.092812,-2.735277,42.883546,2.502295,0.816609,999.840702,52.692082,0.179339,0.049054,0.000646,54.387982,0.645991,0.645991,0.157534
817,2010-03-28,365.0,83.945208,6.945208,0.997963,1.004086,2.757027,-0.069786,0.896431,267.314142,85.535064,76.115584,0.785706,0.472359,27.731334,38.847393,29.66859,4.296832,-1.848896,49.440455,2.496556,0.816609,999.968924,52.970548,0.193378,0.035754,0.000696,60.667357,1.36911,1.36911,0.380939
818,2010-03-29,365.0,84.935118,7.935118,0.998249,1.003511,3.148001,-0.066836,0.896115,145.843702,85.722685,68.081241,0.785706,0.473864,27.947984,39.038925,29.805372,1.740197,-1.929945,49.440455,2.496556,0.816609,999.968924,52.970548,0.193378,0.037321,0.000696,54.622022,0.554483,0.554483,0.153437
819,2010-03-30,365.0,85.924459,8.924459,0.998536,1.002935,3.537958,-0.063889,0.895759,277.018309,85.909975,77.384925,0.785706,0.490784,29.077197,36.495735,29.940598,4.646611,-1.722663,34.454912,2.51112,0.816609,999.474637,52.506899,0.157864,0.027195,0.000568,65.012639,1.355589,1.355589,0.273419
820,2010-03-31,365.0,86.913232,9.913232,0.998823,1.002358,3.926798,-0.060947,0.895362,278.034471,86.096904,79.711179,0.785706,0.415903,24.750741,27.518269,30.074238,5.035061,-1.282421,31.983483,2.514121,0.816609,999.302552,52.444222,0.150785,0.019337,0.000543,67.585309,1.438148,1.438148,0.269201
821,2010-04-01,365.0,87.901437,10.901437,0.99911,1.001782,4.314426,-0.05801,0.894926,501.076284,86.283443,78.303053,0.785706,0.705043,42.141914,61.844458,30.206264,8.659544,-2.900086,31.983483,2.514121,0.816609,999.302552,52.444222,0.150785,0.043729,0.000543,66.473374,2.473398,2.473398,0.461929
822,2010-04-02,365.0,88.889074,11.889074,0.999398,1.001206,4.700743,-0.055079,0.894451,103.544559,86.469563,73.279987,0.785706,0.348618,20.927618,20.941873,30.33665,1.5022,-1.006014,31.983483,2.514121,0.816609,999.302552,52.444222,0.150785,0.015169,0.000543,62.435275,0.429069,0.429069,0.079708
823,2010-04-03,365.0,89.876143,12.876143,0.999685,1.00063,5.085652,-0.052156,0.893936,343.473393,86.655233,77.482105,0.785706,0.618131,37.26398,48.635816,30.465371,5.768476,-2.285827,28.563809,2.51868,0.816609,998.993908,52.349298,0.140301,0.03207,0.000505,66.82967,1.592237,1.592237,0.263866
824,2010-04-04,365.0,90.862644,13.862644,0.999973,1.000055,5.469058,-0.049241,0.893384,157.721044,86.840425,69.950903,0.785706,0.534444,32.353223,40.539654,30.592404,2.018398,-1.975462,31.983483,2.514121,0.816609,999.302552,52.444222,0.150785,0.029787,0.000543,59.732963,0.576509,0.576509,0.106719
825,2010-04-05,365.0,91.848578,14.848578,1.00026,0.99948,5.850862,-0.046335,0.892794,139.826781,87.025106,70.086303,0.785706,0.478835,29.105647,36.041051,30.717727,1.797537,-1.753493,37.089471,2.508149,0.816609,999.621031,52.569098,0.164995,0.028932,0.000594,58.62007,0.534971,0.534971,0.114755
826,2010-04-06,365.0,92.833946,15.833946,1.000547,0.998906,6.23097,-0.043438,0.892168,141.262267,87.209247,70.243242,0.785706,0.486455,29.68776,36.465303,30.841319,1.825653,-1.771167,35.751258,2.509631,0.816609,999.550981,52.538058,0.161424,0.028591,0.000581,59.067326,0.538028,0.538028,0.111271
827,2010-04-07,365.0,93.818749,16.818749,1.000834,0.998334,6.609285,-0.040553,0.891505,497.855491,87.392815,76.75641,0.785706,0.904576,55.423276,81.490574,30.963162,8.135653,-3.829502,44.448208,2.50085,0.816609,999.881063,52.722538,0.182929,0.070053,0.000659,62.112074,2.532575,2.532575,0.646878
828,2010-04-08,365.0,94.802987,17.802987,1.001121,0.997762,6.985712,-0.037679,0.890807,500.509598,87.575778,78.309112,0.785706,0.76282,46.919176,71.485908,31.083236,8.611673,-3.329828,34.454912,2.51112,0.816609,999.474637,52.506899,0.157864,0.052566,0.000568,65.908555,2.512344,2.512344,0.501289
829,2010-04-09,365.0,95.786662,18.786662,1.001407,0.997191,7.360154,-0.034818,0.890075,638.845368,87.758104,80.378151,0.785706,0.913934,56.427753,72.798291,31.201526,11.751325,-3.351877,31.983483,2.514121,0.816609,999.302552,52.444222,0.150785,0.050541,0.000543,68.295201,3.356493,3.356493,0.620558
830,2010-04-10,365.0,96.769775,19.769775,1.001693,0.996622,7.732518,-0.031971,0.889309,182.513602,87.939758,67.017382,0.785706,0.634037,39.292624,57.539487,31.318017,2.070888,-2.827621,41.366531,2.503748,0.816609,999.794631,52.661511,0.175748,0.049695,0.000633,55.360938,0.633677,0.633677,0.149359
831,2010-04-11,365.0,97.752328,20.752328,1.001978,0.996055,8.102707,-0.029138,0.88851,406.226657,88.120707,75.107812,0.785706,0.741673,46.131358,80.9245,31.432694,6.248848,-3.820261,56.840928,2.490928,0.816609,1000.012234,53.240943,0.20729,0.07919,0.000746,58.419828,2.048182,2.048182,0.0
832,2010-04-12,365.0,98.734322,21.734322,1.002263,0.99549,8.470628,-0.02632,0.887679,144.56071,88.300915,70.106492,0.785706,0.480293,29.981004,39.860217,31.545545,1.849178,-1.926766,49.440455,2.496556,0.816609,999.968924,52.970548,0.193378,0.03726,0.000696,54.653288,0.589208,0.589208,0.177541
833,2010-04-13,365.0,99.715759,22.715759,1.002547,0.994926,8.836185,-0.023518,0.886818,125.054735,88.480349,72.25472,0.785706,0.41639,26.083473,30.859919,31.656558,1.73258,-1.474868,44.448208,2.50085,0.816609,999.881063,52.722538,0.182929,0.02698,0.000659,57.079002,0.539341,0.539341,0.150678
834,2010-04-14,365.0,100.696642,23.696642,1.00283,0.994365,9.199284,-0.020734,0.885926,431.215956,88.65897,76.162026,0.785706,0.773517,48.621751,82.43111,31.765724,6.861171,-3.860119,49.440455,2.496556,0.816609,999.968924,52.970548,0.193378,0.074646,0.000696,58.792104,2.186191,2.186191,0.669304
835,2010-04-15,365.0,101.676973,24.676973,1.003112,0.993806,9.559832,-0.017967,0.885006,535.74439,88.836741,77.967381,0.785706,0.809219,51.037736,89.217049,31.873032,9.054088,-4.135876,58.832904,2.489538,0.816609,1000.010491,53.299671,0.210749,0.087163,0.000759,58.039301,2.987296,2.987296,0.0
836,2010-04-16,365.0,102.656753,25.656753,1.003393,0.993249,9.917734,-0.015219,0.884058,626.978063,89.013626,79.330515,0.785706,0.87008,55.057816,93.080286,31.978476,11.072672,-4.28083,67.410908,2.484044,0.816609,999.955764,53.506817,0.22444,0.096079,0.000808,54.776235,3.744413,3.744413,0.0
837,2010-04-17,365.0,103.635986,26.635986,1.003673,0.992695,10.272897,-0.01249,0.883083,636.372245,89.189585,79.843407,0.785706,0.838522,53.232694,91.148667,32.082049,11.41519,-4.176999,62.996953,2.486778,0.816609,999.992517,53.408313,0.217627,0.090903,0.000783,53.496704,3.814294,3.814294,0.0
838,2010-04-18,365.0,104.614673,27.614673,1.003951,0.992144,10.625227,-0.009782,0.882082,675.820072,89.364577,80.46726,0.785706,0.856318,54.534789,92.114477,32.183745,12.355115,-4.203685,65.171945,2.485408,0.816609,999.976449,53.458715,0.221043,0.092919,0.000796,51.391312,4.153499,4.153499,0.0
839,2010-04-19,365.0,105.592818,28.592818,1.004229,0.991595,10.974631,-0.007096,0.881056,715.34294,89.538564,80.77355,0.785706,0.882446,56.373041,95.977714,32.28356,13.191092,-4.368958,74.527011,2.479993,0.816609,999.866744,53.639508,0.234502,0.102453,0.000844,49.564693,4.536157,4.536157,0.0
840,2010-04-20,365.0,106.570424,29.570424,1.004505,0.99105,11.321017,-0.004431,0.880007,487.282535,89.711503,81.776095,0.785706,0.582682,37.336201,59.17893,32.38149,9.264231,-2.677237,67.410908,2.484044,0.816609,999.955764,53.506817,0.22444,0.060088,0.000808,51.626087,3.132858,3.132858,0.0
841,2010-04-21,365.0,107.547494,30.547494,1.00478,0.990508,11.664291,-0.001789,0.878936,214.111963,89.883352,85.197729,0.785706,0.249668,16.045308,15.371686,32.477533,4.513154,-0.682194,56.840928,2.490928,0.816609,1000.012234,53.240943,0.20729,0.014141,0.000746,56.162376,1.479274,1.479274,0.0
842,2010-04-22,365.0,108.524031,31.524031,1.005054,0.989969,12.004362,0.000828,0.877843,511.224577,90.054067,82.767219,0.785706,0.588209,37.911745,56.924652,32.571688,9.999299,-2.557088,56.840928,2.490928,0.816609,1000.012234,53.240943,0.20729,0.053006,0.000746,54.743126,3.277465,3.277465,0.0
843,2010-04-23,365.0,109.500038,32.500038,1.005325,0.989434,12.341137,0.003422,0.876731,791.160802,90.223605,83.076579,0.785706,0.879821,56.867616,86.319621,32.663953,15.603036,-3.867626,53.029959,2.493728,0.816609,1000.000813,53.113388,0.200345,0.077486,0.000721,55.949341,5.044357,5.044357,2.049091
844,2010-04-24,365.0,110.475519,33.475519,1.005596,0.988902,12.674525,0.005989,0.8756,546.488677,90.391919,83.595302,0.785706,0.608361,39.430494,56.650575,32.754331,10.935902,-2.528959,47.725402,2.49798,0.816609,999.945071,52.89268,0.189893,0.048023,0.000684,57.853073,3.458286,3.458286,1.303424
845,2010-04-25,365.0,111.450478,34.450478,1.005864,0.988374,13.004434,0.008531,0.874452,777.359056,90.558965,83.431693,0.785706,0.866746,56.329275,84.388002,32.842822,15.458183,-3.767113,49.440455,2.496556,0.816609,999.968924,52.970548,0.193378,0.072848,0.000696,57.364497,4.925478,4.925478,1.89685
846,2010-04-26,365.0,112.424918,35.424918,1.006131,0.98785,13.330773,0.011045,0.873287,727.284485,90.724693,82.392571,0.785706,0.812477,52.941636,92.114477,32.929429,13.988253,-4.131237,65.171945,2.485408,0.816609,999.976449,53.458715,0.221043,0.091318,0.000796,52.830403,4.702522,4.702522,0.0
847,2010-04-27,365.0,113.398844,36.398844,1.006396,0.98733,13.653451,0.013532,0.872108,415.682811,90.889058,82.364616,0.785706,0.583675,38.130586,53.792532,33.014155,7.977323,-2.410773,49.440455,2.496556,0.816609,999.968924,52.970548,0.193378,0.046619,0.000696,56.530754,2.541833,2.541833,0.983417
848,2010-04-28,365.0,114.372259,37.372259,1.006658,0.986815,13.972378,0.01599,0.870915,242.187002,91.052008,85.10331,0.785706,0.344002,22.529521,21.876937,33.097004,5.044194,-0.965252,38.470662,2.506675,0.816609,999.684909,52.600019,0.168574,0.016272,0.000607,61.853494,1.5156,1.5156,0.48607
849,2010-04-29,365.0,115.345167,38.345167,1.006919,0.986304,14.287464,0.018419,0.86971,456.681637,91.213494,84.846591,0.785706,0.541327,35.539526,44.087316,33.17798,9.426154,-1.946217,38.470662,2.506675,0.816609,999.684909,52.600019,0.168574,0.032808,0.000607,61.685849,2.832223,2.832223,0.908223
850,2010-04-30,365.0,116.317574,39.317574,1.007178,0.985797,14.598619,0.020817,0.868495,581.068938,91.373465,84.648925,0.785706,0.64572,42.494246,59.159419,33.257091,11.906285,-2.612097,41.366531,2.503748,0.816609,999.794631,52.661511,0.175748,0.045907,0.000633,60.567656,3.643239,3.643239,1.235172
851,2010-05-01,365.0,117.289483,40.289483,1.007435,0.985295,14.905755,0.023185,0.86727,234.37564,91.53187,85.070601,0.785706,0.348752,23.004403,22.900281,33.33434,4.856346,-1.007945,41.366531,2.503748,0.816609,999.794631,52.661511,0.175748,0.017714,0.000633,60.950077,1.486008,1.486008,0.502106
852,2010-05-02,365.0,118.2609,41.2609,1.007689,0.984797,15.208781,0.025521,0.866037,563.940641,91.688654,81.87454,0.785706,0.846676,55.974752,83.422193,33.409737,10.584071,-3.732397,47.725402,2.49798,0.816609,999.945071,52.89268,0.189893,0.070876,0.000684,56.956457,3.347026,3.347026,1.254327
853,2010-05-03,365.0,119.231828,42.231828,1.007941,0.984305,15.507611,0.027824,0.864797,435.353703,91.843764,82.165917,0.785706,0.660316,43.750383,63.431134,33.483288,8.233697,-2.831201,46.061744,2.499411,0.816609,999.915818,52.810115,0.186409,0.052776,0.000671,57.702199,2.583619,2.583619,0.941951
854,2010-05-04,365.0,120.202273,43.202273,1.008191,0.983817,15.802157,0.030095,0.863552,368.15775,91.997146,83.689266,0.785706,0.570708,37.894239,46.025846,33.555002,7.286715,-2.035882,34.454912,2.51112,0.816609,999.474637,52.506899,0.157864,0.032139,0.000568,62.789526,2.125805,2.125805,0.614444
855,2010-05-05,365.0,121.17224,44.17224,1.008438,0.983335,16.092332,0.032331,0.862303,197.000133,92.148744,85.749048,0.785706,0.321269,21.376237,18.961138,33.624887,4.140736,-0.828678,34.454912,2.51112,0.816609,999.474637,52.506899,0.157864,0.013082,0.000568,64.257784,1.208006,1.208006,0.348591
856,2010-05-06,365.0,122.141733,45.141733,1.008683,0.982858,16.378048,0.034533,0.861052,638.804902,92.298501,84.201882,0.785706,0.821637,54.779887,77.627337,33.692953,12.804047,-3.418592,38.470662,2.506675,0.816609,999.684909,52.600019,0.168574,0.057628,0.000607,61.749322,3.84716,3.84716,1.212955
857,2010-05-07,365.0,123.110759,46.110759,1.008925,0.982386,16.659221,0.0367,0.8598,695.899466,92.44636,84.634336,0.785706,0.824906,55.105959,81.490574,33.75921,14.110277,-3.577399,44.448208,2.50085,0.816609,999.881063,52.722538,0.182929,0.065441,0.000659,60.079327,4.392436,4.392436,1.546636
858,2010-05-08,365.0,124.079323,47.079323,1.009165,0.98192,16.935766,0.03883,0.858548,601.410097,92.592264,84.858663,0.785706,0.691534,46.284545,69.623713,33.823668,12.258516,-3.050274,49.440455,2.496556,0.816609,999.968924,52.970548,0.193378,0.058986,0.000696,58.830764,3.90596,3.90596,1.480242
859,2010-05-09,365.0,125.047429,48.047429,1.009401,0.981459,17.207597,0.040925,0.857298,744.828621,92.736152,85.070291,0.785706,0.846908,56.788835,85.353812,33.886338,15.255522,-3.732152,51.2082,2.495138,0.816609,999.987473,53.044019,0.196863,0.073472,0.000709,58.585171,4.896809,4.896809,1.895394
860,2010-05-10,365.0,126.015084,49.015084,1.009635,0.981004,17.474631,0.042981,0.856051,179.517292,92.877967,85.739403,0.785706,0.302972,20.352068,19.132942,33.947232,3.744846,-0.832884,46.061744,2.499411,0.816609,999.915818,52.810115,0.186409,0.015526,0.000671,60.712293,1.17508,1.17508,0.419329
861,2010-05-11,365.0,126.982294,49.982294,1.009866,0.980555,17.736786,0.045,0.854809,433.736618,93.017649,84.725047,0.785706,0.569637,38.33192,53.604353,34.00636,8.76729,-2.344698,54.907078,2.492324,0.816609,1000.009037,53.178937,0.203822,0.04779,0.000734,57.50465,2.85423,2.85423,0.0
862,2010-05-12,365.0,127.949063,50.949063,1.010095,0.980112,17.993979,0.04698,0.853573,707.91297,93.155136,84.686328,0.785706,0.808895,54.523851,89.217049,34.063735,14.272105,-3.900311,58.832904,2.489538,0.816609,1000.010491,53.299671,0.210749,0.082199,0.000759,55.34094,4.708922,4.708922,0.0
863,2010-05-13,365.0,128.915399,51.915399,1.01032,0.979675,18.24613,0.048921,0.852345,887.347438,93.290367,86.38115,0.785706,0.911461,61.537652,91.148667,34.119369,18.779608,-3.944799,62.996953,2.486778,0.816609,999.992517,53.408313,0.217627,0.08585,0.000783,55.239576,6.275055,6.275055,0.0
864,2010-05-14,365.0,129.881307,52.881307,1.010542,0.979245,18.493159,0.050822,0.851125,984.480802,93.423283,86.989097,0.785706,0.865752,58.54393,94.046095,34.173274,21.174825,-4.053493,69.715366,2.482687,0.816609,999.930536,53.55284,0.227817,0.092345,0.00082,53.95802,7.201857,7.201857,0.0
865,2010-05-15,365.0,130.846793,53.846793,1.010761,0.97882,18.734985,0.052683,0.849916,950.497462,93.553819,86.674016,0.785706,0.820228,55.550208,96.943523,34.225464,20.229972,-4.182666,77.037385,2.478655,0.816609,999.828319,53.680558,0.237807,0.099467,0.000856,52.181243,6.993515,6.993515,3.587595
866,2010-05-16,365.0,131.811864,54.811864,1.010977,0.978402,18.971532,0.054502,0.848719,838.632649,93.681916,86.61483,0.785706,0.725676,49.219181,87.735769,34.275951,17.793419,-3.783945,82.275411,2.475999,0.816609,999.738747,53.759049,0.244334,0.092455,0.00088,51.28287,6.213809,6.213809,3.293369
867,2010-05-17,365.0,132.776526,55.776526,1.01119,0.977991,19.202722,0.05628,0.847535,664.000798,93.80751,87.626222,0.785706,0.576758,39.17445,60.678922,34.324748,14.483455,-2.60047,77.037385,2.478655,0.816609,999.828319,53.680558,0.237807,0.061841,0.000856,53.166652,5.006941,5.006941,2.545855
868,2010-05-18,365.0,133.740785,56.740785,1.011399,0.977586,19.42848,0.058016,0.846365,381.814137,93.930538,89.706862,0.785706,0.331983,22.579853,23.804589,34.371869,8.816071,-1.007587,58.832904,2.489538,0.816609,1000.010491,53.299671,0.210749,0.021235,0.000759,58.734531,2.908765,2.908765,1.253493
869,2010-05-19,365.0,134.704648,57.704648,1.011605,0.977188,19.648731,0.059709,0.845211,744.22143,94.05094,88.038835,0.785706,0.643296,43.811657,65.962941,34.417327,16.379598,-2.816546,58.832904,2.489538,0.816609,1000.010491,53.299671,0.210749,0.059358,0.000759,57.252387,5.404266,5.404266,2.356293
870,2010-05-20,365.0,135.668122,58.668122,1.011808,0.976796,19.863402,0.061358,0.844075,680.110297,94.168652,88.98212,0.785706,0.588114,40.104515,51.928084,34.461135,15.349834,-2.204053,42.883546,2.502295,0.816609,999.840702,52.692082,0.179339,0.039527,0.000646,62.71088,4.738055,4.738055,1.657382
871,2010-05-21,365.0,136.631213,59.631213,1.012007,0.976412,20.072421,0.062963,0.842957,470.798777,94.283613,89.645523,0.785706,0.437197,29.849702,32.098388,34.503307,10.808656,-1.356398,39.895963,2.505208,0.816609,999.742737,52.630824,0.172159,0.023352,0.00062,64.29997,3.277805,3.277805,1.082128
872,2010-05-22,365.0,137.593929,60.593929,1.012203,0.976034,20.275718,0.064524,0.841859,610.544335,94.39576,89.146738,0.785706,0.55578,37.990528,47.049247,34.543856,13.806699,-1.992554,41.366531,2.503748,0.816609,999.794631,52.661511,0.175748,0.035019,0.000633,63.543834,4.224752,4.224752,1.429834
873,2010-05-23,365.0,138.556276,61.556276,1.012395,0.975664,20.473224,0.066041,0.840781,734.580479,94.505032,88.563215,0.785706,0.664202,45.452952,63.998363,34.582797,16.322148,-2.717644,46.061744,2.499411,0.816609,999.915818,52.810115,0.186409,0.050659,0.000671,61.679355,5.121662,5.121662,1.872309
874,2010-05-24,365.0,139.518261,62.518261,1.012583,0.975301,20.664871,0.067511,0.839727,739.303437,94.611369,88.112871,0.785706,0.712616,48.818706,70.355085,34.620141,16.199667,-2.99339,44.448208,2.50085,0.816609,999.881063,52.722538,0.182929,0.054758,0.000659,62.099971,5.04285,5.04285,1.787174
875,2010-05-25,365.0,140.479892,63.479892,1.012768,0.974945,20.850593,0.068936,0.838696,739.596671,94.714708,87.977144,0.785706,0.691968,47.453146,72.880201,34.655903,16.124131,-3.101395,56.840928,2.490928,0.816609,1000.012234,53.240943,0.20729,0.064289,0.000746,58.405026,5.284998,5.284998,0.0
876,2010-05-26,365.0,141.441175,64.441175,1.012949,0.974596,21.030326,0.070314,0.83769,568.088936,94.814992,89.651645,0.785706,0.492355,33.797564,42.838195,34.690095,12.962949,-1.804719,54.907078,2.492324,0.816609,1000.009037,53.178937,0.203822,0.036784,0.000734,59.270496,4.220145,4.220145,1.759189
877,2010-05-27,365.0,142.402118,65.402118,1.013126,0.974255,21.204008,0.071646,0.836709,320.82538,94.912161,90.788159,0.785706,0.300027,20.614676,19.293381,34.722731,7.542779,-0.807091,49.440455,2.496556,0.816609,999.968924,52.970548,0.193378,0.015607,0.000696,61.598305,2.403374,2.403374,0.932864
878,2010-05-28,365.0,143.362728,66.362728,1.0133,0.973922,21.371578,0.07293,0.835756,606.855768,95.006157,89.44545,0.785706,0.554554,38.137152,49.167073,34.753824,13.737144,-2.071529,47.725402,2.49798,0.816609,999.945071,52.89268,0.189893,0.039337,0.000684,61.353117,4.34413,4.34413,1.643833
879,2010-05-29,365.0,144.323014,67.323014,1.01347,0.973596,21.532977,0.074167,0.834832,749.360394,95.096923,88.818399,0.785706,0.678876,46.7266,68.478433,34.783387,16.651314,-2.893985,51.2082,2.495138,0.816609,999.987473,53.044019,0.196863,0.056972,0.000709,59.92546,5.344839,5.344839,2.122219
880,2010-05-30,365.0,145.282981,68.282981,1.013635,0.973277,21.688148,0.075356,0.833937,867.301791,95.184403,88.145011,0.785706,0.783071,53.941734,88.768588,34.811431,18.890491,-3.763961,58.832904,2.489538,0.816609,1000.010491,53.299671,0.210749,0.079325,0.000759,57.360194,6.232707,6.232707,0.0
881,2010-05-31,365.0,146.242638,69.242638,1.013797,0.972967,21.837036,0.076496,0.833072,491.086988,95.268542,90.246964,0.785706,0.426331,29.390139,35.802741,34.837969,11.327639,-1.499316,62.996953,2.486778,0.816609,999.992517,53.408313,0.217627,0.032629,0.000783,57.370204,3.785039,3.785039,1.725081
882,2010-06-01,365.0,147.201993,70.201993,1.013955,0.972664,21.979587,0.077587,0.832239,409.779845,95.349288,90.842585,0.785706,0.355856,24.549409,26.778648,34.863014,9.596792,-1.117064,60.88443,2.488154,0.816609,1000.003891,53.355378,0.214195,0.023927,0.000771,58.258703,3.186738,3.186738,1.421747
883,2010-06-02,365.0,148.161053,71.161053,1.014108,0.972369,22.115752,0.078629,0.831438,311.358644,95.426588,91.428158,0.785706,0.270468,18.671382,18.029852,34.886577,7.400528,-0.74924,65.171945,2.485408,0.816609,999.976449,53.458715,0.221043,0.016561,0.000796,57.443082,2.487884,2.487884,1.158462
884,2010-06-03,365.0,149.119827,72.119827,1.014258,0.972082,22.24548,0.079622,0.830671,489.646898,95.500393,90.570881,0.785706,0.425468,29.390139,34.934104,34.908669,11.361655,-1.458282,58.832904,2.489538,0.816609,1000.010491,53.299671,0.210749,0.030733,0.000759,58.67199,3.748652,3.748652,1.635879
885,2010-06-04,365.0,150.078321,73.078321,1.014404,0.971803,22.368726,0.080565,0.829938,642.903649,95.570654,89.601714,0.785706,0.558797,38.622975,55.504394,34.929302,14.514364,-2.328951,67.410908,2.484044,0.816609,999.955764,53.506817,0.22444,0.052271,0.000808,55.904772,4.908279,4.908279,2.331651
886,2010-06-05,365.0,151.036545,74.036545,1.014545,0.971533,22.485444,0.081457,0.829241,966.45119,95.637325,88.973614,0.785706,0.840251,58.10844,93.080286,34.948486,21.424023,-3.91818,67.410908,2.484044,0.816609,999.955764,53.506817,0.22444,0.08794,0.000808,55.568499,7.244898,7.244898,3.440972
887,2010-06-06,365.0,151.994505,74.994505,1.014682,0.97127,22.595593,0.0823,0.828579,623.223717,95.700361,89.612137,0.785706,0.54312,37.57911,54.786678,34.966231,14.051067,-2.296997,74.527011,2.479993,0.816609,999.866744,53.639508,0.234502,0.053865,0.000844,54.427915,4.831885,4.831885,2.426534
888,2010-06-07,365.0,152.952211,75.952211,1.014815,0.971016,22.699133,0.083091,0.827955,887.583432,95.75972,88.579557,0.785706,0.774088,53.585025,91.96697,34.982549,19.42987,-3.877322,69.715366,2.482687,0.816609,999.930536,53.55284,0.227817,0.088332,0.00082,55.030274,6.608373,6.608373,3.188008
889,2010-06-08,365.0,153.90967,76.90967,1.014944,0.97077,22.796027,0.083831,0.827368,1004.664259,95.815361,89.189692,0.785706,0.879271,60.892075,95.977714,34.997447,22.354847,-4.031076,74.527011,2.479993,0.816609,999.866744,53.639508,0.234502,0.09453,0.000844,54.539384,7.687392,7.687392,3.836219
890,2010-06-09,365.0,154.86689,77.86689,1.015068,0.970532,22.886238,0.084521,0.82682,668.608391,95.867246,89.729888,0.785706,0.58627,40.616603,59.117424,35.010937,15.091183,-2.474536,65.171945,2.485408,0.816609,999.976449,53.458715,0.221043,0.054698,0.000796,57.187485,5.073301,5.073301,2.329012
891,2010-06-10,365.0,155.82388,78.82388,1.015188,0.970303,22.969736,0.085159,0.82631,417.872061,95.91534,91.554162,0.785706,0.363766,25.210304,26.220402,35.023025,9.904269,-1.085739,51.2082,2.495138,0.816609,999.987473,53.044019,0.196863,0.021374,0.000709,61.484562,3.179132,3.179132,1.264835
892,2010-06-11,365.0,156.780648,79.780648,1.015303,0.970082,23.046489,0.085745,0.82584,846.90021,95.959608,89.304804,0.785706,0.737412,51.120897,81.103257,35.033721,18.869818,-3.401305,58.832904,2.489538,0.816609,1000.010491,53.299671,0.210749,0.071682,0.000759,57.964815,6.225886,6.225886,2.715716
893,2010-06-12,365.0,157.737202,80.737202,1.015414,0.96987,23.116471,0.086279,0.82541,955.278991,96.000022,88.874453,0.785706,0.833155,57.773615,97.909333,35.043033,21.020306,-4.115289,79.619631,2.477324,0.816609,999.785632,53.720344,0.241085,0.099213,0.000868,52.893766,7.30414,7.30414,3.809961
894,2010-06-13,365.0,158.693551,81.693551,1.015521,0.969666,23.179656,0.086762,0.825021,997.353285,96.036551,89.005971,0.785706,0.873353,60.574757,100.806761,35.050967,22.016398,-4.233008,87.814364,2.473367,0.816609,999.632637,53.833919,0.250741,0.106139,0.000903,51.666256,7.762553,7.762553,4.243091
895,2010-06-14,365.0,159.649703,82.649703,1.015623,0.969471,23.236022,0.087192,0.824673,969.824918,96.069172,89.043693,0.785706,0.853,59.174186,97.909333,35.057532,21.422184,-4.109691,79.619631,2.477324,0.816609,999.785632,53.720344,0.241085,0.099078,0.000868,53.692478,7.443784,7.443784,3.833712
896,2010-06-15,365.0,160.605667,83.605667,1.015721,0.969284,23.285549,0.08757,0.824367,950.701033,96.097861,89.422755,0.785706,0.837734,58.123759,91.148667,35.062733,21.214025,-3.816992,62.996953,2.486778,0.816609,999.992517,53.408313,0.217627,0.083068,0.000783,57.895379,7.088496,7.088496,3.162383
897,2010-06-16,365.0,161.561452,84.561452,1.015814,0.969106,23.328221,0.087896,0.824103,639.199854,96.122598,90.605558,0.785706,0.565156,39.216029,50.61563,35.066576,14.728428,-2.104926,47.725402,2.49798,0.816609,999.945071,52.89268,0.189893,0.039971,0.000684,63.270128,4.657606,4.657606,1.706183
898,2010-06-17,365.0,162.517065,85.517065,1.015903,0.968937,23.364023,0.088169,0.82388,854.228418,96.143367,89.488178,0.785706,0.756852,52.521468,81.603188,35.069067,19.084578,-3.415089,53.029959,2.493728,0.816609,1000.000813,53.113388,0.200345,0.06842,0.000721,61.13182,6.169916,6.169916,2.425135
899,2010-06-18,365.0,163.472516,86.472516,1.015987,0.968777,23.392943,0.08839,0.823701,976.852186,96.160153,89.382741,0.785706,0.867828,60.224619,95.011905,35.070211,21.75583,-3.978268,72.086874,2.481337,0.816609,999.900839,53.597002,0.231171,0.091966,0.000832,56.370046,7.440893,7.440893,3.557296
900,2010-06-19,365.0,164.427813,87.427813,1.016067,0.968625,23.414974,0.088558,0.823564,611.104124,96.172946,89.892127,0.785706,0.544918,37.815458,55.065537,35.070012,13.800369,-2.298757,74.527011,2.479993,0.816609,999.866744,53.639508,0.234502,0.053906,0.000844,56.431624,4.745675,4.745675,2.299363
901,2010-06-20,365.0,165.382964,88.382964,1.016141,0.968482,23.430108,0.088673,0.823469,227.229717,96.181737,92.597964,0.785706,0.201831,14.005725,11.667657,35.068474,5.517768,-0.479466,58.832904,2.489538,0.816609,1000.010491,53.299671,0.210749,0.010105,0.000759,61.46046,1.820526,1.820526,0.765931
902,2010-06-21,365.0,166.33798,89.33798,1.016212,0.968348,23.438342,0.088736,0.823418,810.951525,96.186521,89.293686,0.785706,0.716557,49.720322,80.192124,35.065601,18.010295,-3.358954,65.171945,2.485408,0.816609,999.976449,53.458715,0.221043,0.074247,0.000796,57.432712,6.054638,6.054638,2.75032
903,2010-06-22,365.0,167.292867,90.292867,1.016277,0.968223,23.439675,0.088746,0.82341,968.072415,96.187296,89.068242,0.785706,0.857953,59.52433,98.875142,35.061395,21.365303,-4.146853,82.275411,2.475999,0.816609,999.738747,53.759049,0.244334,0.101322,0.00088,53.738866,7.46118,7.46118,3.872706
904,2010-06-23,365.0,168.247636,91.247636,1.016338,0.968107,23.434111,0.088704,0.823444,856.5755,96.184062,88.273475,0.785706,0.762184,52.871612,97.232699,35.05586,18.489057,-4.096598,90.701004,2.472061,0.816609,999.573533,53.870416,0.253896,0.104011,0.000914,52.082228,6.548892,6.548892,3.560123
905,2010-06-24,365.0,169.202295,92.202295,1.016394,0.968,23.421653,0.088609,0.823522,628.810814,96.176825,89.420745,0.785706,0.560391,38.865888,60.95332,35.048996,14.016175,-2.551393,90.701004,2.472061,0.816609,999.573533,53.870416,0.253896,0.064779,0.000914,52.796124,4.964581,4.964581,2.69329
906,2010-06-25,365.0,170.156853,93.156853,1.016446,0.967902,23.402309,0.088461,0.823642,808.243437,96.165591,88.823407,0.785706,0.706965,49.020037,85.167628,35.040805,17.721497,-3.577405,85.006416,2.47468,0.816609,999.687728,53.796851,0.247553,0.08856,0.000891,51.857129,6.218816,6.218816,3.356042
907,2010-06-26,365.0,171.111318,94.111318,1.016493,0.967813,23.376089,0.088261,0.823805,928.424253,96.15037,88.514409,0.785706,0.81323,56.373044,101.77257,35.031288,20.185095,-4.282805,90.701004,2.472061,0.816609,999.573533,53.870416,0.253896,0.108739,0.000914,50.744565,7.149636,7.149636,3.982526
908,2010-06-27,365.0,172.0657,95.0657,1.016535,0.967733,23.343007,0.088009,0.824011,936.405774,96.131174,88.346981,0.785706,0.823587,57.073326,104.669998,35.020445,20.268029,-4.409422,99.85098,2.468178,0.816609,999.372717,53.977994,0.263154,0.116036,0.000947,49.428529,7.273256,7.273256,4.2251
909,2010-06-28,365.0,173.020007,96.020007,1.016572,0.967662,23.303078,0.087704,0.824258,949.85798,96.10802,88.153527,0.785706,0.839037,58.123759,108.533235,35.008276,20.453447,-4.577809,113.263729,2.463085,0.816609,999.052136,54.122096,0.274982,0.125882,0.00099,47.643804,7.456724,7.456724,4.566086
910,2010-06-29,365.0,173.974249,96.974249,1.016605,0.9676,23.25632,0.087347,0.824548,917.341172,96.080927,88.140563,0.785706,0.814079,56.373044,104.669998,34.99478,19.752957,-4.415867,99.85098,2.468178,0.816609,999.372717,53.977994,0.263154,0.116205,0.000947,50.131153,7.08842,7.08842,4.066882
911,2010-06-30,365.0,174.928434,97.928434,1.016632,0.967547,23.202755,0.086938,0.824879,902.574083,96.049916,88.578026,0.785706,0.804306,55.672755,96.943523,34.979957,19.683774,-4.080437,77.037385,2.478655,0.816609,999.828319,53.680558,0.237807,0.097036,0.000856,55.015182,6.804694,6.804694,3.37225
912,2010-07-01,365.0,175.882571,98.882571,1.016655,0.967503,23.142405,0.086477,0.825251,882.887258,96.015011,88.152374,0.785706,0.789495,54.622328,99.840951,34.963803,19.033625,-4.213428,85.006416,2.47468,0.816609,999.687728,53.796851,0.247553,0.104305,0.000891,53.498564,6.679267,6.679267,3.479545
913,2010-07-02,365.0,176.83667,99.83667,1.016674,0.967468,23.075298,0.085965,0.825663,418.443104,95.976239,91.155965,0.785706,0.374692,25.910591,29.001385,34.946318,9.804781,-1.203247,60.88443,2.488154,0.816609,1000.003891,53.355378,0.214195,0.025773,0.000771,60.745531,3.255804,3.255804,1.378965
914,2010-07-03,365.0,177.790739,100.790739,1.016687,0.967443,23.001462,0.085401,0.826116,762.485885,95.933631,89.124947,0.785706,0.683927,47.269321,74.736807,34.927498,16.909987,-3.138002,65.171945,2.485408,0.816609,999.976449,53.458715,0.221043,0.069363,0.000796,58.643948,5.68474,5.68474,2.507297
915,2010-07-04,365.0,178.744787,101.744787,1.016696,0.967426,22.920928,0.084786,0.826608,907.392771,95.887219,88.471319,0.785706,0.816054,56.368666,96.943523,34.90734,19.77101,-4.086694,77.037385,2.478655,0.816609,999.828319,53.680558,0.237807,0.097184,0.000856,55.823527,6.834852,6.834852,3.328136
916,2010-07-05,365.0,179.698823,102.698823,1.0167,0.967419,22.83373,0.08412,0.827139,809.965628,95.837037,88.464588,0.785706,0.730869,50.453434,86.085211,34.885841,17.656184,-3.63013,74.527011,2.479993,0.816609,999.866744,53.639508,0.234502,0.085127,0.000844,56.684524,6.071614,6.071614,2.877595
917,2010-07-06,365.0,180.652856,103.652856,1.016699,0.967421,22.739904,0.083403,0.827708,880.59309,95.783122,87.924496,0.785706,0.796917,54.976846,99.840951,34.862997,18.918267,-4.224427,85.006416,2.47468,0.816609,999.687728,53.796851,0.247553,0.104577,0.000891,54.540534,6.638786,6.638786,3.381679
918,2010-07-07,365.0,181.606895,104.606895,1.016693,0.967431,22.639489,0.082635,0.828315,872.721794,95.725514,87.495651,0.785706,0.792423,54.62889,103.704188,34.838802,18.535297,-4.399987,96.717493,2.469466,0.816609,999.443517,53.942308,0.260104,0.114445,0.000936,52.544769,6.623393,6.623393,3.600126
919,2010-07-08,365.0,182.56095,105.56095,1.016683,0.967451,22.532524,0.081817,0.828959,881.413066,95.664254,87.067163,0.785706,0.803107,55.324798,109.499044,34.813252,18.505763,-4.658712,116.84631,2.461826,0.816609,998.962896,54.15906,0.277842,0.129439,0.001,49.603409,6.771608,6.771608,4.022215
920,2010-07-09,365.0,183.515029,106.515029,1.016668,0.96748,22.419054,0.08095,0.829638,829.000292,95.599387,86.865376,0.785706,0.758234,52.193207,104.716088,34.786342,17.318623,-4.461911,120.524631,2.460573,0.816609,998.870113,54.196619,0.280663,0.125229,0.00101,49.403781,6.360029,6.360029,3.808384
921,2010-07-10,365.0,184.469141,107.469141,1.016648,0.967518,22.299124,0.080032,0.830353,750.332536,95.530958,87.191492,0.785706,0.688725,47.369987,90.578673,34.758067,15.836619,-3.85392,120.524631,2.460573,0.816609,998.870113,54.196619,0.280663,0.108165,0.00101,49.947325,5.815783,5.815783,3.461322
922,2010-07-11,365.0,185.423294,108.423294,1.016623,0.967566,22.172781,0.079066,0.831102,775.907899,95.459014,87.016827,0.785706,0.71447,49.098819,94.907886,34.728419,16.309099,-4.043728,116.84631,2.461826,0.816609,998.962896,54.15906,0.277842,0.112352,0.001,50.718642,5.967807,5.967807,3.478866
923,2010-07-12,365.0,186.377499,109.377499,1.016593,0.967622,22.040074,0.07805,0.831884,812.340908,95.383605,87.092819,0.785706,0.750361,51.519183,97.677311,34.697392,17.128373,-4.161707,99.85098,2.468178,0.816609,999.372717,53.977994,0.263154,0.109517,0.000947,53.665447,6.146579,6.146579,3.281715
924,2010-07-13,365.0,187.331764,110.331764,1.016559,0.967687,21.901055,0.076986,0.832699,761.774618,95.304782,87.995935,0.785706,0.705696,48.407287,80.828743,34.66498,16.497663,-3.427858,72.086874,2.481337,0.816609,999.900839,53.597002,0.231171,0.079242,0.000832,59.705193,5.642503,5.642503,2.451576
925,2010-07-14,365.0,188.286098,111.286098,1.01652,0.967761,21.755779,0.075874,0.833545,891.083688,95.222597,87.512934,0.785706,0.827256,56.690359,99.840951,34.631175,19.054162,-4.24768,85.006416,2.47468,0.816609,999.687728,53.796851,0.247553,0.105153,0.000891,57.068539,6.686474,6.686474,3.210777
926,2010-07-15,365.0,189.24051,112.24051,1.016476,0.967845,21.604299,0.074714,0.834421,878.728433,95.137105,86.571743,0.785706,0.81806,56.0032,109.499044,34.595971,18.307173,-4.685534,116.84631,2.461826,0.816609,998.962896,54.15906,0.277842,0.130184,0.001,51.766257,6.69894,6.69894,3.818336
927,2010-07-16,365.0,190.195008,113.195008,1.016427,0.967937,21.446675,0.073506,0.835327,790.698886,95.04836,86.231641,0.785706,0.738542,50.505955,101.53047,34.559359,16.328797,-4.354988,124.300739,2.459326,0.816609,998.773833,54.234871,0.283443,0.123439,0.00102,50.993802,6.017554,6.017554,3.511521
928,2010-07-17,365.0,191.149602,114.149602,1.016374,0.968039,21.282964,0.072251,0.836261,810.831518,94.95642,86.074226,0.785706,0.759634,51.891211,105.006871,34.52133,16.68642,-4.510375,120.524631,2.460573,0.816609,998.870113,54.196619,0.280663,0.126589,0.00101,51.782544,6.127861,6.127861,3.497531
929,2010-07-18,365.0,192.1043,115.1043,1.016316,0.968149,21.113228,0.07095,0.837223,745.441852,94.861341,86.620999,0.785706,0.700463,47.794537,89.674022,34.481878,15.604722,-3.84207,106.377763,2.46562,0.816609,999.219801,54.049525,0.269145,0.103407,0.000969,54.455267,5.645451,5.645451,2.993545
930,2010-07-19,365.0,193.059112,116.059112,1.016254,0.968268,20.93753,0.069603,0.83821,797.60695,94.763182,86.444636,0.785706,0.751387,51.208433,96.975261,34.440994,16.631093,-4.16127,96.717493,2.469466,0.816609,999.443517,53.942308,0.260104,0.108236,0.000936,56.199001,5.942946,5.942946,2.961303
931,2010-07-20,365.0,194.014045,117.014045,1.016186,0.968397,20.755933,0.06821,0.839222,817.838882,94.662002,85.980203,0.785706,0.772374,52.57399,103.898548,34.398668,16.843824,-4.472434,106.377763,2.46562,0.816609,999.219801,54.049525,0.269145,0.120373,0.000969,54.759342,6.093732,6.093732,3.18577
932,2010-07-21,365.0,194.96911,117.96911,1.016114,0.968534,20.568504,0.066772,0.840258,658.643762,94.557861,86.625511,0.785706,0.623702,42.400143,76.554823,34.354892,13.839534,-3.285461,113.263729,2.463085,0.816609,999.052136,54.122096,0.274982,0.090344,0.00099,54.476678,5.045486,5.045486,2.711437
933,2010-07-22,365.0,195.924314,118.924314,1.016038,0.96868,20.37531,0.065289,0.841317,731.712184,94.45082,86.205091,0.785706,0.694471,47.148958,88.516508,34.309657,15.207226,-3.810003,106.377763,2.46562,0.816609,999.219801,54.049525,0.269145,0.102544,0.000969,55.555865,5.501646,5.501646,2.83415
934,2010-07-23,365.0,196.879667,119.879667,1.015957,0.968835,20.176419,0.063762,0.842396,783.564331,94.340941,86.015839,0.785706,0.745447,50.54097,95.823888,34.262954,16.215861,-4.131401,96.717493,2.469466,0.816609,999.443517,53.942308,0.260104,0.107459,0.000936,57.266956,5.794567,5.794567,2.797764
935,2010-07-24,365.0,197.835176,120.835176,1.015871,0.968998,19.971901,0.062191,0.843496,803.895383,94.228284,85.30307,0.785706,0.766569,51.899961,105.520211,34.214774,16.312487,-4.570318,116.84631,2.461826,0.816609,998.962896,54.15906,0.277842,0.126983,0.001,54.235219,5.969047,5.969047,3.194552
936,2010-07-25,365.0,198.790852,121.790852,1.01578,0.969171,19.761828,0.060578,0.844614,755.993251,94.112911,85.05415,0.785706,0.722819,48.866848,100.845958,34.165107,15.247786,-4.376663,136.236704,2.455619,0.816609,998.464449,54.354708,0.291539,0.127597,0.00105,52.06869,5.675452,5.675452,3.267243
937,2010-07-26,365.0,199.746701,122.746701,1.015686,0.969352,19.546273,0.058921,0.84575,486.307964,93.994884,87.108501,0.785706,0.466242,31.473489,49.401508,34.113944,10.429515,-2.121079,116.84631,2.461826,0.816609,998.962896,54.15906,0.277842,0.058933,0.001,56.039064,3.816356,3.816356,2.008213
938,2010-07-27,365.0,200.702734,123.702734,1.015586,0.969541,19.325309,0.057223,0.846901,633.342326,93.874267,86.207554,0.785706,0.60109,40.513749,71.718922,34.061276,13.251126,-3.096851,109.774875,2.464349,0.816609,999.137787,54.085622,0.272083,0.08426,0.000979,55.172203,4.812685,4.812685,2.518002
939,2010-07-28,365.0,201.658958,124.658958,1.015482,0.96974,19.099011,0.055483,0.848068,575.5017,93.751119,86.517828,0.785706,0.547316,36.83068,61.574495,34.007093,12.166881,-2.656049,106.377763,2.46562,0.816609,999.219801,54.049525,0.269145,0.071486,0.000969,56.141916,4.401715,4.401715,2.24684
940,2010-07-29,365.0,202.615381,125.615381,1.015374,0.969947,18.867454,0.053702,0.849248,743.13852,93.625505,85.118064,0.785706,0.70802,47.566943,93.617121,33.951386,15.099392,-4.072437,116.84631,2.461826,0.816609,998.962896,54.15906,0.277842,0.11315,0.001,54.147427,5.525152,5.525152,2.955842
941,2010-07-30,365.0,203.572014,126.572014,1.015261,0.970162,18.630717,0.051881,0.85044,498.525764,93.497484,86.536303,0.785706,0.476117,31.933053,51.478305,33.894146,10.574649,-2.223446,120.524631,2.460573,0.816609,998.870113,54.196619,0.280663,0.062404,0.00101,54.802838,3.883396,3.883396,2.097882
942,2010-07-31,365.0,204.528862,127.528862,1.015144,0.970386,18.388877,0.05002,0.851642,610.218091,93.36712,85.895161,0.785706,0.582387,38.992815,67.723179,33.835363,12.722019,-2.937615,106.377763,2.46562,0.816609,999.219801,54.049525,0.269145,0.079064,0.000969,56.349857,4.602552,4.602552,2.318263
943,2010-08-01,365.0,205.485936,128.485936,1.015023,0.970619,18.142012,0.04812,0.852854,703.260098,93.234474,85.320736,0.785706,0.672425,44.940872,82.769429,33.775029,14.436289,-3.604294,99.85098,2.468178,0.816609,999.372717,53.977994,0.263154,0.094848,0.000947,57.275345,5.180514,5.180514,2.492974
944,2010-08-02,365.0,206.443243,129.443243,1.014897,0.970859,17.890202,0.046181,0.854074,718.663417,93.099606,84.787232,0.785706,0.68852,45.932212,88.954664,33.713134,14.541123,-3.887876,113.263729,2.463085,0.816609,999.052136,54.122096,0.274982,0.10691,0.00099,55.330281,5.301265,5.301265,2.730802
945,2010-08-03,365.0,207.400792,130.400792,1.014766,0.971109,17.633528,0.044205,0.855301,646.936155,92.962576,84.936471,0.785706,0.621162,41.360657,77.434455,33.64967,13.167094,-3.384149,120.524631,2.460573,0.816609,998.870113,54.196619,0.280663,0.09498,0.00101,54.796364,4.835437,4.835437,2.560402
946,2010-08-04,365.0,208.358591,131.358591,1.014632,0.971366,17.372071,0.042191,0.856532,687.937783,92.823445,84.448511,0.785706,0.66188,43.986728,86.028405,33.584628,13.818635,-3.772652,124.300739,2.459326,0.816609,998.773833,54.234871,0.283443,0.106933,0.00102,54.372231,5.092499,5.092499,2.722429
947,2010-08-05,365.0,209.316647,132.316647,1.014493,0.971632,17.105912,0.040141,0.857768,514.96417,92.682272,85.552239,0.785706,0.496539,32.933149,54.926743,33.518,10.704877,-2.396079,120.524631,2.460573,0.816609,998.870113,54.196619,0.280663,0.067249,0.00101,55.83762,3.931221,3.931221,2.049107
948,2010-08-06,365.0,210.27497,133.27497,1.01435,0.971905,16.835135,0.038055,0.859006,434.617667,92.539116,86.172701,0.785706,0.418732,27.716015,41.45958,33.449778,9.213894,-1.803858,113.263729,2.463085,0.816609,999.052136,54.122096,0.274982,0.049603,0.00099,57.086515,3.359114,3.359114,1.69199
949,2010-08-07,365.0,211.233566,134.233566,1.014203,0.972187,16.559822,0.035934,0.860245,667.470568,92.394034,84.680739,0.785706,0.642349,42.428594,77.21505,33.379955,13.559664,-3.389817,99.85098,2.468178,0.816609,999.372717,53.977994,0.263154,0.089204,0.000947,58.004835,4.865934,4.865934,2.273047
950,2010-08-08,365.0,212.192444,135.192444,1.014052,0.972477,16.280057,0.033778,0.861484,667.731659,92.247084,84.522206,0.785706,0.643726,42.428594,77.466931,33.308522,13.520153,-3.406546,99.85098,2.468178,0.816609,999.372717,53.977994,0.263154,0.089645,0.000947,58.197931,4.851756,4.851756,2.248198
951,2010-08-09,365.0,213.151612,136.151612,1.013897,0.972775,15.995924,0.031588,0.862721,607.816783,92.098322,84.668908,0.785706,0.586976,38.603278,67.919993,33.235472,12.378952,-2.986767,103.070439,2.466896,0.816609,999.298128,54.013691,0.266168,0.079498,0.000958,58.105573,4.460545,4.460545,2.092661
952,2010-08-10,365.0,214.111078,137.111078,1.013738,0.97308,15.707508,0.029365,0.863955,440.961336,91.947804,85.985071,0.785706,0.426516,27.987376,39.623013,33.1608,9.35081,-1.731354,87.814364,2.473367,0.816609,999.632637,53.833919,0.250741,0.043412,0.000903,61.571224,3.296913,3.296913,1.378324
953,2010-08-11,365.0,215.070848,138.070848,1.013575,0.973394,15.414894,0.027109,0.865184,315.431392,91.795585,87.221465,0.785706,0.304655,19.945027,21.780464,33.084498,6.942775,-0.946051,67.410908,2.484044,0.816609,999.955764,53.506817,0.22444,0.021233,0.000808,65.971236,2.347818,2.347818,0.809481
954,2010-08-12,365.0,216.030932,139.030932,1.013407,0.973715,15.118167,0.024822,0.866408,662.888099,91.641718,84.396026,0.785706,0.635945,41.535729,72.538873,33.006561,13.447769,-3.202568,85.006416,2.47468,0.816609,999.687728,53.796851,0.247553,0.079281,0.000891,59.983021,4.719082,4.719082,1.991145
955,2010-08-13,365.0,216.991336,139.991336,1.013236,0.974044,14.817414,0.022504,0.867625,602.276266,91.486257,84.324065,0.785706,0.578638,37.701662,65.23458,32.926984,12.20887,-2.883643,96.717493,2.469466,0.816609,999.443517,53.942308,0.260104,0.075005,0.000936,58.294057,4.362711,4.362711,1.994218
956,2010-08-14,365.0,217.952068,140.952068,1.013061,0.97438,14.512721,0.020155,0.868833,705.316224,91.329253,83.467909,0.785706,0.678621,44.10709,83.927796,32.845762,13.950869,-3.730315,99.85098,2.468178,0.816609,999.372717,53.977994,0.263154,0.098165,0.000947,57.548234,5.00632,5.00632,2.319041
957,2010-08-15,365.0,218.913136,141.913136,1.012883,0.974724,14.204174,0.017777,0.870032,700.796395,91.170758,82.960769,0.785706,0.675443,43.789774,87.177697,32.762889,13.666539,-3.88865,116.84631,2.461826,0.816609,998.962896,54.15906,0.277842,0.108043,0.001,55.208217,5.000844,5.000844,2.532586
958,2010-08-16,365.0,219.874547,142.874547,1.0127,0.975075,13.89186,0.015369,0.871219,696.422709,91.010821,82.668012,0.785706,0.67252,43.487775,88.134328,32.678364,13.477516,-3.940873,124.300739,2.459326,0.816609,998.773833,54.234871,0.283443,0.111701,0.00102,54.446279,4.966789,4.966789,2.585558
959,2010-08-17,365.0,220.836307,143.836307,1.012514,0.975434,13.575866,0.012934,0.872394,727.191423,90.849492,82.302876,0.785706,0.703615,45.378546,94.374454,32.592181,13.933253,-4.231786,124.300739,2.459326,0.816609,998.773833,54.234871,0.283443,0.119947,0.00102,54.581317,5.134739,5.134739,2.649421
960,2010-08-18,365.0,221.798425,144.798425,1.012324,0.9758,13.256281,0.010471,0.873556,582.121386,90.686819,83.399807,0.785706,0.564386,36.30109,64.544569,32.50434,11.552663,-2.879804,106.377763,2.46562,0.816609,999.219801,54.049525,0.269145,0.077508,0.000969,57.902408,4.179504,4.179504,1.941901
961,2010-08-19,365.0,222.760907,145.760907,1.012131,0.976173,12.93319,0.007982,0.874702,669.958227,90.52285,82.766373,0.785706,0.648885,41.621076,79.135786,32.414837,13.056819,-3.545926,103.070439,2.466896,0.816609,999.298128,54.013691,0.266168,0.094381,0.000958,57.86968,4.704803,4.704803,2.146929
962,2010-08-20,365.0,223.72376,146.72376,1.011934,0.976553,12.606683,0.005467,0.875833,726.212985,90.357629,82.185573,0.785706,0.704465,45.059042,90.449363,32.323672,13.918413,-4.069009,106.377763,2.46562,0.816609,999.219801,54.049525,0.269145,0.109515,0.000969,57.34136,5.035381,5.035381,2.325015
963,2010-08-21,365.0,224.686992,147.686992,1.011733,0.97694,12.276847,0.002926,0.876946,676.920291,90.191203,82.371183,0.785706,0.65777,41.951522,80.787272,32.230844,13.065429,-3.633993,103.070439,2.466896,0.816609,999.298128,54.013691,0.266168,0.096725,0.000958,58.225765,4.707905,4.707905,2.108759
964,2010-08-22,365.0,225.650608,148.650608,1.01153,0.977334,11.943771,0.000362,0.87804,578.377806,90.023616,83.414123,0.785706,0.562865,35.793383,58.454534,32.136353,11.542343,-2.617196,77.037385,2.478655,0.816609,999.828319,53.680558,0.237807,0.062239,0.000856,63.180648,3.990196,3.990196,1.433204
965,2010-08-23,365.0,226.614617,149.614617,1.011322,0.977734,11.607543,-0.002226,0.879115,769.460743,89.85491,82.258214,0.785706,0.749494,47.518798,89.410128,32.0402,14.836094,-4.031509,74.527011,2.479993,0.816609,999.866744,53.639508,0.234502,0.09454,0.000844,62.987016,5.101841,5.101841,1.770729
966,2010-08-24,365.0,227.579024,150.579024,1.011112,0.978142,11.268251,-0.004837,0.880169,730.644834,89.685129,81.605437,0.785706,0.712528,45.037158,90.350184,31.942388,13.819278,-4.09167,99.85098,2.468178,0.816609,999.372717,53.977994,0.263154,0.107674,0.000947,58.909654,4.959098,4.959098,2.122027
967,2010-08-25,365.0,228.543835,151.543835,1.010898,0.978556,10.925985,-0.00747,0.881201,736.80581,89.514313,80.784172,0.785706,0.719616,45.343535,98.480011,31.842917,13.593711,-4.483189,128.17671,2.458084,0.816609,998.6741,54.273912,0.286183,0.128301,0.00103,55.186857,5.026716,5.026716,2.504764
968,2010-08-26,365.0,229.509059,152.509059,1.010681,0.978976,10.580832,-0.010124,0.88221,811.711357,89.342503,80.538456,0.785706,0.794238,49.886638,109.499044,31.741792,14.875499,-4.99576,116.84631,2.461826,0.816609,998.962896,54.15906,0.277842,0.138803,0.001,56.710126,5.443226,5.443226,2.531758
969,2010-08-27,365.0,230.4747,153.4747,1.01046,0.979403,10.232882,-0.012798,0.883194,680.706573,89.169738,82.237872,0.785706,0.66567,41.675786,72.486432,31.639017,13.17736,-3.280711,67.410908,2.484044,0.816609,999.955764,53.506817,0.22444,0.073632,0.000808,64.988833,4.456149,4.456149,1.374222
970,2010-08-28,365.0,231.440764,154.440764,1.010237,0.979836,9.882224,-0.015491,0.884153,321.425367,88.996057,84.520494,0.785706,0.314578,19.629899,22.157814,31.534597,6.679102,-0.991678,60.88443,2.488154,0.816609,1000.003891,53.355378,0.214195,0.021241,0.000771,68.032499,2.217882,2.217882,0.62168
971,2010-08-29,365.0,232.407259,155.407259,1.010011,0.980275,9.528948,-0.018204,0.885086,531.911483,88.821497,82.869344,0.785706,0.520648,32.379485,48.757155,31.428538,10.522861,-2.203453,62.996953,2.486778,0.816609,999.992517,53.408313,0.217627,0.047953,0.000783,66.493013,3.516129,3.516129,1.010453
972,2010-08-30,365.0,233.37419,156.37419,1.009782,0.98072,9.173141,-0.020934,0.885992,400.116949,88.646095,83.609548,0.785706,0.391828,24.284614,31.080967,31.320846,8.105367,-1.400429,60.88443,2.488154,0.816609,1000.003891,53.355378,0.214195,0.029997,0.000771,67.559595,2.691492,2.691492,0.745919
973,2010-08-31,365.0,234.341563,157.341563,1.009549,0.981171,8.814895,-0.023681,0.886869,572.080152,88.469888,82.240016,0.785706,0.558992,34.524114,54.957898,31.21153,11.121354,-2.496596,65.171945,2.485408,0.816609,999.976449,53.458715,0.221043,0.055185,0.000796,65.523237,3.738738,3.738738,1.112585
974,2010-09-01,365.0,235.309384,158.309384,1.009314,0.981628,8.454298,-0.026445,0.887717,464.980148,88.292909,82.550522,0.785706,0.454592,27.976435,41.220101,31.100598,9.135644,-1.871217,72.086874,2.481337,0.816609,999.900839,53.597002,0.231171,0.043257,0.000832,64.697849,3.124558,3.124558,1.005879
975,2010-09-02,365.0,236.277658,159.277658,1.009077,0.982091,8.09144,-0.029224,0.888535,691.298479,88.115194,80.747817,0.785706,0.674514,41.360656,78.555528,30.988061,12.845358,-3.603278,82.275411,2.475999,0.816609,999.738747,53.759049,0.244334,0.08804,0.00088,61.563844,4.485849,4.485849,1.620884
976,2010-09-03,365.0,237.246392,160.246392,1.008836,0.982559,7.72641,-0.032018,0.889322,688.21326,87.936775,79.927092,0.785706,0.672172,41.065222,85.012093,30.873929,12.466074,-3.91973,109.774875,2.464349,0.816609,999.137787,54.085622,0.272083,0.106649,0.000979,57.467829,4.527561,4.527561,2.00091
977,2010-09-04,365.0,238.215589,161.215589,1.008593,0.983033,7.3593,-0.034825,0.890076,694.620794,87.757687,80.062057,0.785706,0.679339,41.347525,82.511053,30.758213,12.647888,-3.805315,93.668112,2.47076,0.816609,999.510474,53.906496,0.257017,0.097803,0.000925,59.939816,4.499989,4.499989,1.758412
978,2010-09-05,365.0,239.185257,162.185257,1.008347,0.983512,6.990198,-0.037645,0.890799,533.493131,87.57796,81.957601,0.785706,0.522336,31.670445,46.404729,30.640927,10.325733,-2.121134,53.029959,2.493728,0.816609,1000.000813,53.113388,0.200345,0.042496,0.000721,68.125509,3.33824,3.33824,0.798728
979,2010-09-06,365.0,240.155399,163.155399,1.008099,0.983996,6.619194,-0.040477,0.891487,688.913759,87.397627,80.525589,0.785706,0.674667,40.747906,73.209284,30.522085,12.752608,-3.374578,65.171945,2.485408,0.816609,999.976449,53.458715,0.221043,0.074593,0.000796,64.951062,4.287127,4.287127,1.228443
980,2010-09-07,365.0,241.126022,164.126022,1.007849,0.984486,6.24638,-0.043321,0.892141,548.814864,87.216718,80.799889,0.785706,0.537796,32.353223,54.506887,30.401702,10.256221,-2.511296,77.037385,2.478655,0.816609,999.828319,53.680558,0.237807,0.05972,0.000856,63.402902,3.545583,3.545583,1.162153
981,2010-09-08,365.0,242.09713,165.09713,1.007596,0.98498,5.871845,-0.046175,0.892761,196.683713,87.035264,83.378242,0.785706,0.192843,11.554723,11.166399,30.279794,3.986532,-0.508071,60.88443,2.488154,0.816609,1000.003891,53.355378,0.214195,0.010883,0.000771,68.154927,1.323779,1.323779,0.351633
982,2010-09-09,365.0,243.068727,166.068727,1.00734,0.985479,5.49568,-0.049038,0.893344,216.688772,86.853293,83.217545,0.785706,0.211382,12.613907,12.235483,30.156378,4.373321,-0.55772,56.840928,2.490928,0.816609,1000.012234,53.240943,0.20729,0.011561,0.000746,68.155499,1.433441,1.433441,0.370674
983,2010-09-10,365.0,244.040819,167.040819,1.007083,0.985983,5.117976,-0.05191,0.893891,644.557363,86.670836,80.177505,0.785706,0.627136,37.26836,64.832421,30.031473,11.830603,-3.005177,62.996953,2.486778,0.816609,999.992517,53.408313,0.217627,0.065401,0.000783,64.459674,3.953101,3.953101,1.135873
984,2010-09-11,365.0,245.01341,168.01341,1.006823,0.986492,4.738824,-0.05479,0.894402,656.826461,86.487921,79.435059,0.785706,0.639401,37.837341,71.724326,29.905099,11.775673,-3.340503,79.619631,2.477324,0.816609,999.785632,53.720344,0.241085,0.080535,0.000868,61.354078,4.091813,4.091813,1.420161
985,2010-09-12,365.0,245.986505,168.986505,1.006562,0.987004,4.358314,-0.057677,0.894874,664.095183,86.304576,78.849706,0.785706,0.646974,38.121831,76.621127,29.777275,11.685767,-3.582644,93.668112,2.47076,0.816609,999.510474,53.906496,0.257017,0.09208,0.000925,59.129912,4.157677,4.157677,1.622202
986,2010-09-13,365.0,246.960108,169.960108,1.006298,0.987522,3.976539,-0.06057,0.895309,626.689488,86.120829,78.880438,0.785706,0.611113,35.852465,70.249767,29.648025,11.04409,-3.287329,93.668112,2.47076,0.816609,999.510474,53.906496,0.257017,0.08449,0.000925,59.378164,3.929374,3.929374,1.519173
987,2010-09-14,365.0,247.934223,170.934223,1.006033,0.988043,3.593589,-0.063468,0.895705,515.025229,85.936708,79.537878,0.785706,0.502654,29.359498,51.07956,29.517372,9.27795,-2.384519,87.814364,2.473367,0.816609,999.632637,53.833919,0.250741,0.05979,0.000903,60.853462,3.271224,3.271224,1.193591
988,2010-09-15,365.0,248.908853,171.908853,1.005765,0.988568,3.209557,-0.066371,0.896062,596.902336,85.752239,78.681601,0.785706,0.582892,33.893856,65.355511,29.385339,10.459151,-3.067206,93.668112,2.47076,0.816609,999.510474,53.906496,0.257017,0.078832,0.000925,59.626334,3.721259,3.721259,1.415833
989,2010-09-16,365.0,249.884004,172.884004,1.005496,0.989098,2.824534,-0.069277,0.896379,495.182078,85.567449,79.170085,0.785706,0.483926,28.01145,49.095976,29.251953,8.820539,-2.300596,93.668112,2.47076,0.816609,999.510474,53.906496,0.257017,0.059129,0.000925,60.172897,3.138258,3.138258,1.184063
990,2010-09-17,365.0,250.859679,173.859679,1.005225,0.989631,2.438613,-0.072186,0.896657,508.114631,85.382365,78.825931,0.785706,0.496838,28.626388,51.612978,29.117241,8.951842,-2.425079,96.717493,2.469466,0.816609,999.443517,53.942308,0.260104,0.063077,0.000936,59.71,3.198847,3.198847,1.227304
991,2010-09-18,365.0,251.835881,174.835881,1.004953,0.990167,2.051886,-0.075097,0.896894,452.124563,85.197013,79.215397,0.785706,0.442349,25.367869,41.92446,28.98123,8.070167,-1.967834,87.814364,2.473367,0.816609,999.632637,53.833919,0.250741,0.049342,0.000903,61.343551,2.845384,2.845384,1.005447
992,2010-09-19,365.0,252.812614,175.812614,1.004679,0.990707,1.664446,-0.078008,0.897091,365.256695,85.01142,79.998629,0.785706,0.357496,20.404591,28.413624,28.84395,6.689404,-1.329623,72.086874,2.481337,0.816609,999.900839,53.597002,0.231171,0.030737,0.000832,64.332627,2.287899,2.287899,0.681908
993,2010-09-20,365.0,253.789881,176.789881,1.004404,0.991251,1.276386,-0.08092,0.897247,444.978652,84.825611,79.503076,0.785706,0.433423,24.619438,36.729655,28.705432,8.02079,-1.724766,62.996953,2.486778,0.816609,999.992517,53.408313,0.217627,0.037536,0.000783,64.804872,2.680082,2.680082,0.733853
994,2010-09-21,365.0,254.767685,177.767685,1.004127,0.991797,0.8878,-0.083832,0.897362,471.93964,84.639613,79.079769,0.785706,0.45974,25.987185,40.665449,28.565707,8.390844,-1.915516,65.171945,2.485408,0.816609,999.976449,53.458715,0.221043,0.042341,0.000796,64.21549,2.820805,2.820805,0.791684
995,2010-09-22,365.0,255.74603,178.74603,1.003849,0.992347,0.498781,-0.086741,0.897435,579.340077,84.453452,78.232063,0.785706,0.564461,31.749226,55.784245,28.42481,10.016467,-2.64146,65.171945,2.485408,0.816609,999.976449,53.458715,0.221043,0.058388,0.000796,63.668331,3.367301,3.367301,0.939248
996,2010-09-23,365.0,256.724918,179.724918,1.00357,0.992899,0.109424,-0.089648,0.897468,631.8273,84.267153,77.675872,0.785706,0.615782,34.462835,64.388838,28.282773,10.722904,-3.060328,67.410908,2.484044,0.816609,999.955764,53.506817,0.22444,0.068686,0.000808,63.008081,3.626133,3.626133,1.03476
997,2010-09-24,365.0,257.704353,180.704353,1.003289,0.993454,-0.280177,-0.092552,0.897459,624.72441,84.080742,77.108577,0.785706,0.609089,33.91574,67.267015,28.139635,10.401006,-3.209238,82.275411,2.475999,0.816609,999.738747,53.759049,0.244334,0.078413,0.00088,60.54844,3.632234,3.632234,1.21829
998,2010-09-25,365.0,258.684335,181.684335,1.003008,0.994012,-0.669928,-0.095452,0.897408,642.260043,83.894246,76.317964,0.785706,0.626527,34.707936,75.025771,27.995431,10.407338,-3.596891,103.070439,2.466896,0.816609,999.298128,54.013691,0.266168,0.095738,0.000958,57.51185,3.750107,3.750107,1.486008
999,2010-09-26,365.0,259.664869,182.664869,1.002725,0.994572,-1.059733,-0.098347,0.897316,605.40303,83.707692,76.352145,0.785706,0.591038,32.572063,68.639706,27.850199,9.820629,-3.293264,103.070439,2.466896,0.816609,999.298128,54.013691,0.266168,0.087656,0.000958,57.755828,3.538697,3.538697,1.389271
1000,2010-09-27,365.0,260.645956,183.645956,1.002442,0.995134,-1.449496,-0.101236,0.897182,632.852222,83.521105,75.766001,0.785706,0.618268,33.893856,75.54101,27.703981,10.058558,-3.638313,113.263729,2.463085,0.816609,999.052136,54.122096,0.274982,0.100047,0.00099,56.412981,3.667054,3.667054,1.527706
1001,2010-09-28,365.0,261.627599,184.627599,1.002158,0.995698,-1.839121,-0.104118,0.897007,605.909726,83.334512,75.741565,0.785706,0.592434,32.30508,70.777172,27.556816,9.620285,-3.412472,113.263729,2.463085,0.816609,999.052136,54.122096,0.274982,0.093837,0.00099,56.632822,3.507272,3.507272,1.447157
1002,2010-09-29,365.0,262.609799,185.609799,1.001873,0.996264,-2.228512,-0.106993,0.896791,608.643376,83.147941,75.727658,0.785706,0.595554,32.300703,69.44272,27.408747,9.656689,-3.351492,103.070439,2.466896,0.816609,999.298128,54.013691,0.266168,0.089206,0.000958,57.972654,3.479623,3.479623,1.326871
1003,2010-09-30,365.0,263.592558,186.592558,1.001588,0.996832,-2.617572,-0.109859,0.896533,601.633886,82.961419,75.367442,0.785706,0.589071,31.775489,70.163986,27.259818,9.423655,-3.395471,113.263729,2.463085,0.816609,999.052136,54.122096,0.274982,0.093369,0.00099,56.808379,3.435587,3.435587,1.391828
1004,2010-10-01,365.0,264.575878,187.575878,1.001302,0.997402,-3.006203,-0.112716,0.896234,594.542763,82.774973,75.008755,0.785706,0.582534,31.250272,70.81831,27.110074,9.193093,-3.436362,124.300739,2.459326,0.816609,998.773833,54.234871,0.283443,0.097401,0.00102,55.662094,3.387876,3.387876,1.452086
1005,2010-10-02,365.0,265.55976,188.55976,1.001015,0.997972,-3.394307,-0.115564,0.895895,592.433429,82.588632,74.820111,0.785706,0.580905,30.989852,70.515515,26.95956,9.096336,-3.428005,124.300739,2.459326,0.816609,998.773833,54.234871,0.283443,0.097164,0.00102,55.772036,3.352218,3.352218,1.42281
1006,2010-10-03,365.0,266.544206,189.544206,1.000728,0.998545,-3.781787,-0.1184,0.895515,342.298317,82.402424,77.149742,0.785706,0.335881,17.817909,27.646038,26.808325,5.694515,-1.329885,90.701004,2.472061,0.816609,999.573533,53.870416,0.253896,0.033765,0.000914,61.319893,2.017018,2.017018,0.667374
1007,2010-10-04,365.0,267.529217,190.529217,1.000441,0.999118,-4.168543,-0.121225,0.895095,288.617247,82.216379,77.963479,0.785706,0.279048,14.719141,18.885369,26.656418,4.932598,-0.905641,65.171945,2.485408,0.816609,999.976449,53.458715,0.221043,0.020019,0.000796,63.342181,1.658223,1.658223,0.465746
1008,2010-10-05,365.0,268.514793,191.514793,1.000154,0.999692,-4.554476,-0.124037,0.894635,474.715749,82.030526,76.400657,0.785706,0.45891,24.067961,40.977151,26.503887,7.690476,-1.982159,67.410908,2.484044,0.816609,999.955764,53.506817,0.22444,0.044488,0.000808,61.85843,2.600665,2.600665,0.749361
1009,2010-10-06,365.0,269.500937,192.500937,0.999867,1.000267,-4.939486,-0.126836,0.894136,543.840152,81.844897,75.45148,0.785706,0.52579,27.416208,53.171612,26.350786,8.520619,-2.586434,79.619631,2.477324,0.816609,999.785632,53.720344,0.241085,0.062355,0.000868,59.465775,2.960746,2.960746,0.977242
1010,2010-10-07,365.0,270.487647,193.487647,0.999579,1.000842,-5.323472,-0.129621,0.893598,156.968888,81.659521,77.830019,0.785706,0.151806,7.869467,9.223604,26.197166,2.666238,-0.443846,65.171945,2.485408,0.816609,999.976449,53.458715,0.221043,0.009811,0.000796,63.509821,0.896326,0.896326,0.247769
1011,2010-10-08,365.0,271.474925,194.474925,0.999292,1.001418,-5.706333,-0.132391,0.893022,349.40426,81.47443,76.924981,0.785706,0.332076,17.113245,24.330476,26.043081,5.75244,-1.177142,62.996953,2.486778,0.816609,999.992517,53.408313,0.217627,0.025618,0.000783,61.035394,1.922131,1.922131,0.581366
1012,2010-10-09,365.0,272.462771,195.462771,0.999004,1.001995,-6.087968,-0.135146,0.892408,268.798156,81.289658,77.172086,0.785706,0.255456,13.086599,16.931596,25.888586,4.45962,-0.818929,69.715366,2.482687,0.816609,999.930536,53.55284,0.227817,0.018657,0.00082,60.146723,1.51678,1.51678,0.497835
1013,2010-10-10,365.0,273.451186,196.451186,0.998717,1.002571,-6.468275,-0.137883,0.891756,403.117171,81.105237,75.823086,0.785706,0.382138,19.459204,32.460056,25.733738,6.381032,-1.581883,79.619631,2.477324,0.816609,999.785632,53.720344,0.241085,0.038137,0.000868,57.376593,2.217282,2.217282,0.817709
1014,2010-10-11,365.0,274.440169,197.440169,0.99843,1.003147,-6.847151,-0.140604,0.891068,401.263007,80.921202,76.39582,0.785706,0.379527,19.209726,27.681863,25.578593,6.473534,-1.346475,49.440455,2.496556,0.816609,999.968924,52.970548,0.193378,0.026038,0.000696,62.79032,2.062678,2.062678,0.513573
1015,2010-10-12,365.0,275.42972,198.42972,0.998144,1.003723,-7.224493,-0.143307,0.890344,545.752167,80.737587,75.056632,0.785706,0.516132,25.965301,47.088214,25.423211,8.39734,-2.307537,58.832904,2.489538,0.816609,1000.010491,53.299671,0.210749,0.048631,0.000759,60.062498,2.770609,2.770609,0.802557
1016,2010-10-13,365.0,276.419838,199.419838,0.997858,1.004298,-7.600196,-0.14599,0.889585,496.744209,80.554429,74.853977,0.785706,0.469852,23.492415,42.938777,25.267652,7.582444,-2.108167,69.715366,2.482687,0.816609,999.930536,53.55284,0.227817,0.048028,0.00082,58.160124,2.578896,2.578896,0.857992
1017,2010-10-14,365.0,277.410524,200.410524,0.997572,1.004873,-7.974157,-0.148654,0.888792,516.156828,80.371765,74.2956,0.785706,0.48831,24.264917,47.444417,25.111976,7.717463,-2.337778,79.619631,2.477324,0.816609,999.785632,53.720344,0.241085,0.05636,0.000868,56.335833,2.681665,2.681665,0.986794
1018,2010-10-15,365.0,278.401776,201.401776,0.997288,1.005447,-8.346271,-0.151298,0.887964,388.099472,80.189632,75.353512,0.785706,0.367277,18.137413,28.419524,24.956245,6.017939,-1.394435,62.996953,2.486778,0.816609,999.992517,53.408313,0.217627,0.030347,0.000783,59.835239,2.010846,2.010846,0.608744
1019,2010-10-16,365.0,279.393593,202.393593,0.997004,1.00602,-8.716431,-0.153921,0.887104,470.744448,80.00807,74.500708,0.785706,0.44548,21.862062,39.13616,24.800523,7.076522,-1.929925,67.410908,2.484044,0.816609,999.955764,53.506817,0.22444,0.043315,0.000808,58.538123,2.393046,2.393046,0.764078
1020,2010-10-17,365.0,280.385976,203.385976,0.99672,1.006592,-9.084533,-0.156522,0.886212,473.661132,79.827119,74.464517,0.785706,0.448294,21.862062,38.289295,24.644873,7.104073,-1.890167,60.88443,2.488154,0.816609,1000.003891,53.355378,0.214195,0.040486,0.000771,59.671286,2.358999,2.358999,0.687735
1021,2010-10-18,365.0,281.378921,204.378921,0.996438,1.007162,-9.450468,-0.1591,0.885289,519.585579,79.64682,73.931096,0.785706,0.491784,23.831615,44.654184,24.489361,7.637987,-2.211987,62.996953,2.486778,0.816609,999.992517,53.408313,0.217627,0.048139,0.000783,58.987801,2.552172,2.552172,0.763017
1022,2010-10-19,365.0,282.372429,205.372429,0.996157,1.007731,-9.814131,-0.161655,0.884336,528.553531,79.467216,73.499506,0.785706,0.500331,24.092035,47.314703,24.334052,7.641868,-2.35069,69.715366,2.482687,0.816609,999.930536,53.55284,0.227817,0.053553,0.00082,57.67561,2.599107,2.599107,0.842526
1023,2010-10-20,365.0,283.366496,206.366496,0.995876,1.008299,-10.175413,-0.164186,0.883354,458.120518,79.28835,73.705025,0.785706,0.433741,20.752544,38.329945,24.179015,6.665384,-1.904092,72.086874,2.481337,0.816609,999.900839,53.597002,0.231171,0.044017,0.000832,57.555995,2.279683,2.279683,0.756119
1024,2010-10-21,365.0,284.361123,207.361123,0.995597,1.008864,-10.534206,-0.166692,0.882343,488.288075,79.110267,73.194048,0.785706,0.462359,21.980235,43.175014,24.024316,6.966328,-2.151883,77.037385,2.478655,0.816609,999.828319,53.680558,0.237807,0.051173,0.000856,56.537069,2.408265,2.408265,0.839081
1025,2010-10-22,365.0,285.356306,208.356306,0.995319,1.009428,-10.890402,-0.169172,0.881306,375.115292,78.933014,74.068863,0.785706,0.355265,16.780609,27.282169,23.870026,5.516586,-1.355258,65.171945,2.485408,0.816609,999.976449,53.458715,0.221043,0.029957,0.000796,59.077119,1.854547,1.854547,0.560221
1026,2010-10-23,365.0,286.352043,209.352043,0.995043,1.009989,-11.24389,-0.171627,0.880243,189.669442,78.756638,75.236412,0.785706,0.179624,8.429695,9.993041,23.716213,2.903547,-0.494053,54.907078,2.492324,0.816609,1000.009037,53.178937,0.203822,0.01007,0.000734,61.752805,0.945263,0.945263,0.244766
1027,2010-10-24,365.0,287.348333,210.348333,0.994768,1.010548,-11.594562,-0.174055,0.879156,115.34953,78.581188,73.91612,0.785706,0.12555,5.853955,8.018015,23.562949,1.683005,-0.399273,42.883546,2.502295,0.816609,999.840702,52.692082,0.179339,0.007161,0.000646,62.249448,0.519496,0.519496,0.112211
1028,2010-10-25,365.0,288.345173,211.345173,0.994494,1.011104,-11.942306,-0.176455,0.878045,102.717938,78.406715,73.277837,0.785706,0.115173,5.335306,7.82568,23.410304,1.462761,-0.391214,39.895963,2.505208,0.816609,999.742737,52.630824,0.172159,0.006735,0.00062,62.305476,0.443593,0.443593,0.089538
1029,2010-10-26,365.0,289.34256,212.34256,0.994222,1.011657,-12.287014,-0.178827,0.876912,115.179617,78.233269,73.769424,0.785706,0.131046,6.031215,7.633344,23.258351,1.667432,-0.381025,37.089471,2.508149,0.816609,999.621031,52.569098,0.164995,0.006287,0.000594,63.321408,0.49625,0.49625,0.093012
1030,2010-10-27,365.0,290.340492,213.340492,0.993951,1.012208,-12.628572,-0.18117,0.875758,208.98881,78.060904,73.801677,0.785706,0.241217,11.029509,13.194384,23.107162,3.025011,-0.659057,41.366531,2.503748,0.816609,999.794631,52.661511,0.175748,0.011583,0.000633,62.433666,0.925632,0.925632,0.193533
1031,2010-10-28,365.0,291.338965,214.338965,0.993683,1.012755,-12.96687,-0.183483,0.874584,128.059593,77.889675,73.582223,0.785706,0.151748,6.893443,8.15848,22.956812,1.836552,-0.408279,44.448208,2.50085,0.816609,999.881063,52.722538,0.182929,0.007469,0.000659,61.636457,0.571707,0.571707,0.128102
1032,2010-10-29,365.0,292.337976,215.337976,0.993416,1.0133,-13.301797,-0.185767,0.873392,208.809304,77.719637,73.548954,0.785706,0.226931,10.241686,12.857342,22.807373,2.986947,-0.644055,49.440455,2.496556,0.816609,999.968924,52.970548,0.193378,0.012455,0.000696,60.622605,0.951738,0.951738,0.235851
1033,2010-10-30,365.0,293.337523,216.337523,0.993151,1.01384,-13.633239,-0.188019,0.872183,178.670877,77.550847,73.657942,0.785706,0.18781,8.420942,10.253553,22.658921,2.562335,-0.513777,51.2082,2.495138,0.816609,999.987473,53.044019,0.196863,0.010114,0.000709,60.399405,0.822474,0.822474,0.210161
1034,2010-10-31,365.0,294.337601,217.337601,0.992888,1.014378,-13.961086,-0.19024,0.870958,143.779197,77.383365,73.000639,0.785706,0.172042,7.663758,9.258492,22.51153,2.010615,-0.465742,49.440455,2.496556,0.816609,999.968924,52.970548,0.193378,0.009006,0.000696,59.754804,0.640647,0.640647,0.163335
1035,2010-11-01,365.0,295.338207,218.338207,0.992627,1.014911,-14.285223,-0.19243,0.869719,205.728512,77.217251,72.834549,0.785706,0.224099,9.917804,13.218533,22.365275,2.855472,-0.666002,56.840928,2.490928,0.816609,1000.012234,53.240943,0.20729,0.013806,0.000746,58.060249,0.935937,0.935937,0.0
1036,2010-11-02,365.0,296.339337,219.339337,0.992368,1.01544,-14.605539,-0.194586,0.868468,372.71872,77.052566,71.497892,0.785706,0.379353,16.679943,30.195004,22.220234,4.91681,-1.53215,65.171945,2.485408,0.816609,999.976449,53.458715,0.221043,0.033867,0.000796,54.545212,1.652916,1.652916,0.0
1037,2010-11-03,365.0,297.340987,220.340987,0.992112,1.015966,-14.921921,-0.19671,0.867205,406.667724,76.889373,71.546042,0.785706,0.388336,16.964434,31.63769,22.076481,5.366505,-1.606241,67.410908,2.484044,0.816609,999.955764,53.506817,0.22444,0.03605,0.000808,52.827204,1.814775,1.814775,0.0
1038,2010-11-04,365.0,298.343153,221.343153,0.991857,1.016486,-15.234255,-0.198799,0.865932,448.695568,76.727738,71.573229,0.785706,0.401143,17.410867,33.614045,21.934093,5.918435,-1.707678,69.715366,2.482687,0.816609,999.930536,53.55284,0.227817,0.038904,0.00082,51.051724,2.012943,2.012943,0.319755
1039,2010-11-05,365.0,299.34583,222.34583,0.991605,1.017003,-15.542429,-0.200855,0.864651,287.152486,76.567725,72.49409,0.785706,0.256268,11.051393,17.009707,21.793146,3.913275,-0.861065,69.715366,2.482687,0.816609,999.930536,53.55284,0.227817,0.019616,0.00082,51.687984,1.33096,1.33096,0.540905
1040,2010-11-06,365.0,300.349014,223.349014,0.991356,1.017515,-15.84633,-0.202875,0.863363,369.919867,76.409403,71.670484,0.785706,0.330136,14.145783,25.389982,21.653718,4.882572,-1.291242,74.527011,2.479993,0.816609,999.866744,53.639508,0.234502,0.03028,0.000844,50.369105,1.67902,1.67902,0.713581
1041,2010-11-07,365.0,301.352701,224.352701,0.991109,1.018021,-16.145844,-0.204861,0.862071,337.991546,76.252839,72.083565,0.785706,0.313541,13.349206,20.393692,21.515884,4.523349,-1.035914,47.725402,2.49798,0.816609,999.945071,52.89268,0.189893,0.019671,0.000684,55.877489,1.43043,1.43043,0.431724
1042,2010-11-08,365.0,302.356885,225.356885,0.990865,1.018523,-16.44086,-0.20681,0.860774,231.998394,76.098105,72.919686,0.785706,0.212083,8.972417,10.674219,21.379722,3.196894,-0.540476,37.089471,2.508149,0.816609,999.621031,52.569098,0.164995,0.008918,0.000594,59.001746,0.951439,0.951439,0.231302
1043,2010-11-09,365.0,303.361561,226.361561,0.990624,1.01902,-16.731265,-0.208722,0.859476,199.063086,75.945271,72.768737,0.785706,0.190677,8.016089,9.132885,21.245308,2.723855,-0.463098,34.454912,2.51112,0.816609,999.474637,52.506899,0.157864,0.007311,0.000568,59.624585,0.794649,0.794649,0.180036
1044,2010-11-10,365.0,304.366725,227.366725,0.990385,1.019511,-17.016946,-0.210598,0.858177,327.340133,75.794409,72.00909,0.785706,0.305961,12.782412,17.828065,21.112719,4.349001,-0.907881,35.751258,2.509631,0.816609,999.550981,52.538058,0.161424,0.014655,0.000581,58.692728,1.28167,1.28167,0.300341
1045,2010-11-11,365.0,305.37237,228.37237,0.990149,1.019997,-17.297793,-0.212437,0.856879,467.982881,75.645593,71.101226,0.785706,0.433101,17.982037,30.467582,20.982031,6.001136,-1.559223,35.751258,2.509631,0.816609,999.550981,52.538058,0.161424,0.02517,0.000581,58.010055,1.768562,1.768562,0.413705
1046,2010-11-12,365.0,306.378492,229.378492,0.989916,1.020477,-17.573693,-0.214237,0.855584,372.149909,75.498899,71.460818,0.785706,0.343019,14.154536,21.509724,20.853319,4.829775,-1.099712,37.089471,2.508149,0.816609,999.621031,52.569098,0.164995,0.018145,0.000594,57.961885,1.437406,1.437406,0.347483
1047,2010-11-13,365.0,307.385084,230.385084,0.989686,1.020952,-17.844535,-0.215999,0.854294,285.369871,75.354401,71.330334,0.785706,0.282367,11.580984,16.400226,20.72666,3.679922,-0.839565,39.895963,2.505208,0.816609,999.742737,52.630824,0.172159,0.014454,0.00062,57.165595,1.115964,1.115964,0.288103
1048,2010-11-14,365.0,308.392142,231.392142,0.989459,1.02142,-18.110211,-0.217722,0.853009,223.629181,75.212177,71.367343,0.785706,0.213485,8.703245,12.257936,20.602129,2.883422,-0.627825,54.907078,2.492324,0.816609,1000.009037,53.178937,0.203822,0.012796,0.000734,53.847893,0.938711,0.938711,0.0
1049,2010-11-15,365.0,309.399658,232.399658,0.989235,1.021882,-18.37061,-0.219406,0.851732,116.384825,75.072304,69.860591,0.785706,0.104761,4.245485,8.59502,20.4798,1.415044,-0.44359,53.029959,2.493728,0.816609,1000.000813,53.113388,0.200345,0.008887,0.000721,51.976059,0.457474,0.457474,0.158445
1050,2010-11-16,365.0,310.407627,233.407627,0.989015,1.022338,-18.625623,-0.22105,0.850465,191.634478,74.93486,71.518199,0.785706,0.179144,7.217325,9.303848,20.359748,2.47747,-0.476811,44.448208,2.50085,0.816609,999.881063,52.722538,0.182929,0.008722,0.000659,55.097643,0.77122,0.77122,0.231902
1051,2010-11-17,365.0,311.416042,234.416042,0.988797,1.022787,-18.875144,-0.222654,0.849209,269.428036,74.799925,71.149012,0.785706,0.246512,9.874036,13.937976,20.242045,3.430224,-0.715986,44.448208,2.50085,0.816609,999.881063,52.722538,0.182929,0.013097,0.000659,54.83711,1.067806,1.067806,0.320924
1052,2010-11-18,365.0,312.424897,235.424897,0.988584,1.02323,-19.119065,-0.224218,0.847965,471.022962,74.667578,70.060849,0.785706,0.427274,17.016957,30.596142,20.126766,5.745558,-1.580611,38.470662,2.506675,0.816609,999.684909,52.600019,0.168574,0.026645,0.000607,55.578768,1.726336,1.726336,0.45642
1053,2010-11-19,365.0,313.434185,236.434185,0.988373,1.023666,-19.357281,-0.22574,0.846736,284.535294,74.537899,71.287589,0.785706,0.257223,10.186977,13.062351,20.01398,3.630871,-0.6714,30.806287,2.515633,0.816609,999.206545,52.412702,0.14727,0.009888,0.00053,58.707321,1.025663,1.025663,0.220198
1054,2010-11-20,365.0,314.4439,237.4439,0.988166,1.024095,-19.589687,-0.227222,0.845522,380.130954,74.410968,70.64217,0.785706,0.343104,13.513336,20.162438,19.90376,4.727202,-1.040062,30.806287,2.515633,0.816609,999.206545,52.412702,0.14727,0.015317,0.00053,58.217906,1.335359,1.335359,0.286258
1055,2010-11-21,365.0,315.454034,238.454034,0.987962,1.024517,-19.81618,-0.228661,0.844326,223.430342,74.286867,71.143902,0.785706,0.212288,8.315899,9.87974,19.796176,2.827704,-0.508752,29.666731,2.517153,0.816609,999.103712,52.381061,0.143775,0.007315,0.000518,58.977202,0.789729,0.789729,0.163037
1056,2010-11-22,365.0,316.464581,239.464581,0.987763,1.024931,-20.036659,-0.230059,0.843149,122.542308,74.165676,70.166368,0.785706,0.131983,5.142727,6.864004,19.691296,1.492308,-0.355258,27.49654,2.520215,0.816609,998.876988,52.317411,0.136852,0.004862,0.000493,58.879822,0.406963,0.406963,0.077857
1057,2010-11-23,365.0,317.475533,240.475533,0.987566,1.025339,-20.251023,-0.231414,0.841992,518.611845,74.047475,69.964228,0.785706,0.520069,20.159491,29.591192,19.589188,6.258237,-1.533812,15.794625,2.542558,0.816609,996.398966,51.857675,0.092156,0.014135,0.000332,62.746468,1.38161,1.38161,0.147883
1058,2010-11-24,365.0,318.486883,241.486883,0.987374,1.025738,-20.459175,-0.232726,0.840858,525.054729,73.932346,70.266236,0.785706,0.51205,19.748073,26.877342,19.48992,6.401102,-1.391959,13.378174,2.549248,0.816609,995.358301,51.72158,0.080989,0.011273,0.000292,63.966923,1.308537,1.308537,0.116663
1059,2010-11-25,365.0,319.498623,242.498623,0.987185,1.026131,-20.661017,-0.233996,0.839748,289.564998,73.820367,70.06202,0.785706,0.316261,12.136836,15.16187,19.393556,3.498056,-0.786371,20.130503,2.532783,0.816609,997.666204,52.057804,0.110358,0.008678,0.000397,61.257655,0.854193,0.854193,0.118386
1060,2010-11-26,365.0,320.510747,243.510747,0.987001,1.026515,-20.856454,-0.235222,0.838663,230.891841,73.71162,70.056877,0.785706,0.255792,9.768994,11.737535,19.30016,2.785109,-0.60909,23.565031,2.526435,0.816609,998.335029,52.188621,0.123333,0.007512,0.000444,60.090259,0.721,0.721,0.117648
1061,2010-11-27,365.0,321.523245,244.523245,0.98682,1.026891,-21.045395,-0.236404,0.837605,178.301266,73.606182,69.803903,0.785706,0.208809,7.937307,9.408249,19.209795,2.127237,-0.489024,27.49654,2.520215,0.816609,998.876988,52.317411,0.136852,0.006692,0.000493,58.638552,0.580113,0.580113,0.110533
1062,2010-11-28,365.0,322.53611,245.53611,0.986643,1.027259,-21.227747,-0.237542,0.836575,280.99507,73.504132,68.732183,0.785706,0.333467,12.618283,18.51947,19.122522,3.211582,-0.967788,27.49654,2.520215,0.816609,998.876988,52.317411,0.136852,0.013244,0.000493,57.784378,0.875821,0.875821,0.16666
1063,2010-11-29,365.0,323.549335,246.549335,0.98647,1.027619,-21.403423,-0.238636,0.835575,421.674899,73.405547,68.643184,0.785706,0.448911,16.911911,27.686719,19.038401,4.796883,-1.448095,23.565031,2.526435,0.816609,998.335029,52.188621,0.123333,0.01786,0.000444,58.950973,1.241802,1.241802,0.201944
1064,2010-11-30,365.0,324.562911,247.562911,0.986301,1.027971,-21.572336,-0.239686,0.834605,58.473475,73.310503,64.79466,0.785706,0.080505,3.019984,6.767836,18.957489,0.567984,-0.360288,26.46396,2.521758,0.816609,998.752798,52.285401,0.133428,0.004807,0.00048,54.912376,0.152977,0.152977,0.027906
1065,2010-12-01,365.0,325.576829,248.576829,0.986137,1.028314,-21.734402,-0.240691,0.833669,133.946668,73.219074,68.379875,0.785706,0.188617,7.04663,8.904118,18.879842,1.50457,-0.46667,33.199343,2.512617,0.816609,999.39187,52.47562,0.154317,0.007202,0.000556,55.894681,0.434386,0.434386,0.099008
1066,2010-12-02,365.0,326.591081,249.591081,0.985976,1.028649,-21.889542,-0.241651,0.832766,141.256254,73.131333,67.827845,0.785706,0.205594,7.650627,10.259028,18.805516,1.55058,-0.539244,37.089471,2.508149,0.816609,999.621031,52.569098,0.164995,0.008897,0.000594,54.446384,0.461474,0.461474,0.116507
1067,2010-12-03,365.0,327.605659,250.605659,0.98582,1.028975,-22.037675,-0.242566,0.831898,367.370111,73.047351,67.531924,0.785706,0.440489,16.329799,27.684797,18.734561,3.981011,-1.457698,25.465127,2.523309,0.816609,998.621183,52.253266,0.130032,0.018955,0.000468,57.473072,1.058563,1.058563,0.185653
1068,2010-12-04,365.0,328.620555,251.620555,0.985668,1.029292,-22.178727,-0.243435,0.831066,249.229771,72.967198,66.193807,0.785706,0.366605,13.541785,22.934091,18.667029,2.555319,-1.215264,33.199343,2.512617,0.816609,999.39187,52.47562,0.154317,0.018754,0.000556,54.215697,0.737749,0.737749,0.167602
1069,2010-12-05,365.0,329.635758,252.635758,0.98552,1.0296,-22.312624,-0.244259,0.830272,138.279371,72.890941,67.307309,0.785706,0.205573,7.567468,10.5162,18.602967,1.482089,-0.554672,39.895963,2.505208,0.816609,999.742737,52.630824,0.172159,0.009549,0.00062,53.388334,0.449455,0.449455,0.120899
1070,2010-12-06,365.0,330.651261,253.651261,0.985377,1.029899,-22.439297,-0.245037,0.829517,170.030522,72.818644,68.211338,0.785706,0.206244,7.567468,10.689229,18.542424,1.887738,-0.561693,41.366531,2.503748,0.816609,999.794631,52.661511,0.175748,0.009872,0.000633,53.722019,0.577635,0.577635,0.160409
1071,2010-12-07,365.0,331.667055,254.667055,0.985239,1.030189,-22.55868,-0.245769,0.828801,188.224215,72.750371,68.482384,0.785706,0.212324,7.766612,10.959328,18.485442,2.11043,-0.575361,39.895963,2.505208,0.816609,999.742737,52.630824,0.172159,0.009905,0.00062,54.299682,0.640004,0.640004,0.171991
1072,2010-12-08,365.0,332.68313,255.68313,0.985104,1.03047,-22.670709,-0.246455,0.828127,136.792018,72.68618,66.806666,0.785706,0.207479,7.567468,10.901021,18.432064,1.433019,-0.576804,42.883546,2.502295,0.816609,999.840702,52.692082,0.179339,0.010344,0.000646,52.342786,0.442332,0.442332,0.126502
1073,2010-12-09,365.0,333.699477,256.699477,0.984975,1.030741,-22.775325,-0.247094,0.827494,86.573503,72.626129,65.846312,0.785706,0.135365,4.923888,7.921847,18.382329,0.87123,-0.421081,41.366531,2.503748,0.816609,999.794631,52.661511,0.175748,0.0074,0.000633,51.974978,0.26659,0.26659,0.073843
1074,2010-12-10,365.0,334.716087,257.716087,0.98485,1.031003,-22.87247,-0.247687,0.826903,85.082279,72.570273,66.090081,0.785706,0.135705,4.923888,7.441009,18.336276,0.864269,-0.395195,34.454912,2.51112,0.816609,999.474637,52.506899,0.157864,0.006239,0.000568,53.859102,0.252139,0.252139,0.059106
1075,2010-12-11,365.0,335.73295,258.73295,0.984729,1.031256,-22.962091,-0.248234,0.826357,144.060997,72.518661,65.698678,0.785706,0.250275,9.059953,13.230775,18.293939,1.438931,-0.704082,35.751258,2.509631,0.816609,999.550981,52.538058,0.161424,0.011366,0.000581,53.23127,0.424059,0.424059,0.10283
1076,2010-12-12,365.0,336.750058,259.750058,0.984613,1.031498,-23.04414,-0.248733,0.825855,108.72398,72.471342,65.408424,0.785706,0.190829,6.893443,10.322669,18.255352,1.072283,-0.550151,49.440455,2.496556,0.816609,999.968924,52.970548,0.193378,0.010639,0.000696,49.933989,0.341664,0.341664,0.109779
1077,2010-12-13,365.0,337.7674,260.7674,0.984502,1.031731,-23.11857,-0.249186,0.825398,67.296167,72.42836,63.163835,0.785706,0.120179,4.333021,8.306518,18.220543,0.60284,-0.447168,47.725402,2.49798,0.816609,999.945071,52.89268,0.189893,0.008491,0.000684,48.513273,0.190637,0.190637,0.059879
1078,2010-12-14,365.0,338.784967,261.784967,0.984396,1.031954,-23.185339,-0.249592,0.824986,299.541997,72.389755,65.53824,0.785706,0.399455,14.377752,27.564908,18.189542,2.967116,-1.468787,38.470662,2.506675,0.816609,999.684909,52.600019,0.168574,0.02476,0.000607,52.212605,0.891513,0.891513,0.234478
1079,2010-12-15,365.0,339.802749,262.802749,0.984294,1.032168,-23.24441,-0.24995,0.824622,276.466904,72.355565,67.307063,0.785706,0.33429,12.014286,18.850184,18.162374,2.942998,-0.996693,28.563809,2.51868,0.816609,998.993908,52.349298,0.140301,0.013984,0.000505,56.250725,0.812337,0.812337,0.161274
1080,2010-12-16,365.0,340.820736,263.820736,0.984197,1.032371,-23.295748,-0.250262,0.824304,301.522437,72.325823,67.470081,0.785706,0.351181,12.605152,19.774862,18.13906,3.229594,-1.044962,26.46396,2.521758,0.816609,998.752798,52.285401,0.133428,0.013943,0.00048,57.017938,0.869837,0.869837,0.159944
1081,2010-12-17,365.0,341.838919,264.838919,0.984105,1.032564,-23.339324,-0.250526,0.824034,335.113906,72.300557,67.34118,0.785706,0.384517,13.786885,22.428256,18.119622,3.569656,-1.185999,25.465127,2.523309,0.816609,998.621183,52.253266,0.130032,0.015422,0.000468,57.228277,0.949183,0.949183,0.167734
1082,2010-12-18,365.0,342.857287,265.857287,0.984018,1.032747,-23.37511,-0.250743,0.823811,135.869413,72.279793,65.37306,0.785706,0.252899,9.059953,12.574218,18.104077,1.334717,-0.67084,29.666731,2.517153,0.816609,999.103712,52.381061,0.143775,0.009645,0.000518,54.42233,0.372764,0.372764,0.076517
1083,2010-12-19,365.0,343.87583,266.87583,0.983936,1.03292,-23.403085,-0.250912,0.823638,87.193443,72.263553,65.269735,0.785706,0.176043,6.302576,8.166023,18.092439,0.852677,-0.435892,31.983483,2.514121,0.816609,999.302552,52.444222,0.150785,0.006573,0.000543,53.719339,0.243547,0.243547,0.053724
1084,2010-12-20,365.0,344.894539,267.894539,0.983858,1.033082,-23.42323,-0.251034,0.823512,97.057793,72.251853,66.701389,0.785706,0.137592,4.923888,7.248674,18.084721,1.006778,-0.384493,31.983483,2.514121,0.816609,999.302552,52.444222,0.150785,0.005798,0.000543,54.856821,0.287563,0.287563,0.063442
1085,2010-12-21,365.0,345.913403,268.913403,0.983786,1.033234,-23.435533,-0.251109,0.823436,174.235554,72.244706,67.656193,0.785706,0.220194,7.87822,10.790674,18.080933,1.878233,-0.569946,33.199343,2.512617,0.816609,999.39187,52.47562,0.154317,0.008795,0.000556,55.283142,0.542267,0.542267,0.123943
1086,2010-12-22,365.0,346.932412,269.932412,0.983718,1.033376,-23.439983,-0.251135,0.823408,51.00836,72.242121,61.023624,0.785706,0.104591,3.742155,7.537177,18.081079,0.414509,-0.409858,35.751258,2.509631,0.816609,999.550981,52.538058,0.161424,0.006616,0.000581,49.466348,0.122158,0.122158,0.029818
1087,2010-12-23,365.0,347.951555,270.951555,0.983656,1.033507,-23.436574,-0.251115,0.823429,215.839728,72.244101,66.021696,0.785706,0.308199,11.029508,18.026725,18.085166,2.17715,-0.959128,35.751258,2.509631,0.816609,999.550981,52.538058,0.161424,0.015483,0.000581,53.35857,0.641616,0.641616,0.156878
1088,2010-12-24,365.0,348.970823,271.970823,0.983598,1.033628,-23.425306,-0.251047,0.823499,138.572112,72.250647,67.71222,0.785706,0.176036,6.302576,8.490686,18.093193,1.497256,-0.448339,35.751258,2.509631,0.816609,999.550981,52.538058,0.161424,0.007237,0.000581,54.676414,0.441248,0.441248,0.107878
1089,2010-12-25,365.0,349.990205,272.990205,0.983546,1.033739,-23.406182,-0.250931,0.823618,198.997758,72.261755,67.569325,0.785706,0.241889,8.666042,12.603181,18.10516,2.138185,-0.665888,35.751258,2.509631,0.816609,999.550981,52.538058,0.161424,0.010749,0.000581,54.576637,0.630133,0.630133,0.153946
1090,2010-12-26,365.0,351.00969,274.00969,0.983498,1.033838,-23.379208,-0.250768,0.823786,83.769996,72.277415,64.805527,0.785706,0.175765,6.302576,8.369594,18.121062,0.803522,-0.447646,34.454912,2.51112,0.816609,999.474637,52.506899,0.157864,0.007067,0.000568,52.776283,0.234417,0.234417,0.055221
1091,2010-12-27,365.0,352.029269,275.029269,0.983456,1.033927,-23.344395,-0.250557,0.824002,72.558847,72.297615,64.574564,0.785706,0.159113,5.71171,7.48933,18.140891,0.689402,-0.400935,31.983483,2.514121,0.816609,999.302552,52.444222,0.150785,0.006045,0.000543,53.23756,0.196912,0.196912,0.043203
1092,2010-12-28,365.0,353.04893,276.04893,0.983419,1.034006,-23.301761,-0.250298,0.824267,47.98531,72.322338,60.221162,0.785706,0.115069,4.136065,7.633344,18.164638,0.376303,-0.416358,37.089471,2.508149,0.816609,999.621031,52.569098,0.164995,0.00687,0.000594,48.583859,0.111993,0.111993,0.028169
1093,2010-12-29,365.0,354.068664,277.068664,0.983386,1.034074,-23.251323,-0.249992,0.824579,130.321989,72.351562,62.300738,0.785706,0.322798,11.620375,17.371572,18.192291,1.122941,-0.939002,26.46396,2.521758,0.816609,998.752798,52.285401,0.133428,0.012529,0.00048,52.889614,0.302445,0.302445,0.054987
1094,2010-12-30,365.0,355.088459,278.088459,0.983359,1.034131,-23.193106,-0.249639,0.824938,288.140086,72.385262,66.007735,0.785706,0.447858,16.150351,24.720157,18.223834,2.910085,-1.314492,17.848346,2.537632,0.816609,997.074305,51.958333,0.101052,0.013283,0.000364,58.651399,0.677083,0.677083,0.081712
1095,2010-12-31,365.0,356.108305,279.108305,0.983337,1.034177,-23.127138,-0.249238,0.825345,367.705311,72.423409,66.881561,0.785706,0.496049,17.922952,27.51161,18.259249,3.850805,-1.456983,15.794625,2.542558,0.816609,996.398966,51.857675,0.092156,0.013427,0.000332,60.134218,0.850129,0.850129,0.089853
1096,2011-01-01,365.0,357.128191,280.128191,0.98332,1.034213,-23.05345,-0.24879,0.825797,344.208658,72.465969,67.377372,0.785706,0.440591,15.953397,23.702669,18.298515,3.67974,-1.252235,17.139382,2.539265,0.816609,996.858748,51.924913,0.098039,0.012277,0.000353,60.094212,0.841703,0.841703,0.097177
1097,2011-01-02,365.0,358.148108,281.148108,0.983308,1.034238,-22.972079,-0.248294,0.826296,350.567313,72.512905,66.85845,0.785706,0.439556,15.953397,26.798471,18.341609,3.672108,-1.418781,23.565031,2.526435,0.816609,998.335029,52.188621,0.123333,0.017498,0.000444,57.533017,0.950624,0.950624,0.153547
1098,2011-01-03,365.0,359.168043,282.168043,0.983302,1.034252,-22.883064,-0.247752,0.826839,360.891504,72.564176,66.553957,0.785706,0.448779,16.329799,29.31709,18.388504,3.736099,-1.553872,27.49654,2.520215,0.816609,998.876988,52.317411,0.136852,0.021265,0.000493,56.112148,1.018861,1.018861,0.192246
1099,2011-01-04,365.0,0.187988,283.187988,0.9833,1.034256,-22.786448,-0.247162,0.827426,325.855579,72.619738,66.898688,0.785706,0.403883,14.736649,25.249009,18.439173,3.423519,-1.335853,28.563809,2.51868,0.816609,998.993908,52.349298,0.140301,0.018742,0.000505,56.095947,0.944973,0.944973,0.18502
1100,2011-01-05,365.0,1.20793,284.20793,0.983304,1.034248,-22.68228,-0.246526,0.828057,294.536942,72.679543,66.833949,0.785706,0.364602,13.342641,23.336079,18.493584,3.088702,-1.234664,35.751258,2.509631,0.816609,999.550981,52.538058,0.161424,0.01993,0.000581,54.112272,0.910254,0.910254,0.220821
1101,2011-01-06,365.0,2.22786,285.22786,0.983312,1.03423,-22.57061,-0.245842,0.82873,280.587107,72.743541,66.916265,0.785706,0.347185,12.74521,22.189664,18.551703,2.954669,-1.173233,38.470662,2.506675,0.816609,999.684909,52.600019,0.168574,0.019778,0.000607,53.508637,0.887773,0.887773,0.230129
1102,2011-01-07,365.0,3.247766,286.247766,0.983326,1.034201,-22.451493,-0.245112,0.829444,149.445178,72.811676,60.129371,0.785706,0.373067,13.740929,25.104882,18.613494,1.174341,-1.366841,39.895963,2.505208,0.816609,999.742737,52.630824,0.172159,0.023531,0.00062,47.99692,0.356128,0.356128,0.09504
1103,2011-01-08,365.0,4.267639,287.267639,0.983345,1.034161,-22.324988,-0.244335,0.830199,261.872766,72.883891,65.739287,0.785706,0.408527,15.099922,25.345307,18.678917,2.632268,-1.346266,27.49654,2.520215,0.816609,998.876988,52.317411,0.136852,0.018424,0.000493,55.507379,0.717838,0.717838,0.134741
1104,2011-01-09,365.0,5.287468,288.287468,0.983369,1.034111,-22.191155,-0.243512,0.830993,96.570547,72.960127,64.539503,0.785706,0.244214,9.059953,10.98226,18.747933,0.923954,-0.586242,23.565031,2.526435,0.816609,998.335029,52.188621,0.123333,0.00723,0.000444,55.668996,0.23919,0.23919,0.038328
1105,2011-01-10,365.0,6.307241,289.307241,0.983398,1.03405,-22.050061,-0.242642,0.831825,206.767437,73.04032,67.370197,0.785706,0.324363,12.079937,16.008688,18.820497,2.225925,-0.843552,20.945554,2.531184,0.816609,997.845923,52.090701,0.113545,0.009578,0.000409,58.870569,0.551892,0.551892,0.078285
1106,2011-01-11,365.0,7.326949,290.326949,0.983432,1.033978,-21.901773,-0.241727,0.832694,82.493546,73.124406,65.498398,0.785706,0.209987,7.851959,8.546929,18.896563,0.823408,-0.453972,20.945554,2.531184,0.816609,997.845923,52.090701,0.113545,0.005155,0.000409,57.289009,0.204154,0.204154,0.028913
1107,2011-01-12,365.0,8.346581,291.346581,0.983471,1.033896,-21.746362,-0.240765,0.833599,114.252332,73.212318,62.491271,0.785706,0.298101,11.193638,16.482135,18.976084,1.00365,-0.886713,31.983483,2.514121,0.816609,999.302552,52.444222,0.150785,0.01337,0.000543,51.714383,0.286669,0.286669,0.062192
1108,2011-01-13,365.0,9.366127,292.366127,0.983515,1.033803,-21.583904,-0.239758,0.834539,65.000376,73.303985,63.209354,0.785706,0.172686,6.512662,8.865744,19.059009,0.589889,-0.475278,42.883546,2.502295,0.816609,999.840702,52.692082,0.179339,0.008524,0.000646,49.738467,0.182082,0.182082,0.051727
1109,2011-01-14,365.0,10.385575,293.385575,0.983565,1.033699,-21.414476,-0.238705,0.835511,52.299494,73.399336,61.73222,0.785706,0.139675,5.291538,8.21035,19.145286,0.445224,-0.442777,46.061744,2.499411,0.816609,999.915818,52.810115,0.186409,0.008254,0.000671,47.978598,0.139705,0.139705,0.042146
1110,2011-01-15,365.0,11.404916,294.404916,0.983619,1.033585,-21.238157,-0.237607,0.836516,56.181297,73.498298,62.642483,0.785706,0.155066,5.9021,8.247778,19.23486,0.498557,-0.442849,44.448208,2.50085,0.816609,999.881063,52.722538,0.182929,0.008101,0.000659,48.965372,0.155198,0.155198,0.045509
1111,2011-01-16,365.0,12.424139,295.424139,0.983678,1.03346,-21.055032,-0.236464,0.837551,105.85336,73.600796,66.946979,0.785706,0.172116,6.582691,9.68625,19.327675,1.127938,-0.510053,56.840928,2.490928,0.816609,1000.012234,53.240943,0.20729,0.010573,0.000746,49.592248,0.369704,0.369704,0.0
1112,2011-01-17,365.0,13.443234,296.443234,0.983743,1.033325,-20.865185,-0.235276,0.838614,242.98389,73.706755,67.063673,0.785706,0.331827,12.753963,22.242361,19.423673,2.60473,-1.17004,47.725402,2.49798,0.816609,999.945071,52.89268,0.189893,0.022218,0.000684,49.112629,0.8237,0.8237,0.2872
1113,2011-01-18,365.0,14.462191,297.462191,0.983812,1.033179,-20.668705,-0.234044,0.839706,73.127972,73.816096,64.197386,0.785706,0.19702,7.611236,9.613156,19.522792,0.696786,-0.511919,35.751258,2.509631,0.816609,999.550981,52.538058,0.161424,0.008264,0.000581,50.08222,0.205346,0.205346,0.056302
1114,2011-01-19,365.0,15.480999,298.480999,0.983886,1.033023,-20.465681,-0.232767,0.840823,250.727987,73.928741,66.804324,0.785706,0.401513,15.592311,24.674089,19.624972,2.666615,-1.298139,27.49654,2.520215,0.816609,998.876988,52.317411,0.136852,0.017765,0.000493,54.536806,0.727205,0.727205,0.156851
1115,2011-01-20,365.0,16.499648,299.499648,0.983966,1.032857,-20.256207,-0.231447,0.841964,132.722184,74.044612,61.216255,0.785706,0.362098,14.137029,23.088818,19.730147,1.112498,-1.244258,35.751258,2.509631,0.816609,999.550981,52.538058,0.161424,0.020085,0.000581,47.906416,0.327858,0.327858,0.089512
1116,2011-01-21,365.0,17.518128,300.518128,0.98405,1.032681,-20.040378,-0.230082,0.843129,83.583194,74.163628,62.895826,0.785706,0.233022,9.147489,12.876446,19.838253,0.755935,-0.688514,44.448208,2.50085,0.816609,999.881063,52.722538,0.182929,0.012595,0.000659,47.060021,0.235318,0.235318,0.077112
1117,2011-01-22,365.0,18.536429,301.536429,0.984139,1.032494,-19.818289,-0.228675,0.844315,262.12987,74.285709,65.793028,0.785706,0.425754,16.806871,30.806309,19.949223,2.685628,-1.625427,39.895963,2.505208,0.816609,999.742737,52.630824,0.172159,0.027983,0.00062,50.245345,0.814437,0.814437,0.244414
1118,2011-01-23,365.0,19.554541,302.554541,0.984232,1.032297,-19.590041,-0.227224,0.84552,343.071861,74.410774,66.245367,0.785706,0.476258,18.907729,38.893722,20.062988,3.586237,-2.046816,47.725402,2.49798,0.816609,999.945071,52.89268,0.189893,0.038868,0.000684,48.719627,1.134084,1.134084,0.392417
1119,2011-01-24,365.0,20.572453,303.572453,0.984331,1.03209,-19.355733,-0.225731,0.846744,99.440941,74.538742,61.99883,0.785706,0.278844,11.134552,17.08462,20.179479,0.868179,-0.915517,47.725402,2.49798,0.816609,999.945071,52.89268,0.189893,0.017385,0.000684,45.798422,0.274546,0.274546,0.094676
1120,2011-01-25,365.0,21.590157,304.590157,0.984434,1.031873,-19.115468,-0.224195,0.847983,217.380876,74.669533,66.852317,0.785706,0.354082,14.222375,23.727018,20.298623,2.336195,-1.243767,42.883546,2.502295,0.816609,999.840702,52.692082,0.179339,0.022306,0.000646,50.320427,0.721117,0.721117,0.229075
1121,2011-01-26,365.0,22.607642,305.607642,0.984543,1.031647,-18.869349,-0.222617,0.849238,309.594287,74.803064,67.303335,0.785706,0.430771,17.406489,32.526995,20.420349,3.393511,-1.700543,44.448208,2.50085,0.816609,999.881063,52.722538,0.182929,0.031108,0.000659,50.289338,1.056378,1.056378,0.344985
1122,2011-01-27,365.0,23.624899,306.624899,0.984656,1.03141,-18.617481,-0.220998,0.850506,309.214539,74.939256,68.278797,0.785706,0.406203,16.513625,28.993882,20.544582,3.529291,-1.508185,41.366531,2.503748,0.816609,999.794631,52.661511,0.175748,0.026506,0.000633,51.804691,1.079938,1.079938,0.331942
1123,2011-01-28,365.0,24.641918,307.641918,0.984773,1.031164,-18.359973,-0.219337,0.851785,269.342998,75.078027,69.577319,0.785706,0.346041,14.154536,20.9783,20.671248,3.239355,-1.084074,33.199343,2.512617,0.816609,999.39187,52.47562,0.154317,0.016729,0.000556,55.095717,0.935238,0.935238,0.237119
1124,2011-01-29,365.0,25.658689,308.658689,0.984895,1.030908,-18.09693,-0.217636,0.853074,306.818653,75.219299,69.011394,0.785706,0.390789,16.0847,26.975391,20.800271,3.615219,-1.396676,39.895963,2.505208,0.816609,999.742737,52.630824,0.172159,0.024045,0.00062,52.799567,1.096342,1.096342,0.325756
1125,2011-01-30,365.0,26.675203,309.675203,0.985022,1.030643,-17.828462,-0.215895,0.854371,329.585479,75.362991,68.948737,0.785706,0.418453,17.332084,29.99159,20.931574,3.879865,-1.552243,39.895963,2.505208,0.816609,999.742737,52.630824,0.172159,0.026723,0.00062,52.795209,1.176598,1.176598,0.348896
1126,2011-01-31,365.0,27.691451,310.691451,0.985153,1.030368,-17.554679,-0.214113,0.855674,413.862935,75.509024,68.983536,0.785706,0.524949,21.881756,38.390955,21.06508,4.886052,-1.985283,29.666731,2.517153,0.816609,999.103712,52.381061,0.143775,0.028543,0.000518,55.850882,1.364591,1.364591,0.309874
1127,2011-02-01,365.0,28.707423,311.707423,0.985289,1.030084,-17.275693,-0.212292,0.856982,452.416326,75.657322,69.677157,0.785706,0.573807,24.072339,38.611832,21.200711,5.49552,-1.98897,20.945554,2.531184,0.816609,997.845923,52.090701,0.113545,0.022584,0.000409,59.461702,1.362549,1.362549,0.219648
1128,2011-02-02,365.0,29.723111,312.723111,0.98543,1.02979,-16.991615,-0.210432,0.858293,457.549369,75.807807,68.755458,0.785706,0.580471,24.510018,46.015533,21.338386,5.370143,-2.378714,31.983483,2.514121,0.816609,999.302552,52.444222,0.150785,0.035867,0.000543,55.021299,1.533857,1.533857,0.371906
1129,2011-02-03,365.0,30.738504,313.738504,0.985574,1.029488,-16.702557,-0.208534,0.859605,195.858186,75.960402,57.826743,0.785706,0.5561,23.634661,48.805874,21.478027,1.430868,-2.644935,46.061744,2.499411,0.816609,999.915818,52.810115,0.186409,0.049304,0.000671,43.475654,0.448986,0.448986,0.148121
1130,2011-02-04,365.0,31.753595,314.753595,0.985724,1.029176,-16.408634,-0.206597,0.860917,251.808767,76.115033,67.208757,0.785706,0.413322,17.682228,31.954606,21.619553,2.787418,-1.661126,51.2082,2.495138,0.816609,999.987473,53.044019,0.196863,0.032701,0.000709,49.03375,0.894722,0.894722,0.321016
1131,2011-02-05,365.0,32.768375,315.768375,0.985877,1.028856,-16.109958,-0.204623,0.862227,201.733282,76.271626,70.495402,0.785706,0.282287,12.156532,16.796194,21.762884,2.544029,-0.859444,42.883546,2.502295,0.816609,999.840702,52.692082,0.179339,0.015413,0.000646,53.168778,0.785269,0.785269,0.246809
1132,2011-02-06,365.0,33.782834,316.782834,0.986035,1.028527,-15.806645,-0.202612,0.863533,86.162525,76.430107,64.997761,0.785706,0.247152,10.71438,13.989647,21.907938,0.87339,-0.733412,44.448208,2.50085,0.816609,999.881063,52.722538,0.182929,0.013416,0.000659,48.907848,0.271881,0.271881,0.087673
1133,2011-02-07,365.0,34.796964,317.796964,0.986197,1.028189,-15.498809,-0.200564,0.864834,104.589121,76.590406,64.854025,0.785706,0.30177,13.169758,17.458647,22.054635,1.055364,-0.915177,35.751258,2.509631,0.816609,999.550981,52.538058,0.161424,0.014773,0.000581,50.988804,0.311021,0.311021,0.083286
1134,2011-02-08,365.0,35.810757,318.810757,0.986363,1.027843,-15.186566,-0.198481,0.866128,273.088597,76.752452,69.144471,0.785706,0.451475,19.835609,30.004749,22.202892,3.284035,-1.541414,28.563809,2.51868,0.816609,998.993908,52.349298,0.140301,0.021626,0.000505,56.408087,0.906472,0.906472,0.197636
1135,2011-02-09,365.0,36.824204,319.824204,0.986533,1.027488,-14.87003,-0.196362,0.867414,379.958114,76.916175,70.035857,0.785706,0.535084,23.667487,37.920141,22.352629,4.736502,-1.938542,26.46396,2.521758,0.816609,998.752798,52.285401,0.133428,0.025866,0.00048,57.832544,1.275698,1.275698,0.258139
1136,2011-02-10,365.0,37.837297,320.837297,0.986708,1.027125,-14.549319,-0.194208,0.868689,205.639425,77.081509,59.744336,0.785706,0.597981,26.628383,50.07093,22.503763,1.662482,-2.677725,35.751258,2.509631,0.816609,999.550981,52.538058,0.161424,0.043225,0.000581,47.207662,0.489941,0.489941,0.130302
1137,2011-02-11,365.0,38.850028,321.850028,0.986886,1.026753,-14.224547,-0.19202,0.869953,123.235825,77.248386,63.196541,0.785706,0.360436,16.159104,24.680303,22.656212,1.165196,-1.29926,44.448208,2.50085,0.816609,999.881063,52.722538,0.182929,0.023767,0.000659,47.742799,0.362718,0.362718,0.116175
1138,2011-02-12,365.0,39.862389,322.862389,0.987068,1.026374,-13.895832,-0.189799,0.871204,266.178389,77.416743,68.315467,0.785706,0.442903,19.990983,35.164169,22.809896,3.116545,-1.807665,49.440455,2.496556,0.816609,999.968924,52.970548,0.193378,0.034956,0.000696,50.267852,0.993032,0.993032,0.345845
1139,2011-02-13,365.0,40.874372,323.874372,0.987254,1.025987,-13.563288,-0.187544,0.87244,292.915073,77.586514,70.344886,0.785706,0.414635,18.842076,31.021941,22.964732,3.716287,-1.578581,46.061744,2.499411,0.816609,999.915818,52.810115,0.186409,0.029426,0.000671,52.505502,1.166119,1.166119,0.384065
1140,2011-02-14,365.0,41.88597,324.88597,0.987444,1.025592,-13.227032,-0.185257,0.873661,216.52164,77.757639,72.034925,0.785706,0.289004,13.22228,18.23372,23.120639,2.931388,-0.919775,49.440455,2.496556,0.816609,999.968924,52.970548,0.193378,0.017786,0.000696,52.917267,0.934035,0.934035,0.324535
1141,2011-02-15,365.0,42.897174,325.897174,0.987638,1.025189,-12.887179,-0.182939,0.874863,91.807638,77.930057,65.689863,0.785706,0.271948,12.526371,16.270244,23.277537,0.970479,-0.844374,46.061744,2.499411,0.816609,999.915818,52.810115,0.186409,0.01574,0.000671,49.305778,0.304523,0.304523,0.099745
1142,2011-02-16,365.0,43.907977,326.907977,0.987836,1.024779,-12.543847,-0.180589,0.876047,111.899455,78.103708,66.411511,0.785706,0.333258,15.454441,19.020017,23.435344,1.220241,-0.983065,29.666731,2.517153,0.816609,999.103712,52.381061,0.143775,0.014134,0.000518,54.120118,0.340792,0.340792,0.07596
1143,2011-02-17,365.0,44.918373,327.918373,0.988037,1.024362,-12.19715,-0.178209,0.87721,66.613219,78.278534,69.127169,0.785706,0.200616,9.366328,8.9486,23.59398,0.810762,-0.456428,27.49654,2.520215,0.816609,998.876988,52.317411,0.136852,0.006246,0.000493,56.949572,0.221101,0.221101,0.045832
1144,2011-02-18,365.0,45.928353,328.928353,0.988242,1.023938,-11.847204,-0.175799,0.878352,111.713322,78.45448,66.137669,0.785706,0.341925,16.07157,20.055882,23.753366,1.207758,-1.036168,30.806287,2.515633,0.816609,999.206545,52.412702,0.14727,0.01526,0.00053,53.607755,0.341172,0.341172,0.078569
1145,2011-02-19,365.0,46.937912,329.937912,0.98845,1.023506,-11.494125,-0.17336,0.879471,82.737981,78.63149,68.030618,0.785706,0.254728,12.053677,12.878973,23.913423,0.966939,-0.659115,30.806287,2.515633,0.816609,999.206545,52.412702,0.14727,0.009707,0.00053,55.094052,0.273145,0.273145,0.062872
1146,2011-02-20,365.0,47.947041,330.947041,0.988662,1.023068,-11.138026,-0.170893,0.880565,109.953124,78.80951,66.774689,0.785706,0.340494,16.22038,19.39094,24.074071,1.223203,-0.997246,28.563809,2.51868,0.816609,998.993908,52.349298,0.140301,0.013991,0.000505,54.81737,0.337633,0.337633,0.07222
1147,2011-02-21,365.0,48.955735,331.955735,0.988877,1.022622,-10.779024,-0.168398,0.881634,347.010532,78.988489,70.260483,0.785706,0.591902,28.385663,44.892588,24.235234,4.434687,-2.270021,27.49654,2.520215,0.816609,998.876988,52.317411,0.136852,0.031066,0.000493,57.919446,1.20937,1.20937,0.249472
1148,2011-02-22,365.0,49.963986,332.963986,0.989096,1.022171,-10.417232,-0.165876,0.882677,79.570805,79.168376,68.989714,0.785706,0.249318,12.03617,11.982989,24.396833,0.96929,-0.608992,27.49654,2.520215,0.816609,998.876988,52.317411,0.136852,0.008334,0.000493,56.945431,0.264332,0.264332,0.05439
1149,2011-02-23,365.0,50.971789,333.971789,0.989317,1.021712,-10.052764,-0.163327,0.883691,78.203752,79.349122,69.551559,0.785706,0.247673,12.03617,11.371038,24.558793,0.974806,-0.575888,24.499119,2.524868,0.816609,998.481982,52.221007,0.126667,0.007295,0.000456,58.412934,0.255806,0.255806,0.046958
1150,2011-02-24,365.0,51.979136,334.979136,0.989542,1.021248,-9.685735,-0.160754,0.884676,302.805671,79.530677,71.940681,0.785706,0.521398,25.505739,34.367617,24.721037,4.136759,-1.71964,22.661981,2.528009,0.816609,998.180152,52.156109,0.120034,0.020641,0.000432,61.018256,1.056043,1.056043,0.179285
1151,2011-02-25,365.0,52.986023,335.986023,0.98977,1.020777,-9.316256,-0.158155,0.885632,489.226268,79.712996,73.003782,0.785706,0.710392,34.979298,49.276083,24.883492,6.957421,-2.451009,17.139382,2.539265,0.816609,996.858748,51.924913,0.098039,0.02403,0.000353,64.100239,1.591439,1.591439,0.202091
1152,2011-02-26,365.0,53.992443,336.992443,0.990001,1.020301,-8.944441,-0.155533,0.886556,536.090707,79.896033,73.179732,0.785706,0.73192,36.274827,54.150639,25.046082,7.680841,-2.688811,19.343142,2.534391,0.816609,997.477826,52.024778,0.107213,0.028828,0.000386,63.361468,1.846438,1.846438,0.2657
1153,2011-02-27,365.0,54.998389,337.998389,0.990236,1.019819,-8.570403,-0.152887,0.887448,126.154824,80.079743,66.998765,0.785706,0.402907,20.098214,24.459392,25.208736,1.427342,-1.249039,26.46396,2.521758,0.816609,998.752798,52.285401,0.133428,0.016666,0.00048,55.801226,0.384431,0.384431,0.075544
1154,2011-02-28,365.0,56.003858,339.003858,0.990472,1.019331,-8.194252,-0.150219,0.888307,76.674846,80.264084,69.113736,0.785706,0.246279,12.364429,12.764423,25.371382,0.944534,-0.644929,34.454912,2.51112,0.816609,999.474637,52.506899,0.157864,0.010181,0.000568,55.05654,0.275556,0.275556,0.069463
1155,2011-03-01,365.0,57.008843,340.008843,0.990712,1.018838,-7.816102,-0.147529,0.889132,133.329621,80.449013,64.502354,0.785706,0.430692,21.761396,31.361619,25.533948,1.362752,-1.616865,39.895963,2.505208,0.816609,999.742737,52.630824,0.172159,0.027836,0.00062,50.181343,0.413265,0.413265,0.118295
1156,2011-03-02,365.0,58.013338,341.013338,0.990955,1.018339,-7.436061,-0.144819,0.889922,92.131369,80.634489,67.267152,0.785706,0.299286,15.218094,18.341325,25.696365,1.056702,-0.932981,42.883546,2.502295,0.816609,999.840702,52.692082,0.179339,0.016732,0.000646,51.502259,0.326174,0.326174,0.099292
1157,2011-03-03,365.0,59.017339,342.017339,0.9912,1.017835,-7.054241,-0.142088,0.890676,313.296648,80.820473,71.602458,0.785706,0.545934,27.934857,43.553431,25.858564,4.255207,-2.169132,35.751258,2.509631,0.816609,999.550981,52.538058,0.161424,0.035015,0.000581,56.613131,1.254028,1.254028,0.326098
1158,2011-03-04,365.0,60.020841,343.020841,0.991448,1.017326,-6.670751,-0.139338,0.891394,410.108167,81.006926,72.878063,0.785706,0.60119,30.954841,50.48169,26.020478,5.843358,-2.496668,35.751258,2.509631,0.816609,999.550981,52.538058,0.161424,0.040302,0.000581,57.598065,1.722064,1.722064,0.447246
1159,2011-03-05,365.0,61.023839,344.023839,0.991698,1.016813,-6.285702,-0.13657,0.892074,99.322999,81.193809,67.310836,0.785706,0.328286,17.008202,20.612619,26.182041,1.143955,-1.045491,39.895963,2.505208,0.816609,999.742737,52.630824,0.172159,0.017999,0.00062,52.370183,0.346913,0.346913,0.098817
1160,2011-03-06,365.0,62.026328,345.026328,0.991951,1.016295,-5.899201,-0.133784,0.892717,335.619475,81.381087,71.49209,0.785706,0.589249,30.716307,50.20732,26.343188,4.55004,-2.495,38.470662,2.506675,0.816609,999.684909,52.600019,0.168574,0.042059,0.000607,55.853064,1.367125,1.367125,0.377506
1161,2011-03-07,365.0,63.028305,346.028305,0.992206,1.015772,-5.511358,-0.130981,0.893321,370.860211,81.568722,74.035642,0.785706,0.546787,28.67672,42.543937,26.503854,5.521795,-2.086626,33.199343,2.512617,0.816609,999.39187,52.47562,0.154317,0.0322,0.000556,59.340665,1.594204,1.594204,0.385188
1162,2011-03-08,365.0,64.029763,347.029763,0.992463,1.015246,-5.122279,-0.128163,0.893885,134.22262,81.756681,65.975698,0.785706,0.451302,23.811921,31.644251,26.663978,1.466945,-1.610498,33.199343,2.512617,0.816609,999.39187,52.47562,0.154317,0.024853,0.000556,53.217318,0.423523,0.423523,0.101747
1163,2011-03-09,365.0,65.030701,348.030701,0.992723,1.014715,-4.732072,-0.125329,0.89441,122.602608,81.944928,65.35896,0.785706,0.418397,22.207829,30.353845,26.823498,1.306834,-1.547762,41.366531,2.503748,0.816609,999.794631,52.661511,0.175748,0.027202,0.000633,50.671833,0.399882,0.399882,0.11676
1164,2011-03-10,365.0,66.031112,349.031112,0.992984,1.01418,-4.340845,-0.122481,0.894895,116.989877,82.13343,65.872134,0.785706,0.401425,21.433137,28.467019,26.982355,1.274582,-1.446855,41.366531,2.503748,0.816609,999.794631,52.661511,0.175748,0.025428,0.000633,51.069015,0.390013,0.390013,0.113787
1165,2011-03-11,365.0,67.030995,350.030995,0.993248,1.013642,-3.948703,-0.11962,0.895339,345.391313,82.322155,72.754583,0.785706,0.615824,33.073204,50.36388,27.140489,4.920778,-2.476264,31.983483,2.514121,0.816609,999.302552,52.444222,0.150785,0.037338,0.000543,58.838073,1.405506,1.405506,0.326073
1166,2011-03-12,365.0,68.030344,351.030344,0.993514,1.013099,-3.555752,-0.116746,0.895742,147.981605,82.511069,64.712477,0.785706,0.511032,27.604408,39.345309,27.297845,1.537372,-2.006658,35.751258,2.509631,0.816609,999.550981,52.538058,0.161424,0.032392,0.000581,51.646125,0.45307,0.45307,0.115844
1167,2011-03-13,365.0,69.029158,352.029158,0.993781,1.012554,-3.162097,-0.113861,0.896103,93.810816,82.700142,68.115326,0.785706,0.328702,17.8573,20.652666,27.454366,1.120846,-1.036053,39.895963,2.505208,0.816609,999.742737,52.630824,0.172159,0.017837,0.00062,53.158149,0.339905,0.339905,0.095852
1168,2011-03-14,365.0,70.027432,353.027432,0.994051,1.012005,-2.767843,-0.110965,0.896422,125.204334,82.889342,65.787471,0.785706,0.441046,24.096414,32.137247,27.609998,1.361624,-1.62808,38.470662,2.506675,0.816609,999.684909,52.600019,0.168574,0.027445,0.000607,51.800899,0.409119,0.409119,0.111533
1169,2011-03-15,365.0,71.025163,354.025163,0.994322,1.011454,-2.373095,-0.108059,0.8967,59.144719,83.078639,70.232918,0.785706,0.216885,11.915808,11.54522,27.764688,0.767957,-0.572387,42.883546,2.502295,0.816609,999.840702,52.692082,0.179339,0.010265,0.000646,53.984937,0.237047,0.237047,0.071064
1170,2011-03-16,365.0,72.022348,355.022348,0.994595,1.010899,-1.977956,-0.105143,0.896935,91.018062,83.268003,68.568553,0.785706,0.338292,18.688889,20.259297,27.918385,1.108176,-1.011371,33.199343,2.512617,0.816609,999.39187,52.47562,0.154317,0.015607,0.000556,55.339444,0.319943,0.319943,0.076341
1171,2011-03-17,365.0,73.018986,356.018986,0.994869,1.010342,-1.582529,-0.10222,0.897127,308.700824,83.457404,74.079716,0.785706,0.567162,31.504127,44.410119,28.071039,4.623161,-2.157394,31.983483,2.514121,0.816609,999.302552,52.444222,0.150785,0.03253,0.000543,59.946447,1.320499,1.320499,0.304814
1172,2011-03-18,365.0,74.015073,357.015073,0.995145,1.009782,-1.186918,-0.09929,0.897277,85.072611,83.646813,68.603816,0.785706,0.318109,17.765387,19.400803,28.222601,1.037623,-0.966563,38.470662,2.506675,0.816609,999.684909,52.600019,0.168574,0.016294,0.000607,53.966209,0.311769,0.311769,0.084818
1173,2011-03-19,365.0,75.010606,358.010606,0.995422,1.00922,-0.791224,-0.096353,0.897384,136.498114,83.8362,65.024487,0.785706,0.512988,28.80146,38.56754,28.373025,1.439474,-1.95169,33.199343,2.512617,0.816609,999.39187,52.47562,0.154317,0.030118,0.000556,52.654436,0.415592,0.415592,0.098664
1174,2011-03-20,365.0,76.005584,359.005584,0.9957,1.008656,-0.39555,-0.093411,0.897448,96.824405,84.025538,66.935754,0.785706,0.375021,21.166151,24.997733,28.522264,1.105009,-1.252797,38.470662,2.506675,0.816609,999.684909,52.600019,0.168574,0.021119,0.000607,52.748568,0.332016,0.332016,0.090109
1175,2011-03-21,365.0,77.000005,5e-06,0.99598,1.00809,2e-06,-0.090464,0.897469,81.330816,84.214798,68.308028,0.785706,0.320471,18.18118,19.621486,28.670276,0.980681,-0.976194,38.470662,2.506675,0.816609,999.684909,52.600019,0.168574,0.016456,0.000607,53.791086,0.29466,0.29466,0.079949
1176,2011-03-22,365.0,77.993866,0.993866,0.99626,1.007522,0.395332,-0.087514,0.897448,403.812284,84.403952,73.422809,0.785706,0.757952,43.220792,68.05614,28.817017,5.908518,-3.301068,30.806287,2.515633,0.816609,999.206545,52.412702,0.14727,0.048615,0.00053,59.903624,1.669062,1.669062,0.36977
1177,2011-03-23,365.0,78.987167,1.987167,0.996542,1.006952,0.790339,-0.084561,0.897384,136.070643,84.59297,63.632761,0.785706,0.543673,31.158362,42.724541,28.962447,1.352423,-2.167772,34.454912,2.51112,0.816609,999.474637,52.506899,0.157864,0.034221,0.000568,51.312178,0.394552,0.394552,0.096462
1178,2011-03-24,365.0,79.979905,2.979905,0.996825,1.006381,1.184922,-0.081606,0.897278,106.896381,84.781827,65.283511,0.785706,0.43087,24.816394,31.381711,29.106525,1.139474,-1.578915,39.895963,2.505208,0.816609,999.742737,52.630824,0.172159,0.027182,0.00062,51.227032,0.345554,0.345554,0.096385
1179,2011-03-25,365.0,80.972079,3.972079,0.997108,1.005809,1.578982,-0.07865,0.897129,122.822582,84.970492,65.222214,0.785706,0.499398,28.904313,36.51964,29.249214,1.305671,-1.836249,31.983483,2.514121,0.816609,999.302552,52.444222,0.150785,0.027688,0.000543,53.227365,0.372935,0.372935,0.084979
1180,2011-03-26,365.0,81.963688,4.963688,0.997393,1.005235,1.972419,-0.075694,0.896938,94.012362,85.158939,67.170477,0.785706,0.387085,22.512015,25.600414,29.390478,1.082545,-1.274522,35.751258,2.509631,0.816609,999.550981,52.538058,0.161424,0.020574,0.000581,53.730556,0.319031,0.319031,0.08061
1181,2011-03-27,365.0,82.954732,5.954732,0.997678,1.004661,2.365134,-0.072739,0.896705,120.050929,85.347139,65.199306,0.785706,0.498539,29.131907,36.422878,29.530281,1.274381,-1.828218,31.983483,2.514121,0.816609,999.302552,52.444222,0.150785,0.027567,0.000543,53.232331,0.363997,0.363997,0.082809
1182,2011-03-28,365.0,83.945208,6.945208,0.997963,1.004086,2.757027,-0.069786,0.896431,116.652054,85.535064,65.016784,0.785706,0.486673,28.571679,36.024922,29.66859,1.228478,-1.808096,34.454912,2.51112,0.816609,999.474637,52.506899,0.157864,0.028543,0.000568,52.442208,0.358393,0.358393,0.087327
1183,2011-03-29,365.0,84.935118,7.935118,0.998249,1.003511,3.148001,-0.066836,0.896115,102.694638,85.722685,64.978413,0.785706,0.440359,25.971864,32.059709,29.805372,1.079368,-1.607892,38.470662,2.506675,0.816609,999.684909,52.600019,0.168574,0.027105,0.000607,51.407931,0.324311,0.324311,0.087266
1184,2011-03-30,365.0,85.924459,8.924459,0.998536,1.002935,3.537958,-0.063889,0.895759,236.478826,85.909975,75.296423,0.785706,0.45743,27.101078,38.657461,29.940598,3.691689,-1.843862,56.840928,2.490928,0.816609,1000.012234,53.240943,0.20729,0.038221,0.000746,54.523976,1.210023,1.210023,0.0
1185,2011-03-31,365.0,86.913232,9.913232,0.998823,1.002358,3.926798,-0.060947,0.895362,448.399612,86.096904,74.930805,0.785706,0.702732,41.820218,77.050547,30.074238,6.907632,-3.6783,62.996953,2.486778,0.816609,999.992517,53.408313,0.217627,0.08005,0.000783,51.786031,2.30813,2.30813,0.0
1186,2011-04-01,365.0,87.901437,10.901437,0.99911,1.001782,4.314426,-0.05801,0.894926,585.097725,86.283443,76.178669,0.785706,0.844133,50.455626,91.148667,30.206264,9.40959,-4.320273,62.996953,2.486778,0.816609,999.992517,53.408313,0.217627,0.094021,0.000783,51.134565,3.144139,3.144139,0.0
1187,2011-04-02,365.0,88.889074,11.889074,0.999398,1.001206,4.700743,-0.055079,0.894451,149.987371,86.469563,66.279209,0.785706,0.558745,33.541523,45.707219,30.33665,1.660905,-2.270331,37.089471,2.508149,0.816609,999.621031,52.569098,0.164995,0.037459,0.000594,49.492952,0.494308,0.494308,0.15275
1188,2011-04-03,365.0,89.876143,12.876143,0.999685,1.00063,5.085652,-0.052156,0.893936,221.486927,86.655233,63.854327,0.785706,0.828967,49.974174,75.695719,30.465371,2.213937,-3.798557,35.751258,2.509631,0.816609,999.550981,52.538058,0.161424,0.061318,0.000581,48.152352,0.652457,0.652457,0.195441
1189,2011-04-04,365.0,90.862644,13.862644,0.999973,1.000055,5.469058,-0.049241,0.893384,107.038946,86.840425,68.594404,0.785706,0.405605,24.553786,29.630054,30.592404,1.299399,-1.453205,44.448208,2.50085,0.816609,999.881063,52.722538,0.182929,0.026583,0.000659,49.069512,0.404494,0.404494,0.144162
1190,2011-04-05,365.0,91.848578,14.848578,1.00026,0.99948,5.850862,-0.046335,0.892794,108.156379,87.025106,69.214329,0.785706,0.411798,25.030858,29.255666,30.717727,1.344336,-1.429311,39.895963,2.505208,0.816609,999.742737,52.630824,0.172159,0.024607,0.00062,50.757193,0.40768,0.40768,0.133575
1191,2011-04-06,365.0,92.833946,15.833946,1.000547,0.998906,6.23097,-0.043438,0.892168,396.495278,87.209247,76.28426,0.785706,0.734452,44.822696,66.650484,30.841319,6.379983,-3.142535,33.199343,2.512617,0.816609,999.39187,52.47562,0.154317,0.048495,0.000556,57.879096,1.841972,1.841972,0.519432
1192,2011-04-07,365.0,93.818749,16.818749,1.000834,0.998334,6.609285,-0.040553,0.891505,540.367375,87.392815,78.895803,0.785706,0.827998,50.731357,70.866672,30.963162,9.487185,-3.294214,29.666731,2.517153,0.816609,999.103712,52.381061,0.143775,0.047362,0.000518,61.141591,2.649608,2.649608,0.676803
1193,2011-04-08,365.0,94.802987,17.802987,1.001121,0.997762,6.985712,-0.037679,0.890807,183.812401,87.575778,63.542293,0.785706,0.705609,43.400239,66.026923,31.083236,1.806477,-3.303163,38.470662,2.506675,0.816609,999.684909,52.600019,0.168574,0.055683,0.000607,47.337179,0.542782,0.542782,0.171329
1194,2011-04-09,365.0,95.786662,18.786662,1.001407,0.997191,7.360154,-0.034818,0.890075,465.566151,87.758104,76.63759,0.785706,0.866084,53.473421,79.558956,31.201526,7.565006,-3.733956,41.366531,2.503748,0.816609,999.794631,52.661511,0.175748,0.065624,0.000633,55.534682,2.314839,2.314839,0.776819
1195,2011-04-10,365.0,96.769775,19.769775,1.001693,0.996622,7.732518,-0.031971,0.889309,199.937313,87.939758,60.80011,0.785706,0.772286,47.86019,80.351904,31.318017,1.737064,-4.062434,46.061744,2.499411,0.816609,999.915818,52.810115,0.186409,0.075727,0.000671,43.663676,0.545066,0.545066,0.196977
1196,2011-04-11,365.0,97.752328,20.752328,1.001978,0.996055,8.102707,-0.029138,0.88851,407.776828,88.120707,75.84432,0.785706,0.760813,47.321843,76.724818,31.432694,6.43603,-3.608642,42.883546,2.502295,0.816609,999.840702,52.692082,0.179339,0.064717,0.000646,54.634503,1.986619,1.986619,0.683232
1197,2011-04-12,365.0,98.734322,21.734322,1.002263,0.99549,8.470628,-0.02632,0.887679,588.800257,88.300915,79.521421,0.785706,0.907754,56.664097,79.558956,31.545545,10.506302,-3.669012,41.366531,2.503748,0.816609,999.794631,52.661511,0.175748,0.064482,0.000633,57.6119,3.214854,3.214854,1.073849
1198,2011-04-13,365.0,99.715759,22.715759,1.002547,0.994926,8.836185,-0.023518,0.886818,142.545911,88.480349,66.540592,0.785706,0.555186,34.777966,46.9722,31.656558,1.581878,-2.307291,41.366531,2.503748,0.816609,999.794631,52.661511,0.175748,0.04055,0.000633,48.902215,0.484043,0.484043,0.160369
1199,2011-04-14,365.0,100.696642,23.696642,1.00283,0.994365,9.199284,-0.020734,0.885926,150.949546,88.65897,67.267977,0.785706,0.590948,37.145809,48.546511,31.765724,1.723603,-2.374374,34.454912,2.51112,0.816609,999.474637,52.506899,0.157864,0.037483,0.000568,51.422263,0.502839,0.502839,0.143137
1200,2011-04-15,365.0,101.676973,24.676973,1.003112,0.993806,9.559832,-0.017967,0.885006,86.439826,88.836741,71.294658,0.785706,0.349544,22.045887,22.980529,31.873032,1.153194,-1.101475,41.366531,2.503748,0.816609,999.794631,52.661511,0.175748,0.019358,0.000633,52.248778,0.352869,0.352869,0.116751
1201,2011-04-16,365.0,102.656753,25.656753,1.003393,0.993249,9.917734,-0.015219,0.884058,265.765788,89.013626,78.318408,0.785706,0.504743,31.939617,43.526805,31.978476,4.539473,-2.012307,51.2082,2.495138,0.816609,999.987473,53.044019,0.196863,0.039615,0.000709,54.206438,1.457107,1.457107,0.56572
1202,2011-04-17,365.0,103.635986,26.635986,1.003673,0.992695,10.272897,-0.01249,0.883083,460.85274,89.189585,79.090183,0.785706,0.718733,45.628024,71.26866,32.082049,8.0661,-3.278753,44.448208,2.50085,0.816609,999.881063,52.722538,0.182929,0.059978,0.000659,56.342385,2.510924,2.510924,0.887178
1203,2011-04-18,365.0,104.614673,27.614673,1.003951,0.992144,10.625227,-0.009782,0.882082,502.468237,89.364577,80.651793,0.785706,0.731238,46.569034,67.078427,32.183745,9.240406,-3.058202,34.454912,2.51112,0.816609,999.474637,52.506899,0.157864,0.048278,0.000568,60.845003,2.695769,2.695769,0.773781
1204,2011-04-19,365.0,105.592818,28.592818,1.004229,0.991595,10.974631,-0.007096,0.881056,629.349155,89.538564,81.78863,0.785706,0.892038,56.985794,74.729909,32.28356,11.984182,-3.383643,34.454912,2.51112,0.816609,999.474637,52.506899,0.157864,0.053416,0.000568,61.707864,3.49623,3.49623,1.00096
1205,2011-04-20,365.0,106.570424,29.570424,1.004505,0.99105,11.321017,-0.004431,0.880007,134.230623,89.711503,66.974905,0.785706,0.548973,35.176253,45.607529,32.38149,1.504524,-2.222027,39.895963,2.505208,0.816609,999.742737,52.630824,0.172159,0.038254,0.00062,49.725032,0.456258,0.456258,0.14609
1206,2011-04-21,365.0,107.547494,30.547494,1.00478,0.990508,11.664291,-0.001789,0.878936,289.085157,89.883352,79.966328,0.785706,0.552151,35.484818,43.751551,32.477533,5.181818,-1.996382,34.454912,2.51112,0.816609,999.474637,52.506899,0.157864,0.031516,0.000568,60.575998,1.511728,1.511728,0.430144
1207,2011-04-22,365.0,108.524031,31.524031,1.005054,0.989969,12.004362,0.000828,0.877843,605.1495,90.054067,81.757285,0.785706,0.949813,61.218149,76.661528,32.571688,11.470058,-3.462175,37.089471,2.508149,0.816609,999.621031,52.569098,0.164995,0.057124,0.000594,60.912464,3.413644,3.413644,1.031828
1208,2011-04-23,365.0,109.500038,32.500038,1.005325,0.989434,12.341137,0.003422,0.876731,216.923261,90.223605,64.875815,0.785706,0.894244,57.799876,81.490574,32.663953,2.221031,-3.999295,44.448208,2.50085,0.816609,999.881063,52.722538,0.182929,0.073159,0.000659,47.250349,0.691392,0.691392,0.239291
1209,2011-04-24,365.0,110.475519,33.475519,1.005596,0.988902,12.674525,0.005989,0.8756,116.56597,90.391919,68.354768,0.785706,0.482826,31.294042,38.34575,32.754331,1.373832,-1.849685,42.883546,2.502295,0.816609,999.840702,52.692082,0.179339,0.033172,0.000646,50.073573,0.424063,0.424063,0.142697
1210,2011-04-25,365.0,111.450478,34.450478,1.005864,0.988374,13.004434,0.008531,0.874452,102.190851,90.558965,70.214008,0.785706,0.428558,27.851696,31.121163,32.842822,1.293028,-1.486516,39.895963,2.505208,0.816609,999.742737,52.630824,0.172159,0.025592,0.00062,52.220293,0.39212,0.39212,0.124442
1211,2011-04-26,365.0,112.424918,35.424918,1.006131,0.98785,13.330773,0.011045,0.873287,120.501173,90.724693,68.466101,0.785706,0.507798,33.088524,39.956601,32.929429,1.422703,-1.923133,38.470662,2.506675,0.816609,999.684909,52.600019,0.168574,0.032419,0.000607,51.435985,0.427472,0.427472,0.131388
1212,2011-04-27,365.0,113.398844,36.398844,1.006396,0.98733,13.653451,0.013532,0.872108,215.526424,90.889058,64.639793,0.785706,0.911691,59.559342,83.422193,33.014155,2.173323,-4.085051,47.725402,2.49798,0.816609,999.945071,52.89268,0.189893,0.077572,0.000684,46.464146,0.687275,0.687275,0.249403
1213,2011-04-28,365.0,114.372259,37.372259,1.006658,0.986815,13.972378,0.01599,0.870915,101.504282,91.052008,70.567167,0.785706,0.431214,28.24123,31.034415,33.097004,1.296489,-1.476118,38.470662,2.506675,0.816609,999.684909,52.600019,0.168574,0.024883,0.000607,52.957392,0.389549,0.389549,0.119622
1214,2011-04-29,365.0,115.345167,38.345167,1.006919,0.986304,14.287464,0.018419,0.86971,129.080258,91.213494,68.14149,0.785706,0.550994,36.17416,44.174567,33.17798,1.498376,-2.124219,35.751258,2.509631,0.816609,999.550981,52.538058,0.161424,0.03429,0.000581,52.067733,0.441578,0.441578,0.127195
1215,2011-04-30,365.0,116.317574,39.317574,1.007178,0.985797,14.598619,0.020817,0.868495,409.56209,91.373465,78.480707,0.785706,0.796226,52.398918,79.558956,33.257091,6.909611,-3.629853,41.366531,2.503748,0.816609,999.794631,52.661511,0.175748,0.063794,0.000633,57.600886,2.114292,2.114292,0.688826
1216,2011-05-01,365.0,117.289483,40.289483,1.007435,0.985295,14.905755,0.023185,0.86727,602.639234,91.53187,82.257077,0.785706,0.959069,63.262108,84.388002,33.33434,11.462613,-3.77108,49.440455,2.496556,0.816609,999.968924,52.970548,0.193378,0.072925,0.000696,57.744354,3.65236,3.65236,1.361062
1217,2011-05-02,365.0,118.2609,41.2609,1.007689,0.984797,15.208781,0.025521,0.866037,138.996418,91.688654,64.222357,0.785706,0.598512,39.568361,55.896365,33.409737,1.367386,-2.731574,49.440455,2.496556,0.816609,999.968924,52.970548,0.193378,0.052823,0.000696,46.035897,0.435693,0.435693,0.160715
1218,2011-05-03,365.0,119.231828,42.231828,1.007941,0.984305,15.507611,0.027824,0.864797,316.122666,91.843764,80.380341,0.785706,0.616619,40.855136,54.479896,33.483288,5.650215,-2.454863,39.895963,2.505208,0.816609,999.742737,52.630824,0.172159,0.042263,0.00062,59.445319,1.71347,1.71347,0.540783
1219,2011-05-04,365.0,120.202273,43.202273,1.008191,0.983817,15.802157,0.030095,0.863552,608.265392,91.997146,82.666429,0.785706,0.970692,64.452594,85.353812,33.555002,11.667289,-3.796359,51.2082,2.495138,0.816609,999.987473,53.044019,0.196863,0.074736,0.000709,57.596249,3.745036,3.745036,1.427773
1220,2011-05-05,365.0,121.17224,44.17224,1.008438,0.983335,16.092332,0.032331,0.862303,556.632589,92.148744,81.350325,0.785706,0.827511,55.060006,90.182858,33.624887,10.231683,-4.036188,60.88443,2.488154,0.816609,1000.003891,53.355378,0.214195,0.086453,0.000771,54.443859,3.397562,3.397562,0.0
1221,2011-05-06,365.0,122.141733,45.141733,1.008683,0.982858,16.378048,0.034533,0.861052,229.83968,92.298501,85.831697,0.785706,0.327677,21.846741,22.322,33.692953,4.835703,-0.974317,51.2082,2.495138,0.816609,999.987473,53.044019,0.196863,0.019181,0.000709,58.117533,1.552193,1.552193,0.616194
1222,2011-05-07,365.0,123.110759,46.110759,1.008925,0.982386,16.659221,0.0367,0.8598,449.753629,92.44636,83.272665,0.785706,0.634543,42.3892,61.805419,33.75921,8.751073,-2.733359,51.2082,2.495138,0.816609,999.987473,53.044019,0.196863,0.05381,0.000709,56.578155,2.808972,2.808972,1.114068
1223,2011-05-08,365.0,124.079323,47.079323,1.009165,0.98192,16.935766,0.03883,0.858548,408.326562,92.592264,84.310455,0.785706,0.573826,38.406323,50.610184,33.823668,8.187327,-2.223915,44.448208,2.50085,0.816609,999.881063,52.722538,0.182929,0.040682,0.000659,59.256675,2.548661,2.548661,0.914315
1224,2011-05-09,365.0,125.047429,48.047429,1.009401,0.981459,17.207597,0.040925,0.857298,439.323816,92.736152,83.819686,0.785706,0.616823,41.360657,58.526446,33.886338,8.666548,-2.576623,49.440455,2.496556,0.816609,999.968924,52.970548,0.193378,0.049826,0.000696,57.517866,2.761443,2.761443,1.066118
1225,2011-05-10,365.0,126.015084,49.015084,1.009635,0.981004,17.474631,0.042981,0.856051,612.435167,92.877967,82.897347,0.785706,0.860049,57.773616,91.148667,33.947232,11.728528,-4.029806,62.996953,2.486778,0.816609,999.992517,53.408313,0.217627,0.0877,0.000783,53.487406,3.918993,3.918993,0.0
1226,2011-05-11,365.0,126.982294,49.982294,1.009866,0.980555,17.736786,0.045,0.854809,646.501419,93.017649,83.2502,0.785706,0.898652,60.471904,94.046095,34.00636,12.497676,-4.146826,69.715366,2.482687,0.816609,999.930536,53.55284,0.227817,0.094472,0.00082,51.930273,4.250636,4.250636,0.0
1227,2011-05-12,365.0,127.949063,50.949063,1.010095,0.980112,17.993979,0.04698,0.853573,442.122294,93.155136,84.054692,0.785706,0.607897,40.975499,59.860148,34.063735,8.745876,-2.625959,56.840928,2.490928,0.816609,1000.012234,53.240943,0.20729,0.054434,0.000746,55.497147,2.866631,2.866631,0.0
1228,2011-05-13,365.0,128.915399,51.915399,1.01032,0.979675,18.24613,0.048921,0.852345,679.244753,93.290367,83.777917,0.785706,0.926241,62.535558,95.977714,34.119369,13.30518,-4.213613,74.527011,2.479993,0.816609,999.866744,53.639508,0.234502,0.09881,0.000844,51.182235,4.575389,4.575389,0.0
1229,2011-05-14,365.0,129.881307,52.881307,1.010542,0.979245,18.493159,0.050822,0.851125,442.752471,93.423283,83.921903,0.785706,0.595204,40.248952,62.402837,34.173274,8.69821,-2.735472,72.086874,2.481337,0.816609,999.900839,53.597002,0.231171,0.063236,0.000832,51.777969,2.974947,2.974947,0.0
1230,2011-05-15,365.0,130.846793,53.846793,1.010761,0.97882,18.734985,0.052683,0.849916,117.405423,93.553819,77.83316,0.785706,0.378189,25.612968,27.215821,34.225464,1.896937,-1.231628,47.725402,2.49798,0.816609,999.945071,52.89268,0.189893,0.023388,0.000684,54.18898,0.599873,0.599873,0.225993
1231,2011-05-16,365.0,131.811864,54.811864,1.010977,0.978402,18.971532,0.054502,0.848719,130.730395,93.681916,77.251764,0.785706,0.429482,29.129719,31.608925,34.275951,2.068337,-1.433811,41.366531,2.503748,0.816609,999.794631,52.661511,0.175748,0.025199,0.000633,55.70003,0.632896,0.632896,0.214275
1232,2011-05-17,365.0,132.776526,55.776526,1.01119,0.977991,19.202722,0.05628,0.847535,153.768435,93.80751,75.428927,0.785706,0.507744,34.48691,41.441171,34.324748,2.281807,-1.89639,42.883546,2.502295,0.816609,999.840702,52.692082,0.179339,0.03401,0.000646,54.028216,0.704329,0.704329,0.245039
1233,2011-05-18,365.0,133.740785,56.740785,1.011399,0.977586,19.42848,0.058016,0.846365,383.277459,93.930538,81.530567,0.785706,0.683786,46.507759,70.013289,34.371869,6.954406,-3.100544,53.029959,2.493728,0.816609,1000.000813,53.113388,0.200345,0.062118,0.000721,55.01893,2.248313,2.248313,0.912805
1234,2011-05-19,365.0,134.704648,57.704648,1.011605,0.977188,19.648731,0.059709,0.845211,493.787681,94.05094,82.292814,0.785706,0.742264,50.551911,85.455026,34.417327,9.163485,-3.76638,67.410908,2.484044,0.816609,999.955764,53.506817,0.22444,0.084533,0.000808,52.000225,3.098789,3.098789,0.0
1235,2011-05-20,365.0,135.668122,58.668122,1.011808,0.976796,19.863402,0.061358,0.844075,559.775106,94.168652,82.730553,0.785706,0.780858,53.248014,94.133739,34.461135,10.515831,-4.136398,72.086874,2.481337,0.816609,999.900839,53.597002,0.231171,0.095622,0.000832,51.13281,3.596607,3.596607,0.0
1236,2011-05-21,365.0,136.631213,59.631213,1.012007,0.976412,20.072421,0.062963,0.842957,484.497373,94.283613,84.751249,0.785706,0.650828,44.435352,67.866947,34.503307,9.665111,-2.947536,60.88443,2.488154,0.816609,1000.003891,53.355378,0.214195,0.063135,0.000771,54.852854,3.209425,3.209425,0.0
1237,2011-05-22,365.0,137.593929,60.593929,1.012203,0.976034,20.275718,0.064524,0.841859,567.1125,94.39576,84.511752,0.785706,0.744348,50.880172,82.254645,34.543856,11.217726,-3.574914,58.832904,2.489538,0.816609,1000.010491,53.299671,0.210749,0.075341,0.000759,55.240444,3.701164,3.701164,0.0
1238,2011-05-23,365.0,138.556276,61.556276,1.012395,0.975664,20.473224,0.066041,0.840781,108.116808,94.505032,83.66807,0.785706,0.277577,18.995264,17.165582,34.582797,2.08212,-0.749057,49.440455,2.496556,0.816609,999.968924,52.970548,0.193378,0.014485,0.000696,57.329295,0.663431,0.663431,0.2568
1239,2011-05-24,365.0,139.518261,62.518261,1.012583,0.975301,20.664871,0.067511,0.839727,482.149848,94.611369,82.427585,0.785706,0.777399,53.256771,85.904513,34.620141,8.92677,-3.771893,54.907078,2.492324,0.816609,1000.009037,53.178937,0.203822,0.076879,0.000734,55.052167,2.906149,2.906149,0.0
1240,2011-05-25,365.0,140.479892,63.479892,1.012768,0.974945,20.850593,0.068936,0.838696,385.032208,94.714708,86.343294,0.785706,0.527688,36.187294,47.13818,34.655903,8.009411,-2.024421,53.029959,2.493728,0.816609,1000.000813,53.113388,0.200345,0.040558,0.000721,57.891707,2.589389,2.589389,1.053079
1241,2011-05-26,365.0,141.441175,64.441175,1.012949,0.974596,21.030326,0.070314,0.83769,197.249429,94.814992,81.870857,0.785706,0.477435,32.773398,37.234338,34.690095,3.580402,-1.638013,41.366531,2.503748,0.816609,999.794631,52.661511,0.175748,0.028788,0.000633,58.725844,1.095578,1.095578,0.371604
1242,2011-05-27,365.0,142.402118,65.402118,1.013126,0.974255,21.204008,0.071646,0.836709,168.35191,94.912161,82.394587,0.785706,0.415038,28.516969,30.704796,34.722731,3.102573,-1.346215,44.448208,2.50085,0.816609,999.881063,52.722538,0.182929,0.024626,0.000659,58.046303,0.96581,0.96581,0.346229
1243,2011-05-28,365.0,143.362728,66.362728,1.0133,0.973922,21.371578,0.07293,0.835756,148.97861,95.006157,83.312875,0.785706,0.369703,25.424767,25.363944,34.753824,2.821158,-1.105919,42.883546,2.502295,0.816609,999.840702,52.692082,0.179339,0.019833,0.000646,59.143737,0.870811,0.870811,0.303885
1244,2011-05-29,365.0,144.323014,67.323014,1.01347,0.973596,21.532977,0.074167,0.834832,263.690061,95.096923,86.583907,0.785706,0.419306,28.860545,32.674375,34.783387,5.498285,-1.398376,51.2082,2.495138,0.816609,999.987473,53.044019,0.196863,0.027529,0.000709,58.593924,1.764872,1.764872,0.700317
1245,2011-05-30,365.0,145.282981,68.282981,1.013635,0.973277,21.688148,0.075356,0.833937,348.910753,95.184403,87.056433,0.785706,0.483808,33.327059,41.234395,34.811431,7.367296,-1.759187,53.029959,2.493728,0.816609,1000.000813,53.113388,0.200345,0.035244,0.000721,58.311333,2.381797,2.381797,0.968906
1246,2011-05-31,365.0,146.242638,69.242638,1.013797,0.972967,21.837036,0.076496,0.833072,540.342359,95.268542,85.56681,0.785706,0.712224,49.098819,76.128579,34.837969,10.913727,-3.273529,56.840928,2.490928,0.816609,1000.012234,53.240943,0.20729,0.067857,0.000746,56.376317,3.577186,3.577186,0.0
1247,2011-06-01,365.0,147.201993,70.201993,1.013955,0.972664,21.979587,0.077587,0.832239,432.605322,95.349288,87.428273,0.785706,0.546314,37.688529,49.719252,34.863014,9.213653,-2.114781,53.029959,2.493728,0.816609,1000.000813,53.113388,0.200345,0.042369,0.000721,58.529489,2.978712,2.978712,1.211895
1248,2011-06-02,365.0,148.161053,71.161053,1.014108,0.972369,22.115752,0.078629,0.831438,141.693556,95.426588,85.150215,0.785706,0.325564,22.474812,21.101317,34.886577,2.821304,-0.908664,44.448208,2.50085,0.816609,999.881063,52.722538,0.182929,0.016622,0.000659,59.789111,0.878254,0.878254,0.315119
1249,2011-06-03,365.0,149.119827,72.119827,1.014258,0.972082,22.24548,0.079622,0.830671,524.419845,95.500393,84.000614,0.785706,0.805886,55.668381,87.28543,34.908669,10.079018,-3.781149,54.907078,2.492324,0.816609,1000.009037,53.178937,0.203822,0.077068,0.000734,56.037952,3.281269,3.281269,0.0
1250,2011-06-04,365.0,150.078321,73.078321,1.014404,0.971803,22.368726,0.080565,0.829938,659.12445,95.570654,85.50464,0.785706,0.865883,59.848214,95.977714,34.929302,13.238489,-4.121532,74.527011,2.479993,0.816609,999.866744,53.639508,0.234502,0.096651,0.000844,52.099778,4.552456,4.552456,0.0
1251,2011-06-05,365.0,151.036545,74.036545,1.014545,0.971533,22.485444,0.081457,0.829241,653.953563,95.637325,85.175763,0.785706,0.789936,54.62889,98.875142,34.948486,12.996509,-4.252165,82.275411,2.475999,0.816609,999.738747,53.759049,0.244334,0.103895,0.00088,50.353584,4.538634,4.538634,0.0
1252,2011-06-06,365.0,151.994505,74.994505,1.014682,0.97127,22.595593,0.0823,0.828579,371.933125,95.700361,88.92011,0.785706,0.422427,29.228195,36.417959,34.966231,8.22605,-1.532919,69.715366,2.482687,0.816609,999.930536,53.55284,0.227817,0.034922,0.00082,54.988133,2.797796,2.797796,0.0
1253,2011-06-07,365.0,152.952211,75.952211,1.014815,0.971016,22.699133,0.083091,0.827955,764.690406,95.75972,87.238142,0.785706,0.834406,57.760484,94.046095,34.982549,16.114609,-3.995251,69.715366,2.482687,0.816609,999.930536,53.55284,0.227817,0.091019,0.00082,54.091546,5.480806,5.480806,0.0
1254,2011-06-08,365.0,153.90967,76.90967,1.014944,0.97077,22.796027,0.083831,0.827368,599.915532,95.815361,89.363041,0.785706,0.597904,41.40661,55.809611,34.997447,13.413105,-2.341687,49.440455,2.496556,0.816609,999.968924,52.970548,0.193378,0.045283,0.000696,60.756972,4.27385,4.27385,1.65794
1255,2011-06-09,365.0,154.86689,77.86689,1.015068,0.970532,22.886238,0.084521,0.82682,861.873334,95.867246,88.605951,0.785706,0.859189,59.52433,90.182858,35.010937,18.855139,-3.799212,60.88443,2.488154,0.816609,1000.003891,53.355378,0.214195,0.081377,0.000771,57.063013,6.261092,6.261092,0.0
1256,2011-06-10,365.0,155.82388,78.82388,1.015188,0.970303,22.969736,0.085159,0.82631,458.498529,95.91534,91.068024,0.785706,0.399133,27.661307,31.983294,35.023025,10.726331,-1.328106,60.88443,2.488154,0.816609,1000.003891,53.355378,0.214195,0.028447,0.000771,58.382412,3.561816,3.561816,1.58921
1257,2011-06-11,365.0,156.780648,79.780648,1.015303,0.970082,23.046489,0.085745,0.82584,603.271344,95.959608,90.324864,0.785706,0.52528,36.414883,48.902582,35.033721,13.823892,-2.038893,60.88443,2.488154,0.816609,1000.003891,53.355378,0.214195,0.043672,0.000771,57.973954,4.590401,4.590401,2.047619
1258,2011-06-12,365.0,157.737202,80.737202,1.015414,0.96987,23.116471,0.086279,0.82541,707.34079,96.000022,89.666383,0.785706,0.61603,42.71746,64.428342,35.043033,15.910342,-2.695775,67.410908,2.484044,0.816609,999.955764,53.506817,0.22444,0.060504,0.000808,55.939321,5.380353,5.380353,2.55596
1259,2011-06-13,365.0,158.693551,81.693551,1.015521,0.969666,23.179656,0.086762,0.825021,857.711056,96.036551,88.965043,0.785706,0.747146,51.821182,87.197921,35.050967,18.912234,-3.662412,69.715366,2.482687,0.816609,999.930536,53.55284,0.227817,0.083436,0.00082,55.011959,6.432318,6.432318,3.117118
1260,2011-06-14,365.0,159.649703,82.649703,1.015623,0.969471,23.236022,0.087192,0.824673,1006.120496,96.069172,89.496843,0.785706,0.878237,60.924901,95.011905,35.057532,22.505073,-3.977733,72.086874,2.481337,0.816609,999.900839,53.597002,0.231171,0.091954,0.000832,54.901911,7.697148,7.697148,3.79295
1261,2011-06-15,365.0,160.605667,83.605667,1.015721,0.969284,23.285549,0.08757,0.824367,714.071104,96.097861,90.063402,0.785706,0.625777,43.417745,61.879813,35.062733,16.217371,-2.581791,54.907078,2.492324,0.816609,1000.009037,53.178937,0.203822,0.052622,0.000734,59.989315,5.279636,5.279636,2.1761
1262,2011-06-16,365.0,161.561452,84.561452,1.015814,0.969106,23.328221,0.087896,0.824103,930.445812,96.122598,89.44444,0.785706,0.817458,56.723188,89.217049,35.066576,20.767846,-3.73511,58.832904,2.489538,0.816609,1000.010491,53.299671,0.210749,0.078717,0.000759,58.732378,6.85212,6.85212,2.942621
1263,2011-06-17,365.0,162.517065,85.517065,1.015903,0.968937,23.364023,0.088169,0.82388,978.964093,96.143367,89.450732,0.785706,0.862811,59.874475,94.046095,35.069067,21.8487,-3.93667,69.715366,2.482687,0.816609,999.930536,53.55284,0.227817,0.089684,0.00082,56.240221,7.431051,7.431051,3.532741
1264,2011-06-18,365.0,163.472516,86.472516,1.015987,0.968777,23.392943,0.08839,0.823701,313.698565,96.160153,92.039145,0.785706,0.277503,19.257872,18.533459,35.070211,7.508027,-0.76419,62.996953,2.486778,0.816609,999.992517,53.408313,0.217627,0.016631,0.000783,59.658984,2.508747,2.508747,1.112687
1265,2011-06-19,365.0,164.427813,87.427813,1.016067,0.968625,23.414974,0.088558,0.823564,794.369915,96.172946,89.43581,0.785706,0.696285,48.319751,76.789519,35.070012,17.71476,-3.21406,65.171945,2.485408,0.816609,999.976449,53.458715,0.221043,0.071044,0.000796,56.819581,5.955286,5.955286,2.745584
1266,2011-06-20,365.0,165.382964,88.382964,1.016141,0.968482,23.430108,0.088673,0.823469,975.675565,96.181737,89.256379,0.785706,0.85778,59.52433,96.943523,35.068474,21.647559,-4.061589,77.037385,2.478655,0.816609,999.828319,53.680558,0.237807,0.096587,0.000856,54.219193,7.483576,7.483576,3.792412
1267,2011-06-21,365.0,166.33798,89.33798,1.016212,0.968348,23.438342,0.088736,0.823418,960.502669,96.186521,88.731602,0.785706,0.847758,58.824041,102.738379,35.065601,21.000198,-4.317202,93.668112,2.47076,0.816609,999.510474,53.906496,0.257017,0.11096,0.000925,51.047844,7.471656,7.471656,4.181188
1268,2011-06-22,365.0,167.292867,90.292867,1.016277,0.968223,23.439675,0.088746,0.82341,922.342577,96.187296,88.205585,0.785706,0.817579,56.723188,105.635807,35.061395,19.869694,-4.452276,103.070439,2.466896,0.816609,999.298128,54.013691,0.266168,0.118505,0.000958,49.592058,7.159706,7.159706,4.174683
1269,2011-06-23,365.0,168.247636,91.247636,1.016338,0.968107,23.434111,0.088704,0.823444,884.516151,96.184062,88.469825,0.785706,0.787422,54.622328,97.909333,35.05586,19.197985,-4.12049,79.619631,2.477324,0.816609,999.785632,53.720344,0.241085,0.099339,0.000868,54.376421,6.67092,6.67092,3.372365
1270,2011-06-24,365.0,169.202295,92.202295,1.016394,0.968,23.421653,0.088609,0.823522,887.212362,96.176825,88.941306,0.785706,0.792625,54.972469,92.114477,35.048996,19.514252,-3.866347,65.171945,2.485408,0.816609,999.976449,53.458715,0.221043,0.085463,0.000796,58.215895,6.560233,6.560233,2.91499
1271,2011-06-25,365.0,170.156853,93.156853,1.016446,0.967902,23.402309,0.088461,0.823642,935.406378,96.165591,89.159688,0.785706,0.838258,58.123759,94.046095,35.040805,20.70279,-3.942744,69.715366,2.482687,0.816609,999.930536,53.55284,0.227817,0.089822,0.00082,57.531869,7.041311,7.041311,3.245869
1272,2011-06-26,365.0,171.111318,94.111318,1.016493,0.967813,23.376089,0.088261,0.823805,915.676107,96.15037,88.628377,0.785706,0.823332,57.073326,98.875142,35.031288,19.971706,-4.158169,82.275411,2.475999,0.816609,999.738747,53.759049,0.244334,0.101598,0.00088,54.849461,6.974509,6.974509,3.528921
1273,2011-06-27,365.0,172.0657,95.0657,1.016535,0.967733,23.343007,0.088009,0.824011,867.877262,96.131174,87.77358,0.785706,0.783166,54.272184,104.162786,35.020445,18.482423,-4.40239,99.85098,2.468178,0.816609,999.372717,53.977994,0.263154,0.115851,0.000947,51.570237,6.632484,6.632484,3.704754
1274,2011-06-28,365.0,173.020007,96.020007,1.016572,0.967662,23.303078,0.087704,0.824258,624.985161,96.10802,89.014961,0.785706,0.566097,39.216029,63.669668,35.008276,13.787133,-2.672347,99.85098,2.468178,0.816609,999.372717,53.977994,0.263154,0.070324,0.000947,52.56596,4.947563,4.947563,2.746837
1275,2011-06-29,365.0,173.974249,96.974249,1.016605,0.9676,23.25632,0.087347,0.824548,658.258996,96.080927,89.255938,0.785706,0.596654,41.316889,64.545216,34.99478,14.62391,-2.705779,79.619631,2.477324,0.816609,999.785632,53.720344,0.241085,0.065232,0.000868,56.51014,5.081519,5.081519,2.482842
1276,2011-06-30,365.0,174.928434,97.928434,1.016632,0.967547,23.202755,0.086938,0.824879,762.58043,96.049916,88.875349,0.785706,0.693019,47.969607,78.64368,34.979957,16.76971,-3.304567,72.086874,2.481337,0.816609,999.900839,53.597002,0.231171,0.076392,0.000832,58.17696,5.735548,5.735548,2.619832
1277,2011-07-01,365.0,175.882571,98.882571,1.016655,0.967503,23.142405,0.086477,0.825251,933.081774,96.015011,88.718669,0.785706,0.850226,58.824041,97.909333,34.963803,20.438683,-4.1186,79.619631,2.477324,0.816609,999.785632,53.720344,0.241085,0.099293,0.000868,56.748177,7.102037,7.102037,3.430576
1278,2011-07-02,365.0,176.83667,99.83667,1.016674,0.967468,23.075298,0.085965,0.825663,880.609148,95.976239,87.564271,0.785706,0.805081,55.672755,106.601616,34.946318,18.679492,-4.514771,106.377763,2.46562,0.816609,999.219801,54.049525,0.269145,0.121513,0.000969,51.739696,6.757836,6.757836,3.811072
1279,2011-07-03,365.0,177.790739,100.790739,1.016687,0.967443,23.001462,0.085401,0.826116,734.347554,95.933631,88.008947,0.785706,0.673795,46.569036,83.791263,34.927498,15.783776,-3.540624,103.070439,2.466896,0.816609,999.298128,54.013691,0.266168,0.09424,0.000958,52.870703,5.687415,5.687415,3.134106
1280,2011-07-04,365.0,178.744787,101.744787,1.016696,0.967426,22.920928,0.084786,0.826608,848.439606,95.887219,87.248429,0.785706,0.780793,53.932981,105.603133,34.90734,17.855669,-4.482734,106.377763,2.46562,0.816609,999.219801,54.049525,0.269145,0.12065,0.000969,52.28413,6.459795,6.459795,3.597148
1281,2011-07-05,365.0,179.698823,102.698823,1.0167,0.967419,22.83373,0.08412,0.827139,868.009385,95.837037,87.241668,0.785706,0.801436,55.324798,107.567426,34.885841,18.275712,-4.567582,109.774875,2.464349,0.816609,999.137787,54.085622,0.272083,0.124276,0.000979,52.13152,6.637567,6.637567,3.732024
1282,2011-07-06,365.0,180.652856,103.652856,1.016699,0.967421,22.739904,0.083403,0.827708,843.884191,95.783122,86.778127,0.785706,0.781786,53.932981,109.63909,34.862997,17.544298,-4.669152,120.524631,2.460573,0.816609,998.870113,54.196619,0.280663,0.131046,0.00101,50.755543,6.442906,6.442906,3.770051
1283,2011-07-07,365.0,181.606895,104.606895,1.016693,0.967431,22.639489,0.082635,0.828315,890.504997,95.725514,87.359573,0.785706,0.827754,57.064572,107.567426,34.838802,18.839543,-4.567409,109.774875,2.464349,0.816609,999.137787,54.085622,0.272083,0.124271,0.000979,52.959672,6.842345,6.842345,3.793394
1284,2011-07-08,365.0,182.56095,105.56095,1.016683,0.967451,22.532524,0.081817,0.828959,839.427545,95.664254,87.714856,0.785706,0.782903,53.932981,96.425174,34.813252,17.953877,-4.087494,77.037385,2.478655,0.816609,999.828319,53.680558,0.237807,0.097203,0.000856,59.227807,6.206668,6.206668,2.766234
1285,2011-07-09,365.0,183.515029,106.515029,1.016668,0.96748,22.419054,0.08095,0.829638,870.47508,95.599387,87.438635,0.785706,0.813838,56.02071,102.738379,34.786342,18.486966,-4.363516,93.668112,2.47076,0.816609,999.510474,53.906496,0.257017,0.11215,0.000925,56.256077,6.577473,6.577473,3.290876
1286,2011-07-10,365.0,184.469141,107.469141,1.016648,0.967518,22.299124,0.080032,0.830353,788.148004,95.530958,87.241061,0.785706,0.738997,50.827651,94.578166,34.758067,16.658432,-4.022965,96.717493,2.469466,0.816609,999.443517,53.942308,0.260104,0.104639,0.000936,55.981406,5.952715,5.952715,3.011679
1287,2011-07-11,365.0,185.423294,108.423294,1.016623,0.967566,22.172781,0.079066,0.831102,706.469178,95.459014,87.450009,0.785706,0.664155,45.641156,81.980332,34.728419,15.035198,-3.484408,103.070439,2.466896,0.816609,999.298128,54.013691,0.266168,0.092744,0.000958,55.400635,5.417678,5.417678,2.823849
1288,2011-07-12,365.0,186.377499,109.377499,1.016593,0.967622,22.040074,0.07805,0.831884,710.70701,95.383605,87.401283,0.785706,0.669785,45.986923,82.277359,34.697392,15.118547,-3.499479,99.85098,2.468178,0.816609,999.372717,53.977994,0.263154,0.09209,0.000947,56.196421,5.425345,5.425345,2.75785
1289,2011-07-13,365.0,187.331764,110.331764,1.016559,0.967687,21.901055,0.076986,0.832699,416.198739,95.304782,89.744179,0.785706,0.393174,26.969775,33.588893,34.66498,9.464554,-1.410371,77.037385,2.478655,0.816609,999.828319,53.680558,0.237807,0.03354,0.000856,61.993163,3.271903,3.271903,1.401174
1290,2011-07-14,365.0,188.286098,111.286098,1.01652,0.967761,21.755779,0.075874,0.833545,701.350677,95.222597,87.807785,0.785706,0.661805,45.352286,75.576479,34.631175,15.123557,-3.210014,79.619631,2.477324,0.816609,999.785632,53.720344,0.241085,0.077389,0.000868,60.182282,5.255136,5.255136,2.307562
1291,2011-07-15,365.0,189.24051,112.24051,1.016476,0.967845,21.604299,0.074714,0.834421,806.844001,95.137105,86.84285,0.785706,0.762854,52.223845,97.361112,34.595971,16.941918,-4.159816,90.701004,2.472061,0.816609,999.573533,53.870416,0.253896,0.105616,0.000914,57.833574,6.00089,6.00089,2.84826
1292,2011-07-16,365.0,190.195008,113.195008,1.016427,0.967937,21.446675,0.073506,0.835327,598.999443,95.04836,87.988848,0.785706,0.567723,38.824307,61.589655,34.559359,13.010798,-2.615835,87.814364,2.473367,0.816609,999.632637,53.833919,0.250741,0.06559,0.000903,59.332503,4.587354,4.587354,2.116953
1293,2011-07-17,365.0,191.149602,114.149602,1.016374,0.968039,21.282964,0.072251,0.836261,789.519887,94.95642,86.405658,0.785706,0.749639,51.208433,98.435887,34.52133,16.405597,-4.220311,103.070439,2.466896,0.816609,999.298128,54.013691,0.266168,0.112331,0.000958,56.134542,5.911478,5.911478,2.992126
1294,2011-07-18,365.0,192.1043,115.1043,1.016316,0.968149,21.113228,0.07095,0.837223,804.178161,94.861341,86.049392,0.785706,0.765506,52.232602,103.44291,34.481878,16.556497,-4.446168,109.774875,2.464349,0.816609,999.137787,54.085622,0.272083,0.120973,0.000979,55.287094,6.013165,6.013165,3.131805
1295,2011-07-19,365.0,193.059112,116.059112,1.016254,0.968268,20.93753,0.069603,0.83821,603.553312,94.763182,87.897745,0.785706,0.576064,39.259798,60.567143,34.440994,13.121023,-2.577867,77.037385,2.478655,0.816609,999.828319,53.680558,0.237807,0.061304,0.000856,62.237186,4.535947,4.535947,1.866615
1296,2011-07-20,365.0,194.014045,117.014045,1.016186,0.968397,20.755933,0.06821,0.839222,776.501434,94.662002,86.751569,0.785706,0.742281,50.525654,89.891549,34.398668,16.355422,-3.852867,79.619631,2.477324,0.816609,999.785632,53.720344,0.241085,0.092887,0.000868,61.241454,5.683185,5.683185,2.377214
1297,2011-07-21,365.0,194.96911,117.96911,1.016114,0.968534,20.568504,0.066772,0.840258,703.2558,94.557861,86.801767,0.785706,0.673598,45.792155,79.925313,34.354892,14.852466,-3.426733,87.814364,2.473367,0.816609,999.632637,53.833919,0.250741,0.085922,0.000903,60.075009,5.23669,5.23669,2.32393
1298,2011-07-22,365.0,195.924314,118.924314,1.016038,0.96868,20.37531,0.065289,0.841317,708.028306,94.45082,86.804263,0.785706,0.679482,46.131357,79.433743,34.309657,14.973174,-3.407646,82.275411,2.475999,0.816609,999.738747,53.759049,0.244334,0.08326,0.00088,61.336947,5.228924,5.228924,2.201591
1299,2011-07-23,365.0,196.879667,119.879667,1.015957,0.968835,20.176419,0.063762,0.842396,827.391895,94.340941,85.808112,0.785706,0.795477,53.932981,103.704188,34.262954,17.018931,-4.476318,96.717493,2.469466,0.816609,999.443517,53.942308,0.260104,0.116431,0.000936,58.55283,6.081536,6.081536,2.831401
1300,2011-07-24,365.0,197.835176,120.835176,1.015871,0.968998,19.971901,0.062191,0.843496,810.933555,94.228284,84.717208,0.785706,0.781503,52.911,113.411754,34.214774,16.170988,-4.928024,136.236704,2.455619,0.816609,998.464449,54.354708,0.291539,0.143671,0.00105,52.980641,6.019081,6.019081,3.388942
1301,2011-07-25,365.0,198.790852,121.790852,1.01578,0.969171,19.761828,0.060578,0.844614,784.001565,94.112911,85.290154,0.785706,0.757714,51.225936,101.864268,34.165107,15.923806,-4.415101,109.774875,2.464349,0.816609,999.137787,54.085622,0.272083,0.120127,0.000979,57.09848,5.783377,5.783377,2.854632
1302,2011-07-26,365.0,199.746701,122.746701,1.015686,0.969352,19.546273,0.058921,0.84575,701.424764,93.994884,86.316489,0.785706,0.679522,45.870937,79.440897,34.113944,14.702228,-3.425919,82.275411,2.475999,0.816609,999.738747,53.759049,0.244334,0.083707,0.00088,62.410429,5.134304,5.134304,2.070243
1303,2011-07-27,365.0,200.702734,123.702734,1.015586,0.969541,19.325309,0.057223,0.846901,711.572467,93.874267,85.902508,0.785706,0.690508,46.540585,83.778445,34.061276,14.755684,-3.62371,90.701004,2.472061,0.816609,999.573533,53.870416,0.253896,0.092005,0.000914,60.989223,5.226518,5.226518,2.238731
1304,2011-07-28,365.0,201.658958,124.658958,1.015482,0.96974,19.099011,0.055483,0.848068,777.945083,93.751119,85.158885,0.785706,0.756291,50.893303,98.840821,34.007093,15.803786,-4.295732,99.85098,2.468178,0.816609,999.372717,53.977994,0.263154,0.113044,0.000947,59.399625,5.671246,5.671246,2.568829
1305,2011-07-29,365.0,202.615381,125.615381,1.015374,0.969947,18.867454,0.053702,0.849248,767.416867,93.625505,84.681243,0.785706,0.74763,50.228031,101.624654,33.951386,15.391006,-4.431399,116.84631,2.461826,0.816609,998.962896,54.15906,0.277842,0.123123,0.001,57.103722,5.631859,5.631859,2.790467
1306,2011-07-30,365.0,203.572014,126.572014,1.015261,0.970162,18.630717,0.051881,0.85044,711.073651,93.497484,84.57124,0.785706,0.694338,46.569034,94.102951,33.894146,14.23407,-4.108777,132.154652,2.456849,0.816609,998.570959,54.313829,0.288881,0.118695,0.00104,55.562802,5.281017,5.281017,2.784264
1307,2011-07-31,365.0,204.528862,127.528862,1.015144,0.970386,18.388877,0.05002,0.851642,645.483179,93.36712,85.005422,0.785706,0.631742,42.297291,80.146525,33.835363,13.108207,-3.493579,124.300739,2.459326,0.816609,998.773833,54.234871,0.283443,0.099023,0.00102,57.162952,4.83069,4.83069,2.433203
1308,2011-08-01,365.0,205.485936,128.485936,1.015023,0.970619,18.142012,0.04812,0.852854,695.77444,93.234474,84.677529,0.785706,0.682314,45.601767,88.524509,33.775029,14.011876,-3.868538,116.84631,2.461826,0.816609,998.962896,54.15906,0.277842,0.107484,0.001,58.259582,5.12721,5.12721,2.46245
1309,2011-08-02,365.0,206.443243,129.443243,1.014897,0.970859,17.890202,0.046181,0.854074,705.742648,93.099606,84.389092,0.785706,0.693473,46.262661,91.525142,33.713134,14.110387,-4.008943,120.524631,2.460573,0.816609,998.870113,54.196619,0.280663,0.112516,0.00101,57.992325,5.181848,5.181848,2.51099
1310,2011-08-03,365.0,207.400792,130.400792,1.014766,0.971109,17.633528,0.044205,0.855301,675.928153,92.962576,84.504429,0.785706,0.66553,44.314989,85.245475,33.64967,13.580645,-3.734333,116.84631,2.461826,0.816609,998.962896,54.15906,0.277842,0.103756,0.001,58.906526,4.969414,4.969414,2.335933
1311,2011-08-04,365.0,208.358591,131.358591,1.014632,0.971366,17.372071,0.042191,0.856532,605.869248,92.823445,84.82472,0.785706,0.597668,39.719361,72.372996,33.584628,12.307944,-3.167297,116.84631,2.461826,0.816609,998.962896,54.15906,0.277842,0.088001,0.001,59.470779,4.503709,4.503709,2.094798
1312,2011-08-05,365.0,209.316647,132.316647,1.014493,0.971632,17.105912,0.040141,0.857768,607.006015,92.682272,84.73741,0.785706,0.59978,39.780633,72.1221,33.518,12.31667,-3.160267,113.263729,2.463085,0.816609,999.052136,54.122096,0.274982,0.086902,0.00099,60.203175,4.490295,4.490295,2.02583
1313,2011-08-06,365.0,210.27497,133.27497,1.01435,0.971905,16.835135,0.038055,0.859006,691.903308,92.539116,83.947024,0.785706,0.684749,45.323836,89.003391,33.449778,13.729261,-3.919865,116.84631,2.461826,0.816609,998.962896,54.15906,0.277842,0.10891,0.001,59.576171,5.023796,5.023796,2.289719
1314,2011-08-07,365.0,211.233566,134.233566,1.014203,0.972187,16.559822,0.035934,0.860245,687.451016,92.394034,83.894604,0.785706,0.681576,45.019651,87.600157,33.379955,13.638919,-3.862211,113.263729,2.463085,0.816609,999.052136,54.122096,0.274982,0.106204,0.00099,60.357044,4.972348,4.972348,2.193626
1315,2011-08-08,365.0,212.192444,135.192444,1.014052,0.972477,16.280057,0.033778,0.861484,672.899941,92.247084,83.905918,0.785706,0.668296,44.048006,84.27005,33.308522,13.374036,-3.718133,109.774875,2.464349,0.816609,999.137787,54.085622,0.272083,0.101164,0.000979,61.161852,4.857325,4.857325,2.072479
1316,2011-08-09,365.0,213.151612,136.151612,1.013897,0.972775,15.995924,0.031588,0.862721,668.750921,92.098322,83.849887,0.785706,0.66524,43.750383,82.934813,33.235472,13.288073,-3.663293,106.377763,2.46562,0.816609,999.219801,54.049525,0.269145,0.098596,0.000969,61.89989,4.807338,4.807338,1.982372
1317,2011-08-10,365.0,214.111078,137.111078,1.013738,0.97308,15.707508,0.029365,0.863955,659.402651,91.947804,83.900746,0.785706,0.656933,43.106993,79.89398,33.1608,13.141307,-3.530891,99.85098,2.468178,0.816609,999.372717,53.977994,0.263154,0.092917,0.000947,63.116464,4.715806,4.715806,1.834493
1318,2011-08-11,365.0,215.070848,138.070848,1.013575,0.973394,15.414894,0.027109,0.865184,689.572546,91.795585,83.706386,0.785706,0.68793,45.037158,84.096126,33.084498,13.681191,-3.723586,93.668112,2.47076,0.816609,999.510474,53.906496,0.257017,0.095703,0.000925,64.119822,4.867628,4.867628,1.782095
1319,2011-08-12,365.0,216.030932,139.030932,1.013407,0.973715,15.118167,0.024822,0.866408,724.777206,91.641718,82.945065,0.785706,0.723999,47.28683,95.116264,33.006561,14.068531,-4.232357,109.774875,2.464349,0.816609,999.137787,54.085622,0.272083,0.115155,0.000979,61.806485,5.109559,5.109559,2.081188
1320,2011-08-13,365.0,216.991336,139.991336,1.013236,0.974044,14.817414,0.022504,0.867625,646.963716,91.486257,83.127848,0.785706,0.647289,42.174739,81.723656,32.926984,12.646589,-3.635912,116.84631,2.461826,0.816609,998.962896,54.15906,0.277842,0.101021,0.001,61.452242,4.627625,4.627625,1.94452
1321,2011-08-14,365.0,217.952068,140.952068,1.013061,0.97438,14.512721,0.020155,0.868833,672.421249,91.329253,83.02023,0.785706,0.673739,43.789774,84.546613,32.845762,13.11909,-3.766868,106.377763,2.46562,0.816609,999.219801,54.049525,0.269145,0.101383,0.000969,62.971145,4.746203,4.746203,1.838682
1322,2011-08-15,365.0,218.913136,141.913136,1.012883,0.974724,14.204174,0.017777,0.870032,561.012991,91.170758,84.162063,0.785706,0.562869,36.491478,59.619906,32.762889,11.348436,-2.642278,82.275411,2.475999,0.816609,999.738747,53.759049,0.244334,0.06456,0.00088,67.293706,3.963095,3.963095,1.234123
1323,2011-08-16,365.0,219.874547,142.874547,1.0127,0.975075,13.89186,0.015369,0.871219,728.017637,91.010821,82.585343,0.785706,0.731,47.26932,93.04034,32.678364,14.052961,-4.16208,96.717493,2.469466,0.816609,999.443517,53.942308,0.260104,0.108257,0.000936,64.405084,5.021678,5.021678,1.7666
1324,2011-08-17,365.0,220.836307,143.836307,1.012514,0.975434,13.575866,0.012934,0.872394,665.842752,90.849492,82.419382,0.785706,0.669412,43.172645,85.241977,32.592181,12.804071,-3.81991,113.263729,2.463085,0.816609,999.052136,54.122096,0.274982,0.105041,0.00099,62.613105,4.667987,4.667987,1.828592
1325,2011-08-18,365.0,221.798425,144.798425,1.012324,0.9758,13.256281,0.010471,0.873556,647.633533,90.686819,82.593876,0.785706,0.651963,41.934015,79.706844,32.50434,12.538143,-3.57166,103.070439,2.466896,0.816609,999.298128,54.013691,0.266168,0.095066,0.000958,64.261748,4.517906,4.517906,1.623862
1326,2011-08-19,365.0,222.760907,145.760907,1.012131,0.976173,12.93319,0.007982,0.874702,658.375845,90.52285,82.280462,0.785706,0.663521,42.559898,82.610054,32.414837,12.639277,-3.711192,106.377763,2.46562,0.816609,999.219801,54.049525,0.269145,0.099885,0.000969,63.946134,4.572617,4.572617,1.661825
1327,2011-08-20,365.0,223.72376,146.72376,1.011934,0.976553,12.606683,0.005467,0.875833,674.123199,90.357629,81.779591,0.785706,0.680173,43.505282,88.104252,32.323672,12.757054,-3.972051,116.84631,2.461826,0.816609,998.962896,54.15906,0.277842,0.11036,0.001,62.737568,4.668047,4.668047,1.796936
1328,2011-08-21,365.0,224.686992,147.686992,1.011733,0.97694,12.276847,0.002926,0.876946,684.853956,90.191203,81.073575,0.785706,0.691877,44.126785,95.193778,32.230844,12.690578,-4.311518,140.425038,2.454394,0.816609,998.354614,54.396625,0.294156,0.126826,0.001059,60.252508,4.738539,4.738539,2.049809
1329,2011-08-22,365.0,225.650608,148.650608,1.01153,0.977334,11.943771,0.000362,0.87804,647.439018,90.023616,81.306981,0.785706,0.655058,41.656091,86.154223,32.136353,12.101426,-3.900773,132.154652,2.456849,0.816609,998.570959,54.313829,0.288881,0.112686,0.00104,61.622745,4.48978,4.48978,1.830801
1330,2011-08-23,365.0,226.614617,149.614617,1.011322,0.977734,11.607543,-0.002226,0.879115,653.347954,89.85491,81.389363,0.785706,0.661891,41.964655,84.53929,32.0402,12.2587,-3.829422,116.84631,2.461826,0.816609,998.962896,54.15906,0.277842,0.106398,0.001,63.584572,4.48569,4.48569,1.642162
1331,2011-08-24,365.0,227.579024,150.579024,1.011112,0.978142,11.268251,-0.004837,0.880169,678.656643,89.685129,80.814058,0.785706,0.688292,43.505282,92.07491,31.942388,12.518154,-4.187164,128.17671,2.458084,0.816609,998.6741,54.273912,0.286183,0.119829,0.00103,62.387764,4.628994,4.628994,1.789246
1332,2011-08-25,365.0,228.543835,151.543835,1.010898,0.978556,10.925985,-0.00747,0.881201,574.593972,89.514313,81.378759,0.785706,0.583472,36.765028,71.60818,31.842917,10.803007,-3.249721,128.17671,2.458084,0.816609,998.6741,54.273912,0.286183,0.093001,0.00103,63.173179,3.994763,3.994763,1.518359
1333,2011-08-26,365.0,229.509059,152.509059,1.010681,0.978976,10.580832,-0.010124,0.88221,657.502982,89.342503,80.450789,0.785706,0.668323,41.977782,89.571827,31.741792,12.015641,-4.088477,136.236704,2.455619,0.816609,998.464449,54.354708,0.291539,0.119195,0.00105,62.103478,4.4724,4.4724,1.751258
1334,2011-08-27,365.0,230.4747,153.4747,1.01046,0.979403,10.232882,-0.012798,0.883194,630.414318,89.169738,80.4631,0.785706,0.641551,40.165794,84.180673,31.639017,11.538017,-3.845652,136.236704,2.455619,0.816609,998.464449,54.354708,0.291539,0.112116,0.00105,62.50541,4.294621,4.294621,1.652157
1335,2011-08-28,365.0,231.440764,154.440764,1.010237,0.979836,9.882224,-0.015491,0.884153,617.558284,88.996057,80.375815,0.785706,0.629157,39.259798,81.718812,31.534597,11.283337,-3.738303,136.236704,2.455619,0.816609,998.464449,54.354708,0.291539,0.108986,0.00105,62.820315,4.199825,4.199825,1.587616
1336,2011-08-29,365.0,232.407259,155.407259,1.010011,0.980275,9.528948,-0.018204,0.885086,609.791893,88.821497,80.689744,0.785706,0.621885,38.675494,76.21534,31.428538,11.265949,-3.484037,113.263729,2.463085,0.816609,999.052136,54.122096,0.274982,0.095805,0.00099,65.509337,4.107233,4.107233,1.318102
1337,2011-08-30,365.0,233.37419,156.37419,1.009782,0.98072,9.173141,-0.020934,0.885992,611.41804,88.646095,80.718601,0.785706,0.624023,38.675494,74.569568,31.320846,11.317979,-3.411437,103.070439,2.466896,0.816609,999.298128,54.013691,0.266168,0.090802,0.000958,66.808247,4.078241,4.078241,1.188395
1338,2011-08-31,365.0,234.341563,157.341563,1.009549,0.981171,8.814895,-0.023681,0.886869,570.943092,88.469888,81.5271,0.785706,0.583086,36.012222,61.085915,31.21153,10.854099,-2.785382,74.527011,2.479993,0.816609,999.866744,53.639508,0.234502,0.065318,0.000844,70.728867,3.732511,3.732511,0.79315
1339,2011-09-01,365.0,235.309384,158.309384,1.009314,0.981628,8.454298,-0.026445,0.887717,648.573969,88.292909,80.718894,0.785706,0.662544,40.774167,75.704489,31.100598,12.029265,-3.469788,79.619631,2.477324,0.816609,999.785632,53.720344,0.241085,0.083651,0.000868,69.639747,4.179931,4.179931,0.935469
1340,2011-09-02,365.0,236.277658,159.277658,1.009077,0.982091,8.09144,-0.029224,0.888535,612.893229,88.115194,80.616572,0.785706,0.626335,38.406323,70.876951,30.988061,11.340799,-3.253288,85.006416,2.47468,0.816609,999.687728,53.796851,0.247553,0.080536,0.000891,69.154028,3.979706,3.979706,0.934994
1341,2011-09-03,365.0,237.246392,160.246392,1.008836,0.982559,7.72641,-0.032018,0.889322,685.876955,87.936775,79.829581,0.785706,0.701187,42.837822,85.745432,30.873929,12.384573,-3.955536,90.701004,2.472061,0.816609,999.573533,53.870416,0.253896,0.100429,0.000914,68.115258,4.386662,4.386662,1.079514
1342,2011-09-04,365.0,238.215589,161.215589,1.008593,0.983033,7.3593,-0.034825,0.890076,678.303843,87.757687,79.231055,0.785706,0.693793,42.227258,89.186688,30.758213,12.021472,-4.130852,109.774875,2.464349,0.816609,999.137787,54.085622,0.272083,0.112393,0.000979,66.061005,4.366086,4.366086,1.255314
1343,2011-09-05,365.0,239.185257,162.185257,1.008347,0.983512,6.990198,-0.037645,0.890799,619.019398,87.57796,79.223284,0.785706,0.633575,38.415077,79.802907,30.640927,10.976889,-3.699827,120.524631,2.460573,0.816609,998.870113,54.196619,0.280663,0.10384,0.00101,65.404551,4.031114,4.031114,1.232902
1344,2011-09-06,365.0,240.155399,163.155399,1.008099,0.983996,6.619194,-0.040477,0.891487,611.688789,87.397627,79.09045,0.785706,0.626476,37.837341,78.445818,30.522085,10.808104,-3.6428,120.524631,2.460573,0.816609,998.870113,54.196619,0.280663,0.10224,0.00101,65.589681,3.96913,3.96913,1.191855
1345,2011-09-07,365.0,241.126022,164.126022,1.007849,0.984486,6.24638,-0.043321,0.892141,576.327557,87.216718,79.02128,0.785706,0.590616,35.530773,72.952948,30.401702,10.167644,-3.392109,128.17671,2.458084,0.816609,998.6741,54.273912,0.286183,0.097076,0.00103,65.203792,3.759816,3.759816,1.167547
1346,2011-09-08,365.0,242.09713,165.09713,1.007596,0.98498,5.871845,-0.046175,0.892761,564.207659,87.035264,79.138855,0.785706,0.57853,34.664168,68.860227,30.279794,9.999257,-3.202891,116.84631,2.461826,0.816609,998.962896,54.15906,0.277842,0.08899,0.001,66.487834,3.658917,3.658917,1.030709
1347,2011-09-09,365.0,243.068727,166.068727,1.00734,0.985479,5.49568,-0.049038,0.893344,572.808661,86.853293,78.77943,0.785706,0.586105,34.974921,71.483418,30.156378,10.038914,-3.334159,124.300739,2.459326,0.816609,998.773833,54.234871,0.283443,0.094504,0.00102,65.184854,3.699581,3.699581,1.129468
1348,2011-09-10,365.0,244.040819,167.040819,1.007083,0.985983,5.117976,-0.05191,0.893891,598.445074,86.670836,78.401288,0.785706,0.612664,36.40832,76.488407,30.031473,10.364085,-3.577855,124.300739,2.459326,0.816609,998.773833,54.234871,0.283443,0.101412,0.00102,65.16121,3.819414,3.819414,1.145513
1349,2011-09-11,365.0,245.01341,168.01341,1.006823,0.986492,4.738824,-0.05479,0.894402,581.984465,86.487921,78.334657,0.785706,0.596133,35.276918,73.361103,29.905099,10.062464,-3.43597,124.300739,2.459326,0.816609,998.773833,54.234871,0.283443,0.09739,0.00102,65.385564,3.70826,3.70826,1.091878
1350,2011-09-12,365.0,245.986505,168.986505,1.006562,0.987004,4.358314,-0.057677,0.894874,584.198628,86.304576,78.416001,0.785706,0.598692,35.276918,71.282547,29.777275,10.133434,-3.340388,109.774875,2.464349,0.816609,999.137787,54.085622,0.272083,0.090886,0.000979,66.861324,3.680368,3.680368,0.953771
1351,2011-09-13,365.0,246.960108,169.960108,1.006298,0.987522,3.976539,-0.06057,0.895309,539.220633,86.120829,78.582273,0.785706,0.548558,32.182527,62.90868,29.648025,9.409522,-2.948274,113.263729,2.463085,0.816609,999.052136,54.122096,0.274982,0.081072,0.00099,65.040942,3.430434,3.430434,1.026307
1352,2011-09-14,365.0,247.934223,170.934223,1.006033,0.988043,3.593589,-0.063468,0.895705,569.872101,85.936708,78.165354,0.785706,0.579985,33.876346,68.515735,29.517372,9.811935,-3.220898,113.263729,2.463085,0.816609,999.052136,54.122096,0.274982,0.088569,0.00099,64.940903,3.577142,3.577142,1.05442
1353,2011-09-15,365.0,248.908853,171.908853,1.005765,0.988568,3.209557,-0.066371,0.896062,558.282556,85.752239,78.544527,0.785706,0.56844,33.053512,62.300235,29.385339,9.738169,-2.925854,90.701004,2.472061,0.816609,999.573533,53.870416,0.253896,0.074286,0.000914,67.509298,3.449295,3.449295,0.819482
1354,2011-09-16,365.0,249.884004,172.884004,1.005496,0.989098,2.824534,-0.069277,0.896379,498.93455,85.567449,79.431878,0.785706,0.508122,29.412023,47.460066,29.251953,8.963813,-2.220974,65.171945,2.485408,0.816609,999.976449,53.458715,0.221043,0.049093,0.000796,70.967552,3.013423,3.013423,0.509389
1355,2011-09-17,365.0,250.859679,173.859679,1.005225,0.989631,2.438613,-0.072186,0.896657,544.732086,85.382365,78.87946,0.785706,0.554722,31.961501,54.884774,29.117241,9.613905,-2.578107,67.410908,2.484044,0.816609,999.955764,53.506817,0.22444,0.057863,0.000808,70.341054,3.251106,3.251106,0.563784
1356,2011-09-18,365.0,251.835881,174.835881,1.004953,0.990167,2.051886,-0.075097,0.896894,458.00573,85.197013,78.908464,0.785706,0.46639,26.746558,44.630381,28.98123,8.09315,-2.098111,82.275411,2.475999,0.816609,999.738747,53.759049,0.244334,0.051264,0.00088,68.977062,2.826286,2.826286,0.592976
1357,2011-09-19,365.0,252.812614,175.812614,1.004679,0.990707,1.664446,-0.078008,0.897091,507.626669,85.01142,78.290778,0.785706,0.51692,29.503935,52.81932,28.84395,8.790375,-2.493222,85.006416,2.47468,0.816609,999.687728,53.796851,0.247553,0.061721,0.000891,68.315454,3.084713,3.084713,0.661026
1358,2011-09-20,365.0,253.789881,176.789881,1.004404,0.991251,1.276386,-0.08092,0.897247,567.475781,84.825611,77.614705,0.785706,0.577898,32.825917,63.287908,28.705432,9.608617,-3.000398,87.814364,2.473367,0.816609,999.632637,53.833919,0.250741,0.075232,0.000903,67.620738,3.387811,3.387811,0.740295
1359,2011-09-21,365.0,254.767685,177.767685,1.004127,0.991797,0.8878,-0.083832,0.897362,622.449391,84.639613,76.766416,0.785706,0.633957,35.834961,75.686028,28.565707,10.242012,-3.606853,99.85098,2.468178,0.816609,999.372717,53.977994,0.263154,0.094916,0.000947,66.017063,3.675383,3.675383,0.894992
1360,2011-09-22,365.0,255.74603,178.74603,1.003849,0.992347,0.498781,-0.086741,0.897435,601.429541,84.453452,76.426285,0.785706,0.612705,34.462835,74.507249,28.42481,9.782361,-3.560052,113.263729,2.463085,0.816609,999.052136,54.122096,0.274982,0.097895,0.00099,64.843841,3.566361,3.566361,0.959006
1361,2011-09-23,365.0,256.724918,179.724918,1.00357,0.992899,0.109424,-0.089648,0.897468,604.259587,84.267153,75.993627,0.785706,0.615782,34.462835,77.08282,28.282773,9.683263,-3.69451,124.300739,2.459326,0.816609,998.773833,54.234871,0.283443,0.104718,0.00102,63.879631,3.568515,3.568515,1.02401
1362,2011-09-24,365.0,257.704353,180.704353,1.003289,0.993454,-0.280177,-0.092552,0.897459,564.276687,84.080742,76.025401,0.785706,0.575251,32.03153,70.070038,28.139635,9.052388,-3.36102,128.17671,2.458084,0.816609,998.6741,54.273912,0.286183,0.096187,0.00103,63.868324,3.347414,3.347414,0.969119
1363,2011-09-25,365.0,258.684335,181.684335,1.003008,0.994012,-0.669928,-0.095452,0.897408,571.841812,83.894246,76.619918,0.785706,0.583152,32.30508,64.170436,27.995431,9.362777,-3.071855,87.814364,2.473367,0.816609,999.632637,53.833919,0.250741,0.077024,0.000903,67.67413,3.301132,3.301132,0.661909
1364,2011-09-26,365.0,259.664869,182.664869,1.002725,0.994572,-1.059733,-0.098347,0.897316,570.055974,83.707692,76.722161,0.785706,0.581348,32.038095,61.419488,27.850199,9.365267,-2.941438,77.037385,2.478655,0.816609,999.828319,53.680558,0.237807,0.069949,0.000856,68.790269,3.237579,3.237579,0.56144
1365,2011-09-27,365.0,260.645956,183.645956,1.002442,0.995134,-1.449496,-0.101236,0.897182,563.668351,83.521105,76.222878,0.785706,0.574796,31.510693,63.370135,27.703981,9.101673,-3.045239,90.701004,2.472061,0.816609,999.573533,53.870416,0.253896,0.077317,0.000914,67.341277,3.223846,3.223846,0.651097
1366,2011-09-28,365.0,261.627599,184.627599,1.002158,0.995698,-1.839121,-0.104118,0.897007,542.859928,83.334512,76.726715,0.785706,0.553586,30.186714,55.280166,27.556816,8.91679,-2.652339,69.715366,2.482687,0.816609,999.930536,53.55284,0.227817,0.060425,0.00082,69.629185,3.032726,3.032726,0.461887
1367,2011-09-29,365.0,262.609799,185.609799,1.001873,0.996264,-2.228512,-0.106993,0.896791,584.108449,83.147941,75.411497,0.785706,0.595554,32.300703,69.44272,27.408747,9.165879,-3.35671,103.070439,2.466896,0.816609,999.298128,54.013691,0.266168,0.089345,0.000958,65.938074,3.302769,3.302769,0.737616
1368,2011-09-30,365.0,263.592558,186.592558,1.001588,0.996832,-2.617572,-0.109859,0.896533,520.406063,82.961419,75.415376,0.785706,0.53065,28.624199,60.313298,27.259818,8.165017,-2.918077,116.84631,2.461826,0.816609,998.962896,54.15906,0.277842,0.081077,0.001,65.123692,2.987734,2.987734,0.738858
1369,2011-10-01,365.0,264.575878,187.575878,1.001302,0.997402,-3.006203,-0.112716,0.896234,437.94448,82.774973,76.273168,0.785706,0.446609,23.958542,43.774262,27.110074,7.076359,-2.110926,96.717493,2.469466,0.816609,999.443517,53.942308,0.260104,0.054906,0.000936,67.450631,2.528662,2.528662,0.51506
1370,2011-10-02,365.0,265.55976,188.55976,1.001015,0.997972,-3.394307,-0.115564,0.895895,387.774519,82.588632,76.850019,0.785706,0.395406,21.093935,34.22237,26.95956,6.388352,-1.647142,79.619631,2.477324,0.816609,999.785632,53.720344,0.241085,0.03971,0.000868,69.359519,2.219826,2.219826,0.367501
1371,2011-10-03,365.0,266.544206,189.544206,1.000728,0.998545,-3.781787,-0.1184,0.895515,439.303024,82.402424,76.125384,0.785706,0.447841,23.757211,42.323625,26.808325,7.056572,-2.046267,85.006416,2.47468,0.816609,999.687728,53.796851,0.247553,0.050656,0.000891,68.38402,2.476288,2.476288,0.434484
1372,2011-10-04,365.0,267.529217,190.529217,1.000441,0.999118,-4.168543,-0.121225,0.895095,168.109308,82.216379,78.408168,0.785706,0.171345,9.038069,9.856928,26.656418,2.915964,-0.471638,60.88443,2.488154,0.816609,1000.003891,53.355378,0.214195,0.010102,0.000771,72.409884,0.968283,0.968283,0.118163
1373,2011-10-05,365.0,268.514793,191.514793,1.000154,0.999692,-4.554476,-0.124037,0.894635,132.431969,82.030526,77.998119,0.785706,0.146461,7.681265,8.21035,26.503887,2.264781,-0.394024,46.061744,2.499411,0.816609,999.915818,52.810115,0.186409,0.007345,0.000671,72.610352,0.710657,0.710657,0.072596
1374,2011-10-06,365.0,269.500937,192.500937,0.999867,1.000267,-4.939486,-0.126836,0.894136,117.578368,81.844897,77.293927,0.785706,0.131447,6.854052,8.21035,26.350786,1.9626,-0.395772,46.061744,2.499411,0.816609,999.915818,52.810115,0.186409,0.007378,0.000671,71.638529,0.615836,0.615836,0.0666
1375,2011-10-07,365.0,270.487647,193.487647,0.999579,1.000842,-5.323472,-0.129621,0.893598,150.237375,81.659521,77.851305,0.785706,0.1616,8.377174,8.779298,26.197166,2.553719,-0.422421,49.440455,2.496556,0.816609,999.968924,52.970548,0.193378,0.008169,0.000696,71.736084,0.813698,0.813698,0.095968
1376,2011-10-08,365.0,271.474925,194.474925,0.999292,1.001418,-5.706333,-0.132391,0.893022,447.259441,81.47443,75.564353,0.785706,0.473697,24.41154,40.357317,26.043081,7.026318,-1.965633,54.907078,2.492324,0.816609,1000.009037,53.178937,0.203822,0.040064,0.000734,69.152987,2.287449,2.287449,0.0
1377,2011-10-09,365.0,272.462771,195.462771,0.999004,1.001995,-6.087968,-0.135146,0.892408,425.086575,81.289658,75.964074,0.785706,0.422485,21.643223,34.555432,25.888586,6.766686,-1.681299,58.832904,2.489538,0.816609,1000.010491,53.299671,0.210749,0.035433,0.000759,66.910628,2.232593,2.232593,0.410443
1378,2011-10-10,365.0,273.451186,196.451186,0.998717,1.002571,-6.468275,-0.137883,0.891756,138.050115,81.105237,76.93832,0.785706,0.137178,6.985355,8.787356,25.733738,2.270607,-0.425898,56.840928,2.490928,0.816609,1000.012234,53.240943,0.20729,0.008828,0.000746,68.038943,0.744236,0.744236,0.131457
1379,2011-10-11,365.0,274.440169,197.440169,0.99843,1.003147,-6.847151,-0.140604,0.891068,241.819343,80.921202,77.062312,0.785706,0.236588,11.974895,14.242762,25.578593,3.991096,-0.690517,56.840928,2.490928,0.816609,1000.012234,53.240943,0.20729,0.014314,0.000746,66.057639,1.30816,1.30816,0.279347
1380,2011-10-12,365.0,275.42972,198.42972,0.998144,1.003723,-7.224493,-0.143307,0.890344,418.182715,80.737587,75.813976,0.785706,0.40799,20.524953,31.318076,25.423211,6.606937,-1.529077,51.2082,2.495138,0.816609,999.987473,53.044019,0.196863,0.030102,0.000709,65.598528,2.120734,2.120734,0.41838
1381,2011-10-13,365.0,276.419838,199.419838,0.997858,1.004298,-7.600196,-0.14599,0.889585,436.04931,80.554429,75.162623,0.785706,0.42534,21.266819,35.673817,25.267652,6.728653,-1.748857,62.996953,2.486778,0.816609,999.992517,53.408313,0.217627,0.03806,0.000783,63.378984,2.248325,2.248325,0.539551
1382,2011-10-14,365.0,277.410524,200.410524,0.997572,1.004873,-7.974157,-0.148654,0.888792,510.760184,80.371765,74.098791,0.785706,0.498175,24.755119,48.448759,25.111976,7.583337,-2.389534,77.037385,2.478655,0.816609,999.828319,53.680558,0.237807,0.056825,0.000856,60.739678,2.621565,2.621565,0.751613
1383,2011-10-15,365.0,278.401776,201.401776,0.997288,1.005447,-8.346271,-0.151298,0.887964,254.401271,80.189632,75.891897,0.785706,0.24816,12.255009,16.572952,24.956245,4.019429,-0.811042,74.527011,2.479993,0.816609,999.866744,53.639508,0.234502,0.019019,0.000844,62.559393,1.382202,1.382202,0.382647
1384,2011-10-16,365.0,279.393593,202.393593,0.997004,1.00602,-8.716431,-0.153921,0.887104,377.448031,80.00807,75.152957,0.785706,0.366284,17.975473,27.700961,24.800523,5.806165,-1.361716,58.832904,2.489538,0.816609,1000.010491,53.299671,0.210749,0.028698,0.000759,63.516811,1.915679,1.915679,0.445977
1385,2011-10-17,365.0,280.385976,203.385976,0.99672,1.006592,-9.084533,-0.156522,0.886212,544.170885,79.827119,73.874919,0.785706,0.52799,25.748652,48.76342,24.644873,7.99162,-2.414069,58.832904,2.489538,0.816609,1000.010491,53.299671,0.210749,0.050876,0.000759,62.538742,2.636746,2.636746,0.610963
1386,2011-10-18,365.0,281.378921,204.378921,0.996438,1.007162,-9.450468,-0.1591,0.885289,491.504848,79.64682,73.822489,0.785706,0.476881,23.109447,43.03323,24.489361,7.197098,-2.132804,65.171945,2.485408,0.816609,999.976449,53.458715,0.221043,0.047144,0.000796,61.667782,2.419495,2.419495,0.613705
1387,2011-10-19,365.0,282.372429,205.372429,0.996157,1.007731,-9.814131,-0.161655,0.884336,469.727322,79.467216,73.71629,0.785706,0.455747,21.945219,40.54093,24.334052,6.844628,-2.012065,67.410908,2.484044,0.816609,999.955764,53.506817,0.22444,0.045159,0.000808,61.351451,2.314628,2.314628,0.602368
1388,2011-10-20,365.0,283.366496,206.366496,0.995876,1.008299,-10.175413,-0.164186,0.883354,426.500518,79.28835,73.82774,0.785706,0.413799,19.798405,34.909623,24.179015,6.232763,-1.733164,67.410908,2.484044,0.816609,999.955764,53.506817,0.22444,0.038899,0.000808,61.514545,2.107715,2.107715,0.545686
1389,2011-10-21,365.0,284.361123,207.361123,0.995597,1.008864,-10.534206,-0.166692,0.882343,425.336263,79.110267,73.705431,0.785706,0.412643,19.616769,34.397918,24.024316,6.181405,-1.71024,65.171945,2.485408,0.816609,999.976449,53.458715,0.221043,0.037804,0.000796,61.789652,2.078043,2.078043,0.518952
1390,2011-10-22,365.0,285.356306,208.356306,0.995319,1.009428,-10.890402,-0.169172,0.881306,459.0714,78.933014,73.2235,0.785706,0.445333,21.034847,39.116101,23.870026,6.548797,-1.950986,67.410908,2.484044,0.816609,999.955764,53.506817,0.22444,0.043788,0.000808,61.167758,2.214587,2.214587,0.567788
1391,2011-10-23,365.0,286.352043,209.352043,0.995043,1.009989,-11.24389,-0.171627,0.880243,457.789844,78.756638,72.984867,0.785706,0.444071,20.840079,39.348707,23.716213,6.466289,-1.966498,69.715366,2.482687,0.816609,999.930536,53.55284,0.227817,0.0448,0.00082,60.745954,2.199276,2.199276,0.578479
1392,2011-10-24,365.0,287.348333,210.348333,0.994768,1.010548,-11.594562,-0.174055,0.879156,434.894693,78.581188,73.603046,0.785706,0.421849,19.669288,32.2356,23.562949,6.274307,-1.607638,47.725402,2.49798,0.816609,999.945071,52.89268,0.189893,0.030528,0.000684,64.402232,1.984139,1.984139,0.360379
1393,2011-10-25,365.0,288.345173,211.345173,0.994494,1.011104,-11.942306,-0.176455,0.878045,382.102376,78.406715,74.037203,0.785706,0.370556,17.165767,24.84401,23.410304,5.59221,-1.237485,39.895963,2.505208,0.816609,999.742737,52.630824,0.172159,0.021304,0.00062,66.048443,1.695879,1.695879,0.254418
1394,2011-10-26,365.0,289.34256,212.34256,0.994222,1.011657,-12.287014,-0.178827,0.876912,519.893624,78.233269,72.849632,0.785706,0.504023,23.196983,41.465463,23.258351,7.279711,-2.078866,44.448208,2.50085,0.816609,999.881063,52.722538,0.182929,0.038029,0.000659,64.320998,2.266126,2.266126,0.380344
1395,2011-10-27,365.0,290.340492,213.340492,0.993951,1.012208,-12.628572,-0.18117,0.875758,466.619737,78.060904,72.857937,0.785706,0.452282,20.680328,35.907754,23.107162,6.527133,-1.801656,47.725402,2.49798,0.816609,999.945071,52.89268,0.189893,0.034212,0.000684,63.874475,2.064091,2.064091,0.371011
1396,2011-10-28,365.0,291.338965,214.338965,0.993683,1.012755,-12.96687,-0.183483,0.874584,386.258986,77.889675,73.031983,0.785706,0.374311,17.003825,27.715456,22.956812,5.430146,-1.39061,53.029959,2.493728,0.816609,1000.000813,53.113388,0.200345,0.02786,0.000721,63.288,1.75553,1.75553,0.349403
1397,2011-10-29,365.0,292.337976,215.337976,0.993416,1.0133,-13.301797,-0.185767,0.873392,421.60757,77.719637,72.436668,0.785706,0.408476,18.435035,32.796021,22.807373,5.791453,-1.651519,58.832904,2.489538,0.816609,1000.010491,53.299671,0.210749,0.034806,0.000759,62.02654,1.910825,1.910825,0.419399
1398,2011-10-30,365.0,293.337523,216.337523,0.993151,1.01384,-13.633239,-0.188019,0.872183,508.274991,77.550847,71.549389,0.785706,0.492368,22.076522,44.736038,22.658921,6.74669,-2.264046,62.996953,2.486778,0.816609,999.992517,53.408313,0.217627,0.049272,0.000783,60.796426,2.254352,2.254352,0.525905
1399,2011-10-31,365.0,294.337601,217.337601,0.992888,1.014378,-13.961086,-0.19024,0.870958,451.495783,77.383365,72.335063,0.785706,0.435165,19.3848,33.434092,22.51153,6.16164,-1.687177,46.061744,2.499411,0.816609,999.915818,52.810115,0.186409,0.03145,0.000671,63.299468,1.933436,1.933436,0.348335
1400,2011-11-01,365.0,295.338207,218.338207,0.992627,1.014911,-14.285223,-0.19243,0.869719,364.694077,77.217251,72.990126,0.785706,0.351428,15.55292,22.609205,22.365275,5.090695,-1.138304,38.470662,2.506675,0.816609,999.684909,52.600019,0.168574,0.019189,0.000607,65.124423,1.529572,1.529572,0.227173
1401,2011-11-02,365.0,296.339337,219.339337,0.992368,1.01544,-14.605539,-0.194586,0.868468,388.477768,77.052566,72.612851,0.785706,0.374227,16.454539,25.225836,22.220234,5.340723,-1.273314,39.895963,2.505208,0.816609,999.742737,52.630824,0.172159,0.021921,0.00062,64.580151,1.619614,1.619614,0.249559
1402,2011-11-03,365.0,297.340987,220.340987,0.992112,1.015966,-14.921921,-0.19671,0.867205,209.921603,76.889373,73.424715,0.785706,0.209497,9.151865,10.639256,22.076481,2.968236,-0.535393,38.470662,2.506675,0.816609,999.684909,52.600019,0.168574,0.009025,0.000607,65.541046,0.891849,0.891849,0.131856
1403,2011-11-04,365.0,298.343153,221.343153,0.991857,1.016486,-15.234255,-0.198799,0.865932,273.949054,76.727738,72.915482,0.785706,0.282857,12.276893,15.230425,21.934093,3.797005,-0.768876,31.983483,2.514121,0.816609,999.302552,52.444222,0.150785,0.011593,0.000543,66.235059,1.084526,1.084526,0.130495
1404,2011-11-05,365.0,299.34583,222.34583,0.991605,1.017003,-15.542429,-0.200855,0.864651,244.408943,76.567725,73.172727,0.785706,0.246018,10.609337,12.086215,21.793146,3.41438,-0.609872,29.666731,2.517153,0.816609,999.103712,52.381061,0.143775,0.008768,0.000518,66.889489,0.953578,0.953578,0.105249
1405,2011-11-06,365.0,300.349014,223.349014,0.991356,1.017515,-15.84633,-0.202875,0.863363,270.421297,76.409403,72.511648,0.785706,0.28371,12.156532,15.299246,21.653718,3.682151,-0.774999,31.983483,2.514121,0.816609,999.302552,52.444222,0.150785,0.011686,0.000543,65.896239,1.051721,1.051721,0.126197
1406,2011-11-07,365.0,301.352701,224.352701,0.991109,1.018021,-16.145844,-0.204861,0.862071,424.751406,76.252839,71.56551,0.785706,0.431761,18.382513,28.77418,21.515884,5.576012,-1.465157,30.806287,2.515633,0.816609,999.206545,52.412702,0.14727,0.021577,0.00053,65.273788,1.575134,1.575134,0.180811
1407,2011-11-08,365.0,302.356885,225.356885,0.990865,1.018523,-16.44086,-0.20681,0.860774,371.119423,76.098105,71.535514,0.785706,0.372438,15.75644,24.424072,21.379722,4.859172,-1.244741,37.089471,2.508149,0.816609,999.621031,52.569098,0.164995,0.020538,0.000594,64.19184,1.446155,1.446155,0.203796
1408,2011-11-09,365.0,303.361561,226.361561,0.990624,1.01902,-16.731265,-0.208722,0.859476,361.398104,75.945271,71.419473,0.785706,0.36074,15.165573,23.540899,21.245308,4.704284,-1.201251,38.470662,2.506675,0.816609,999.684909,52.600019,0.168574,0.02025,0.000607,63.880914,1.41347,1.41347,0.206859
1409,2011-11-10,365.0,304.366725,227.366725,0.990385,1.019511,-17.016946,-0.210598,0.858177,427.019883,75.794409,70.648038,0.785706,0.425235,17.765385,31.503779,21.112719,5.390979,-1.614513,42.883546,2.502295,0.816609,999.840702,52.692082,0.179339,0.028954,0.000646,62.532207,1.664041,1.664041,0.273
1410,2011-11-11,365.0,305.37237,228.37237,0.990149,1.019997,-17.297793,-0.212437,0.856879,320.772618,75.645593,70.574505,0.785706,0.339176,14.082318,23.270406,20.982031,4.032242,-1.193812,49.440455,2.496556,0.816609,999.968924,52.970548,0.193378,0.023086,0.000696,61.527611,1.284803,1.284803,0.24312
1411,2011-11-12,365.0,306.378492,229.378492,0.989916,1.020477,-17.573693,-0.214237,0.855584,204.886093,75.498899,71.69867,0.785706,0.223482,9.221895,11.151692,20.853319,2.682741,-0.569513,34.454912,2.51112,0.816609,999.474637,52.506899,0.157864,0.008991,0.000568,64.752983,0.782655,0.782655,0.102002
1412,2011-11-13,365.0,307.385084,230.385084,0.989686,1.020952,-17.844535,-0.215999,0.854294,140.723349,75.354401,71.413588,0.785706,0.146413,6.004955,7.921847,20.72666,1.820337,-0.40538,41.366531,2.503748,0.816609,999.794631,52.661511,0.175748,0.007124,0.000633,63.374421,0.55701,0.55701,0.08851
1413,2011-11-14,365.0,308.392142,231.392142,0.989459,1.02142,-18.110211,-0.217722,0.853009,234.609004,75.212177,71.305729,0.785706,0.23952,9.764616,13.063672,20.602129,3.018011,-0.669285,41.366531,2.503748,0.816609,999.794631,52.661511,0.175748,0.011763,0.000633,63.289688,0.92349,0.92349,0.146603
1414,2011-11-15,365.0,309.399658,232.399658,0.989235,1.021882,-18.37061,-0.219406,0.851732,418.839379,75.072304,70.296066,0.785706,0.424282,17.194216,28.382164,20.4798,5.17813,-1.461869,31.983483,2.514121,0.816609,999.302552,52.444222,0.150785,0.022043,0.000543,63.960502,1.479013,1.479013,0.17656
1415,2011-11-16,365.0,310.407627,233.407627,0.989015,1.022338,-18.625623,-0.22105,0.850465,226.193256,74.93486,70.841275,0.785706,0.258178,10.401439,13.132911,20.359748,2.85075,-0.675165,30.806287,2.515633,0.816609,999.206545,52.412702,0.14727,0.009943,0.00053,64.657899,0.805291,0.805291,0.092009
1416,2011-11-17,365.0,311.416042,234.416042,0.988797,1.022787,-18.875144,-0.222654,0.849209,162.653324,74.799925,70.53902,0.785706,0.194063,7.773178,9.803451,20.242045,2.023584,-0.505022,39.895963,2.505208,0.816609,999.742737,52.630824,0.172159,0.008694,0.00062,62.89815,0.613667,0.613667,0.093271
1417,2011-11-18,365.0,312.424897,235.424897,0.988584,1.02323,-19.119065,-0.224218,0.847965,199.170462,74.667578,70.319479,0.785706,0.247924,9.874036,12.220231,20.126766,2.453655,-0.630551,29.666731,2.517153,0.816609,999.103712,52.381061,0.143775,0.009066,0.000518,64.401364,0.685264,0.685264,0.074836
1418,2011-11-19,365.0,313.434185,236.434185,0.988373,1.023666,-19.357281,-0.22574,0.846736,133.140566,74.537899,70.706098,0.785706,0.167982,6.652719,7.193951,20.01398,1.662102,-0.370763,25.465127,2.523309,0.816609,998.621183,52.253266,0.130032,0.004821,0.000468,65.492237,0.441958,0.441958,0.040453
1419,2011-11-20,365.0,314.4439,237.4439,0.988166,1.024095,-19.589687,-0.227222,0.845522,313.76522,74.410968,68.720436,0.785706,0.401168,15.800208,24.986437,19.90376,3.622804,-1.300317,28.563809,2.51868,0.816609,998.993908,52.349298,0.140301,0.018244,0.000505,63.162902,0.99998,0.99998,0.104339
1420,2011-11-21,365.0,315.454034,238.454034,0.987962,1.024517,-19.81618,-0.228661,0.844326,141.489605,74.286867,69.814946,0.785706,0.185752,7.276412,8.868034,19.796176,1.702322,-0.459462,34.454912,2.51112,0.816609,999.474637,52.506899,0.157864,0.007253,0.000568,63.166132,0.49663,0.49663,0.064039
1421,2011-11-22,365.0,316.464581,239.464581,0.987763,1.024931,-20.036659,-0.230059,0.843149,118.956046,74.165676,69.009457,0.785706,0.163659,6.376981,8.561128,19.691296,1.385237,-0.445451,44.448208,2.50085,0.816609,999.881063,52.722538,0.182929,0.008149,0.000659,60.915285,0.431215,0.431215,0.073216
1422,2011-11-23,365.0,317.475533,240.475533,0.987566,1.025339,-20.251023,-0.231414,0.841992,147.019962,74.047475,69.456594,0.785706,0.175125,6.7884,9.417441,19.589188,1.73971,-0.489275,49.440455,2.496556,0.816609,999.968924,52.970548,0.193378,0.009462,0.000696,60.500579,0.554328,0.554328,0.105735
1423,2011-11-24,365.0,318.486883,241.486883,0.987374,1.025738,-20.459175,-0.232726,0.840858,162.988925,73.932346,68.432107,0.785706,0.229356,8.845491,12.448479,19.48992,1.850394,-0.650126,42.883546,2.502295,0.816609,999.840702,52.692082,0.179339,0.011659,0.000646,60.585438,0.571164,0.571164,0.094069
1424,2011-11-25,365.0,319.498623,242.498623,0.987185,1.026131,-20.661017,-0.233996,0.839748,248.473784,73.820367,67.584585,0.785706,0.353784,13.576799,21.42252,19.393556,2.723746,-1.123682,31.983483,2.514121,0.816609,999.302552,52.444222,0.150785,0.016943,0.000543,61.533673,0.777975,0.777975,0.092973
1425,2011-11-26,365.0,320.510747,243.510747,0.987001,1.026515,-20.856454,-0.235222,0.838663,292.212473,73.71162,66.456157,0.785706,0.420991,16.078135,29.157834,19.30016,3.056119,-1.537971,35.751258,2.509631,0.816609,999.550981,52.538058,0.161424,0.024827,0.000581,59.947523,0.900652,0.900652,0.121683
1426,2011-11-27,365.0,321.523245,244.523245,0.98682,1.026891,-21.045395,-0.236404,0.837605,280.393967,73.606182,67.77258,0.785706,0.34266,13.025325,22.557276,19.209795,3.088965,-1.183372,42.883546,2.502295,0.816609,999.840702,52.692082,0.179339,0.021222,0.000646,60.026069,0.953475,0.953475,0.156838
1427,2011-11-28,365.0,322.53611,245.53611,0.986643,1.027259,-21.227747,-0.237542,0.836575,336.583624,73.504132,67.477219,0.785706,0.387252,14.65349,27.905603,19.122522,3.65985,-1.466593,46.061744,2.499411,0.816609,999.915818,52.810115,0.186409,0.027339,0.000671,59.329743,1.14841,1.14841,0.2031
1428,2011-11-29,365.0,323.549335,246.549335,0.98647,1.027619,-21.403423,-0.238636,0.835575,266.369443,73.405547,68.34695,0.785706,0.299274,11.274608,18.560171,19.038401,2.994962,-0.972056,44.448208,2.50085,0.816609,999.881063,52.722538,0.182929,0.017782,0.000659,60.317343,0.932312,0.932312,0.158789
1429,2011-11-30,365.0,324.562911,247.562911,0.986301,1.027971,-21.572336,-0.239686,0.834605,180.530434,73.310503,67.570837,0.785706,0.262982,9.865282,14.216773,18.957489,1.965754,-0.747522,35.751258,2.509631,0.816609,999.550981,52.538058,0.161424,0.012067,0.000581,60.97353,0.579316,0.579316,0.077828
1430,2011-12-01,365.0,325.576829,248.576829,0.986137,1.028314,-21.734402,-0.240691,0.833669,303.849965,73.219074,64.86025,0.785706,0.447292,16.71058,34.47919,18.879842,2.956309,-1.83575,44.448208,2.50085,0.816609,999.881063,52.722538,0.182929,0.033581,0.000659,57.344189,0.92028,0.92028,0.156085
1431,2011-12-02,365.0,326.591081,249.591081,0.985976,1.028649,-21.889542,-0.241651,0.832766,359.027091,73.131333,66.758852,0.785706,0.44365,16.509247,31.220959,18.805516,3.774849,-1.648966,34.454912,2.51112,0.816609,999.474637,52.506899,0.157864,0.026031,0.000568,60.455721,1.101263,1.101263,0.142
1432,2011-12-03,365.0,327.605659,250.605659,0.98582,1.028975,-22.037675,-0.242566,0.831898,356.724612,73.047351,67.144639,0.785706,0.41363,15.33408,28.733597,18.734561,3.80582,-1.515557,37.089471,2.508149,0.816609,999.621031,52.569098,0.164995,0.025006,0.000594,60.399542,1.132663,1.132663,0.158269
1433,2011-12-04,365.0,328.620555,251.620555,0.985668,1.029292,-22.178727,-0.243435,0.831066,324.172328,72.967198,67.718263,0.785706,0.366605,13.541785,23.234372,18.667029,3.535686,-1.222793,34.454912,2.51112,0.816609,999.474637,52.506899,0.157864,0.019304,0.000568,61.323784,1.031491,1.031491,0.132693
1434,2011-12-05,365.0,329.635758,252.635758,0.98552,1.0296,-22.312624,-0.244259,0.830272,376.938872,72.890941,67.559218,0.785706,0.421966,15.533224,27.395721,18.602967,4.081188,-1.443339,29.666731,2.517153,0.816609,999.103712,52.381061,0.143775,0.020752,0.000518,61.957859,1.139806,1.139806,0.123672
1435,2011-12-06,365.0,330.651261,253.651261,0.985377,1.029899,-22.439297,-0.245037,0.829517,389.519229,72.818644,66.665363,0.785706,0.434199,15.931512,32.538587,18.542424,4.063963,-1.721749,42.883546,2.502295,0.816609,999.840702,52.692082,0.179339,0.030878,0.000646,59.154251,1.254429,1.254429,0.204211
1436,2011-12-07,365.0,331.667055,254.667055,0.985239,1.030189,-22.55868,-0.245769,0.828801,381.637595,72.750371,66.899378,0.785706,0.424649,15.533224,30.305415,18.485442,4.016355,-1.602407,38.470662,2.506675,0.816609,999.684909,52.600019,0.168574,0.027012,0.000607,60.02068,1.206772,1.206772,0.174434
1437,2011-12-08,365.0,332.68313,255.68313,0.985104,1.03047,-22.670709,-0.246455,0.828127,402.706559,72.68618,66.580224,0.785706,0.447718,16.329799,33.302343,18.432064,4.179961,-1.763905,39.895963,2.505208,0.816609,999.742737,52.630824,0.172159,0.030367,0.00062,59.54383,1.267604,1.267604,0.190261
1438,2011-12-09,365.0,333.699477,256.699477,0.984975,1.030741,-22.775325,-0.247094,0.827494,384.909329,72.626129,66.445473,0.785706,0.427753,15.559485,32.174626,18.382329,3.970244,-1.705669,44.448208,2.50085,0.816609,999.881063,52.722538,0.182929,0.031202,0.000659,58.786587,1.235911,1.235911,0.207847
1439,2011-12-10,365.0,334.716087,257.716087,0.98485,1.031003,-22.87247,-0.247687,0.826903,317.567596,72.570273,67.3508,0.785706,0.352832,12.802108,22.465788,18.336276,3.395848,-1.186463,37.089471,2.508149,0.816609,999.621031,52.569098,0.164995,0.019576,0.000594,60.665578,1.01065,1.01065,0.139602
1440,2011-12-11,365.0,335.73295,258.73295,0.984729,1.031256,-22.962091,-0.248234,0.826357,308.570766,72.518661,67.509389,0.785706,0.342767,12.408197,20.944043,18.293939,3.318555,-1.105571,34.454912,2.51112,0.816609,999.474637,52.506899,0.157864,0.017453,0.000568,61.219322,0.968145,0.968145,0.123081
1441,2011-12-12,365.0,336.750058,259.750058,0.984613,1.031498,-23.04414,-0.248733,0.825855,328.913965,72.471342,67.619792,0.785706,0.365301,13.196018,21.613516,18.255352,3.550878,-1.140592,28.563809,2.51868,0.816609,998.993908,52.349298,0.140301,0.016003,0.000505,62.262564,0.980127,0.980127,0.100616
1442,2011-12-13,365.0,337.7674,260.7674,0.984502,1.031731,-23.11857,-0.249186,0.825398,344.356713,72.42836,67.028091,0.785706,0.382387,13.786885,25.120841,18.220543,3.628014,-1.329469,35.751258,2.509631,0.816609,999.550981,52.538058,0.161424,0.021461,0.000581,60.610464,1.069192,1.069192,0.141269
1443,2011-12-14,365.0,338.784967,261.784967,0.984396,1.031954,-23.185339,-0.249592,0.824986,295.704523,72.389755,67.358085,0.785706,0.328319,11.81733,20.109046,18.189542,3.155654,-1.062844,37.089471,2.508149,0.816609,999.621031,52.569098,0.164995,0.017536,0.000594,60.708516,0.939165,0.939165,0.129076
1444,2011-12-15,365.0,339.802749,262.802749,0.984294,1.032168,-23.24441,-0.24995,0.824622,197.455934,72.355565,68.240634,0.785706,0.219207,7.87822,11.007105,18.162374,2.181819,-0.579554,35.751258,2.509631,0.816609,999.550981,52.538058,0.161424,0.009355,0.000581,61.699253,0.642992,0.642992,0.084785
1445,2011-12-16,365.0,340.820736,263.820736,0.984197,1.032371,-23.295748,-0.250262,0.824304,350.984359,72.325823,66.575525,0.785706,0.389592,13.983841,27.177419,18.13906,3.625589,-1.441899,41.366531,2.503748,0.816609,999.794631,52.661511,0.175748,0.025341,0.000633,59.411293,1.109405,1.109405,0.171271
1446,2011-12-17,365.0,341.838919,264.838919,0.984105,1.032564,-23.339324,-0.250526,0.824034,262.304203,72.300557,67.391171,0.785706,0.291134,10.438642,17.381239,18.119622,2.799711,-0.918908,41.366531,2.503748,0.816609,999.794631,52.661511,0.175748,0.01615,0.000633,60.133039,0.856692,0.856692,0.132096
1447,2011-12-18,365.0,342.857287,265.857287,0.984018,1.032747,-23.37511,-0.250743,0.823811,317.045592,72.279793,66.910027,0.785706,0.35186,12.605152,22.93397,18.104077,3.317934,-1.215201,39.895963,2.505208,0.816609,999.742737,52.630824,0.172159,0.020921,0.00062,59.938913,1.006188,1.006188,0.148949
1448,2011-12-19,365.0,343.87583,266.87583,0.983936,1.03292,-23.403085,-0.250912,0.823638,337.101998,72.263553,66.775985,0.785706,0.374092,13.392975,24.901892,18.092439,3.507921,-1.320365,38.470662,2.506675,0.816609,999.684909,52.600019,0.168574,0.022258,0.000607,60.041445,1.054005,1.054005,0.149722
1449,2011-12-20,365.0,344.894539,267.894539,0.983858,1.033082,-23.42323,-0.251034,0.823512,352.146428,72.251853,66.342261,0.785706,0.390762,13.983841,27.966944,18.084721,3.599571,-1.485833,44.448208,2.50085,0.816609,999.881063,52.722538,0.182929,0.02718,0.000659,58.821807,1.120523,1.120523,0.185663
1450,2011-12-21,365.0,345.913403,268.913403,0.983786,1.033234,-23.435533,-0.251109,0.823436,287.737742,72.244706,67.721993,0.785706,0.319281,11.42342,17.568307,18.080933,3.109949,-0.927656,28.563809,2.51868,0.816609,998.993908,52.349298,0.140301,0.013015,0.000505,62.430258,0.85842,0.85842,0.086965
1451,2011-12-22,365.0,346.932412,269.932412,0.983718,1.033376,-23.439983,-0.251135,0.823408,391.94772,72.242121,66.648882,0.785706,0.43488,15.559485,29.48793,18.081079,4.056456,-1.56457,31.983483,2.514121,0.816609,999.302552,52.444222,0.150785,0.023591,0.000543,60.932667,1.158633,1.158633,0.133367
1452,2011-12-23,365.0,347.951555,270.951555,0.983656,1.033507,-23.436574,-0.251115,0.823429,248.222474,72.244101,64.811918,0.785706,0.368739,13.196018,24.655735,18.085166,2.380561,-1.318869,39.895963,2.505208,0.816609,999.742737,52.630824,0.172159,0.022706,0.00062,58.156596,0.721923,0.721923,0.105995
1453,2011-12-24,365.0,348.970823,271.970823,0.983598,1.033628,-23.425306,-0.251047,0.823499,252.810296,72.250647,66.528987,0.785706,0.313564,11.226463,19.451423,18.093193,2.603968,-1.032565,41.366531,2.503748,0.816609,999.794631,52.661511,0.175748,0.018147,0.000633,59.456341,0.796796,0.796796,0.121667
1454,2011-12-25,365.0,349.990205,272.990205,0.983546,1.033739,-23.406182,-0.250931,0.823618,283.87797,72.261755,66.965101,0.785706,0.329849,11.81733,20.253032,18.10516,2.976776,-1.072971,37.089471,2.508149,0.816609,999.621031,52.569098,0.164995,0.017703,0.000594,60.467505,0.885929,0.885929,0.119958
1455,2011-12-26,365.0,351.00969,274.00969,0.983498,1.033838,-23.379208,-0.250768,0.823786,252.16009,72.277415,67.557017,0.785706,0.285618,10.241686,16.068702,18.121062,2.708617,-0.848975,35.751258,2.509631,0.816609,999.550981,52.538058,0.161424,0.013704,0.000581,61.198435,0.798241,0.798241,0.103678
1456,2011-12-27,365.0,352.029269,275.029269,0.983456,1.033927,-23.344395,-0.250557,0.824002,59.347439,72.297615,62.475193,0.785706,0.093273,3.348244,7.729512,18.140891,0.514971,-0.417598,38.470662,2.506675,0.816609,999.684909,52.600019,0.168574,0.00704,0.000607,56.328534,0.15473,0.15473,0.021706
1457,2011-12-28,365.0,353.04893,276.04893,0.983419,1.034006,-23.301761,-0.250298,0.824267,55.332206,72.322338,60.935875,0.785706,0.093151,3.348244,8.306518,18.164638,0.448327,-0.451699,47.725402,2.49798,0.816609,999.945071,52.89268,0.189893,0.008577,0.000684,53.812344,0.141776,0.141776,0.024979
1458,2011-12-29,365.0,354.068664,277.068664,0.983386,1.034074,-23.251323,-0.249992,0.824579,73.422006,72.351562,64.175736,0.785706,0.131308,4.726932,8.018015,18.192291,0.68635,-0.429885,42.883546,2.502295,0.816609,999.840702,52.692082,0.179339,0.007709,0.000646,56.667631,0.211857,0.211857,0.035889
1459,2011-12-30,365.0,355.088459,278.088459,0.983359,1.034131,-23.193106,-0.249639,0.824938,131.271713,72.385262,64.675937,0.785706,0.245776,8.862998,13.549646,18.223834,1.254037,-0.724757,41.366531,2.503748,0.816609,999.794631,52.661511,0.175748,0.012737,0.000633,57.264116,0.383726,0.383726,0.063001
1460,2011-12-31,365.0,356.108305,279.108305,0.983337,1.034177,-23.127138,-0.249238,0.825345,203.347592,72.423409,67.158358,0.785706,0.283457,10.241686,14.467956,18.259249,2.153577,-0.765257,27.49654,2.520215,0.816609,998.876988,52.317411,0.136852,0.010473,0.000493,61.659013,0.587296,0.587296,0.061465
1461,2012-01-01,366.0,357.348335,280.348335,0.983317,1.034219,-23.036535,-0.248687,0.825901,155.395102,72.475731,64.536518,0.785706,0.293583,10.635597,16.533657,18.307493,1.477471,-0.884546,34.454912,2.51112,0.816609,999.474637,52.506899,0.157864,0.013964,0.000568,58.188446,0.431033,0.431033,0.058029
1462,2012-01-02,366.0,358.36547,281.36547,0.983307,1.034242,-22.953748,-0.248183,0.826408,193.689634,72.523469,66.547766,0.785706,0.271188,9.847775,15.633591,18.351285,2.003603,-0.828793,41.366531,2.503748,0.816609,999.794631,52.661511,0.175748,0.014566,0.000633,58.88225,0.613088,0.613088,0.100688
1463,2012-01-03,366.0,359.382621,282.382621,0.983301,1.034254,-22.863367,-0.247632,0.826959,328.302218,72.57551,65.701895,0.785706,0.415708,15.134936,30.416812,18.398852,3.282024,-1.6182,42.883546,2.502295,0.816609,999.840702,52.692082,0.179339,0.029021,0.000646,57.936442,1.013067,1.013067,0.1726
1464,2012-01-04,366.0,0.399779,283.399779,0.9833,1.034255,-22.765437,-0.247034,0.827554,286.445476,72.631809,66.350778,0.785706,0.349096,12.74521,24.327188,18.450165,2.943386,-1.290165,49.440455,2.496556,0.816609,999.968924,52.970548,0.193378,0.024949,0.000696,57.57397,0.937858,0.937858,0.184334
1465,2012-01-05,366.0,1.416933,284.416933,0.983305,1.034245,-22.660006,-0.246389,0.828191,366.969424,72.692318,65.901987,0.785706,0.440511,16.130656,33.673195,18.505193,3.704624,-1.788895,44.448208,2.50085,0.816609,999.881063,52.722538,0.182929,0.032724,0.000659,57.905359,1.153225,1.153225,0.203389
1466,2012-01-06,366.0,2.434073,285.434073,0.983315,1.034225,-22.547125,-0.245698,0.828871,254.436991,72.756985,67.932263,0.785706,0.303587,11.152058,16.719225,18.563901,2.791512,-0.879912,30.806287,2.515633,0.816609,999.206545,52.412702,0.14727,0.012958,0.00053,61.830519,0.788557,0.788557,0.09326
1467,2012-01-07,366.0,3.451187,286.451187,0.983329,1.034194,-22.426849,-0.244961,0.829591,285.977052,72.825755,67.643916,0.785706,0.340393,12.546066,20.185443,18.626254,3.10431,-1.06338,31.983483,2.514121,0.816609,999.302552,52.444222,0.150785,0.016034,0.000543,61.383062,0.886674,0.886674,0.10926
1468,2012-01-08,366.0,4.468265,287.468265,0.983349,1.034152,-22.299237,-0.244177,0.830352,357.024726,72.898572,66.417235,0.785706,0.424566,15.703919,31.427093,18.692212,3.691071,-1.664169,42.883546,2.502295,0.816609,999.840702,52.692082,0.179339,0.029845,0.000646,58.607815,1.139328,1.139328,0.192886
1469,2012-01-09,366.0,5.485297,288.485297,0.983374,1.0341,-22.16435,-0.243347,0.831151,319.304708,72.975376,66.899379,0.785706,0.379609,14.09326,26.423455,18.761733,3.369891,-1.395704,42.883546,2.502295,0.816609,999.840702,52.692082,0.179339,0.02503,0.000646,59.035935,1.040189,1.040189,0.175849
1470,2012-01-10,366.0,6.502273,289.502273,0.983404,1.034037,-22.022254,-0.242471,0.831989,368.054578,73.056103,66.888464,0.785706,0.437558,16.307916,30.954621,18.834776,3.886579,-1.634516,35.751258,2.509631,0.816609,999.550981,52.538058,0.161424,0.026385,0.000581,60.13735,1.145392,1.145392,0.158916
1471,2012-01-11,366.0,7.519181,290.519181,0.983439,1.033964,-21.873016,-0.241549,0.832862,393.685724,73.140689,67.411309,0.785706,0.468069,17.515909,30.850946,18.911292,4.250477,-1.624589,26.46396,2.521758,0.816609,998.752798,52.285401,0.133428,0.021677,0.00048,62.149968,1.144795,1.144795,0.113006
1472,2012-01-12,366.0,8.536012,291.536012,0.983479,1.033879,-21.71671,-0.240581,0.833771,396.246495,73.229067,66.987868,0.785706,0.471165,17.7063,33.824171,18.991235,4.210191,-1.783822,33.199343,2.512617,0.816609,999.39187,52.47562,0.154317,0.027527,0.000556,60.650997,1.215529,1.215529,0.155002
1473,2012-01-13,366.0,9.552754,292.552754,0.983524,1.033785,-21.553407,-0.239569,0.834714,225.875488,73.321166,62.751934,0.785706,0.431362,16.281655,32.209912,19.074554,2.009752,-1.730026,42.883546,2.502295,0.816609,999.840702,52.692082,0.179339,0.031026,0.000646,55.513089,0.620353,0.620353,0.10409
1474,2012-01-14,366.0,10.569399,293.569399,0.983574,1.033679,-21.383188,-0.238511,0.83569,323.94986,73.416917,65.567442,0.785706,0.45625,17.299259,34.710976,19.161197,3.254475,-1.840642,41.366531,2.503748,0.816609,999.794631,52.661511,0.175748,0.032349,0.000633,58.16466,0.995846,0.995846,0.160979
1475,2012-01-15,366.0,11.585935,294.585935,0.983629,1.033564,-21.20613,-0.237407,0.836697,235.17493,73.516245,68.890817,0.785706,0.299184,11.397159,15.033809,19.251109,2.705061,-0.785024,24.499119,2.524868,0.816609,998.481982,52.221007,0.126667,0.009944,0.000456,63.863193,0.709855,0.709855,0.063838
1476,2012-01-16,366.0,12.602351,295.602351,0.983689,1.033437,-21.022317,-0.23626,0.837735,105.921237,73.619077,67.975642,0.785706,0.204213,7.816945,8.250361,19.344234,1.176555,-0.432397,20.945554,2.531184,0.816609,997.845923,52.090701,0.113545,0.00491,0.000409,63.674573,0.291713,0.291713,0.0218
1477,2012-01-17,366.0,13.618639,296.618639,0.983754,1.033301,-20.831835,-0.235067,0.8388,93.725488,73.725337,67.528141,0.785706,0.18716,7.199818,8.017938,19.440514,1.023929,-0.420859,25.465127,2.523309,0.816609,998.621183,52.253266,0.130032,0.005473,0.000468,62.459555,0.272266,0.272266,0.025567
1478,2012-01-18,366.0,14.634787,297.634787,0.983824,1.033154,-20.634771,-0.233831,0.839893,91.763608,73.834947,66.07928,0.785706,0.202168,7.816945,9.793248,19.539888,0.94636,-0.517135,34.454912,2.51112,0.816609,999.474637,52.506899,0.157864,0.008164,0.000568,59.67958,0.276088,0.276088,0.036506
1479,2012-01-19,366.0,15.650785,298.650785,0.983899,1.032996,-20.431214,-0.23255,0.841011,27.039334,73.947831,51.016123,0.785706,0.064185,2.49477,8.018015,19.642295,0.13582,-0.450748,42.883546,2.502295,0.816609,999.840702,52.692082,0.179339,0.008084,0.000646,45.332535,0.041924,0.041924,0.006974
1480,2012-01-20,366.0,16.666624,299.666624,0.983979,1.032829,-20.221258,-0.231226,0.842154,26.325117,74.06391,50.810219,0.785706,0.063843,2.49477,7.921847,19.74767,0.130901,-0.445466,41.366531,2.503748,0.816609,999.794631,52.661511,0.175748,0.007829,0.000633,45.304817,0.040055,0.040055,0.006427
1481,2012-01-21,366.0,17.682293,300.682293,0.984064,1.032651,-20.004997,-0.229858,0.843319,116.152852,74.183103,63.972977,0.785706,0.285726,11.226464,16.282969,19.85595,1.100887,-0.866493,37.089471,2.508149,0.816609,999.621031,52.569098,0.164995,0.014297,0.000594,57.411658,0.327639,0.327639,0.047018
1482,2012-01-22,366.0,18.697782,301.697782,0.984153,1.032463,-19.782527,-0.228448,0.844504,93.136919,74.305331,65.809777,0.785706,0.233956,9.243779,10.953157,19.967067,0.955103,-0.577824,27.49654,2.520215,0.816609,998.876988,52.317411,0.136852,0.007908,0.000493,60.551409,0.260463,0.260463,0.026736
1483,2012-01-23,366.0,19.713081,302.713081,0.984247,1.032265,-19.553946,-0.226994,0.845709,305.352073,74.430515,66.27254,0.785706,0.486405,19.327901,34.598819,20.080953,3.196221,-1.820406,30.806287,2.515633,0.816609,999.206545,52.412702,0.14727,0.026809,0.00053,60.424019,0.902881,0.902881,0.105496
1484,2012-01-24,366.0,20.728181,303.728181,0.984347,1.032058,-19.319355,-0.225498,0.846932,89.823037,74.558573,65.253621,0.785706,0.236542,9.453865,11.589819,20.197538,0.902626,-0.612208,30.806287,2.515633,0.816609,999.206545,52.412702,0.14727,0.009016,0.00053,59.520161,0.254977,0.254977,0.029748
1485,2012-01-25,366.0,21.743072,304.743072,0.98445,1.03184,-19.078854,-0.22396,0.848171,95.600427,74.689426,63.844598,0.785706,0.253444,10.189165,14.332373,20.316752,0.906301,-0.761346,42.883546,2.502295,0.816609,999.840702,52.692082,0.179339,0.013654,0.000646,56.476317,0.279749,0.279749,0.046846
1486,2012-01-26,366.0,22.757744,305.757744,0.984559,1.031612,-18.832547,-0.222381,0.849424,194.159698,74.822992,59.31078,0.785706,0.524863,21.227426,40.996674,20.438522,1.504131,-2.219426,35.751258,2.509631,0.816609,999.550981,52.538058,0.161424,0.035827,0.000581,53.506268,0.443274,0.443274,0.060841
1487,2012-01-27,366.0,23.772187,306.772187,0.984672,1.031375,-18.580539,-0.22076,0.85069,346.714947,74.959193,66.492569,0.785706,0.569235,23.161968,41.104142,20.562775,3.683622,-2.155257,25.465127,2.523309,0.816609,998.621183,52.253266,0.130032,0.028025,0.000468,61.521573,0.979487,0.979487,0.091887
1488,2012-01-28,366.0,24.786392,307.786392,0.98479,1.031128,-18.322935,-0.219098,0.851967,392.37909,75.097948,66.990218,0.785706,0.555274,22.733043,44.702118,20.689437,4.260491,-2.337164,35.751258,2.509631,0.816609,999.550981,52.538058,0.161424,0.037727,0.000581,60.282794,1.255586,1.255586,0.172885
1489,2012-01-29,366.0,25.80035,308.80035,0.984913,1.030872,-18.059843,-0.217396,0.853254,112.80539,75.239178,63.064222,0.785706,0.307152,12.653297,19.077741,20.818432,1.040094,-1.01432,42.883546,2.502295,0.816609,999.840702,52.692082,0.179339,0.018191,0.000646,55.823464,0.321047,0.321047,0.053604
1490,2012-01-30,366.0,26.814051,309.814051,0.98504,1.030606,-17.791371,-0.215654,0.854548,250.630054,75.382804,67.181079,0.785706,0.412865,17.115433,29.012257,20.949685,2.750771,-1.513533,38.470662,2.506675,0.816609,999.684909,52.600019,0.168574,0.025514,0.000607,60.037931,0.826509,0.826509,0.123102
1491,2012-01-31,366.0,27.827485,310.827485,0.985171,1.03033,-17.517628,-0.213872,0.855849,183.721893,75.528749,59.941999,0.785706,0.503728,21.015151,39.463983,21.083117,1.476809,-2.123853,38.470662,2.506675,0.816609,999.684909,52.600019,0.168574,0.035803,0.000607,53.717385,0.443728,0.443728,0.065762
1492,2012-02-01,366.0,28.840644,311.840644,0.985307,1.030046,-17.238725,-0.21205,0.857154,151.081164,75.676935,62.016606,0.785706,0.416961,17.507156,28.726485,21.218651,1.336301,-1.531211,35.751258,2.509631,0.816609,999.550981,52.538058,0.161424,0.024717,0.000581,55.9256,0.393814,0.393814,0.053908
1493,2012-02-02,366.0,29.853519,312.853519,0.985448,1.029752,-16.954772,-0.210191,0.858461,337.527637,75.827286,66.866933,0.785706,0.559272,23.634661,42.890088,21.35621,3.674415,-2.236051,30.806287,2.515633,0.816609,999.206545,52.412702,0.14727,0.03293,0.00053,60.990945,1.037963,1.037963,0.120619
1494,2012-02-03,366.0,30.866101,313.866101,0.985593,1.029449,-16.665881,-0.208292,0.85977,382.7549,75.979726,68.325083,0.785706,0.545353,23.196982,41.817904,21.495712,4.424344,-2.16423,31.983483,2.514121,0.816609,999.302552,52.444222,0.150785,0.032633,0.000543,62.100822,1.263711,1.263711,0.153174
1495,2012-02-04,366.0,31.87838,314.87838,0.985742,1.029137,-16.372165,-0.206356,0.861078,375.303041,76.134182,69.022971,0.785706,0.505909,21.66073,38.244903,21.63708,4.465677,-1.971571,34.454912,2.51112,0.816609,999.474637,52.506899,0.157864,0.031124,0.000568,62.318936,1.302803,1.302803,0.171433
1496,2012-02-05,366.0,32.890349,315.890349,0.985896,1.028817,-16.073737,-0.204383,0.862384,435.378287,76.29058,68.654425,0.785706,0.574382,24.755119,47.681705,21.780233,5.11394,-2.460392,37.089471,2.508149,0.816609,999.621031,52.569098,0.164995,0.040595,0.000594,61.581665,1.521978,1.521978,0.216814
1497,2012-02-06,366.0,33.901997,316.901997,0.986054,1.028487,-15.770711,-0.202373,0.863686,428.677837,76.448848,69.090146,0.785706,0.560801,24.330569,45.386352,21.92509,5.129663,-2.335532,35.751258,2.509631,0.816609,999.550981,52.538058,0.161424,0.037701,0.000581,62.192746,1.511735,1.511735,0.206487
1498,2012-02-07,366.0,34.913318,317.913318,0.986216,1.02815,-15.4632,-0.200327,0.864983,176.225126,76.608914,61.705488,0.785706,0.490639,21.428759,36.950557,22.07157,1.551262,-1.963754,35.751258,2.509631,0.816609,999.550981,52.538058,0.161424,0.0317,0.000581,55.704139,0.457164,0.457164,0.062063
1499,2012-02-08,366.0,35.924302,318.924302,0.986382,1.027803,-15.151318,-0.198245,0.866272,163.202552,76.77071,70.220821,0.785706,0.271707,11.946446,15.487585,22.219594,2.046231,-0.791619,39.895963,2.505208,0.816609,999.742737,52.630824,0.172159,0.013628,0.00062,62.527692,0.620535,0.620535,0.095375
1500,2012-02-09,366.0,36.934942,319.934942,0.986552,1.027448,-14.835181,-0.196128,0.867554,79.946165,76.934167,66.295788,0.785706,0.224061,9.917804,12.203094,22.36908,0.859257,-0.634543,44.448208,2.50085,0.816609,999.881063,52.722538,0.182929,0.011608,0.000659,58.470016,0.267481,0.267481,0.045977
1501,2012-02-10,366.0,37.945228,320.945228,0.986726,1.027085,-14.514903,-0.193977,0.868824,149.876721,77.099219,70.57112,0.785706,0.250257,11.152058,14.24219,22.519946,1.91003,-0.725647,44.448208,2.50085,0.816609,999.881063,52.722538,0.182929,0.013274,0.000659,62.110347,0.59458,0.59458,0.102573
1502,2012-02-11,366.0,38.955154,321.955154,0.986905,1.026714,-14.1906,-0.191791,0.870084,136.628483,77.265798,63.552401,0.785706,0.385548,17.297069,26.741732,22.672113,1.312096,-1.405461,41.366531,2.503748,0.816609,999.794631,52.661511,0.175748,0.024701,0.000633,56.538612,0.401492,0.401492,0.063871
1503,2012-02-12,366.0,39.964711,322.964711,0.987087,1.026335,-13.862386,-0.189572,0.87133,355.340692,77.433842,67.65425,0.785706,0.595221,26.884426,50.352717,22.825498,4.053002,-2.596078,37.089471,2.508149,0.816609,999.621031,52.569098,0.164995,0.042834,0.000594,60.748215,1.206228,1.206228,0.170826
1504,2012-02-13,366.0,40.973891,323.973891,0.987273,1.025948,-13.530376,-0.187321,0.872561,362.175901,77.603287,69.955988,0.785706,0.520475,23.667487,40.470415,22.980021,4.527716,-2.062935,35.751258,2.509631,0.816609,999.550981,52.538058,0.161424,0.033301,0.000581,62.987312,1.334338,1.334338,0.181479
1505,2012-02-14,366.0,41.982687,324.982687,0.987463,1.025554,-13.194686,-0.185037,0.873776,387.858392,77.774072,70.896797,0.785706,0.526965,24.124861,39.144354,23.135601,5.032783,-1.985,30.806287,2.515633,0.816609,999.206545,52.412702,0.14727,0.029233,0.00053,64.662823,1.42168,1.42168,0.163528
1506,2012-02-15,366.0,42.991091,325.991091,0.987657,1.025152,-12.85543,-0.182722,0.874974,435.374157,77.946137,71.076646,0.785706,0.578786,26.67653,43.987983,23.292159,5.695603,-2.226909,28.563809,2.51868,0.816609,998.993908,52.349298,0.140301,0.031244,0.000505,65.226439,1.572122,1.572122,0.165673
1507,2012-02-16,366.0,43.999095,326.999095,0.987854,1.024742,-12.512724,-0.180376,0.876153,149.789319,78.119423,64.42718,0.785706,0.428934,19.903448,29.631699,23.449614,1.503829,-1.545127,34.454912,2.51112,0.816609,999.474637,52.506899,0.157864,0.024392,0.000568,58.353053,0.438723,0.438723,0.056819
1508,2012-02-17,366.0,45.006694,328.006694,0.988055,1.024325,-12.166682,-0.177999,0.877311,264.470089,78.293873,69.780086,0.785706,0.446108,20.840079,33.117124,23.607887,3.301823,-1.683932,39.895963,2.505208,0.816609,999.742737,52.630824,0.172159,0.02899,0.00062,62.209317,1.001302,1.001302,0.15271
1509,2012-02-18,366.0,46.013879,329.013879,0.988259,1.023901,-11.817418,-0.175594,0.878448,156.842638,78.469432,64.701914,0.785706,0.452291,21.271195,31.335823,23.766898,1.597256,-1.629299,31.983483,2.514121,0.816609,999.302552,52.444222,0.150785,0.024567,0.000543,58.982997,0.456219,0.456219,0.054269
1510,2012-02-19,366.0,47.020644,330.020644,0.988467,1.02347,-11.465048,-0.173159,0.879561,294.985482,78.646044,70.500349,0.785706,0.499191,23.634661,35.52798,23.926569,3.795524,-1.797434,29.666731,2.517153,0.816609,999.103712,52.381061,0.143775,0.025843,0.000518,64.541896,1.060025,1.060025,0.116162
1511,2012-02-20,366.0,48.026981,331.026981,0.988679,1.023033,-11.109685,-0.170696,0.880651,117.821613,78.823657,66.429211,0.785706,0.350323,16.697449,21.379948,24.086823,1.292509,-1.10119,33.199343,2.512617,0.816609,999.39187,52.47562,0.154317,0.016993,0.000556,60.341885,0.373162,0.373162,0.046272
1512,2012-02-21,366.0,49.032884,332.032884,0.988894,1.022588,-10.751443,-0.168206,0.881715,98.218426,79.00222,65.152085,0.785706,0.308229,14.789169,19.869665,24.247582,1.023166,-1.028446,47.725402,2.49798,0.816609,999.945071,52.89268,0.189893,0.019529,0.000684,57.13062,0.323558,0.323558,0.059178
1513,2012-02-22,366.0,50.038348,333.038348,0.989112,1.022137,-10.390435,-0.165689,0.882752,320.959821,79.181681,69.090454,0.785706,0.558198,26.96102,47.938614,24.40877,3.925516,-2.435017,42.883546,2.502295,0.816609,999.840702,52.692082,0.179339,0.043669,0.000646,60.326756,1.211695,1.211695,0.218224
1514,2012-02-23,366.0,51.043364,334.043364,0.989333,1.02168,-10.026774,-0.163145,0.883762,349.247285,79.361993,72.121919,0.785706,0.514919,25.035232,37.775609,24.57031,4.798397,-1.890086,30.806287,2.515633,0.816609,999.206545,52.412702,0.14727,0.027835,0.00053,65.094492,1.35547,1.35547,0.170915
1515,2012-02-24,366.0,52.047927,335.047927,0.989558,1.021216,-9.660574,-0.160577,0.884743,159.13744,79.543107,62.631142,0.785706,0.50131,24.534093,39.172375,24.732128,1.49287,-2.045177,38.470662,2.506675,0.816609,999.684909,52.600019,0.168574,0.034476,0.000607,55.528504,0.448554,0.448554,0.071586
1516,2012-02-25,366.0,53.052032,336.052032,0.989785,1.020746,-9.291945,-0.157984,0.885693,80.47724,79.724977,69.151582,0.785706,0.25642,12.631413,12.653548,24.89415,0.989917,-0.640875,28.563809,2.51868,0.816609,998.993908,52.349298,0.140301,0.008992,0.000505,62.912473,0.273241,0.273241,0.031536
1517,2012-02-26,366.0,54.055672,337.055672,0.990016,1.020271,-8.921001,-0.155367,0.886613,225.136621,79.907558,72.986605,0.785706,0.395471,19.608014,23.425797,25.056303,3.203272,-1.1642,25.465127,2.523309,0.816609,998.621183,52.253266,0.130032,0.015138,0.000468,66.935641,0.85176,0.85176,0.086463
1518,2012-02-27,366.0,55.058841,338.058841,0.99025,1.01979,-8.547851,-0.152727,0.8875,492.786454,80.090806,71.954525,0.785706,0.731827,36.519926,60.216098,25.218514,6.757129,-3.00464,25.465127,2.523309,0.816609,998.621183,52.253266,0.130032,0.03907,0.000468,66.017561,1.796742,1.796742,0.182122
1519,2012-02-28,366.0,56.061534,339.061534,0.990486,1.019303,-8.172608,-0.150065,0.888355,161.782241,80.274679,64.298651,0.785706,0.52192,26.212591,38.050652,25.380712,1.637875,-1.965142,29.666731,2.517153,0.816609,999.103712,52.381061,0.143775,0.028254,0.000518,58.42032,0.45743,0.45743,0.0548
1520,2012-02-29,366.0,57.063746,340.063746,0.990725,1.01881,-7.795382,-0.147382,0.889176,97.48168,80.459134,68.284987,0.785706,0.318014,16.073758,17.703113,25.542827,1.163503,-0.89706,29.666731,2.517153,0.816609,999.103712,52.381061,0.143775,0.012897,0.000518,61.960073,0.324946,0.324946,0.039009
1521,2012-03-01,366.0,58.065471,341.065471,0.990967,1.018313,-7.416282,-0.144678,0.889962,106.499548,80.644132,68.09907,0.785706,0.35314,17.962341,19.945311,25.704791,1.262914,-1.010646,26.46396,2.521758,0.816609,998.752798,52.285401,0.133428,0.013485,0.00048,62.384729,0.340145,0.340145,0.035865
1522,2012-03-02,366.0,59.066704,342.066704,0.991212,1.01781,-7.035419,-0.141953,0.890712,135.639981,80.829632,65.241906,0.785706,0.452346,23.153213,31.341813,25.866534,1.432794,-1.607554,31.983483,2.514121,0.816609,999.302552,52.444222,0.150785,0.024239,0.000543,58.870582,0.409244,0.409244,0.053306
1523,2012-03-03,366.0,60.06744,343.06744,0.991459,1.017303,-6.6529,-0.13921,0.891426,319.609323,81.015597,70.434256,0.785706,0.571698,29.444847,50.919533,26.027991,4.15735,-2.547613,46.061744,2.499411,0.816609,999.915818,52.810115,0.186409,0.04749,0.000671,61.010359,1.304518,1.304518,0.25114
1524,2012-03-04,366.0,61.067675,344.067675,0.991709,1.01679,-6.268835,-0.136449,0.892103,481.826702,81.201988,70.798277,0.785706,0.724975,37.570359,75.627386,26.189095,6.359488,-3.773889,51.2082,2.495138,0.816609,999.987473,53.044019,0.196863,0.074294,0.000709,60.53479,2.041307,2.041307,0.435213
1525,2012-03-05,366.0,62.067403,345.067403,0.991961,1.016274,-5.883332,-0.13367,0.892742,234.966349,81.38877,57.124208,0.785706,0.788714,41.124313,82.456384,26.349782,1.722922,-4.37025,46.061744,2.499411,0.816609,999.915818,52.810115,0.186409,0.081465,0.000671,49.821029,0.540629,0.540629,0.102839
1526,2012-03-06,366.0,63.066621,346.066621,0.992216,1.015752,-5.496497,-0.130874,0.893343,331.839612,81.575906,72.967874,0.785706,0.59547,31.237142,43.4024,26.509989,4.754049,-2.139643,24.499119,2.524868,0.816609,998.481982,52.221007,0.126667,0.027102,0.000456,67.153848,1.247545,1.247545,0.120436
1527,2012-03-07,366.0,64.065325,347.065325,0.992472,1.015227,-5.108438,-0.128062,0.893905,543.519825,81.763363,72.956524,0.785706,0.819934,43.271123,72.798291,26.669655,7.788326,-3.585686,31.983483,2.514121,0.816609,999.302552,52.444222,0.150785,0.054067,0.000543,65.664694,2.224555,2.224555,0.290106
1528,2012-03-08,366.0,65.063509,348.063509,0.992731,1.014697,-4.719261,-0.125236,0.894427,559.532464,81.951105,72.138996,0.785706,0.792854,42.091579,83.422193,26.828717,7.785244,-4.121299,47.725402,2.49798,0.816609,999.945071,52.89268,0.189893,0.07826,0.000684,62.219829,2.461946,2.461946,0.488828
1529,2012-03-09,366.0,66.061171,349.061171,0.992992,1.014164,-4.329072,-0.122395,0.894909,555.79953,82.139099,72.25637,0.785706,0.768858,41.058657,83.556455,26.987118,7.771093,-4.121805,53.029959,2.493728,0.816609,1000.000813,53.113388,0.200345,0.082578,0.000721,61.531257,2.512342,2.512342,0.550675
1530,2012-03-10,366.0,67.058306,350.058306,0.993255,1.013627,-3.937977,-0.119542,0.89535,502.280723,82.327314,72.88284,0.785706,0.68845,36.979488,72.320304,27.144799,7.189685,-3.553521,56.840928,2.490928,0.816609,1000.012234,53.240943,0.20729,0.073661,0.000746,61.514327,2.356559,2.356559,0.0
1531,2012-03-11,366.0,68.054912,351.054912,0.99352,1.013086,-3.54608,-0.116675,0.895751,477.182446,82.515717,74.70219,0.785706,0.64111,34.635719,57.097833,27.301704,7.295115,-2.77833,38.470662,2.506675,0.816609,999.684909,52.600019,0.168574,0.046835,0.000607,64.089603,2.191922,2.191922,0.415903
1532,2012-03-12,366.0,69.050984,352.050984,0.993787,1.012542,-3.153485,-0.113798,0.89611,140.777514,82.704276,67.021031,0.785706,0.454326,24.685089,33.228824,27.457777,1.609785,-1.675378,37.089471,2.508149,0.816609,999.621031,52.569098,0.164995,0.027643,0.000594,58.0322,0.479094,0.479094,0.086949
1533,2012-03-13,366.0,70.046519,353.046519,0.994056,1.011995,-2.760298,-0.110909,0.896428,254.953175,82.892962,74.387628,0.785706,0.450691,24.626005,33.231772,27.612965,3.85737,-1.616477,38.470662,2.506675,0.816609,999.684909,52.600019,0.168574,0.02725,0.000607,63.868615,1.159002,1.159002,0.219186
1534,2012-03-14,366.0,71.041514,354.041514,0.994326,1.011445,-2.36662,-0.108011,0.896704,93.46577,83.081743,70.045085,0.785706,0.30843,16.946928,18.507797,27.767216,1.204901,-0.918379,38.470662,2.506675,0.816609,999.684909,52.600019,0.168574,0.015481,0.000607,60.3014,0.36203,0.36203,0.068201
1535,2012-03-15,366.0,72.035967,355.035967,0.994598,1.010892,-1.972555,-0.105104,0.896938,58.610966,83.27059,71.111573,0.785706,0.20296,11.213333,10.858191,27.920478,0.787036,-0.535578,46.061744,2.499411,0.816609,999.915818,52.810115,0.186409,0.009984,0.000671,59.718084,0.246961,0.246961,0.055622
1536,2012-03-16,366.0,73.029875,356.029875,0.994872,1.010336,-1.578206,-0.102188,0.897129,43.916612,83.459474,71.346893,0.785706,0.153798,8.543492,8.113475,28.072701,0.595082,-0.399374,42.883546,2.502295,0.816609,999.840702,52.692082,0.179339,0.007162,0.000646,60.157712,0.183685,0.183685,0.039694
1537,2012-03-17,366.0,74.023235,357.023235,0.995147,1.009778,-1.183674,-0.099266,0.897278,367.955348,83.648365,72.949775,0.785706,0.669927,37.41498,60.280239,28.223839,5.291183,-2.941669,37.089471,2.508149,0.816609,999.621031,52.569098,0.164995,0.048536,0.000594,62.663235,1.574727,1.574727,0.294605
1538,2012-03-18,366.0,75.016045,358.016045,0.995423,1.009217,-0.789062,-0.096337,0.897384,387.183876,83.837235,75.829017,0.785706,0.589679,33.108221,47.761941,28.373844,6.168768,-2.296015,33.199343,2.512617,0.816609,999.39187,52.47562,0.154317,0.035431,0.000556,65.951326,1.780992,1.780992,0.29704
1539,2012-03-19,366.0,76.008302,359.008302,0.995701,1.008654,-0.39447,-0.093403,0.897448,558.796248,84.026056,75.909018,0.785706,0.798111,45.045912,69.900863,28.522671,8.928327,-3.355762,28.563809,2.51868,0.816609,998.993908,52.349298,0.140301,0.047082,0.000505,67.168788,2.46443,2.46443,0.349436
1540,2012-03-20,366.0,77.000005,5e-06,0.99598,1.00809,2e-06,-0.090464,0.897469,82.578215,84.214798,70.375071,0.785706,0.301338,17.095738,17.420785,28.670276,1.078989,-0.858292,35.751258,2.509631,0.816609,999.550981,52.538058,0.161424,0.013855,0.000581,60.880493,0.317983,0.317983,0.056871
1541,2012-03-21,366.0,77.991152,0.991152,0.996259,1.007523,0.394252,-0.087522,0.897448,82.361044,84.403435,68.810768,0.785706,0.302226,17.233607,19.508038,28.816618,1.012946,-0.967367,49.440455,2.496556,0.816609,999.968924,52.970548,0.193378,0.018707,0.000696,56.992055,0.322757,0.322757,0.079238
1542,2012-03-22,366.0,78.98174,1.98174,0.99654,1.006955,0.788181,-0.084577,0.897385,285.871083,84.591938,74.301521,0.785706,0.529253,30.331149,45.234144,28.961656,4.316516,-2.182628,46.061744,2.499411,0.816609,999.915818,52.810115,0.186409,0.040686,0.000671,61.748225,1.354462,1.354462,0.317047
1543,2012-03-23,366.0,79.97177,2.97177,0.996822,1.006386,1.18169,-0.08163,0.897279,410.054045,84.780279,75.724459,0.785706,0.631968,36.397378,57.253999,29.10535,6.508701,-2.740693,41.366531,2.503748,0.816609,999.794631,52.661511,0.175748,0.048167,0.000633,63.884836,1.991617,1.991617,0.419892
1544,2012-03-24,366.0,80.961239,3.961239,0.997105,1.005815,1.574678,-0.078682,0.897131,532.408256,84.968431,74.783603,0.785706,0.768345,44.468175,83.472664,29.247663,8.175426,-4.010576,53.029959,2.493728,0.816609,1000.000813,53.113388,0.200345,0.08035,0.000721,60.850771,2.64306,2.64306,0.700886
1545,2012-03-25,366.0,81.950146,4.950146,0.997389,1.005243,1.967049,-0.075735,0.896941,434.670276,85.156366,76.24584,0.785706,0.611729,35.574541,59.775278,29.388558,7.022376,-2.848554,54.907078,2.492324,0.816609,1000.009037,53.178937,0.203822,0.05806,0.000734,61.682927,2.286165,2.286165,0.0
1546,2012-03-26,366.0,82.93849,5.93849,0.997673,1.004671,2.358702,-0.072788,0.896709,436.6512,85.344056,77.332785,0.785706,0.599252,35.014313,54.07912,29.528001,7.319098,-2.560686,44.448208,2.50085,0.816609,999.881063,52.722538,0.182929,0.046842,0.000659,62.424056,2.278387,2.278387,0.586315
1547,2012-03-27,366.0,83.92627,6.92627,0.997958,1.004097,2.74954,-0.069843,0.896436,72.032958,85.531472,72.75083,0.785706,0.252901,14.846069,14.116698,29.665959,1.027368,-0.683112,41.366531,2.503748,0.816609,999.794631,52.661511,0.175748,0.012006,0.000633,59.676333,0.314367,0.314367,0.075276
1548,2012-03-28,366.0,84.913486,7.913486,0.998243,1.003523,3.139466,-0.0669,0.896122,299.374326,85.718588,75.562596,0.785706,0.545716,32.182527,46.858957,29.802399,4.719124,-2.234265,44.448208,2.50085,0.816609,999.881063,52.722538,0.182929,0.040871,0.000659,61.132111,1.469032,1.469032,0.376549
1549,2012-03-29,366.0,85.900138,8.900138,0.998529,1.002949,3.528381,-0.063961,0.895768,64.284925,85.905374,72.962346,0.785706,0.233505,13.832841,12.760483,29.937292,0.923282,-0.615692,42.883546,2.502295,0.816609,999.840702,52.692082,0.179339,0.011042,0.000646,59.52458,0.284991,0.284991,0.070449
1550,2012-03-30,366.0,86.886224,9.886224,0.998815,1.002374,3.91619,-0.061027,0.895374,178.752049,86.091802,77.838272,0.785706,0.329894,19.629899,22.809325,30.070608,3.043116,-1.07318,53.029959,2.493728,0.816609,1000.000813,53.113388,0.200345,0.021501,0.000721,60.960925,0.983819,0.983819,0.294117
1551,2012-03-31,366.0,87.871745,10.871745,0.999101,1.001799,4.302794,-0.058098,0.89494,484.499704,86.277842,75.632006,0.785706,0.743509,44.435352,79.448428,30.202319,7.645692,-3.776107,53.029959,2.493728,0.816609,1000.000813,53.113388,0.200345,0.075653,0.000721,58.910632,2.471801,2.471801,0.754289
1552,2012-04-01,366.0,88.856702,11.856702,0.999388,1.001225,4.688098,-0.055175,0.894467,123.311937,86.463467,69.283672,0.785706,0.448969,26.94789,32.21337,30.332401,1.539734,-1.577693,35.751258,2.509631,0.816609,999.550981,52.538058,0.161424,0.025468,0.000581,57.972297,0.453766,0.453766,0.096165
1553,2012-04-02,366.0,89.841093,12.841093,0.999675,1.000651,5.072006,-0.05226,0.893955,484.92274,86.648646,76.390556,0.785706,0.896185,54.018331,76.661528,30.460828,7.847134,-3.622996,37.089471,2.508149,0.816609,999.621031,52.569098,0.164995,0.059778,0.000594,63.275829,2.335413,2.335413,0.514689
1554,2012-04-03,366.0,90.82492,13.82492,0.999962,1.000077,5.454421,-0.049352,0.893406,557.986031,86.83335,76.911319,0.785706,0.859063,51.996252,85.353812,30.587576,9.186112,-4.019436,51.2082,2.495138,0.816609,999.987473,53.044019,0.196863,0.079128,0.000709,60.3435,2.948613,2.948613,0.869462
1555,2012-04-04,366.0,91.808182,14.808182,1.000248,0.999504,5.835247,-0.046453,0.892819,144.245892,87.017548,68.128681,0.785706,0.531596,32.30727,41.274868,30.712625,1.718036,-2.027005,34.454912,2.51112,0.816609,999.474637,52.506899,0.157864,0.031999,0.000568,57.438457,0.501215,0.501215,0.101649
1556,2012-04-05,366.0,92.790882,15.790882,1.000535,0.998931,6.21439,-0.043565,0.892196,444.092627,87.201209,76.695613,0.785706,0.825209,50.352768,71.832481,30.835953,7.247645,-3.379995,30.806287,2.515633,0.816609,999.206545,52.412702,0.14727,0.049777,0.00053,65.337171,2.047344,2.047344,0.372598
1557,2012-04-06,366.0,93.773019,16.773019,1.000821,0.99836,6.591754,-0.040687,0.891537,207.860706,87.384302,65.0261,0.785706,0.770705,47.212422,69.783981,30.957541,2.17791,-3.470748,30.806287,2.515633,0.816609,999.206545,52.412702,0.14727,0.051114,0.00053,55.778873,0.615225,0.615225,0.111052
1558,2012-04-07,366.0,94.754595,17.754595,1.001107,0.99779,6.967245,-0.03782,0.890842,371.039152,87.566795,76.054625,0.785706,0.691436,42.520504,65.625554,31.077372,5.91447,-3.092114,41.366531,2.503748,0.816609,999.794631,52.661511,0.175748,0.054343,0.000633,62.066601,1.809786,1.809786,0.438682
1559,2012-04-08,366.0,95.73561,18.73561,1.001392,0.997221,7.340767,-0.034967,0.890114,580.584366,87.748655,77.655426,0.785706,0.899755,55.54145,90.182858,31.19543,9.76579,-4.21099,60.88443,2.488154,0.816609,1000.003891,53.355378,0.214195,0.090197,0.000771,59.030154,3.242856,3.242856,0.0
1560,2012-04-09,366.0,96.716067,19.716067,1.001677,0.996654,7.712226,-0.032126,0.889351,614.506078,87.929849,77.982681,0.785706,0.872573,54.064284,94.046095,31.311698,10.441496,-4.379957,69.715366,2.482687,0.816609,999.930536,53.55284,0.227817,0.099783,0.00082,54.76144,3.5513,3.5513,0.0
1561,2012-04-10,366.0,97.695967,20.695967,1.001962,0.996088,8.081528,-0.0293,0.888557,601.21695,88.110344,77.93507,0.785706,0.813617,50.595682,94.046095,31.426163,10.190317,-4.376929,69.715366,2.482687,0.816609,999.930536,53.55284,0.227817,0.099714,0.00082,52.164685,3.465871,3.465871,0.0
1562,2012-04-11,366.0,98.675311,21.675311,1.002246,0.995524,8.448578,-0.026489,0.88773,499.440947,88.290105,79.792598,0.785706,0.653338,40.774167,65.340599,31.538813,8.991253,-3.009254,53.029959,2.493728,0.816609,1000.000813,53.113388,0.200345,0.060289,0.000721,54.968047,2.906812,2.906812,1.146361
1563,2012-04-12,366.0,99.654101,22.654101,1.002529,0.994962,8.813284,-0.023694,0.886873,187.311421,88.469096,72.240951,0.785706,0.540946,33.878535,46.231355,31.649636,2.593962,-2.20978,44.448208,2.50085,0.816609,999.881063,52.722538,0.182929,0.040423,0.000659,52.290353,0.807483,0.807483,0.27987
1564,2012-04-13,366.0,100.632339,23.632339,1.002811,0.994402,9.175552,-0.020916,0.885986,451.996154,88.647282,77.338119,0.785706,0.759274,47.715755,78.326369,31.758622,7.487057,-3.64629,46.061744,2.499411,0.816609,999.915818,52.810115,0.186409,0.06797,0.000671,55.271635,2.349334,2.349334,0.836615
1565,2012-04-14,366.0,101.610028,24.610028,1.003092,0.993844,9.535288,-0.018155,0.88507,536.991709,88.824626,78.748844,0.785706,0.771089,48.621751,82.981804,31.865762,9.314618,-3.831656,51.2082,2.495138,0.816609,999.987473,53.044019,0.196863,0.075431,0.000709,54.868594,2.989862,2.989862,1.147284
1566,2012-04-15,366.0,102.587169,25.587169,1.003373,0.993289,9.892399,-0.015413,0.884126,584.781482,89.00109,79.700992,0.785706,0.793351,50.190826,83.422193,31.971048,10.453728,-3.82954,47.725402,2.49798,0.816609,999.945071,52.89268,0.189893,0.07272,0.000684,56.533935,3.305807,3.305807,1.201783
1567,2012-04-16,366.0,103.563766,26.563766,1.003652,0.992736,10.246792,-0.012691,0.883155,93.027189,89.176636,77.352067,0.785706,0.277976,17.642836,16.80857,32.074473,1.536744,-0.78028,46.061744,2.499411,0.816609,999.915818,52.810115,0.186409,0.014545,0.000671,55.578256,0.482209,0.482209,0.169977
1568,2012-04-17,366.0,104.53982,27.53982,1.00393,0.992186,10.598375,-0.009989,0.882159,190.075109,89.351225,71.593896,0.785706,0.57262,36.458651,51.045269,32.176032,2.556105,-2.436705,46.061744,2.499411,0.816609,999.915818,52.810115,0.186409,0.045422,0.000671,51.656794,0.80207,0.80207,0.283073
1569,2012-04-18,366.0,105.515335,28.515335,1.004207,0.991639,10.947055,-0.007308,0.881138,175.98024,89.524816,72.170131,0.785706,0.532474,34.007652,46.192962,32.27572,2.41496,-2.196904,47.725402,2.49798,0.816609,999.945071,52.89268,0.189893,0.041718,0.000684,51.622219,0.763689,0.763689,0.276727
1570,2012-04-19,366.0,106.490313,29.490313,1.004483,0.991095,11.29274,-0.004649,0.880094,269.581333,89.697368,80.472108,0.785706,0.462407,29.62211,38.019427,32.373534,4.918054,-1.731945,51.2082,2.495138,0.816609,999.987473,53.044019,0.196863,0.034096,0.000709,56.090836,1.578626,1.578626,0.603661
1571,2012-04-20,366.0,107.464758,30.464758,1.004757,0.990554,11.635339,-0.002012,0.879027,607.047935,89.86884,79.82102,0.785706,0.88366,56.775707,93.080286,32.469471,10.831305,-4.250797,67.410908,2.484044,0.816609,999.955764,53.506817,0.22444,0.095405,0.000808,51.519942,3.662791,3.662791,0.0
1572,2012-04-21,366.0,108.438672,31.438672,1.00503,0.990016,11.974759,0.0006,0.87794,682.998537,90.039188,80.73576,0.785706,0.916293,59.042883,96.943523,32.563531,12.534973,-4.402122,77.037385,2.478655,0.816609,999.828319,53.680558,0.237807,0.104686,0.000856,49.046087,4.333349,4.333349,0.0
1573,2012-04-22,366.0,109.412059,32.412059,1.005301,0.989482,12.31091,0.003189,0.876832,699.541133,90.208368,80.660497,0.785706,0.899279,58.110629,101.77257,32.655712,12.791581,-4.619089,90.701004,2.472061,0.816609,999.573533,53.870416,0.253896,0.117277,0.000914,46.539914,4.530825,4.530825,0.0
1574,2012-04-23,366.0,110.384923,33.384923,1.005571,0.988951,12.6437,0.005752,0.875706,717.888764,90.376336,81.064645,0.785706,0.893456,57.893977,101.77257,32.746015,13.280151,-4.605171,90.701004,2.472061,0.816609,999.573533,53.870416,0.253896,0.116923,0.000914,46.744407,4.703879,4.703879,0.0
1575,2012-04-24,366.0,111.357267,34.357267,1.005838,0.988425,12.973038,0.008289,0.874562,695.814088,90.543047,81.382972,0.785706,0.838068,54.451632,96.943523,32.834442,12.985253,-4.375412,77.037385,2.478655,0.816609,999.828319,53.680558,0.237807,0.10405,0.000856,49.392823,4.489011,4.489011,0.0
1576,2012-04-25,366.0,112.329095,35.329095,1.006105,0.987902,13.298835,0.010799,0.873402,441.514727,90.708452,83.543586,0.785706,0.512766,33.403654,48.129956,32.920994,8.799196,-2.145523,65.171945,2.485408,0.816609,999.976449,53.458715,0.221043,0.047425,0.000796,53.12718,2.958083,2.958083,0.0
1577,2012-04-26,366.0,113.30041,36.30041,1.006369,0.987383,13.621,0.013282,0.872228,259.73908,90.872505,81.616335,0.785706,0.45355,29.622106,36.481272,33.005675,4.870002,-1.641612,49.440455,2.496556,0.816609,999.968924,52.970548,0.193378,0.031745,0.000696,56.070082,1.55174,1.55174,0.600194
1578,2012-04-27,366.0,114.271217,37.271217,1.006631,0.986868,13.939443,0.015736,0.87104,307.946433,91.035157,81.31014,0.785706,0.542791,35.539526,45.372192,33.088489,5.710574,-2.043233,41.366531,2.503748,0.816609,999.794631,52.661511,0.175748,0.035909,0.000633,58.361664,1.747395,1.747395,0.592556
1579,2012-04-28,366.0,115.241521,38.241521,1.006892,0.986358,14.254075,0.018161,0.869839,499.202926,91.196358,82.473769,0.785706,0.667164,43.789774,65.941155,33.169441,9.587668,-2.94864,49.440455,2.496556,0.816609,999.968924,52.970548,0.193378,0.05702,0.000696,56.597818,3.054941,3.054941,1.181983
1580,2012-04-29,366.0,116.211324,39.211324,1.00715,0.985852,14.564807,0.020556,0.868628,705.93961,91.356058,83.00233,0.785706,0.859562,56.552495,89.217049,33.248535,13.762218,-3.974761,58.832904,2.489538,0.816609,1000.010491,53.299671,0.210749,0.083768,0.000759,54.447666,4.540691,4.540691,0.0
1581,2012-04-30,366.0,117.180633,40.180633,1.007406,0.985351,14.871551,0.022921,0.867407,506.501785,91.514205,84.734398,0.785706,0.562023,37.062652,51.929318,33.325779,10.391916,-2.290046,53.029959,2.493728,0.816609,1000.000813,53.113388,0.200345,0.04588,0.000721,56.939148,3.359637,3.359637,1.365536
1582,2012-05-01,366.0,118.149451,41.149451,1.00766,0.984854,15.174219,0.025254,0.866179,369.425707,91.670746,82.811963,0.785706,0.564595,37.316504,49.368483,33.401179,7.139619,-2.197959,44.448208,2.50085,0.816609,999.881063,52.722538,0.182929,0.040207,0.000659,58.310602,2.222516,2.222516,0.79687
1583,2012-05-02,366.0,119.117782,42.117782,1.007912,0.984362,15.472723,0.027555,0.864943,624.120424,91.82563,83.383881,0.785706,0.772184,51.149343,79.394999,33.474742,12.258083,-3.520981,44.448208,2.50085,0.816609,999.881063,52.722538,0.182929,0.064409,0.000659,58.671937,3.81586,3.81586,1.368464
1584,2012-05-03,366.0,120.085633,43.085633,1.008161,0.983876,15.766977,0.029823,0.863702,265.423628,91.9788,83.831836,0.785706,0.424481,28.177767,32.547711,33.546477,5.277074,-1.438731,47.725402,2.49798,0.816609,999.945071,52.89268,0.189893,0.02732,0.000684,58.030121,1.668782,1.668782,0.628464
1585,2012-05-04,366.0,121.053007,44.053007,1.008408,0.983394,16.056893,0.032058,0.862457,368.399711,92.130203,85.627506,0.785706,0.467418,31.092711,36.033902,33.616393,7.717113,-1.576035,41.366531,2.503748,0.816609,999.794631,52.661511,0.175748,0.027699,0.000633,61.142193,2.361382,2.361382,0.802208
1586,2012-05-05,366.0,122.01991,45.01991,1.008652,0.982917,16.342386,0.034258,0.861209,530.635891,92.279782,85.364855,0.785706,0.621275,41.410987,55.108043,33.684498,11.013797,-2.411781,39.895963,2.505208,0.816609,999.742737,52.630824,0.172159,0.041521,0.00062,61.500627,3.340015,3.340015,1.102787
1587,2012-05-06,366.0,122.986348,45.986348,1.008894,0.982446,16.623372,0.036424,0.859961,812.10264,92.427481,85.419329,0.785706,0.922758,61.627374,85.353812,33.750803,16.858564,-3.731338,51.2082,2.495138,0.816609,999.987473,53.044019,0.196863,0.073456,0.000709,57.960493,5.411363,5.411363,2.142821
1588,2012-05-07,366.0,123.952324,46.952324,1.009133,0.981981,16.899764,0.038553,0.858712,846.357759,92.573242,85.305247,0.785706,0.951707,63.682279,92.114477,33.815317,17.485064,-4.026184,65.171945,2.485408,0.816609,999.976449,53.458715,0.221043,0.088996,0.000796,54.390155,5.878068,5.878068,0.0
1589,2012-05-08,366.0,124.917846,47.917846,1.00937,0.981521,17.17148,0.040646,0.857465,886.551454,92.717008,85.331335,0.785706,0.910772,61.056208,97.909333,33.878051,18.302966,-4.27548,79.619631,2.477324,0.816609,999.785632,53.720344,0.241085,0.103075,0.000868,50.956556,6.359918,6.359918,0.0
1590,2012-05-09,366.0,125.882917,48.882917,1.009603,0.981066,17.438437,0.042703,0.856221,1010.747623,92.858718,86.757319,0.785706,0.909136,61.056208,92.114477,33.939017,21.72418,-3.987826,65.171945,2.485408,0.816609,999.976449,53.458715,0.221043,0.088148,0.000796,54.910272,7.303159,7.303159,0.0
1591,2012-05-10,366.0,126.847545,49.847545,1.009834,0.980618,17.700552,0.044721,0.854982,997.919953,92.998315,87.458862,0.785706,0.859572,57.828326,82.456384,33.998226,21.853669,-3.553076,46.061744,2.499411,0.816609,999.915818,52.810115,0.186409,0.066232,0.000671,60.688692,6.857376,6.857376,2.527808
1592,2012-05-11,366.0,127.811735,50.811735,1.010062,0.980175,17.957744,0.046701,0.853748,1057.063579,93.135738,87.530514,0.785706,0.912061,61.463251,88.25124,34.05569,23.162825,-3.798353,56.840928,2.490928,0.816609,1000.012234,53.240943,0.20729,0.078736,0.000746,57.610923,7.592067,7.592067,3.228037
1593,2012-05-12,366.0,128.775492,51.775492,1.010287,0.979738,18.209932,0.048643,0.852522,1081.196528,93.270927,87.362262,0.785706,0.936313,63.200832,95.011905,34.11142,23.544108,-4.090089,72.086874,2.481337,0.816609,999.900839,53.597002,0.231171,0.094551,0.000832,53.999717,8.052517,8.052517,3.94816
1594,2012-05-13,366.0,129.738822,52.738822,1.010509,0.979308,18.457037,0.050544,0.851305,1046.528597,93.40382,86.91733,0.785706,0.910232,61.537652,100.806761,34.165429,22.467618,-4.347091,87.814364,2.473367,0.816609,999.632637,53.833919,0.250741,0.108999,0.000903,50.904138,7.921644,7.921644,4.307626
1595,2012-05-14,366.0,130.701733,53.701733,1.010728,0.978884,18.69898,0.052406,0.850097,972.574131,93.534357,86.275897,0.785706,0.849889,57.546018,104.669998,34.21773,20.466243,-4.526504,99.85098,2.468178,0.816609,999.372717,53.977994,0.263154,0.119117,0.000947,48.881101,7.344385,7.344385,4.235099
1596,2012-05-15,366.0,131.664229,54.664229,1.010944,0.978466,18.935684,0.054227,0.848901,972.986188,93.662477,86.262601,0.785706,0.854217,57.924612,106.601616,34.268336,20.438189,-4.607104,106.377763,2.46562,0.816609,999.219801,54.049525,0.269145,0.123998,0.000969,48.232301,7.394095,7.394095,4.369094
1597,2012-05-16,366.0,132.626318,55.626318,1.011157,0.978054,19.167072,0.056006,0.847718,832.828893,93.788117,86.316725,0.785706,0.734664,49.888829,91.997998,34.317259,17.497281,-3.972002,90.701004,2.472061,0.816609,999.573533,53.870416,0.253896,0.100848,0.000914,51.234914,6.197602,6.197602,3.358806
1598,2012-05-17,366.0,133.588005,56.588005,1.011366,0.97765,19.393069,0.057744,0.84655,705.18204,93.911216,87.72552,0.785706,0.62446,42.463607,64.411629,34.364513,15.407339,-2.757305,62.996953,2.486778,0.816609,999.992517,53.408313,0.217627,0.060006,0.000783,58.15994,5.148238,5.148238,2.231078
1599,2012-05-18,366.0,134.549298,57.549298,1.011572,0.977251,19.613602,0.059439,0.845396,791.469816,94.031711,87.708297,0.785706,0.702824,47.855809,73.79946,34.410111,17.260598,-3.157349,54.907078,2.492324,0.816609,1000.009037,53.178937,0.203822,0.064354,0.000734,60.494723,5.619263,5.619263,2.20419
1600,2012-05-19,366.0,135.510202,58.510202,1.011775,0.97686,19.828596,0.061091,0.84426,877.153224,94.149542,87.007325,0.785706,0.781018,53.248014,92.248366,34.454066,18.723996,-3.95955,67.410908,2.484044,0.816609,999.955764,53.506817,0.22444,0.088868,0.000808,57.117204,6.331838,6.331838,2.837714
1601,2012-05-20,366.0,136.470724,59.470724,1.011974,0.976475,20.03798,0.062699,0.843142,723.145506,94.264647,87.481529,0.785706,0.645989,44.096149,72.132153,34.496391,15.627132,-3.085915,77.037385,2.478655,0.816609,999.828319,53.680558,0.237807,0.073385,0.000856,55.533034,5.40231,5.40231,2.615924
1602,2012-05-21,366.0,137.430872,60.430872,1.01217,0.976098,20.241686,0.064263,0.842043,538.456778,94.376963,88.622606,0.785706,0.481439,32.902511,45.501741,34.537101,12.002274,-1.932946,74.527011,2.479993,0.816609,999.866744,53.639508,0.234502,0.045328,0.000844,56.748453,4.127346,4.127346,1.957224
1603,2012-05-22,366.0,138.390652,61.390652,1.012362,0.975727,20.439643,0.065783,0.840965,440.786317,94.486431,89.783854,0.785706,0.391656,26.796891,30.394564,34.576208,10.134258,-1.281912,56.840928,2.490928,0.816609,1000.012234,53.240943,0.20729,0.026573,0.000746,61.116422,3.321701,3.321701,1.339202
1604,2012-05-23,366.0,139.350071,62.350071,1.01255,0.975364,20.631784,0.067257,0.83991,391.881697,94.592989,90.270159,0.785706,0.358866,24.580047,24.804975,34.613725,9.119287,-1.042637,46.061744,2.499411,0.816609,999.915818,52.810115,0.186409,0.019436,0.000671,64.589864,2.861505,2.861505,0.991987
1605,2012-05-24,366.0,140.309136,63.309136,1.012735,0.975008,20.818045,0.068686,0.838877,368.744121,94.696577,90.445997,0.785706,0.343557,23.555879,22.919856,34.649666,8.611489,-0.961863,44.448208,2.50085,0.816609,999.881063,52.722538,0.182929,0.017595,0.000659,65.285982,2.6807,2.6807,0.902988
1606,2012-05-25,366.0,141.267854,64.267854,1.012917,0.974659,20.998361,0.070069,0.837869,503.151163,94.797137,89.562576,0.785706,0.462596,31.749229,38.473952,34.684045,11.455439,-1.621846,53.029959,2.493728,0.816609,1000.000813,53.113388,0.200345,0.032493,0.000721,62.166173,3.703467,3.703467,1.417693
1607,2012-05-26,366.0,142.226233,65.226233,1.013094,0.974317,21.172669,0.071406,0.836887,606.210657,94.894609,89.069252,0.785706,0.555144,38.137152,51.527993,34.716873,13.598398,-2.177032,54.907078,2.492324,0.816609,1000.009037,53.178937,0.203822,0.044373,0.000734,61.484832,4.427018,4.427018,0.0
1608,2012-05-27,366.0,143.184279,66.184279,1.013268,0.973983,21.34091,0.072695,0.835931,651.55817,94.988936,89.063366,0.785706,0.579628,39.855041,56.268609,34.748164,14.596547,-2.376129,58.832904,2.489538,0.816609,1000.010491,53.299671,0.210749,0.050077,0.000759,60.093566,4.815968,4.815968,1.990538
1609,2012-05-28,366.0,144.142001,67.142001,1.013438,0.973656,21.503024,0.073938,0.835004,800.514408,95.080061,88.165628,0.785706,0.71393,49.131645,80.58493,34.77793,17.468297,-3.418572,67.410908,2.484044,0.816609,999.955764,53.506817,0.22444,0.076726,0.000808,57.620343,5.907202,5.907202,2.658225
1610,2012-05-29,366.0,145.099405,68.099405,1.013604,0.973338,21.658955,0.075132,0.834106,791.831323,95.167928,88.108645,0.785706,0.708362,48.788066,81.290419,34.806184,17.232456,-3.447902,72.086874,2.481337,0.816609,999.900839,53.597002,0.231171,0.079706,0.000832,56.77653,5.893816,5.893816,2.75081
1611,2012-05-30,366.0,146.056499,69.056499,1.013766,0.973026,21.808647,0.076279,0.833237,832.893534,95.252484,87.819428,0.785706,0.747441,51.519183,89.937814,34.832938,17.959397,-3.819099,77.037385,2.478655,0.816609,999.828319,53.680558,0.237807,0.090821,0.000856,55.820598,6.208576,6.208576,3.000169
1612,2012-05-31,366.0,147.013291,70.013291,1.013924,0.972723,21.952048,0.077376,0.8324,796.117398,95.333674,87.733493,0.785706,0.716823,49.444587,87.80851,34.858205,17.107314,-3.728785,87.814364,2.473367,0.816609,999.632637,53.833919,0.250741,0.093496,0.000903,53.948187,6.031705,6.031705,3.127156
1613,2012-06-01,366.0,147.969789,70.969789,1.014078,0.972427,22.089106,0.078425,0.831595,853.837986,95.411448,87.337123,0.785706,0.771437,53.248014,99.950902,34.881995,18.123698,-4.252055,93.668112,2.47076,0.816609,999.510474,53.906496,0.257017,0.109285,0.000925,53.004221,6.448226,6.448226,3.443532
1614,2012-06-02,366.0,148.925999,71.925999,1.014228,0.97214,22.219772,0.079425,0.830823,414.04664,95.485755,90.32028,0.785706,0.375459,25.932475,30.962845,34.904321,9.543888,-1.294479,74.527011,2.479993,0.816609,999.866744,53.639508,0.234502,0.030356,0.000844,58.713601,3.281955,3.281955,1.522768
1615,2012-06-03,366.0,149.881931,72.881931,1.014374,0.97186,22.344001,0.080376,0.830086,673.4745,95.556548,88.786231,0.785706,0.609211,42.102522,65.972926,34.925192,14.866621,-2.781349,77.037385,2.478655,0.816609,999.828319,53.680558,0.237807,0.066142,0.000856,57.032965,5.139401,5.139401,2.448307
1616,2012-06-04,366.0,150.837591,73.837591,1.014516,0.971588,22.461747,0.081276,0.829383,660.143833,95.623779,89.157928,0.785706,0.598808,41.40661,61.700388,34.944621,14.711678,-2.594724,67.410908,2.484044,0.816609,999.955764,53.506817,0.22444,0.058236,0.000808,59.648034,4.975005,4.975005,2.163383
1617,2012-06-05,366.0,151.792988,74.792988,1.014654,0.971325,22.572968,0.082127,0.828716,235.194323,95.687404,92.257036,0.785706,0.216265,14.962053,11.639679,34.962617,5.696149,-0.480648,44.448208,2.50085,0.816609,999.881063,52.722538,0.182929,0.008792,0.000659,66.11828,1.773174,1.773174,0.603486
1618,2012-06-06,366.0,152.748131,75.748131,1.014787,0.971069,22.677624,0.082927,0.828085,855.42981,95.74738,88.919646,0.785706,0.779189,53.932981,84.293858,34.979191,18.908016,-3.54719,51.2082,2.495138,0.816609,999.987473,53.044019,0.196863,0.069831,0.000709,61.958795,6.069208,6.069208,2.286997
1619,2012-06-07,366.0,153.703025,76.703025,1.014916,0.970822,22.775677,0.083676,0.827492,408.871348,95.803667,91.096255,0.785706,0.371839,25.748649,27.739586,34.994351,9.586293,-1.15244,54.907078,2.492324,0.816609,1000.009037,53.178937,0.203822,0.023489,0.000734,62.40745,3.12086,3.12086,0.0
1620,2012-06-08,366.0,154.657681,77.657681,1.015041,0.970583,22.867092,0.084374,0.826936,452.34225,95.856228,91.168595,0.785706,0.404357,28.01145,30.53742,35.008108,10.619038,-1.267761,49.440455,2.496556,0.816609,999.968924,52.970548,0.193378,0.024516,0.000696,63.297521,3.383569,3.383569,1.263872
1621,2012-06-09,366.0,155.612106,78.612106,1.015162,0.970353,22.951837,0.085022,0.826419,436.195408,95.905024,91.42728,0.785706,0.389056,26.96102,28.107231,35.02047,10.304886,-1.164796,46.061744,2.499411,0.816609,999.915818,52.810115,0.186409,0.021713,0.000671,64.600935,3.233529,3.233529,1.145234
1622,2012-06-10,366.0,156.566309,79.566309,1.015278,0.970131,23.029881,0.085618,0.825942,928.350117,95.950024,89.12829,0.785706,0.82838,57.42347,91.148667,35.031445,20.586007,-3.826662,62.996953,2.486778,0.816609,999.992517,53.408313,0.217627,0.083279,0.000783,58.441768,6.878649,6.878649,1.530388
1623,2012-06-11,366.0,157.520297,80.520297,1.01539,0.969917,23.101196,0.086163,0.825504,885.971565,95.991196,88.309823,0.785706,0.787755,54.622328,97.909333,35.041042,19.191061,-4.128768,79.619631,2.477324,0.816609,999.785632,53.720344,0.241085,0.099538,0.000868,54.352581,6.668513,6.668513,3.367038
1624,2012-06-12,366.0,158.474079,81.474079,1.015497,0.969712,23.165756,0.086656,0.825107,582.708923,96.028512,89.788102,0.785706,0.519998,36.064742,52.273075,35.049268,13.146148,-2.185296,79.619631,2.477324,0.816609,999.785632,53.720344,0.241085,0.052684,0.000868,55.460131,4.568026,4.568026,2.292948
1625,2012-06-13,366.0,159.427663,82.427663,1.0156,0.969515,23.22354,0.087097,0.824751,866.835899,96.061946,88.630538,0.785706,0.772274,53.571898,92.584709,35.056129,18.929296,-3.895537,72.086874,2.481337,0.816609,999.900839,53.597002,0.231171,0.090054,0.000832,56.297301,6.474166,6.474166,3.072724
1626,2012-06-14,366.0,160.381059,83.381059,1.015699,0.969327,23.274527,0.087486,0.824435,959.791607,96.091474,89.060435,0.785706,0.857947,59.52433,96.943523,35.061633,21.204321,-4.068244,77.037385,2.478655,0.816609,999.828319,53.680558,0.237807,0.096746,0.000856,55.743142,7.330349,7.330349,3.599334
1627,2012-06-15,366.0,161.334273,84.334273,1.015793,0.969148,23.318699,0.087823,0.824162,871.701866,96.117077,88.273128,0.785706,0.782153,54.272184,98.205205,35.065785,18.831762,-4.139153,82.275411,2.475999,0.816609,999.738747,53.759049,0.244334,0.101134,0.00088,54.590485,6.576418,6.576418,3.331723
1628,2012-06-16,366.0,162.287315,85.287315,1.015882,0.968977,23.356043,0.088108,0.82393,952.618548,96.138737,88.627131,0.785706,0.857777,59.52433,102.738379,35.068591,20.779868,-4.320953,93.668112,2.47076,0.816609,999.510474,53.906496,0.257017,0.111056,0.000925,52.969018,7.393265,7.393265,4.000708
1629,2012-06-17,366.0,163.240194,86.240194,1.015967,0.968815,23.386545,0.088341,0.82374,842.660137,96.156439,87.97095,0.785706,0.761876,52.871612,99.017878,35.070056,18.04029,-4.179655,96.717493,2.469466,0.816609,999.443517,53.942308,0.260104,0.108714,0.000936,52.500553,6.446508,6.446508,3.522729
1630,2012-06-18,366.0,164.192917,87.192917,1.016047,0.968661,23.410196,0.088521,0.823593,550.465813,96.170171,90.561317,0.785706,0.499506,34.664167,44.286514,35.070185,12.660761,-1.841687,56.840928,2.490928,0.816609,1000.012234,53.240943,0.20729,0.038176,0.000746,62.907447,4.149811,4.149811,1.615863
1631,2012-06-19,366.0,165.145494,88.145494,1.016123,0.968517,23.426989,0.088649,0.823489,776.997502,96.179925,89.508689,0.785706,0.706397,49.020037,74.366997,35.068981,17.360727,-3.111238,54.907078,2.492324,0.816609,1000.009037,53.178937,0.203822,0.063414,0.000734,62.968587,5.651861,5.651861,2.135096
1632,2012-06-20,366.0,166.097934,89.097934,1.016194,0.968381,23.436921,0.088725,0.823427,969.104321,96.185695,89.282426,0.785706,0.883059,61.275046,95.977714,35.066449,21.516196,-4.020434,74.527011,2.479993,0.816609,999.866744,53.639508,0.234502,0.09428,0.000844,58.232637,7.398996,7.398996,3.423887
1633,2012-06-21,366.0,167.050244,90.050244,1.016261,0.968254,23.43999,0.088749,0.823408,927.29385,96.187479,88.1033,0.785706,0.84783,58.824041,107.567426,35.06259,19.918662,-4.536325,109.774875,2.464349,0.816609,999.137787,54.085622,0.272083,0.123426,0.000979,51.589594,7.234271,7.234271,4.138768
1634,2012-06-22,366.0,168.002433,91.002433,1.016323,0.968136,23.436198,0.08872,0.823431,621.329072,96.185275,89.093814,0.785706,0.570351,39.566173,63.215552,35.057408,13.722821,-2.650921,93.668112,2.47076,0.816609,999.510474,53.906496,0.257017,0.068133,0.000925,55.142909,4.882439,4.882439,2.548681
1635,2012-06-23,366.0,168.954511,91.954511,1.01638,0.968027,23.425548,0.088638,0.823498,787.912922,96.179088,88.705447,0.785706,0.721906,50.070467,84.498229,35.050905,17.215795,-3.551408,74.527011,2.479993,0.816609,999.866744,53.639508,0.234502,0.083281,0.000844,58.442562,5.920173,5.920173,2.70524
1636,2012-06-24,366.0,169.906486,92.906486,1.016433,0.967927,23.408048,0.088505,0.823607,846.450282,96.168924,88.155776,0.785706,0.77761,53.922039,97.350564,35.043082,18.213496,-4.104666,82.275411,2.475999,0.816609,999.738747,53.759049,0.244334,0.100291,0.00088,56.814237,6.360508,6.360508,3.072236
1637,2012-06-25,366.0,170.858367,93.858367,1.016481,0.967836,23.383707,0.088319,0.823758,866.120813,96.154791,88.124864,0.785706,0.798016,55.322614,99.840951,35.033939,18.623905,-4.210749,85.006416,2.47468,0.816609,999.687728,53.796851,0.247553,0.104238,0.000891,56.578072,6.535489,6.535489,3.198163
1638,2012-06-26,366.0,171.810163,94.810163,1.016524,0.967754,23.352537,0.088081,0.823952,442.828414,96.136703,91.072096,0.785706,0.409232,28.361594,32.177996,35.023478,10.331302,-1.334454,54.907078,2.492324,0.816609,1000.009037,53.178937,0.203822,0.027199,0.000734,65.529658,3.363401,3.363401,1.213132
1639,2012-06-27,366.0,172.761882,95.761882,1.016562,0.96768,23.314553,0.087791,0.824187,936.890263,96.114673,88.981406,0.785706,0.859171,59.52433,95.977714,35.011698,20.646641,-4.029003,74.527011,2.479993,0.816609,999.866744,53.639508,0.234502,0.094481,0.000844,58.6573,7.099973,7.099973,3.24035
1640,2012-06-28,366.0,173.713533,96.713533,1.016596,0.967616,23.269772,0.08745,0.824465,895.886502,96.088719,87.882543,0.785706,0.824101,57.073326,105.635807,34.998599,19.148595,-4.462957,103.070439,2.466896,0.816609,999.298128,54.013691,0.266168,0.11879,0.000958,53.102421,6.899871,6.899871,3.781447
1641,2012-06-29,366.0,174.665126,97.665126,1.016625,0.967561,23.218215,0.087056,0.824783,591.760444,96.058863,89.16719,0.785706,0.546255,37.815458,58.610343,34.98418,13.11796,-2.458543,90.701004,2.472061,0.816609,999.573533,53.870416,0.253896,0.062421,0.000914,56.270248,4.64643,4.64643,2.354776
1642,2012-06-30,366.0,175.616668,98.616668,1.016649,0.967515,23.159904,0.086611,0.825143,814.952595,96.025128,87.55314,0.785706,0.753969,52.171323,99.292585,34.968439,17.270405,-4.204324,103.070439,2.466896,0.816609,999.298128,54.013691,0.266168,0.111906,0.000958,53.55907,6.223097,6.223097,3.370082
1643,2012-07-01,366.0,176.56817,99.56817,1.016669,0.967477,23.094865,0.086114,0.825543,654.643507,95.98754,88.664889,0.785706,0.60752,42.017174,68.966264,34.951373,14.323125,-2.902441,90.701004,2.472061,0.816609,999.573533,53.870416,0.253896,0.073692,0.000914,56.59028,5.073304,5.073304,2.538776
1644,2012-07-02,366.0,177.51964,100.51964,1.016684,0.967449,23.023126,0.085566,0.825983,876.728937,95.946127,87.576837,0.785706,0.815519,56.373044,105.635807,34.932982,18.611062,-4.474309,103.070439,2.466896,0.816609,999.298128,54.013691,0.266168,0.119092,0.000958,54.183667,6.706179,6.706179,3.588701
1645,2012-07-03,366.0,178.471086,101.471086,1.016694,0.96743,22.944716,0.084967,0.826463,782.586431,95.900921,88.196597,0.785706,0.730295,50.453434,86.848565,34.91326,16.917198,-3.66658,77.037385,2.478655,0.816609,999.828319,53.680558,0.237807,0.087194,0.000856,59.573648,5.848287,5.848287,2.602935
1646,2012-07-04,366.0,179.422518,102.422518,1.016699,0.96742,22.859668,0.084318,0.826981,926.703468,95.851956,88.377171,0.785706,0.866804,59.848214,99.840951,34.892206,20.147456,-4.211935,85.006416,2.47468,0.816609,999.687728,53.796851,0.247553,0.104268,0.000891,58.389109,7.070132,7.070132,3.331104
1647,2012-07-05,366.0,180.373944,103.373944,1.0167,0.967419,22.768018,0.083617,0.827538,817.045178,95.799268,87.162995,0.785706,0.766505,52.889116,101.784434,34.869815,17.172156,-4.324862,103.070439,2.466896,0.816609,999.298128,54.013691,0.266168,0.115114,0.000958,54.969062,6.187694,6.187694,3.243574
1648,2012-07-06,366.0,181.325374,104.325374,1.016695,0.967427,22.669803,0.082867,0.828132,815.257377,95.742894,86.768579,0.785706,0.767027,52.889116,105.614793,34.846082,16.953149,-4.49903,116.84631,2.461826,0.816609,998.962896,54.15906,0.277842,0.125002,0.001,53.087279,6.203477,6.203477,3.456337
1649,2012-07-07,366.0,182.276817,105.276817,1.016686,0.967444,22.565062,0.082066,0.828763,808.009518,95.682877,86.477328,0.785706,0.762529,52.541163,107.455725,34.821003,16.673943,-4.586497,128.17671,2.458084,0.816609,998.6741,54.273912,0.286183,0.131258,0.00103,51.826676,6.165732,6.165732,3.574872
1650,2012-07-08,366.0,183.228281,106.228281,1.016673,0.967471,22.453839,0.081216,0.82943,790.067994,95.619259,86.16736,0.785706,0.747947,51.497298,107.968066,34.794573,16.170235,-4.61803,144.721857,2.453175,0.816609,998.241492,54.439657,0.296732,0.137032,0.001068,50.122126,6.056393,6.056393,3.69373
1651,2012-07-09,366.0,184.179775,107.179775,1.016654,0.967506,22.336176,0.080316,0.830132,724.970296,95.552084,86.468782,0.785706,0.688552,47.369987,95.294141,34.766787,14.981356,-4.070585,144.721857,2.453175,0.816609,998.241492,54.439657,0.296732,0.120787,0.001068,50.703344,5.611111,5.611111,3.397316
1652,2012-07-10,366.0,185.131308,108.131308,1.016631,0.96755,22.212121,0.079367,0.830869,681.172301,95.4814,86.874083,0.785706,0.648889,44.603856,84.924773,34.737637,14.255044,-3.620831,132.154652,2.456849,0.816609,998.570959,54.313829,0.288881,0.104599,0.00104,52.783467,5.288799,5.288799,3.042641
1653,2012-07-11,366.0,186.082889,109.082889,1.016603,0.967603,22.081722,0.078369,0.831639,748.47652,95.407254,86.266883,0.785706,0.714909,49.098819,99.18526,34.707119,15.404428,-4.245036,136.236704,2.455619,0.816609,998.464449,54.354708,0.291539,0.12376,0.00105,52.3476,5.733756,5.733756,3.325048
1654,2012-07-12,366.0,187.034527,110.034527,1.01657,0.967666,21.94503,0.077323,0.832441,752.249356,95.329696,86.056799,0.785706,0.720605,49.444587,101.228404,34.675225,15.40227,-4.339456,140.425038,2.454394,0.816609,998.354614,54.396625,0.294156,0.127648,0.001059,52.165494,5.751058,5.751058,3.358801
1655,2012-07-13,366.0,187.986231,110.986231,1.016533,0.967737,21.802097,0.076228,0.833275,516.471186,95.248779,87.936106,0.785706,0.496199,34.014214,54.868826,34.641948,11.173942,-2.32845,120.524631,2.460573,0.816609,998.870113,54.196619,0.280663,0.065351,0.00101,56.063007,4.103479,4.103479,2.194746
1656,2012-07-14,366.0,188.938009,111.938009,1.01649,0.967817,21.652977,0.075086,0.83414,339.59254,95.164556,89.711934,0.785706,0.326114,22.332566,26.922951,34.607281,7.728997,-1.131586,96.717493,2.469466,0.816609,999.443517,53.942308,0.260104,0.029433,0.000936,60.565516,2.761876,2.761876,1.2982
1657,2012-07-15,366.0,189.889871,112.889871,1.016443,0.967907,21.497728,0.073897,0.835034,747.10088,95.07708,86.759401,0.785706,0.713177,48.788066,90.474446,34.571216,15.661176,-3.868689,99.85098,2.468178,0.816609,999.372717,53.977994,0.263154,0.101806,0.000947,57.524465,5.62007,5.62007,2.746313
1658,2012-07-16,366.0,190.841825,113.841825,1.016392,0.968005,21.336406,0.072661,0.835957,730.957995,94.986407,86.664932,0.785706,0.699411,47.794537,88.659898,34.533746,15.297846,-3.795032,103.070439,2.466896,0.816609,999.298128,54.013691,0.266168,0.101012,0.000958,57.303095,5.512319,5.512319,2.724198
1659,2012-07-17,366.0,191.793881,114.793881,1.016336,0.968112,21.169073,0.071378,0.836907,704.004711,94.892595,86.411421,0.785706,0.675193,46.087589,87.128758,34.494862,14.642411,-3.736744,116.84631,2.461826,0.816609,998.962896,54.15906,0.277842,0.103823,0.001,55.517575,5.357934,5.357934,2.826975
1660,2012-07-18,366.0,192.746046,115.746046,1.016275,0.968228,20.995789,0.07005,0.837884,692.708825,94.795701,86.364166,0.785706,0.665968,45.404811,85.330478,34.454557,14.404469,-3.662566,116.84631,2.461826,0.816609,998.962896,54.15906,0.277842,0.101762,0.001,55.8498,5.270867,5.270867,2.758715
1661,2012-07-19,366.0,193.698329,116.698329,1.016209,0.968353,20.816618,0.068675,0.838885,676.311611,94.695782,86.127458,0.785706,0.651736,44.380642,84.763053,34.412821,13.983483,-3.645048,128.17671,2.458084,0.816609,998.6741,54.273912,0.286183,0.104315,0.00103,54.611702,5.170847,5.170847,2.826276
1662,2012-07-20,366.0,194.65074,117.65074,1.016139,0.968487,20.631624,0.067256,0.83991,758.973012,94.5929,85.793353,0.785706,0.733158,49.862568,97.806476,34.369646,15.558784,-4.216191,113.263729,2.463085,0.816609,999.052136,54.122096,0.274982,0.115938,0.00099,56.735409,5.672274,5.672274,2.865843
1663,2012-07-21,366.0,195.603287,118.603287,1.016064,0.96863,20.440875,0.065792,0.840959,814.842509,94.487113,85.564807,0.785706,0.789045,53.593782,106.601616,34.325022,16.612849,-4.603864,106.377763,2.46562,0.816609,999.219801,54.049525,0.269145,0.12391,0.000969,57.943066,6.01017,6.01017,2.894999
1664,2012-07-22,366.0,196.555978,119.555978,1.015985,0.968781,20.244436,0.064284,0.842028,819.092864,94.378482,85.191871,0.785706,0.795106,53.932981,110.464854,34.278942,16.537368,-4.783448,120.524631,2.460573,0.816609,998.870113,54.196619,0.280663,0.134254,0.00101,56.195173,6.073124,6.073124,3.122806
1665,2012-07-23,366.0,197.508823,120.508823,1.015901,0.968941,20.042378,0.062733,0.843118,710.543521,94.267068,86.229159,0.785706,0.691568,46.84477,83.97293,34.231396,14.809288,-3.617646,90.701004,2.472061,0.816609,999.573533,53.870416,0.253896,0.091851,0.000914,61.541393,5.245505,5.245505,2.223449
1666,2012-07-24,366.0,198.46183,121.46183,1.015812,0.96911,19.834771,0.061138,0.844227,817.558792,94.152932,85.375166,0.785706,0.797191,53.922039,105.635807,34.182374,16.639583,-4.575407,103.070439,2.466896,0.816609,999.298128,54.013691,0.266168,0.121783,0.000958,59.415469,5.995791,5.995791,2.745228
1667,2012-07-25,366.0,199.415006,122.415006,1.015719,0.969288,19.621686,0.059501,0.845354,725.351427,94.036136,85.185585,0.785706,0.70891,47.879885,94.622134,34.131868,14.69984,-4.105315,120.524631,2.460573,0.816609,998.870113,54.196619,0.280663,0.115221,0.00101,57.329141,5.398317,5.398317,2.697949
1668,2012-07-26,366.0,200.368362,123.368362,1.015621,0.969474,19.403196,0.057821,0.846497,669.063087,93.916741,85.260371,0.785706,0.655377,44.196815,85.483302,34.079867,13.607581,-3.709729,128.17671,2.458084,0.816609,998.6741,54.273912,0.286183,0.106166,0.00103,56.830178,5.031845,5.031845,2.582046
1669,2012-07-27,366.0,201.321906,124.321906,1.015519,0.969669,19.179375,0.056101,0.847655,658.541126,93.794808,85.34116,0.785706,0.646462,43.527167,82.284357,34.026364,13.444028,-3.571716,120.524631,2.460573,0.816609,998.870113,54.196619,0.280663,0.100245,0.00101,58.204778,4.937137,4.937137,2.417308
1670,2012-07-28,366.0,202.275645,125.275645,1.015413,0.969872,18.950298,0.054339,0.848827,724.416443,93.6704,84.931413,0.785706,0.712553,47.899577,93.689876,33.971348,14.630256,-4.078781,113.263729,2.463085,0.816609,999.052136,54.122096,0.274982,0.112159,0.00099,59.249472,5.33376,5.33376,2.485381
1671,2012-07-29,366.0,203.229588,126.229588,1.015302,0.970084,18.716041,0.052537,0.850012,754.310617,93.543578,84.367896,0.785706,0.74348,49.895394,102.554448,33.914811,15.000145,-4.481647,124.300739,2.459326,0.816609,998.773833,54.234871,0.283443,0.127029,0.00102,57.904595,5.527914,5.527914,2.701335
1672,2012-07-30,366.0,204.183744,127.183744,1.015187,0.970305,18.476681,0.050696,0.851207,664.072957,93.414403,84.95225,0.785706,0.656005,43.949529,83.400856,33.856742,13.457519,-3.635551,116.84631,2.461826,0.816609,998.962896,54.15906,0.277842,0.101011,0.001,59.604449,4.92436,4.92436,2.286926
1673,2012-07-31,366.0,205.138121,128.138121,1.015067,0.970533,18.232296,0.048815,0.852413,743.886266,93.282936,84.378888,0.785706,0.736219,49.236688,98.422371,33.797134,14.839536,-4.306966,113.263729,2.463085,0.816609,999.052136,54.122096,0.274982,0.118434,0.00099,60.058967,5.410057,5.410057,2.434057
1674,2012-08-01,366.0,206.092726,129.092726,1.014943,0.97077,17.982963,0.046896,0.853627,723.79117,93.149238,84.432877,0.785706,0.717754,47.914899,93.881113,33.735977,14.482701,-4.110037,109.774875,2.464349,0.816609,999.137787,54.085622,0.272083,0.111827,0.000979,60.929134,5.259981,5.259981,2.288537
1675,2012-08-02,366.0,207.047569,130.047569,1.014815,0.971016,17.728764,0.044938,0.854847,624.793391,93.013368,85.070751,0.785706,0.620727,41.360657,73.970322,33.673262,12.760566,-3.229476,103.070439,2.466896,0.816609,999.298128,54.013691,0.266168,0.085958,0.000958,62.603314,4.598053,4.598053,1.890949
1676,2012-08-03,366.0,208.002658,131.002658,1.014682,0.971269,17.469778,0.042944,0.856074,679.629684,92.875386,84.569646,0.785706,0.676208,44.971506,84.246344,33.608982,13.694115,-3.691011,103.070439,2.466896,0.816609,999.298128,54.013691,0.266168,0.098243,0.000958,62.577647,4.934441,4.934441,2.006796
1677,2012-08-04,366.0,208.958,131.958,1.014546,0.971531,17.206085,0.040913,0.857305,773.950267,92.735351,83.524572,0.785706,0.771269,51.19311,106.493472,33.543127,15.131433,-4.695902,116.84631,2.461826,0.816609,998.962896,54.15906,0.277842,0.130472,0.001,60.478556,5.536877,5.536877,2.429389
1678,2012-08-05,366.0,209.913603,132.913603,1.014405,0.971801,16.937769,0.038846,0.858539,724.698124,92.593322,83.196009,0.785706,0.723599,47.932403,101.863356,33.475689,14.047095,-4.503205,140.425038,2.454394,0.816609,998.354614,54.396625,0.294156,0.132465,0.001059,58.078514,5.245049,5.245049,2.557637
1679,2012-08-06,366.0,210.869476,133.869476,1.01426,0.972079,16.66491,0.036744,0.859774,670.861283,92.449357,83.478051,0.785706,0.671232,44.371887,90.16377,33.406662,13.135077,-3.983023,136.236704,2.455619,0.816609,998.464449,54.354708,0.291539,0.116121,0.00105,59.156203,4.88907,4.88907,2.306861
1680,2012-08-07,366.0,211.825626,134.825626,1.014111,0.972365,16.387591,0.034607,0.86101,710.231868,92.303511,82.815244,0.785706,0.711934,46.962947,101.060646,33.336036,13.645602,-4.483941,149.129396,2.451961,0.816609,998.125123,54.483871,0.299267,0.134189,0.001077,57.876743,5.126155,5.126155,2.52458
1681,2012-08-08,366.0,212.782062,135.782062,1.013957,0.972659,16.105897,0.032436,0.862244,593.618257,92.155843,83.857874,0.785706,0.596251,39.246666,74.019187,33.263806,11.791532,-3.26832,128.17671,2.458084,0.816609,998.6741,54.273912,0.286183,0.093534,0.00103,61.164579,4.360302,4.360302,1.919645
1682,2012-08-09,366.0,213.73879,136.73879,1.0138,0.972961,15.81991,0.030231,0.863476,735.272513,92.006407,82.563491,0.785706,0.739624,48.575793,104.400557,33.189964,14.057349,-4.645853,136.236704,2.455619,0.816609,998.464449,54.354708,0.291539,0.135445,0.00105,59.840492,5.232354,5.232354,2.367976
1683,2012-08-10,366.0,214.695819,137.695819,1.013639,0.97327,15.529716,0.027995,0.864704,623.53025,91.855258,83.465684,0.785706,0.628395,41.176831,78.81198,33.114504,12.273736,-3.493023,120.524631,2.460573,0.816609,998.870113,54.196619,0.280663,0.098036,0.00101,62.560437,4.507363,4.507363,1.845251
1684,2012-08-11,366.0,215.653156,138.653156,1.013474,0.973588,15.235397,0.025726,0.865927,731.254244,91.702449,82.504363,0.785706,0.737985,48.245348,101.415177,33.037421,13.994541,-4.521837,124.300739,2.459326,0.816609,998.773833,54.234871,0.283443,0.128168,0.00102,61.854757,5.157325,5.157325,2.127912
1685,2012-08-12,366.0,216.610809,139.610809,1.013305,0.973913,14.937041,0.023426,0.867144,717.264627,91.548034,82.110922,0.785706,0.72505,47.28683,102.171705,32.958707,13.578876,-4.568956,140.425038,2.454394,0.816609,998.354614,54.396625,0.294156,0.134399,0.001059,60.391608,5.07022,5.07022,2.239981
1686,2012-08-13,366.0,217.568786,140.568786,1.013132,0.974245,14.634732,0.021096,0.868352,674.322189,91.392065,82.160134,0.785706,0.682825,44.424408,94.096925,32.878359,12.803345,-4.210284,144.721857,2.453175,0.816609,998.241492,54.439657,0.296732,0.124933,0.001068,60.487263,4.79536,4.79536,2.125783
1687,2012-08-14,366.0,218.527093,141.527093,1.012955,0.974585,14.328556,0.018735,0.869551,665.266709,91.234592,82.209166,0.785706,0.674753,43.789774,90.881561,32.796373,12.668202,-4.068789,136.236704,2.455619,0.816609,998.464449,54.354708,0.291539,0.118621,0.00105,61.772269,4.715293,4.715293,1.97183
1688,2012-08-15,366.0,219.485738,142.485738,1.012775,0.974932,14.018599,0.016346,0.87074,603.877187,91.075665,82.633261,0.785706,0.613394,39.70623,77.291726,32.712743,11.667558,-3.455491,128.17671,2.458084,0.816609,998.6741,54.273912,0.286183,0.09889,0.00103,63.272494,4.314458,4.314458,1.69816
1689,2012-08-16,366.0,220.444728,143.444728,1.01259,0.975287,13.704947,0.013929,0.871917,662.307999,90.915335,82.202083,0.785706,0.673569,43.487775,87.577094,32.627467,12.643385,-3.927713,120.524631,2.460573,0.816609,998.870113,54.196619,0.280663,0.110236,0.00101,64.095769,4.643112,4.643112,1.717378
1690,2012-08-17,366.0,221.40407,144.40407,1.012403,0.975649,13.387687,0.011484,0.873081,663.430988,90.753648,81.719223,0.785706,0.675538,43.498717,91.04177,32.540541,12.491576,-4.097131,136.236704,2.455619,0.816609,998.464449,54.354708,0.291539,0.119448,0.00105,62.607407,4.64955,4.64955,1.853129
1691,2012-08-18,366.0,222.363773,145.363773,1.012211,0.976018,13.066906,0.009012,0.874231,678.68506,90.590652,81.440794,0.785706,0.692002,44.437539,94.422127,32.451964,12.683931,-4.259229,136.236704,2.455619,0.816609,998.464449,54.354708,0.291539,0.124173,0.00105,62.827151,4.721147,4.721147,1.847922
1692,2012-08-19,366.0,223.323841,146.323841,1.012016,0.976394,12.742691,0.006514,0.875365,613.129807,90.426394,82.036248,0.785706,0.625994,40.087009,78.353846,32.361735,11.690209,-3.526372,120.524631,2.460573,0.816609,998.870113,54.196619,0.280663,0.098972,0.00101,65.143989,4.293071,4.293071,1.501892
1693,2012-08-20,366.0,224.284283,147.284283,1.011818,0.976777,12.415129,0.003991,0.876483,619.017811,90.260918,81.750363,0.785706,0.632643,40.397762,80.320461,32.269851,11.712186,-3.623558,124.300739,2.459326,0.816609,998.773833,54.234871,0.283443,0.102707,0.00102,64.910121,4.316222,4.316222,1.52119
1694,2012-08-21,366.0,225.245105,148.245105,1.011616,0.977167,12.084307,0.001444,0.877582,558.973058,90.094269,82.168562,0.785706,0.571858,36.410509,67.648313,32.176314,10.728843,-3.047824,116.84631,2.461826,0.816609,998.962896,54.15906,0.277842,0.084681,0.001,66.273043,3.925886,3.925886,1.293983
1695,2012-08-22,366.0,226.206314,149.206314,1.01141,0.977564,11.750314,-0.001127,0.878662,626.642968,89.92649,81.80378,0.785706,0.641604,40.730399,77.790204,32.081124,11.905888,-3.514671,103.070439,2.466896,0.816609,999.298128,54.013691,0.266168,0.093549,0.000958,67.64098,4.290084,4.290084,1.25155
1696,2012-08-23,366.0,227.167916,150.167916,1.011202,0.977967,11.413236,-0.003721,0.879722,642.513579,89.757624,81.602555,0.785706,0.658346,41.667032,80.155017,31.984281,12.145112,-3.628622,99.85098,2.468178,0.816609,999.372717,53.977994,0.263154,0.095489,0.000947,68.07407,4.358317,4.358317,1.216054
1697,2012-08-24,366.0,228.129918,151.129918,1.01099,0.978377,11.073163,-0.006338,0.880761,672.45774,89.587711,81.624461,0.785706,0.689514,43.505282,82.009259,31.885789,12.734914,-3.715485,85.006416,2.47468,0.816609,999.687728,53.796851,0.247553,0.091978,0.000891,69.880623,4.468928,4.468928,1.057989
1698,2012-08-25,366.0,229.092327,152.092327,1.010775,0.978794,10.730181,-0.008975,0.881777,707.105595,89.416792,80.68795,0.785706,0.725435,45.628024,94.544386,31.78565,13.014237,-4.308412,106.377763,2.46562,0.816609,999.219801,54.049525,0.269145,0.115959,0.000969,67.205424,4.70827,4.70827,1.345263
1699,2012-08-26,366.0,230.055148,153.055148,1.010557,0.979217,10.384379,-0.011634,0.882769,614.571475,89.244907,80.829761,0.785706,0.63101,39.561797,79.311685,31.683868,11.375259,-3.614851,120.524631,2.460573,0.816609,998.870113,54.196619,0.280663,0.101455,0.00101,66.334108,4.177409,4.177409,1.303243
1700,2012-08-27,366.0,231.018388,154.018388,1.010335,0.979646,10.035845,-0.014312,0.883737,639.624169,89.072094,80.627341,0.785706,0.657239,41.07179,82.901461,31.580447,11.775571,-3.785915,113.263729,2.463085,0.816609,999.052136,54.122096,0.274982,0.104106,0.00099,67.121585,4.293026,4.293026,1.246515
1701,2012-08-28,366.0,231.982054,154.982054,1.010111,0.980081,9.684668,-0.017008,0.884679,660.064832,88.89839,80.388714,0.785706,0.678722,42.273217,86.270622,31.475394,12.072143,-3.948292,109.774875,2.464349,0.816609,999.137787,54.085622,0.272083,0.107426,0.000979,67.528348,4.384489,4.384489,1.215288
1702,2012-08-29,366.0,232.94615,155.94615,1.009883,0.980522,9.330936,-0.019723,0.885594,591.456229,88.723834,81.414877,0.785706,0.608581,37.776066,66.525115,31.368714,11.188234,-3.031116,79.619631,2.477324,0.816609,999.785632,53.720344,0.241085,0.073076,0.000868,71.459456,3.88769,3.88769,0.781949
1703,2012-08-30,366.0,233.910684,156.910684,1.009653,0.98097,8.974738,-0.022456,0.886482,668.491108,88.54846,80.215748,0.785706,0.688025,42.559898,85.694988,31.260415,12.183197,-3.932699,99.85098,2.468178,0.816609,999.372717,53.977994,0.263154,0.103491,0.000947,68.71643,4.371984,4.371984,1.076829
1704,2012-08-31,366.0,234.87566,157.87566,1.00942,0.981423,8.616162,-0.025205,0.887341,637.678106,88.372304,79.937764,0.785706,0.656654,40.476547,82.789395,31.150505,11.52895,-3.808353,113.263729,2.463085,0.816609,999.052136,54.122096,0.274982,0.104723,0.00099,67.581985,4.203115,4.203115,1.139358
1705,2012-09-01,366.0,235.841085,158.841085,1.009184,0.981882,8.255298,-0.027969,0.88817,546.196819,88.1954,80.911565,0.785706,0.562776,34.565691,61.351486,31.038993,10.198088,-2.81056,90.701004,2.472061,0.816609,999.573533,53.870416,0.253896,0.071359,0.000914,70.588447,3.612201,3.612201,0.781409
1706,2012-09-02,366.0,236.806964,159.806964,1.008946,0.982346,7.892234,-0.030749,0.888969,627.692083,88.017782,80.177853,0.785706,0.646904,39.588055,75.888398,30.92589,11.45773,-3.493038,90.701004,2.472061,0.816609,999.573533,53.870416,0.253896,0.088687,0.000914,70.143861,4.05837,4.05837,0.864591
1707,2012-09-03,366.0,237.773302,160.773302,1.008704,0.982816,7.527059,-0.033542,0.889736,639.165292,87.839483,79.697988,0.785706,0.658932,40.174544,80.263297,30.811208,11.497288,-3.707037,99.85098,2.468178,0.816609,999.372717,53.977994,0.263154,0.097552,0.000947,69.14542,4.125843,4.125843,0.947668
1708,2012-09-04,366.0,238.740105,161.740105,1.00846,0.983292,7.159863,-0.036349,0.890471,561.760387,87.660535,80.055615,0.785706,0.579352,35.189382,65.9666,30.694957,10.231129,-3.043948,99.85098,2.468178,0.816609,999.372717,53.977994,0.263154,0.080103,0.000947,69.653363,3.671478,3.671478,0.828214
1709,2012-09-05,366.0,239.707378,162.707378,1.008214,0.983772,6.790735,-0.039168,0.891173,634.173474,87.480969,79.221034,0.785706,0.65421,39.583681,80.856927,30.577153,11.249515,-3.750627,106.377763,2.46562,0.816609,999.219801,54.049525,0.269145,0.100946,0.000969,68.629089,4.069831,4.069831,0.958027
1710,2012-09-06,366.0,240.675126,163.675126,1.007965,0.984258,6.419764,-0.041999,0.891842,538.746011,87.300817,79.863634,0.785706,0.555977,33.508697,61.933072,30.457808,9.766235,-2.866026,99.85098,2.468178,0.816609,999.372717,53.977994,0.263154,0.075421,0.000947,69.900326,3.504649,3.504649,0.762366
1711,2012-09-07,366.0,241.643355,164.643355,1.007714,0.984748,6.047041,-0.04484,0.892476,634.023023,87.120108,78.935409,0.785706,0.654432,39.286058,80.165712,30.33694,11.15815,-3.730989,103.070439,2.466896,0.816609,999.298128,54.013691,0.266168,0.099307,0.000958,69.04942,4.020649,4.020649,0.886562
1712,2012-09-08,366.0,242.612068,165.612068,1.007461,0.985244,5.672654,-0.047691,0.893074,589.784434,86.938872,78.695078,0.785706,0.608951,36.40832,75.125757,30.214563,10.304564,-3.504006,120.524631,2.460573,0.816609,998.870113,54.196619,0.280663,0.098344,0.00101,67.779434,3.784211,3.784211,0.947241
1713,2012-09-09,366.0,243.581271,166.581271,1.007205,0.985744,5.296694,-0.050552,0.893637,587.339627,86.757139,78.747011,0.785706,0.606643,36.121642,72.732662,30.090697,10.285946,-3.394674,109.774875,2.464349,0.816609,999.137787,54.085622,0.272083,0.092363,0.000979,68.828215,3.735759,3.735759,0.840218
1714,2012-09-10,366.0,244.550968,167.550968,1.006947,0.986249,4.919251,-0.05342,0.894164,580.503658,86.574936,79.478724,0.785706,0.599732,35.561411,63.771103,29.96536,10.419411,-2.968087,74.527011,2.479993,0.816609,999.866744,53.639508,0.234502,0.069602,0.000844,72.338108,3.58303,3.58303,0.535881
1715,2012-09-11,366.0,245.521164,168.521164,1.006687,0.986759,4.540415,-0.056296,0.894653,606.313897,86.392293,79.427061,0.785706,0.626372,36.983867,65.397887,29.838572,10.870294,-3.047485,65.171945,2.485408,0.816609,999.976449,53.458715,0.221043,0.067362,0.000796,73.153866,3.654337,3.654337,0.466891
1716,2012-09-12,366.0,246.491864,169.491864,1.006425,0.987272,4.160277,-0.059178,0.895105,641.503223,86.209237,78.504746,0.785706,0.662651,38.957798,76.470017,29.710355,11.163115,-3.583621,82.275411,2.475999,0.816609,999.738747,53.759049,0.244334,0.08756,0.00088,71.067457,3.898377,3.898377,0.630579
1717,2012-09-13,366.0,247.46307,170.46307,1.006161,0.98779,3.778927,-0.062066,0.895518,634.95756,86.025795,77.908057,0.785706,0.655909,38.393193,79.705016,29.58073,10.836714,-3.750072,99.85098,2.468178,0.816609,999.372717,53.977994,0.263154,0.098685,0.000947,69.400996,3.888794,3.888794,0.753342
1718,2012-09-14,366.0,248.434788,171.434788,1.005896,0.988312,3.396456,-0.064959,0.895893,581.571141,85.841995,77.728678,0.785706,0.600845,35.014313,72.961353,29.449722,9.870174,-3.439136,116.84631,2.461826,0.816609,998.962896,54.15906,0.277842,0.095554,0.001,68.281755,3.611683,3.611683,0.799416
1719,2012-09-15,366.0,249.407021,172.407021,1.005628,0.988838,3.012955,-0.067855,0.896229,485.960776,85.657862,78.423922,0.785706,0.50216,29.131907,54.422713,29.317356,8.444393,-2.558698,109.774875,2.464349,0.816609,999.137787,54.085622,0.272083,0.069618,0.000979,69.53571,3.066924,3.066924,0.627081
1720,2012-09-16,366.0,250.379773,173.379773,1.005359,0.989368,2.628516,-0.070755,0.896525,489.013703,85.473425,78.410888,0.785706,0.505332,29.18224,53.473371,29.183657,8.496575,-2.516608,99.85098,2.468178,0.816609,999.372717,53.977994,0.263154,0.066226,0.000947,70.339716,3.049027,3.049027,0.558497
1721,2012-09-17,366.0,251.353048,174.353048,1.005088,0.989901,2.243231,-0.073657,0.896782,580.280037,85.288708,77.61325,0.785706,0.599623,34.467215,68.885651,29.048652,9.819847,-3.258108,96.717493,2.469466,0.816609,999.443517,53.942308,0.260104,0.084745,0.000936,69.986875,3.509019,3.509019,0.612622
1722,2012-09-18,366.0,252.32685,175.32685,1.004815,0.990438,1.85719,-0.076561,0.896998,592.344546,85.103738,76.97571,0.785706,0.612089,35.018689,74.392939,28.912371,9.812449,-3.533193,113.263729,2.463085,0.816609,999.052136,54.122096,0.274982,0.097157,0.00099,68.529406,3.577329,3.577329,0.717995
1723,2012-09-19,366.0,253.30118,176.30118,1.004541,0.990979,1.470488,-0.079464,0.897174,506.71994,84.918541,77.30815,0.785706,0.523657,29.816874,59.616265,28.774843,8.490907,-2.829344,120.524631,2.460573,0.816609,998.870113,54.196619,0.280663,0.079409,0.00101,68.560993,3.11817,3.11817,0.65159
1724,2012-09-20,366.0,254.276044,177.276044,1.004266,0.991522,1.083215,-0.082368,0.897309,490.47098,84.733142,77.386232,0.785706,0.506885,28.722678,55.709757,28.6361,8.241594,-2.645401,113.263729,2.463085,0.816609,999.052136,54.122096,0.274982,0.072744,0.00099,69.230932,3.004642,3.004642,0.580341
1725,2012-09-21,366.0,255.251444,178.251444,1.00399,0.992068,0.695465,-0.085271,0.897403,535.518012,84.547568,76.768361,0.785706,0.553422,31.206504,64.334242,28.496173,8.812605,-3.067278,116.84631,2.461826,0.816609,998.962896,54.15906,0.277842,0.085222,0.001,68.640325,3.224698,3.224698,0.630876
1726,2012-09-22,366.0,256.227383,179.227383,1.003712,0.992618,0.307331,-0.088171,0.897457,486.701044,84.361845,77.105641,0.785706,0.502976,28.221533,54.559162,28.355096,8.102235,-2.599297,109.774875,2.464349,0.816609,999.137787,54.085622,0.272083,0.070722,0.000979,69.50225,2.942656,2.942656,0.531318
1727,2012-09-23,366.0,257.203863,180.203863,1.003433,0.99317,-0.081094,-0.091069,0.897469,163.305174,84.175997,80.174606,0.785706,0.168752,9.421038,10.138104,28.212904,3.009118,-0.476028,69.715366,2.482687,0.816609,999.930536,53.55284,0.227817,0.010845,0.00082,74.850691,1.023443,1.023443,0.112674
1728,2012-09-24,366.0,258.180887,181.180887,1.003152,0.993725,-0.469715,-0.093963,0.897439,450.247483,83.990051,77.805893,0.785706,0.461443,25.630477,43.042772,28.069633,7.67446,-2.047316,77.037385,2.478655,0.816609,999.828319,53.680558,0.237807,0.048687,0.000856,70.568299,2.653066,2.653066,0.415725
1729,2012-09-25,366.0,259.158459,182.158459,1.002871,0.994282,-0.858439,-0.096852,0.897369,480.949823,83.804033,77.13068,0.785706,0.492817,27.23238,49.545917,27.925322,8.012515,-2.366831,87.814364,2.473367,0.816609,999.632637,53.833919,0.250741,0.059346,0.000903,69.232181,2.825057,2.825057,0.50141
1730,2012-09-26,366.0,260.13658,183.13658,1.002589,0.994842,-1.247171,-0.099737,0.897257,535.974856,83.617969,76.534809,0.785706,0.549138,30.186714,58.525103,27.780007,8.748507,-2.8067,87.814364,2.473367,0.816609,999.632637,53.833919,0.250741,0.070375,0.000903,68.817701,3.084553,3.084553,0.540659
1731,2012-09-27,366.0,261.115251,184.115251,1.002306,0.995403,-1.635815,-0.102615,0.897104,548.311311,83.431886,76.047638,0.785706,0.56173,30.716307,62.337861,27.63373,8.799546,-2.999575,96.717493,2.469466,0.816609,999.443517,53.942308,0.260104,0.07802,0.000936,67.872174,3.144425,3.144425,0.599333
1732,2012-09-28,366.0,262.094477,185.094477,1.002023,0.995967,-2.024276,-0.105486,0.896909,377.041709,83.24581,77.176869,0.785706,0.386256,21.008587,35.282237,27.486533,6.288058,-1.689812,99.85098,2.468178,0.816609,999.372717,53.977994,0.263154,0.044468,0.000947,68.755154,2.256492,2.256492,0.437827
1733,2012-09-29,366.0,263.074257,186.074257,1.001738,0.996532,-2.412459,-0.108349,0.896674,483.41221,83.059768,76.221072,0.785706,0.495144,26.785948,50.863603,27.338456,7.800853,-2.449928,93.668112,2.47076,0.816609,999.510474,53.906496,0.257017,0.062967,0.000925,68.457188,2.775464,2.775464,0.499291
1734,2012-09-30,366.0,264.054595,187.054595,1.001453,0.997099,-2.800266,-0.111203,0.896398,482.068638,82.873788,76.105613,0.785706,0.493707,26.562731,50.160018,27.189545,7.745864,-2.41967,90.701004,2.472061,0.816609,999.573533,53.870416,0.253896,0.061434,0.000914,68.666284,2.743614,2.743614,0.471592
1735,2012-10-01,366.0,265.035491,188.035491,1.001168,0.997668,-3.187602,-0.114048,0.896081,570.365531,82.687897,74.980201,0.785706,0.584047,31.250272,67.402354,27.039845,8.808887,-3.272483,103.070439,2.466896,0.816609,999.298128,54.013691,0.266168,0.087103,0.000958,66.97008,3.174133,3.174133,0.612306
1736,2012-10-02,366.0,266.016946,189.016946,1.000882,0.998238,-3.574368,-0.116882,0.895724,549.79779,82.502124,75.358616,0.785706,0.562967,29.954745,60.21826,26.889401,8.601294,-2.920974,85.006416,2.47468,0.816609,999.687728,53.796851,0.247553,0.07231,0.000891,68.615924,3.01836,3.01836,0.471311
1737,2012-10-03,366.0,266.998963,189.998963,1.000596,0.998809,-3.960467,-0.119706,0.895326,495.789593,82.316496,76.351392,0.785706,0.507582,26.855977,45.395094,26.738263,8.024478,-2.193265,56.840928,2.490928,0.816609,1000.012234,53.240943,0.20729,0.045464,0.000746,71.575561,2.630179,2.630179,0.261659
1738,2012-10-04,366.0,267.981542,190.981542,1.000309,0.999381,-4.345801,-0.122517,0.894889,489.81283,82.131044,76.333199,0.785706,0.501286,26.372342,43.555494,26.586478,7.918916,-2.106523,53.029959,2.493728,0.816609,1000.000813,53.113388,0.200345,0.042203,0.000721,71.876014,2.560132,2.560132,0.233674
1739,2012-10-05,366.0,268.964685,191.964685,1.000023,0.999954,-4.73027,-0.125316,0.894413,536.047984,81.945797,75.852517,0.785706,0.548398,28.685477,50.010677,26.434097,8.519189,-2.426684,53.029959,2.493728,0.816609,1000.000813,53.113388,0.200345,0.048617,0.000721,71.463329,2.754197,2.754197,0.249617
1740,2012-10-06,366.0,269.948391,192.948391,0.999736,1.000528,-5.113776,-0.128101,0.893897,501.180285,81.760786,75.749464,0.785706,0.512538,26.654646,46.07988,26.281172,7.932039,-2.239138,56.840928,2.490928,0.816609,1000.012234,53.240943,0.20729,0.046415,0.000746,71.126567,2.59988,2.59988,0.253133
1741,2012-10-07,366.0,270.932661,193.932661,0.999449,1.001102,-5.496218,-0.130872,0.893343,504.719694,81.576041,75.269616,0.785706,0.515971,26.67653,48.594068,26.127755,7.850596,-2.369027,65.171945,2.485408,0.816609,999.976449,53.458715,0.221043,0.052366,0.000796,70.140242,2.639186,2.639186,0.297252
1742,2012-10-08,366.0,271.917496,194.917496,0.999163,1.001677,-5.877497,-0.133627,0.892752,536.620845,81.391595,74.518772,0.785706,0.548406,28.186521,56.167139,25.973901,8.123377,-2.750756,77.037385,2.478655,0.816609,999.828319,53.680558,0.237807,0.065415,0.000856,68.715686,2.808257,2.808257,0.376343
1743,2012-10-09,366.0,272.902897,195.902897,0.998876,1.002251,-6.25751,-0.136367,0.892122,501.814447,81.20748,74.574694,0.785706,0.512705,26.195081,50.643823,25.819664,7.606193,-2.481835,77.037385,2.478655,0.816609,999.828319,53.680558,0.237807,0.05902,0.000856,68.831785,2.629466,2.629466,0.34863
1744,2012-10-10,366.0,273.888862,196.888862,0.99859,1.002826,-6.636157,-0.13909,0.891456,509.785411,81.023729,74.258926,0.785706,0.520705,26.444559,52.3824,25.6651,7.635069,-2.573294,79.619631,2.477324,0.816609,999.785632,53.720344,0.241085,0.062038,0.000868,68.445197,2.653035,2.653035,0.360688
1745,2012-10-11,366.0,274.875393,197.875393,0.998304,1.0034,-7.013335,-0.141795,0.890754,494.124147,80.840377,74.182968,0.785706,0.504573,25.470725,49.90378,25.510268,7.374677,-2.454644,79.619631,2.477324,0.816609,999.785632,53.720344,0.241085,0.059178,0.000868,68.441731,2.562554,2.562554,0.344705
1746,2012-10-12,366.0,275.862488,198.862488,0.998019,1.003974,-7.388942,-0.144482,0.890017,357.272329,80.65746,75.08938,0.785706,0.364726,18.299355,30.200133,25.355226,5.501557,-1.480293,79.619631,2.477324,0.816609,999.785632,53.720344,0.241085,0.035688,0.000868,69.319707,1.911682,1.911682,0.254694
1747,2012-10-13,366.0,276.850148,199.850148,0.997734,1.004548,-7.762875,-0.14715,0.889245,193.158604,80.475012,76.501893,0.785706,0.196608,9.804007,11.668958,25.200033,3.121174,-0.56855,65.171945,2.485408,0.816609,999.976449,53.458715,0.221043,0.012567,0.000796,71.091108,1.049265,1.049265,0.121937
1748,2012-10-14,366.0,277.838372,200.838372,0.997449,1.005121,-8.135029,-0.149798,0.888438,408.335118,80.293072,74.488235,0.785706,0.415436,20.588414,35.852762,25.044751,6.144858,-1.765649,72.086874,2.481337,0.816609,999.900839,53.597002,0.231171,0.040817,0.000832,68.807564,2.101654,2.101654,0.27136
1749,2012-10-15,366.0,278.827158,201.827158,0.997166,1.005693,-8.505301,-0.152426,0.887599,169.72925,80.111677,76.08773,0.785706,0.172623,8.501913,10.350905,24.889441,2.698768,-0.50626,69.715366,2.482687,0.816609,999.930536,53.55284,0.227817,0.011533,0.00082,70.459567,0.917889,0.917889,0.113534
1750,2012-10-16,366.0,279.816507,202.816507,0.996883,1.006264,-8.873585,-0.155032,0.886728,289.787609,79.930866,75.605243,0.785706,0.287857,14.088885,18.954833,24.734167,4.526837,-0.930085,56.840928,2.490928,0.816609,1000.012234,53.240943,0.20729,0.01928,0.000746,67.382069,1.483759,1.483759,0.248681
1751,2012-10-17,366.0,280.806417,203.806417,0.996601,1.006834,-9.239776,-0.157616,0.885825,414.744891,79.750681,74.745147,0.785706,0.4108,19.980042,31.294789,24.578993,6.279843,-1.543366,49.440455,2.496556,0.816609,999.968924,52.970548,0.193378,0.029845,0.000696,67.219317,2.000961,2.000961,0.3005
1752,2012-10-18,366.0,281.796886,204.796886,0.996319,1.007402,-9.603768,-0.160178,0.884891,493.454703,79.571162,73.604613,0.785706,0.488617,23.614963,44.211223,24.423983,7.166013,-2.194286,62.996953,2.486778,0.816609,999.992517,53.408313,0.217627,0.047754,0.000783,64.666572,2.394465,2.394465,0.459511
1753,2012-10-19,366.0,282.787913,205.787913,0.996039,1.007969,-9.965455,-0.162716,0.883929,160.949205,79.392352,75.484345,0.785706,0.158944,7.63312,9.469612,24.269205,2.495746,-0.466163,65.171945,2.485408,0.816609,999.976449,53.458715,0.221043,0.010304,0.000796,65.673003,0.839011,0.839011,0.171962
1754,2012-10-20,366.0,283.779497,206.779497,0.99576,1.008534,-10.324729,-0.16523,0.882937,307.613044,79.214294,75.091015,0.785706,0.302131,14.417143,19.052437,24.114723,4.699457,-0.940505,46.061744,2.499411,0.816609,999.915818,52.810115,0.186409,0.017532,0.000671,67.132017,1.474624,1.474624,0.22705
1755,2012-10-21,366.0,284.771636,207.771636,0.995482,1.009097,-10.681482,-0.167718,0.881919,355.393634,79.037035,74.734148,0.785706,0.348938,16.544263,22.919031,23.960608,5.355368,-1.134307,41.366531,2.503748,0.816609,999.794631,52.661511,0.175748,0.019935,0.000633,67.521169,1.638705,1.638705,0.223962
1756,2012-10-22,366.0,285.764328,208.764328,0.995206,1.009658,-11.035608,-0.170182,0.880874,139.273648,78.86062,75.155264,0.785706,0.139175,6.55643,7.729512,23.806926,2.127529,-0.382101,38.470662,2.506675,0.816609,999.684909,52.600019,0.168574,0.006441,0.000607,68.344617,0.639247,0.639247,0.080383
1757,2012-10-23,366.0,286.75757,209.75757,0.994931,1.010217,-11.386996,-0.172619,0.879804,167.313446,78.685097,75.402378,0.785706,0.170093,7.961379,8.218048,23.653748,2.574944,-0.406114,35.751258,2.509631,0.816609,999.550981,52.538058,0.161424,0.006556,0.000581,68.986039,0.758847,0.758847,0.087774
1758,2012-10-24,366.0,287.751361,210.751361,0.994657,1.010773,-11.735539,-0.175028,0.878709,155.981084,78.510516,74.989925,0.785706,0.169598,7.886974,8.196423,23.501145,2.363124,-0.406197,35.751258,2.509631,0.816609,999.550981,52.538058,0.161424,0.006557,0.000581,68.627291,0.696423,0.696423,0.080435
1759,2012-10-25,366.0,288.745698,211.745698,0.994384,1.011327,-12.081126,-0.177411,0.877592,263.875568,78.336926,74.496866,0.785706,0.276134,12.75834,15.083632,23.349186,3.923674,-0.749919,34.454912,2.51112,0.816609,999.474637,52.506899,0.157864,0.011839,0.000568,68.393372,1.144681,1.144681,0.126581
1760,2012-10-26,366.0,289.740577,212.740577,0.994114,1.011877,-12.423647,-0.179765,0.876454,172.283734,78.164379,74.515393,0.785706,0.190216,8.731694,9.343034,23.197945,2.560117,-0.464859,37.089471,2.508149,0.816609,999.621031,52.569098,0.164995,0.00767,0.000594,68.021645,0.761925,0.761925,0.091457
1761,2012-10-27,366.0,290.735997,213.735997,0.993845,1.012425,-12.762993,-0.18209,0.875295,165.514062,77.992929,73.652547,0.785706,0.201534,9.191257,10.637943,23.047493,2.38166,-0.531916,44.448208,2.50085,0.816609,999.881063,52.722538,0.182929,0.00973,0.000659,66.204111,0.741395,0.741395,0.108586
1762,2012-10-28,366.0,291.731955,214.731955,0.993577,1.01297,-13.099053,-0.184385,0.874117,125.687773,77.822629,73.034449,0.785706,0.140643,6.372604,8.883523,22.897903,1.766172,-0.445865,58.832904,2.489538,0.816609,1000.010491,53.299671,0.210749,0.009397,0.000759,63.622861,0.582729,0.582729,0.0
1763,2012-10-29,366.0,292.728446,215.728446,0.993312,1.013511,-13.431716,-0.18665,0.872921,149.077572,77.653537,73.476282,0.785706,0.15673,7.055383,9.186036,22.74925,2.125771,-0.460457,60.88443,2.488154,0.816609,1000.003891,53.355378,0.214195,0.009863,0.000771,61.404958,0.70589,0.70589,0.0
1764,2012-10-30,366.0,293.725468,216.725468,0.993048,1.014049,-13.76087,-0.188885,0.871709,287.96605,77.485709,72.701967,0.785706,0.292314,13.073469,20.247236,22.601606,3.986681,-1.019463,65.171945,2.485408,0.816609,999.976449,53.458715,0.221043,0.022534,0.000796,59.088678,1.340229,1.340229,0.0
1765,2012-10-31,366.0,294.723018,217.723018,0.992787,1.014584,-14.086404,-0.191088,0.870482,308.740819,77.319205,72.588755,0.785706,0.299295,13.298874,21.422031,22.455047,4.250603,-1.080054,69.715366,2.482687,0.816609,999.930536,53.55284,0.227817,0.024605,0.00082,56.929114,1.44569,1.44569,0.0
1766,2012-11-01,366.0,295.721091,218.721091,0.992528,1.015114,-14.408206,-0.193258,0.869242,217.382875,77.154084,73.64431,0.785706,0.204234,9.016186,11.19948,22.309648,3.105471,-0.562283,49.440455,2.496556,0.816609,999.968924,52.970548,0.193378,0.010873,0.000696,60.140899,0.989504,0.989504,0.254169
1767,2012-11-02,366.0,296.719684,219.719684,0.99227,1.01564,-14.726164,-0.195397,0.867989,375.552188,76.990409,72.465247,0.785706,0.351153,15.40192,24.829555,22.165483,5.132289,-1.254556,51.2082,2.495138,0.816609,999.987473,53.044019,0.196863,0.024698,0.000709,58.814225,1.647393,1.647393,0.43862
1768,2012-11-03,366.0,297.718792,220.718792,0.992015,1.016162,-15.040168,-0.197502,0.866726,373.081569,76.828242,72.061851,0.785706,0.348308,15.178704,25.907299,22.022629,5.015889,-1.312515,60.88443,2.488154,0.816609,1000.003891,53.355378,0.214195,0.028113,0.000771,56.815553,1.665591,1.665591,0.0
1769,2012-11-04,366.0,298.718412,221.718412,0.991763,1.01668,-15.350103,-0.199573,0.865453,357.667663,76.667649,71.944708,0.785706,0.331809,14.366811,24.557866,21.881161,4.780795,-1.245788,65.171945,2.485408,0.816609,999.976449,53.458715,0.221043,0.027537,0.000796,55.96038,1.607191,1.607191,0.526234
1770,2012-11-05,366.0,299.718539,222.718539,0.991513,1.017194,-15.655859,-0.20161,0.864173,448.593829,76.508694,70.915003,0.785706,0.416148,17.903257,36.313392,21.741155,5.760864,-1.852416,74.527011,2.479993,0.816609,999.866744,53.639508,0.234502,0.04344,0.000844,53.803512,1.981048,1.981048,0.71981
1771,2012-11-06,366.0,300.719168,223.719168,0.991265,1.017702,-15.957323,-0.203612,0.862887,446.936486,76.351446,70.755038,0.785706,0.414668,17.725996,36.113542,21.602688,5.696457,-1.844968,74.527011,2.479993,0.816609,999.866744,53.639508,0.234502,0.043265,0.000844,53.761519,1.958899,1.958899,0.709354
1772,2012-11-07,366.0,301.720295,224.720295,0.99102,1.018206,-16.254384,-0.205578,0.861596,494.141963,76.195972,70.928641,0.785706,0.458528,19.47671,37.527281,21.465834,6.330132,-1.917058,51.2082,2.495138,0.816609,999.987473,53.044019,0.196863,0.03774,0.000709,57.791011,2.031884,2.031884,0.535072
1773,2012-11-08,366.0,302.721915,225.721915,0.990777,1.018704,-16.546929,-0.207509,0.860302,287.641451,76.042343,72.547288,0.785706,0.266906,11.265854,14.529237,21.330672,3.907852,-0.737157,35.751258,2.509631,0.816609,999.550981,52.538058,0.161424,0.011899,0.000581,62.255278,1.151661,1.151661,0.214236
1774,2012-11-09,366.0,303.724023,226.724023,0.990537,1.019198,-16.834848,-0.209403,0.859007,317.376142,75.89063,72.403251,0.785706,0.294411,12.349109,15.960259,21.197275,4.282595,-0.810894,30.806287,2.515633,0.816609,999.206545,52.412702,0.14727,0.011942,0.00053,63.294915,1.209764,1.209764,0.192462
1775,2012-11-10,366.0,304.726614,227.726614,0.9903,1.019686,-17.118029,-0.211261,0.857712,302.642755,75.740905,72.515193,0.785706,0.280657,11.699157,14.055173,21.06572,4.094448,-0.714234,26.46396,2.521758,0.816609,998.752798,52.285401,0.133428,0.00953,0.00048,64.462913,1.102771,1.102771,0.148833
1776,2012-11-11,366.0,305.729682,228.729682,0.990066,1.020168,-17.396362,-0.21308,0.856419,307.127582,75.593242,72.244707,0.785706,0.284719,11.795447,14.768634,20.936083,4.107741,-0.751969,28.563809,2.51868,0.816609,998.993908,52.349298,0.140301,0.01055,0.000505,63.722114,1.133834,1.133834,0.166015
1777,2012-11-12,366.0,306.733221,229.733221,0.989835,1.020645,-17.669736,-0.214862,0.855129,99.558443,75.447715,70.341917,0.785706,0.098961,4.074791,7.248674,20.808439,1.237919,-0.372617,31.983483,2.514121,0.816609,999.302552,52.444222,0.150785,0.005619,0.000543,61.320745,0.353583,0.353583,0.058256
1778,2012-11-13,366.0,307.737227,230.737227,0.989606,1.021116,-17.938043,-0.216606,0.853844,129.167415,75.304399,71.161845,0.785706,0.134852,5.519131,7.633344,20.682863,1.654269,-0.391167,37.089471,2.508149,0.816609,999.621031,52.569098,0.164995,0.006454,0.000594,60.878248,0.492333,0.492333,0.094538
1779,2012-11-14,366.0,308.741693,231.741693,0.989381,1.021581,-18.201171,-0.218311,0.852565,245.066049,75.163372,71.294032,0.785706,0.245235,9.97689,13.507187,20.559428,3.149507,-0.692204,41.366531,2.503748,0.816609,999.794631,52.661511,0.175748,0.012165,0.000633,60.089769,0.963727,0.963727,0.206277
1780,2012-11-15,366.0,309.746613,232.746613,0.989159,1.02204,-18.459015,-0.219977,0.851295,261.401159,75.024709,71.32219,0.785706,0.257187,10.401439,13.762039,20.43821,3.357981,-0.705633,35.751258,2.509631,0.816609,999.550981,52.538058,0.161424,0.011391,0.000581,61.323676,0.989612,0.989612,0.182706
1781,2012-11-16,366.0,310.751981,233.751981,0.98894,1.022492,-18.711465,-0.221603,0.850035,286.685113,74.88849,70.169301,0.785706,0.30305,12.184982,19.140454,20.319281,3.520131,-0.987288,46.061744,2.499411,0.816609,999.915818,52.810115,0.186409,0.018404,0.000671,58.294703,1.104568,1.104568,0.261338
1782,2012-11-17,366.0,311.757791,234.757791,0.988725,1.022938,-18.958416,-0.223189,0.848786,156.955369,74.754792,70.599293,0.785706,0.17342,6.932834,9.221892,20.202714,1.9562,-0.475031,47.725402,2.49798,0.816609,999.945071,52.89268,0.189893,0.009021,0.000684,58.309963,0.618614,0.618614,0.15142
1783,2012-11-18,366.0,312.764036,235.764036,0.988512,1.023377,-19.199763,-0.224734,0.84755,154.322964,74.623695,70.801535,0.785706,0.172589,6.860617,8.329637,20.08858,1.935378,-0.428933,35.751258,2.509631,0.816609,999.550981,52.538058,0.161424,0.006924,0.000581,60.690654,0.570365,0.570365,0.107174
1784,2012-11-19,366.0,313.770709,236.770709,0.988304,1.02381,-19.4354,-0.226239,0.846329,181.196125,74.495279,70.180387,0.785706,0.205108,8.108002,11.001777,19.976952,2.216101,-0.568503,46.061744,2.499411,0.816609,999.915818,52.810115,0.186409,0.010597,0.000671,58.066407,0.695382,0.695382,0.167334
1785,2012-11-20,366.0,314.777805,237.777805,0.988098,1.024235,-19.665225,-0.227702,0.845124,110.738422,74.369623,68.821814,0.785706,0.116337,4.573745,8.59502,19.867898,1.283105,-0.447172,53.029959,2.493728,0.816609,1000.000813,53.113388,0.200345,0.008959,0.000721,55.717727,0.414819,0.414819,0.113445
1786,2012-11-21,366.0,315.785316,238.785316,0.987897,1.024654,-19.889136,-0.229124,0.843938,256.416314,74.246807,70.211154,0.785706,0.257767,10.079745,14.51189,19.761488,3.130897,-0.750648,41.366531,2.503748,0.816609,999.794631,52.661511,0.175748,0.013192,0.000633,57.623573,0.958032,0.958032,0.230183
1787,2012-11-22,366.0,316.793234,239.793234,0.987698,1.025065,-20.107032,-0.230504,0.842771,340.587253,74.126912,69.814268,0.785706,0.338452,13.165382,20.539509,19.65779,4.090095,-1.064971,34.454912,2.51112,0.816609,999.474637,52.506899,0.157864,0.016812,0.000568,58.927614,1.193232,1.193232,0.2398
1788,2012-11-23,366.0,317.801553,240.801553,0.987504,1.025468,-20.318816,-0.231842,0.841624,300.992252,74.010018,69.626153,0.785706,0.297674,11.519709,18.410179,19.556871,3.583577,-0.95591,44.448208,2.50085,0.816609,999.881063,52.722538,0.182929,0.017486,0.000659,56.53144,1.115544,1.115544,0.285868
1789,2012-11-24,366.0,318.810266,241.810266,0.987313,1.025865,-20.524389,-0.233137,0.840501,143.66243,73.896203,69.524007,0.785706,0.165614,6.376981,8.746598,19.458796,1.701407,-0.454602,46.061744,2.499411,0.816609,999.915818,52.810115,0.186409,0.008474,0.000671,56.145008,0.533878,0.533878,0.141015
1790,2012-11-25,366.0,319.819365,242.819365,0.987126,1.026253,-20.723657,-0.234389,0.839401,317.007867,73.785548,69.321524,0.785706,0.334627,12.821804,19.661916,19.363631,3.720104,-1.023396,31.983483,2.514121,0.816609,999.302552,52.444222,0.150785,0.015431,0.000543,59.090155,1.062561,1.062561,0.198775
1791,2012-11-26,366.0,320.828841,243.828841,0.986943,1.026634,-20.916525,-0.235598,0.838328,308.486676,73.67813,69.494508,0.785706,0.31488,12.007721,17.912596,19.271437,3.639827,-0.932073,31.983483,2.514121,0.816609,999.302552,52.444222,0.150785,0.014054,0.000543,59.244104,1.039632,1.039632,0.194301
1792,2012-11-27,366.0,321.838689,244.838689,0.986764,1.027007,-21.102904,-0.236763,0.837281,287.519958,73.574029,69.297748,0.785706,0.289534,10.990118,17.028472,19.182277,3.362429,-0.887294,39.895963,2.505208,0.816609,999.742737,52.630824,0.172159,0.015276,0.00062,57.232829,1.019681,1.019681,0.23665
1793,2012-11-28,366.0,322.848899,245.848899,0.986589,1.027371,-21.282702,-0.237885,0.836263,266.022258,73.473322,69.232535,0.785706,0.2664,10.066614,15.597947,19.096211,3.099366,-0.813376,44.448208,2.50085,0.816609,999.881063,52.722538,0.182929,0.014879,0.000659,56.208197,0.964812,0.964812,0.247495
1794,2012-11-29,366.0,323.859463,246.859463,0.986418,1.027728,-21.455834,-0.238962,0.835275,121.833767,73.376083,68.42535,0.785706,0.144483,5.435972,8.306518,19.013298,1.373613,-0.434944,47.725402,2.49798,0.816609,999.945071,52.89268,0.189893,0.008259,0.000684,54.950479,0.434381,0.434381,0.118473
1795,2012-11-30,366.0,324.870375,247.870375,0.986251,1.028076,-21.622214,-0.239996,0.834318,99.487778,73.282389,67.186791,0.785706,0.123597,4.630643,8.306518,18.933593,1.066316,-0.437571,47.725402,2.49798,0.816609,999.945071,52.89268,0.189893,0.008309,0.000684,53.848704,0.337204,0.337204,0.0928
1796,2012-12-01,366.0,325.881624,248.881624,0.986088,1.028416,-21.781761,-0.240984,0.833394,81.784051,73.192313,65.81902,0.785706,0.107911,4.026646,8.21035,18.857152,0.827964,-0.435338,46.061744,2.499411,0.816609,999.915818,52.810115,0.186409,0.008115,0.000671,52.867288,0.259804,0.259804,0.070397
1797,2012-12-02,366.0,326.893203,249.893203,0.985929,1.028747,-21.934394,-0.241928,0.832504,118.800819,73.105926,67.522156,0.785706,0.176803,6.571748,9.071589,18.784029,1.287819,-0.477542,42.883546,2.502295,0.816609,999.840702,52.692082,0.179339,0.008564,0.000646,54.652827,0.397513,0.397513,0.102265
1798,2012-12-03,366.0,327.905104,250.905104,0.985775,1.02907,-22.080037,-0.242827,0.831649,123.315767,73.023298,68.320361,0.785706,0.150574,5.576029,7.941248,18.714275,1.378553,-0.416694,41.366531,2.503748,0.816609,999.794631,52.661511,0.175748,0.007323,0.000633,55.53823,0.421827,0.421827,0.105464
1799,2012-12-04,366.0,328.917318,251.917318,0.985624,1.029383,-22.218615,-0.243681,0.83083,109.976859,72.944498,66.764545,0.785706,0.178094,6.571748,9.248016,18.647939,1.153888,-0.488851,44.448208,2.50085,0.816609,999.881063,52.722538,0.182929,0.008942,0.000659,53.677753,0.359198,0.359198,0.095802
1800,2012-12-05,366.0,329.929835,252.929835,0.985479,1.029688,-22.350057,-0.244489,0.83005,112.896294,72.869592,66.625102,0.785706,0.184111,6.770893,9.576948,18.585069,1.176701,-0.506728,44.448208,2.50085,0.816609,999.881063,52.722538,0.182929,0.00927,0.000659,53.434629,0.366299,0.366299,0.09853
1801,2012-12-06,366.0,330.942648,253.942648,0.985337,1.029984,-22.474295,-0.245252,0.829308,101.67758,72.798643,67.419826,0.785706,0.130377,4.779454,7.441009,18.52571,1.093464,-0.392441,34.454912,2.51112,0.816609,999.474637,52.506899,0.157864,0.006195,0.000568,56.30774,0.319004,0.319004,0.067601
1802,2012-12-07,366.0,331.955747,254.955747,0.9852,1.03027,-22.591264,-0.245969,0.828606,72.827659,72.731713,65.055069,0.785706,0.119873,4.381166,7.537177,18.469906,0.71007,-0.401847,35.751258,2.509631,0.816609,999.550981,52.538058,0.161424,0.006487,0.000581,54.111156,0.209261,0.209261,0.045899
1803,2012-12-08,366.0,332.969124,255.969124,0.985068,1.030547,-22.700902,-0.246639,0.827944,54.227549,72.66886,63.206533,0.785706,0.091871,3.348244,6.864004,18.417698,0.488176,-0.36904,27.49654,2.520215,0.816609,998.876988,52.317411,0.136852,0.00505,0.000493,54.567627,0.133129,0.133129,0.022423
1804,2012-12-09,366.0,333.982768,256.982768,0.984939,1.030815,-22.803151,-0.247264,0.827325,177.264386,72.610139,65.523422,0.785706,0.308854,11.226463,16.931245,18.369123,1.759786,-0.901327,29.666731,2.517153,0.816609,999.103712,52.381061,0.143775,0.012959,0.000518,55.954865,0.491478,0.491478,0.089569
1805,2012-12-10,366.0,334.996672,257.996672,0.984816,1.031074,-22.897955,-0.247843,0.826748,253.84145,72.555604,66.144269,0.785706,0.336769,12.211241,21.963205,18.32422,2.583808,-1.166273,42.883546,2.502295,0.816609,999.840702,52.692082,0.179339,0.020916,0.000646,53.403962,0.797548,0.797548,0.207522
1806,2012-12-11,366.0,336.010825,259.010825,0.984697,1.031323,-22.985262,-0.248375,0.826215,220.679059,72.505304,67.525587,0.785706,0.266756,9.65082,14.887714,18.283023,2.374451,-0.785867,38.470662,2.506675,0.816609,999.684909,52.600019,0.168574,0.013248,0.000607,55.470814,0.713438,0.713438,0.167758
1807,2012-12-12,366.0,337.025218,260.025218,0.984583,1.031562,-23.065026,-0.24886,0.825726,355.46503,72.459286,66.753974,0.785706,0.414594,14.968618,27.384156,18.245562,3.70507,-1.450823,31.983483,2.514121,0.816609,999.302552,52.444222,0.150785,0.021876,0.000543,56.412332,1.058267,1.058267,0.207685
1808,2012-12-13,366.0,338.039842,261.039842,0.984473,1.031792,-23.1372,-0.249299,0.825283,389.771924,72.417593,66.778046,0.785706,0.448152,16.150351,29.663591,18.211868,4.064454,-1.571719,28.563809,2.51868,0.816609,998.993908,52.349298,0.140301,0.022051,0.000505,57.310454,1.121886,1.121886,0.196172
1809,2012-12-14,366.0,339.054686,262.054686,0.984368,1.032012,-23.201746,-0.249691,0.824885,306.498752,72.380263,67.283875,0.785706,0.350353,12.605152,21.10276,18.181967,3.260681,-1.115786,31.983483,2.514121,0.816609,999.302552,52.444222,0.150785,0.016824,0.000543,56.866472,0.931338,0.931338,0.182474
1810,2012-12-15,366.0,340.069742,263.069742,0.984268,1.032222,-23.258625,-0.250037,0.824534,139.61221,72.347332,65.947042,0.785706,0.252178,9.059953,12.010507,18.155885,1.405802,-0.63894,26.46396,2.521758,0.816609,998.752798,52.285401,0.133428,0.008525,0.00048,57.185516,0.378629,0.378629,0.061037
1811,2012-12-16,366.0,341.085,264.085,0.984173,1.032422,-23.307806,-0.250335,0.824229,98.903735,72.318833,65.957505,0.785706,0.186621,6.696487,8.453082,18.133642,0.995957,-0.449729,29.666731,2.517153,0.816609,999.103712,52.381061,0.143775,0.006466,0.000518,56.373417,0.278154,0.278154,0.050425
1812,2012-12-17,366.0,342.100449,265.100449,0.984082,1.032612,-23.349259,-0.250586,0.823972,157.475627,72.294794,64.291364,0.785706,0.302193,10.832553,16.826081,18.115258,1.478272,-0.901903,31.983483,2.514121,0.816609,999.302552,52.444222,0.150785,0.013599,0.000543,54.441392,0.422234,0.422234,0.082485
1813,2012-12-18,366.0,343.116081,266.116081,0.983997,1.032792,-23.382959,-0.25079,0.823763,296.391515,72.275237,66.363615,0.785706,0.412412,14.771663,23.557689,18.100749,3.033232,-1.251325,21.789104,2.529593,0.816609,998.017178,52.123469,0.11677,0.014612,0.00042,58.828384,0.76327,0.76327,0.100012
1814,2012-12-19,366.0,344.131884,267.131884,0.983916,1.032961,-23.408886,-0.250947,0.823601,294.709299,72.260184,67.200018,0.785706,0.368637,13.196018,20.102388,18.09013,3.119807,-1.063878,22.661981,2.528009,0.816609,998.180152,52.156109,0.120034,0.01277,0.000432,59.303723,0.796432,0.796432,0.108855
1815,2012-12-20,366.0,345.147849,268.147849,0.98384,1.033121,-23.427022,-0.251057,0.823489,110.952522,72.24965,65.507309,0.785706,0.21466,7.681265,10.023728,18.083412,1.095634,-0.534526,29.666731,2.517153,0.816609,999.103712,52.381061,0.143775,0.007685,0.000518,56.020201,0.305992,0.305992,0.055364
1816,2012-12-21,366.0,346.163966,269.163966,0.983769,1.03327,-23.437356,-0.25112,0.823424,51.485668,72.243647,61.726378,0.785706,0.104594,3.742155,7.152506,18.080604,0.431843,-0.387769,30.806287,2.515633,0.816609,999.206545,52.412702,0.14727,0.005711,0.00053,52.623338,0.121989,0.121989,0.022883
1817,2012-12-22,366.0,347.180224,270.180224,0.983703,1.033409,-23.439877,-0.251135,0.823408,107.540374,72.242182,64.833388,0.785706,0.220184,7.87822,10.648778,18.081711,1.032267,-0.569569,31.983483,2.514121,0.816609,999.302552,52.444222,0.150785,0.008588,0.000543,54.905949,0.294843,0.294843,0.057508
1818,2012-12-23,366.0,348.196614,271.196614,0.983642,1.033537,-23.434583,-0.251103,0.823441,68.774001,72.245258,64.453561,0.785706,0.148583,5.317799,7.152506,18.086736,0.649653,-0.383199,30.806287,2.515633,0.816609,999.206545,52.412702,0.14727,0.005643,0.00053,54.879522,0.183517,0.183517,0.034454
1819,2012-12-24,366.0,349.213125,272.213125,0.983585,1.033655,-23.421472,-0.251023,0.823523,258.010347,72.252874,65.717232,0.785706,0.379525,13.58993,22.612641,18.095681,2.570238,-1.204705,27.49654,2.520215,0.816609,998.876988,52.317411,0.136852,0.016487,0.000493,56.754705,0.700922,0.700922,0.117202
1820,2012-12-25,366.0,350.229747,273.229747,0.983534,1.033763,-23.400549,-0.250897,0.823653,68.672291,72.265026,64.911747,0.785706,0.153901,5.514754,6.753478,18.108543,0.661554,-0.36106,25.465127,2.523309,0.816609,998.621183,52.253266,0.130032,0.004695,0.000468,56.609959,0.175909,0.175909,0.027122
1821,2012-12-26,366.0,351.24647,274.24647,0.983488,1.03386,-23.371821,-0.250723,0.823832,94.20954,72.281702,64.447202,0.785706,0.214163,7.681265,9.857245,18.125317,0.890104,-0.528034,28.563809,2.51868,0.816609,998.993908,52.349298,0.140301,0.007408,0.000505,55.432148,0.24569,0.24569,0.042669
1822,2012-12-27,366.0,352.263283,275.263283,0.983447,1.033946,-23.335301,-0.250501,0.824059,273.353988,72.30289,65.208599,0.785706,0.411383,14.771663,25.97939,18.145995,2.667698,-1.386873,28.563809,2.51868,0.816609,998.993908,52.349298,0.140301,0.019458,0.000505,56.068818,0.736348,0.736348,0.127899
1823,2012-12-28,366.0,353.280175,276.280175,0.983411,1.034022,-23.291006,-0.250233,0.824333,314.819099,72.328571,66.4286,0.785706,0.416305,14.968618,25.000097,18.170568,3.232645,-1.327233,24.499119,2.524868,0.816609,998.481982,52.221007,0.126667,0.016812,0.000456,58.164054,0.848302,0.848302,0.125526
1824,2012-12-29,366.0,354.297137,277.297137,0.98338,1.034088,-23.238955,-0.249917,0.824655,256.112085,72.358724,67.629905,0.785706,0.322679,11.620375,16.374931,18.199021,2.76203,-0.864548,22.661981,2.528009,0.816609,998.180152,52.156109,0.120034,0.010377,0.000432,59.706958,0.705098,0.705098,0.096011
1825,2012-12-30,366.0,355.314158,278.314158,0.983354,1.034142,-23.179173,-0.249554,0.825024,357.761843,72.393322,66.958067,0.785706,0.442214,15.953397,26.246927,18.231339,3.756864,-1.389723,21.789104,2.529593,0.816609,998.017178,52.123469,0.11677,0.016228,0.00042,59.383436,0.945362,0.945362,0.123282
1826,2012-12-31,366.0,356.331228,279.331228,0.983333,1.034186,-23.111689,-0.249144,0.82544,346.482928,72.432336,66.751012,0.785706,0.424993,15.36253,26.568255,18.267503,3.609759,-1.407788,26.46396,2.521758,0.816609,998.752798,52.285401,0.133428,0.018784,0.00048,57.925484,0.972228,0.972228,0.155776
1827,2013-01-01,365.0,357.128191,280.128191,0.98332,1.034213,-23.05345,-0.24879,0.825797,333.619312,72.465969,66.694017,0.785706,0.407954,14.771663,25.998899,18.298515,3.469185,-1.377758,29.666731,2.517153,0.816609,999.103712,52.381061,0.143775,0.019809,0.000518,57.055612,0.968884,0.968884,0.174529
1828,2013-01-02,365.0,358.148108,281.148108,0.983308,1.034238,-22.972079,-0.248294,0.826296,311.025399,72.512905,67.209351,0.785706,0.379863,13.786885,22.326566,18.341609,3.304546,-1.18017,26.46396,2.521758,0.816609,998.752798,52.285401,0.133428,0.015747,0.00048,58.327193,0.890024,0.890024,0.1424
1829,2013-01-03,365.0,359.168043,282.168043,0.983302,1.034252,-22.883064,-0.247752,0.826839,336.242055,72.564176,67.193891,0.785706,0.410469,14.935792,24.459053,18.388504,3.572583,-1.292678,24.499119,2.524868,0.816609,998.481982,52.221007,0.126667,0.016374,0.000456,58.85371,0.937508,0.937508,0.13819
1830,2013-01-04,365.0,0.187988,283.187988,0.9833,1.034256,-22.786448,-0.247162,0.827426,348.783648,72.619738,66.737114,0.785706,0.425714,15.533224,27.773716,18.439173,3.640413,-1.470491,29.666731,2.517153,0.816609,999.103712,52.381061,0.143775,0.021142,0.000518,57.115976,1.016705,1.016705,0.182735
1831,2013-01-05,365.0,1.20793,284.20793,0.983304,1.034248,-22.68228,-0.246526,0.828057,218.462062,72.679543,68.17462,0.785706,0.266649,9.758051,13.397986,18.493584,2.417649,-0.7046,28.563809,2.51868,0.816609,998.993908,52.349298,0.140301,0.009886,0.000505,58.600379,0.667329,0.667329,0.115356
1832,2013-01-06,365.0,2.22786,285.22786,0.983312,1.03423,-22.57061,-0.245842,0.82873,324.43181,72.743541,66.951391,0.785706,0.396008,14.537505,25.505383,18.551703,3.421239,-1.348332,31.983483,2.514121,0.816609,999.302552,52.444222,0.150785,0.020331,0.000543,56.731268,0.977198,0.977198,0.18925
1833,2013-01-07,365.0,3.247766,286.247766,0.983326,1.034201,-22.451493,-0.245112,0.829444,104.108139,72.811676,63.301325,0.785706,0.248711,9.160619,13.27962,18.613494,0.94279,-0.713214,37.089471,2.508149,0.816609,999.621031,52.569098,0.164995,0.011768,0.000594,52.613619,0.280587,0.280587,0.062693
1834,2013-01-08,365.0,4.267639,287.267639,0.983345,1.034161,-22.324988,-0.244335,0.830199,87.144293,72.883891,63.519495,0.785706,0.212434,7.851959,10.966679,18.678917,0.797383,-0.588238,39.895963,2.505208,0.816609,999.742737,52.630824,0.172159,0.010127,0.00062,52.196079,0.241812,0.241812,0.057906
1835,2013-01-09,365.0,5.287468,288.287468,0.983369,1.034111,-22.191155,-0.243512,0.830993,80.232649,72.960127,63.73885,0.785706,0.200798,7.449295,9.962649,18.747933,0.741828,-0.533686,37.089471,2.508149,0.816609,999.621031,52.569098,0.164995,0.008806,0.000594,52.971538,0.220778,0.220778,0.049312
1836,2013-01-10,365.0,6.307241,289.307241,0.983398,1.03405,-22.050061,-0.242642,0.831825,72.340406,73.04032,66.361017,0.785706,0.113527,4.227978,6.575501,18.820497,0.747488,-0.348055,24.499119,2.524868,0.816609,998.481982,52.221007,0.126667,0.004409,0.000456,58.184588,0.196154,0.196154,0.028779
1837,2013-01-11,365.0,7.326949,290.326949,0.983432,1.033978,-21.901773,-0.241727,0.832694,253.016971,73.124406,68.137127,0.785706,0.344595,12.885267,17.295593,18.896563,2.811552,-0.907865,20.130503,2.532783,0.816609,997.666204,52.057804,0.110358,0.010019,0.000397,60.951468,0.686555,0.686555,0.081562
1838,2013-01-12,365.0,8.346581,291.346581,0.983471,1.033896,-21.746362,-0.240765,0.833599,360.693359,73.212318,67.896151,0.785706,0.466121,17.50278,26.29708,18.976084,3.974136,-1.381307,17.848346,2.537632,0.816609,997.074305,51.958333,0.101052,0.013958,0.000364,61.432763,0.924653,0.924653,0.096145
1839,2013-01-13,365.0,9.366127,292.366127,0.983515,1.033803,-21.583904,-0.239758,0.834539,336.756199,73.303985,68.442192,0.785706,0.426318,16.078135,22.523882,19.059009,3.79593,-1.179693,17.139382,2.539265,0.816609,996.858748,51.924913,0.098039,0.011566,0.000353,62.139022,0.86828,0.86828,0.086287
1840,2013-01-14,365.0,10.385575,293.385575,0.983565,1.033699,-21.414476,-0.238705,0.835511,355.114809,73.399336,67.872327,0.785706,0.445885,16.892218,26.991687,19.145286,3.917922,-1.416721,22.661981,2.528009,0.816609,998.180152,52.156109,0.120034,0.017005,0.000432,59.999092,1.000177,1.000177,0.134903
1841,2013-01-15,365.0,11.404916,294.404916,0.983619,1.033585,-21.238157,-0.237607,0.836516,192.994933,73.498298,58.757771,0.785706,0.486585,18.520384,37.876775,19.23486,1.434525,-2.067744,39.895963,2.505208,0.816609,999.742737,52.630824,0.172159,0.035598,0.00062,48.441202,0.43503,0.43503,0.103714
1842,2013-01-16,365.0,12.424139,295.424139,0.983678,1.03346,-21.055032,-0.236464,0.837551,303.947546,73.600796,64.470724,0.785706,0.478698,18.308108,37.840542,19.327675,2.922475,-2.01465,42.883546,2.502295,0.816609,999.840702,52.692082,0.179339,0.03613,0.000646,52.365886,0.902085,0.902085,0.230495
1843,2013-01-17,365.0,13.443234,296.443234,0.983743,1.033325,-20.865185,-0.235276,0.838614,325.242836,73.706755,66.811015,0.785706,0.44422,17.073854,30.878849,19.423673,3.45097,-1.626198,33.199343,2.512617,0.816609,999.39187,52.47562,0.154317,0.025095,0.000556,56.384806,0.996334,0.996334,0.199204
1844,2013-01-18,365.0,14.462191,297.462191,0.983812,1.033179,-20.668705,-0.234044,0.839706,365.753572,73.816096,66.328786,0.785706,0.473914,18.308108,37.704657,19.522792,3.81007,-1.98896,44.448208,2.50085,0.816609,999.881063,52.722538,0.182929,0.036384,0.000659,53.512682,1.18605,1.18605,0.312846
1845,2013-01-19,365.0,15.480999,298.480999,0.983886,1.033023,-20.465681,-0.232767,0.840823,362.703675,73.928741,66.642921,0.785706,0.460402,17.879184,36.482773,19.624972,3.832256,-1.9208,46.061744,2.499411,0.816609,999.915818,52.810115,0.186409,0.035805,0.000671,53.454469,1.202508,1.202508,0.326872
1846,2013-01-20,365.0,16.499648,299.499648,0.983966,1.032857,-20.256207,-0.231447,0.841964,397.533857,74.044612,66.308191,0.785706,0.500547,19.542362,42.484007,19.730147,4.148759,-2.238918,49.440455,2.496556,0.816609,999.968924,52.970548,0.193378,0.043296,0.000696,52.569389,1.321929,1.321929,0.38142
1847,2013-01-21,365.0,17.518128,300.518128,0.98405,1.032681,-20.040378,-0.230082,0.843129,383.929456,74.163628,66.982509,0.785706,0.481931,18.918671,38.236038,19.838253,4.124207,-2.007859,42.883546,2.502295,0.816609,999.840702,52.692082,0.179339,0.036009,0.000646,54.412135,1.273025,1.273025,0.323629
1848,2013-01-22,365.0,18.536429,301.536429,0.984139,1.032494,-19.818289,-0.228675,0.844315,394.715458,74.285709,67.288816,0.785706,0.494939,19.537987,38.407199,19.949223,4.298937,-2.012929,38.470662,2.506675,0.816609,999.684909,52.600019,0.168574,0.033933,0.000607,55.63572,1.291678,1.291678,0.296142
1849,2013-01-23,365.0,19.554541,302.554541,0.984232,1.032297,-19.590041,-0.227224,0.84552,126.826529,74.410774,62.867187,0.785706,0.322797,12.815239,20.086709,20.062988,1.148846,-1.072969,39.895963,2.505208,0.816609,999.742737,52.630824,0.172159,0.018472,0.00062,51.837139,0.348396,0.348396,0.082416
1850,2013-01-24,365.0,20.572453,303.572453,0.984331,1.03209,-19.355733,-0.225731,0.846744,206.057732,74.538742,67.3556,0.785706,0.326195,13.025324,20.662371,20.179479,2.256742,-1.081322,41.366531,2.503748,0.816609,999.794631,52.661511,0.175748,0.019004,0.000633,55.073007,0.690547,0.690547,0.16929
1851,2013-01-25,365.0,21.590157,304.590157,0.984434,1.031873,-19.115468,-0.224195,0.847983,23.844534,74.669533,48.62922,0.785706,0.063418,2.547291,8.018015,20.298623,0.105373,-0.453435,42.883546,2.502295,0.816609,999.840702,52.692082,0.179339,0.008132,0.000646,39.933184,0.032526,0.032526,0.00818
1852,2013-01-26,365.0,22.607642,305.607642,0.984543,1.031647,-18.869349,-0.222617,0.849238,92.261912,74.803064,64.674989,0.785706,0.246905,9.97689,12.976314,20.420349,0.907302,-0.686432,35.751258,2.509631,0.816609,999.550981,52.538058,0.161424,0.011081,0.000581,54.174557,0.267386,0.267386,0.056935
1853,2013-01-27,365.0,23.624899,306.624899,0.984656,1.03141,-18.617481,-0.220998,0.850506,169.686236,74.939256,69.105284,0.785706,0.274319,11.152058,13.971372,20.544582,2.000702,-0.724019,28.563809,2.51868,0.816609,998.993908,52.349298,0.140301,0.010158,0.000505,59.546286,0.552241,0.552241,0.093991
1854,2013-01-28,365.0,24.641918,307.641918,0.984773,1.031164,-18.359973,-0.219337,0.851785,60.452771,75.078027,66.102021,0.785706,0.167777,6.862805,7.600638,20.671248,0.632871,-0.39901,29.666731,2.517153,0.816609,999.103712,52.381061,0.143775,0.005737,0.000518,56.775639,0.17675,0.17675,0.031215
1855,2013-01-29,365.0,25.658689,308.658689,0.984895,1.030908,-18.09693,-0.217636,0.853074,64.556645,75.219299,65.351536,0.785706,0.182368,7.506193,8.917721,20.800271,0.65611,-0.469417,37.089471,2.508149,0.816609,999.621031,52.569098,0.164995,0.007745,0.000594,54.433962,0.195267,0.195267,0.043067
1856,2013-01-30,365.0,26.675203,309.675203,0.985022,1.030643,-17.828462,-0.215895,0.854371,80.980171,75.362991,64.449461,0.785706,0.230149,9.532646,12.35769,20.931574,0.79355,-0.652666,41.366531,2.503748,0.816609,999.794631,52.661511,0.175748,0.01147,0.000633,52.807774,0.242821,0.242821,0.059383
1857,2013-01-31,365.0,27.691451,310.691451,0.985153,1.030368,-17.554679,-0.214113,0.855674,185.083614,75.509024,68.171258,0.785706,0.306653,12.782412,19.258898,21.06508,2.116291,-0.999622,44.448208,2.50085,0.816609,999.881063,52.722538,0.182929,0.018286,0.000659,55.067986,0.658788,0.658788,0.172413
1858,2013-02-01,365.0,28.707423,311.707423,0.985289,1.030084,-17.275693,-0.212292,0.856982,346.273964,75.657322,67.85917,0.785706,0.490344,20.570907,38.32939,21.200711,3.9165,-1.990907,39.895963,2.505208,0.816609,999.742737,52.630824,0.172159,0.034275,0.00062,55.822594,1.187707,1.187707,0.280868
1859,2013-02-02,365.0,29.723111,312.723111,0.98543,1.02979,-16.991615,-0.210432,0.858293,387.622171,75.807807,68.148741,0.785706,0.518277,21.883945,42.259713,21.338386,4.441761,-2.190621,41.366531,2.503748,0.816609,999.794631,52.661511,0.175748,0.0385,0.000633,55.743486,1.359147,1.359147,0.332183
1860,2013-02-03,365.0,30.738504,313.738504,0.985574,1.029488,-16.702557,-0.208534,0.859605,417.397975,75.960402,68.180997,0.785706,0.545802,23.196982,46.314759,21.478027,4.796409,-2.398752,42.883546,2.502295,0.816609,999.840702,52.692082,0.179339,0.043019,0.000646,55.461392,1.480515,1.480515,0.373644
1861,2013-02-04,365.0,31.753595,314.753595,0.985724,1.029176,-16.408634,-0.206597,0.860917,302.897595,76.115033,69.476687,0.785706,0.392656,16.798117,28.845065,21.619553,3.667648,-1.484034,47.725402,2.49798,0.816609,999.945071,52.89268,0.189893,0.028181,0.000684,55.481419,1.159829,1.159829,0.32166
1862,2013-02-05,365.0,32.768375,315.768375,0.985877,1.028856,-16.109958,-0.204623,0.862227,337.636934,76.271626,69.435351,0.785706,0.436262,18.787368,33.171556,21.762884,4.087954,-1.70569,44.448208,2.50085,0.816609,999.881063,52.722538,0.182929,0.031202,0.000659,56.142784,1.272553,1.272553,0.331106
1863,2013-02-06,365.0,33.782834,316.782834,0.986035,1.028527,-15.806645,-0.202612,0.863533,215.416663,76.430107,71.353369,0.785706,0.278046,12.053677,15.830103,21.907938,2.810326,-0.806176,38.470662,2.506675,0.816609,999.684909,52.600019,0.168574,0.01359,0.000607,59.01018,0.844403,0.844403,0.191769
1864,2013-02-07,365.0,34.796964,317.796964,0.986197,1.028189,-15.498809,-0.200564,0.864834,65.192748,76.590406,67.018476,0.785706,0.189246,8.259001,8.937697,22.054635,0.719383,-0.463981,33.199343,2.512617,0.816609,999.39187,52.47562,0.154317,0.00716,0.000556,56.795636,0.207694,0.207694,0.040694
1865,2013-02-08,365.0,35.810757,318.810757,0.986363,1.027843,-15.186566,-0.198481,0.866128,208.45205,76.752452,69.895238,0.785706,0.348867,15.327516,20.6868,22.202892,2.580701,-1.059055,30.806287,2.515633,0.816609,999.206545,52.412702,0.14727,0.015597,0.00053,59.744579,0.729007,0.729007,0.132606
1866,2013-02-09,365.0,36.824204,319.824204,0.986533,1.027488,-14.87003,-0.196362,0.867414,127.32946,76.916175,63.440856,0.785706,0.372011,16.454539,24.380695,22.352629,1.213177,-1.284096,37.089471,2.508149,0.816609,999.621031,52.569098,0.164995,0.021187,0.000594,53.030489,0.361058,0.361058,0.078716
1867,2013-02-10,365.0,37.837297,320.837297,0.986708,1.027125,-14.549319,-0.194208,0.868689,292.303334,77.081509,68.569215,0.785706,0.490652,21.848931,36.009085,22.503763,3.446909,-1.851882,33.199343,2.512617,0.816609,999.39187,52.47562,0.154317,0.028578,0.000556,58.074521,0.995161,0.995161,0.194901
1868,2013-02-11,365.0,38.850028,321.850028,0.986886,1.026753,-14.224547,-0.19202,0.869953,429.399098,77.248386,68.767456,0.785706,0.614264,27.538756,52.831873,22.656212,5.110625,-2.712433,37.089471,2.508149,0.816609,999.621031,52.569098,0.164995,0.044754,0.000594,57.323654,1.520991,1.520991,0.332026
1869,2013-02-12,365.0,39.862389,322.862389,0.987068,1.026374,-13.895832,-0.189799,0.871204,264.059063,77.416743,71.365856,0.785706,0.356359,16.0847,23.388194,22.809896,3.477145,-1.185431,39.895963,2.505208,0.816609,999.742737,52.630824,0.172159,0.020408,0.00062,58.74914,1.05447,1.05447,0.24685
1870,2013-02-13,365.0,40.874372,323.874372,0.987254,1.025987,-13.563288,-0.187544,0.87244,272.099958,77.586514,71.588035,0.785706,0.359013,16.314481,23.948471,22.964732,3.618059,-1.211581,41.366531,2.503748,0.816609,999.794631,52.661511,0.175748,0.021293,0.000633,58.600346,1.1071,1.1071,0.267908
1871,2013-02-14,365.0,41.88597,324.88597,0.987444,1.025592,-13.227032,-0.185257,0.873661,422.558638,77.757639,70.407502,0.785706,0.552658,25.28471,45.511934,23.120639,5.381443,-2.313354,38.470662,2.506675,0.816609,999.684909,52.600019,0.168574,0.038997,0.000607,58.361866,1.616932,1.616932,0.364505
1872,2013-02-15,365.0,42.897174,325.897174,0.987638,1.025189,-12.887179,-0.182939,0.874863,455.836731,77.930057,70.037651,0.785706,0.594257,27.37244,52.759338,23.277537,5.731591,-2.684145,42.883546,2.502295,0.816609,999.840702,52.692082,0.179339,0.048137,0.000646,57.099488,1.769178,1.769178,0.441175
1873,2013-02-16,365.0,43.907977,326.907977,0.987836,1.024779,-12.543847,-0.180589,0.876047,461.358606,78.103708,70.189886,0.785706,0.600874,27.864826,53.659112,23.435344,5.842857,-2.725728,42.883546,2.502295,0.816609,999.840702,52.692082,0.179339,0.048883,0.000646,57.248067,1.803523,1.803523,0.448884
1874,2013-02-17,365.0,44.918373,327.918373,0.988037,1.024362,-12.19715,-0.178209,0.87721,412.067138,78.278534,71.577695,0.785706,0.536649,25.054928,40.796991,23.59398,5.507005,-2.057232,31.983483,2.514121,0.816609,999.302552,52.444222,0.150785,0.03102,0.000543,60.968385,1.572948,1.572948,0.293811
1875,2013-02-18,365.0,45.928353,328.928353,0.988242,1.023938,-11.847204,-0.175799,0.878352,183.789017,78.45448,62.772911,0.785706,0.543058,25.525434,41.547935,23.753366,1.722357,-2.178979,31.983483,2.514121,0.816609,999.302552,52.444222,0.150785,0.032856,0.000543,53.732466,0.491951,0.491951,0.091344
1876,2013-02-19,365.0,46.937912,329.937912,0.98845,1.023506,-11.494125,-0.17336,0.879471,198.262854,78.63149,62.377192,0.785706,0.58937,27.8889,46.473911,23.913423,1.828256,-2.439533,30.806287,2.515633,0.816609,999.206545,52.412702,0.14727,0.035927,0.00053,53.667162,0.516453,0.516453,0.092243
1877,2013-02-20,365.0,47.947041,330.947041,0.988662,1.023068,-11.138026,-0.170893,0.880565,345.706786,78.80951,69.797144,0.785706,0.58585,27.908593,46.050273,24.074071,4.334895,-2.335599,30.806287,2.515633,0.816609,999.206545,52.412702,0.14727,0.034396,0.00053,59.832609,1.224538,1.224538,0.219462
1878,2013-02-21,365.0,48.955735,331.955735,0.988877,1.022622,-10.779024,-0.168398,0.881634,122.328952,78.988489,66.636113,0.785706,0.368074,17.65159,22.169864,24.235234,1.354862,-1.139911,29.666731,2.517153,0.816609,999.103712,52.381061,0.143775,0.016389,0.000518,57.503736,0.37839,0.37839,0.065056
1879,2013-02-22,365.0,49.963986,332.963986,0.989096,1.022171,-10.417232,-0.165876,0.882677,60.301267,79.168376,69.1404,0.785706,0.189481,9.147489,8.950344,24.396833,0.738893,-0.454552,33.199343,2.512617,0.816609,999.39187,52.47562,0.154317,0.007015,0.000556,58.717421,0.213327,0.213327,0.041179
1880,2013-02-23,365.0,50.971789,333.971789,0.989317,1.021712,-10.052764,-0.163327,0.883691,85.317767,79.349122,68.391874,0.785706,0.272441,13.239787,13.829794,24.558793,1.016326,-0.704184,28.563809,2.51868,0.816609,998.993908,52.349298,0.140301,0.00988,0.000505,59.250764,0.28053,0.28053,0.04639
1881,2013-02-24,365.0,51.979136,334.979136,0.989542,1.021248,-9.685735,-0.160754,0.884676,398.965193,79.530677,69.870707,0.785706,0.695197,34.007652,57.330747,24.721037,5.04033,-2.896684,27.49654,2.520215,0.816609,998.876988,52.317411,0.136852,0.039642,0.000493,60.769282,1.374534,1.374534,0.218551
1882,2013-02-25,365.0,52.986023,335.986023,0.98977,1.020777,-9.316256,-0.158155,0.885632,104.854194,79.712996,67.03402,0.785706,0.340396,16.760914,19.650148,24.883492,1.185606,-1.00505,29.666731,2.517153,0.816609,999.103712,52.381061,0.143775,0.01445,0.000518,57.854575,0.331119,0.331119,0.056838
1883,2013-02-26,365.0,53.992443,336.992443,0.990001,1.020301,-8.944441,-0.155533,0.886556,202.99391,79.896033,61.314125,0.785706,0.662684,32.843423,54.812494,25.046082,1.799568,-2.87352,29.666731,2.517153,0.816609,999.103712,52.381061,0.143775,0.041314,0.000518,53.061418,0.502588,0.502588,0.086003
1884,2013-02-27,365.0,54.998389,337.998389,0.990236,1.019819,-8.570403,-0.152887,0.887448,388.460878,80.079743,69.648113,0.785706,0.682976,34.068924,60.504233,25.208736,4.880921,-3.052121,34.454912,2.51112,0.816609,999.474637,52.506899,0.157864,0.048182,0.000568,58.852006,1.423946,1.423946,0.284788
1885,2013-02-28,365.0,56.003858,339.003858,0.990472,1.019331,-8.194252,-0.150219,0.888307,77.136851,80.264084,67.365956,0.785706,0.261056,13.106295,14.782525,25.371382,0.88664,-0.752949,41.366531,2.503748,0.816609,999.794631,52.661511,0.175748,0.013233,0.000633,55.485846,0.271305,0.271305,0.064656
1886,2013-03-01,365.0,57.008843,340.008843,0.990712,1.018838,-7.816102,-0.147529,0.889132,307.599546,80.449013,69.719744,0.785706,0.548154,27.696321,49.417315,25.533948,3.882975,-2.487573,51.2082,2.495138,0.816609,999.987473,53.044019,0.196863,0.048971,0.000709,55.33474,1.246381,1.246381,0.359912
1887,2013-03-02,365.0,58.013338,341.013338,0.990955,1.018339,-7.436061,-0.144819,0.889922,239.733279,80.634489,73.658431,0.785706,0.358162,18.211819,25.309176,25.696365,3.508023,-1.24931,49.440455,2.496556,0.816609,999.968924,52.970548,0.193378,0.024159,0.000696,58.674618,1.11777,1.11777,0.313232
1888,2013-03-03,365.0,59.017339,342.017339,0.9912,1.017835,-7.054241,-0.142088,0.890676,396.405905,80.820473,73.459395,0.785706,0.555771,28.438187,44.192372,25.858564,5.763999,-2.181521,34.454912,2.51112,0.816609,999.474637,52.506899,0.157864,0.034438,0.000568,61.995316,1.681572,1.681572,0.335326
1889,2013-03-04,365.0,60.020841,343.020841,0.991448,1.017326,-6.670751,-0.139338,0.891394,510.867033,81.006926,73.33386,0.785706,0.698944,35.988148,59.418156,26.020478,7.400639,-2.932218,29.666731,2.517153,0.816609,999.103712,52.381061,0.143775,0.042158,0.000518,63.167219,2.066872,2.066872,0.353348
1890,2013-03-05,365.0,61.023839,344.023839,0.991698,1.016813,-6.285702,-0.13657,0.892074,379.606931,81.193809,74.21747,0.785706,0.514479,26.654646,40.262047,26.182041,5.680919,-1.97662,37.089471,2.508149,0.816609,999.621031,52.569098,0.164995,0.032613,0.000594,61.986467,1.690718,1.690718,0.361539
1891,2013-03-06,365.0,62.026328,345.026328,0.991951,1.016295,-5.899201,-0.133784,0.892717,114.908664,81.381087,65.582463,0.785706,0.394456,20.562156,27.03226,26.343188,1.233944,-1.380727,38.470662,2.506675,0.816609,999.684909,52.600019,0.168574,0.023275,0.000607,54.790547,0.370756,0.370756,0.081653
1892,2013-03-07,365.0,63.028305,346.028305,0.992206,1.015772,-5.511358,-0.130981,0.893321,380.78491,81.568722,71.05309,0.785706,0.683484,35.845901,60.572434,26.503854,5.081402,-3.013597,34.454912,2.51112,0.816609,999.474637,52.506899,0.157864,0.047574,0.000568,60.123469,1.482433,1.482433,0.29357
1893,2013-03-08,365.0,64.029763,347.029763,0.992463,1.015246,-5.122279,-0.128163,0.893885,484.328365,81.756681,72.468442,0.785706,0.727907,38.406323,68.340295,26.663978,6.817093,-3.37411,37.089471,2.508149,0.816609,999.621031,52.569098,0.164995,0.055671,0.000594,60.642826,2.028859,2.028859,0.431921
1894,2013-03-09,365.0,65.030701,348.030701,0.992723,1.014715,-4.732072,-0.125329,0.89441,524.496715,81.944928,72.845429,0.785706,0.739493,39.251044,72.631079,26.823498,7.489565,-3.576164,41.366531,2.503748,0.816609,999.794631,52.661511,0.175748,0.06285,0.000633,59.965789,2.291754,2.291754,0.541075
1895,2013-03-10,365.0,66.031112,349.031112,0.992984,1.01418,-4.340845,-0.122481,0.894895,530.833695,82.13343,73.00001,0.785706,0.730303,38.992815,73.871139,26.982355,7.627044,-3.631145,46.061744,2.499411,0.816609,999.915818,52.810115,0.186409,0.067688,0.000671,59.088567,2.39326,2.39326,0.622526
1896,2013-03-11,365.0,67.030995,350.030995,0.993248,1.013642,-3.948703,-0.11962,0.895339,56.032115,82.322155,70.214805,0.785706,0.19396,10.416757,10.278957,27.140489,0.725935,-0.511544,46.061744,2.499411,0.816609,999.915818,52.810115,0.186409,0.009536,0.000671,56.992429,0.227788,0.227788,0.059004
1897,2013-03-12,365.0,68.030344,351.030344,0.993514,1.013099,-3.555752,-0.116746,0.895742,344.848303,82.511069,70.938326,0.785706,0.621916,33.594042,60.620984,27.297845,4.594381,-3.003774,53.029959,2.493728,0.816609,1000.000813,53.113388,0.200345,0.060179,0.000721,56.154318,1.485333,1.485333,0.435946
1898,2013-03-13,365.0,69.029158,352.029158,0.993781,1.012554,-3.162097,-0.113861,0.896103,384.332957,82.700142,72.998255,0.785706,0.580062,31.512881,56.942959,27.454366,5.529216,-2.791243,60.88443,2.488154,0.816609,1000.003891,53.355378,0.214195,0.059787,0.000771,56.244936,1.836047,1.836047,0.0
1899,2013-03-14,365.0,70.027432,353.027432,0.994051,1.012005,-2.767843,-0.110965,0.896422,461.256861,82.889342,73.201421,0.785706,0.644606,35.217834,68.316152,27.609998,6.687472,-3.342322,65.171945,2.485408,0.816609,999.976449,53.458715,0.221043,0.07388,0.000796,54.074181,2.248171,2.248171,0.0
1900,2013-03-15,365.0,71.025163,354.025163,0.994322,1.011454,-2.373095,-0.108059,0.8967,455.720885,83.078639,74.615348,0.785706,0.612097,33.629059,59.168049,27.764688,6.952986,-2.872229,53.029959,2.493728,0.816609,1000.000813,53.113388,0.200345,0.057544,0.000721,55.821622,2.247854,2.247854,0.762609
1901,2013-03-16,365.0,72.022348,355.022348,0.994595,1.010899,-1.977956,-0.105143,0.896935,144.633996,83.268003,67.079152,0.785706,0.454277,25.096507,35.316136,27.918385,1.659305,-1.775278,44.448208,2.50085,0.816609,999.881063,52.722538,0.182929,0.032475,0.000659,52.357013,0.516531,0.516531,0.150988
1902,2013-03-17,365.0,73.018986,356.018986,0.994869,1.010342,-1.582529,-0.10222,0.897127,224.447017,83.457404,76.368601,0.785706,0.389323,21.625715,24.51183,28.071039,3.642192,-1.177438,30.806287,2.515633,0.816609,999.206545,52.412702,0.14727,0.01734,0.00053,63.089485,1.028861,1.028861,0.215593
1903,2013-03-18,365.0,74.015073,357.015073,0.995145,1.009782,-1.186918,-0.09929,0.897277,440.204025,83.646813,75.440345,0.785706,0.645857,36.069118,55.586589,28.222601,6.918433,-2.679852,34.454912,2.51112,0.816609,999.474637,52.506899,0.157864,0.042305,0.000568,61.26588,2.018363,2.018363,0.470017
1904,2013-03-19,365.0,75.010606,358.010606,0.995422,1.00922,-0.791224,-0.096353,0.897384,233.633747,83.8362,62.847993,0.785706,0.743113,41.721742,73.167175,28.373025,2.244279,-3.739104,41.366531,2.503748,0.816609,999.794631,52.661511,0.175748,0.065714,0.000633,49.908715,0.686734,0.686734,0.187656
1905,2013-03-20,365.0,76.005584,359.005584,0.9957,1.008656,-0.39555,-0.093411,0.897448,141.337843,84.025538,67.777288,0.785706,0.456757,25.779286,34.770635,28.522264,1.668609,-1.735784,41.366531,2.503748,0.816609,999.794631,52.661511,0.175748,0.030506,0.000633,53.65255,0.510583,0.510583,0.139711
1906,2013-03-21,365.0,77.000005,5e-06,0.99598,1.00809,2e-06,-0.090464,0.897469,92.252591,84.214798,72.836294,0.785706,0.301338,17.095738,16.087144,28.670276,1.321388,-0.783273,28.563809,2.51868,0.816609,998.993908,52.349298,0.140301,0.010989,0.000505,61.070401,0.364734,0.364734,0.070509
1907,2013-03-22,365.0,77.993866,0.993866,0.99626,1.007522,0.395332,-0.087514,0.897448,383.575345,84.403952,75.356043,0.785706,0.6764,38.570454,53.459429,28.817017,6.011844,-2.568586,25.465127,2.523309,0.816609,998.621183,52.253266,0.130032,0.0334,0.000468,64.115622,1.598568,1.598568,0.275579
1908,2013-03-23,365.0,78.987167,1.987167,0.996542,1.006952,0.790339,-0.084561,0.897384,540.98926,84.59297,76.570622,0.785706,0.803481,46.048201,67.003435,28.962447,8.842452,-3.196954,25.465127,2.523309,0.816609,998.621183,52.253266,0.130032,0.041571,0.000468,65.116044,2.351236,2.351236,0.405095
1909,2013-03-24,365.0,79.979905,2.979905,0.996825,1.006381,1.184922,-0.081606,0.897278,248.779949,84.781827,65.077229,0.785706,0.818653,47.151151,73.7641,29.106525,2.629076,-3.714811,33.199343,2.512617,0.816609,999.39187,52.47562,0.154317,0.057326,0.000556,53.6337,0.759044,0.759044,0.168683
1910,2013-03-25,365.0,80.972079,3.972079,0.997108,1.005809,1.578982,-0.07865,0.897129,190.084414,84.970492,65.098977,0.785706,0.629049,36.40832,56.8519,29.249214,2.010289,-2.86019,41.366531,2.503748,0.816609,999.794631,52.661511,0.175748,0.050267,0.000633,51.69878,0.615134,0.615134,0.167427
1911,2013-03-26,365.0,81.963688,4.963688,0.997393,1.005235,1.972419,-0.075694,0.896938,323.132817,85.158939,74.630452,0.785706,0.573459,33.351132,52.358289,29.390478,4.934021,-2.515122,49.440455,2.496556,0.816609,999.968924,52.970548,0.193378,0.048637,0.000696,56.876149,1.572139,1.572139,0.499354
1912,2013-03-27,365.0,82.954732,5.954732,0.997678,1.004661,2.365134,-0.072739,0.896705,152.877411,85.347139,66.528673,0.785706,0.508127,29.692138,43.479758,29.530281,1.714609,-2.169108,49.440455,2.496556,0.816609,999.968924,52.970548,0.193378,0.041946,0.000696,51.081202,0.54633,0.54633,0.172663
1913,2013-03-28,365.0,83.945208,6.945208,0.997963,1.004086,2.757027,-0.069786,0.896431,367.650673,85.535064,73.698054,0.785706,0.653668,38.375686,66.854053,29.66859,5.426926,-3.2201,56.840928,2.490928,0.816609,1000.012234,53.240943,0.20729,0.06675,0.000746,54.558933,1.778781,1.778781,0.0
1914,2013-03-29,365.0,84.935118,7.935118,0.998249,1.003511,3.148001,-0.066836,0.896115,451.576434,85.722685,75.970161,0.785706,0.665325,39.240099,67.920219,29.805372,7.219744,-3.231849,54.907078,2.492324,0.816609,1000.009037,53.178937,0.203822,0.065872,0.000734,55.269176,2.350419,2.350419,0.0
1915,2013-03-30,365.0,85.924459,8.924459,0.998536,1.002935,3.537958,-0.063889,0.895759,584.645588,85.909975,75.905225,0.785706,0.795737,47.144583,90.182858,29.940598,9.322534,-4.28848,60.88443,2.488154,0.816609,1000.003891,53.355378,0.214195,0.091857,0.000771,52.326105,3.095668,3.095668,0.0
1916,2013-03-31,365.0,86.913232,9.913232,0.998823,1.002358,3.926798,-0.060947,0.895362,618.559557,86.096904,76.34151,0.785706,0.803122,47.794534,93.080286,30.074238,10.008545,-4.412426,67.410908,2.484044,0.816609,999.955764,53.506817,0.22444,0.099032,0.000808,49.330516,3.38456,3.38456,0.0
1917,2013-04-01,365.0,87.901437,10.901437,0.99911,1.001782,4.314426,-0.05801,0.894926,627.887924,86.283443,76.776468,0.785706,0.791374,47.302149,92.114477,30.206264,10.306996,-4.352982,65.171945,2.485408,0.816609,999.976449,53.458715,0.221043,0.09622,0.000796,49.273365,3.46497,3.46497,0.0
1918,2013-04-02,365.0,88.889074,11.889074,0.999398,1.001206,4.700743,-0.055079,0.894451,600.322408,86.469563,77.576772,0.785706,0.740217,44.435352,82.451352,30.33665,10.120174,-3.876957,60.88443,2.488154,0.816609,1000.003891,53.355378,0.214195,0.083043,0.000771,50.696416,3.360534,3.360534,0.0
1919,2013-04-03,365.0,89.876143,12.876143,0.999685,1.00063,5.085652,-0.052156,0.893936,619.80368,86.655233,77.819909,0.785706,0.747508,45.06342,84.573106,30.465371,10.528255,-3.968046,62.996953,2.486778,0.816609,999.992517,53.408313,0.217627,0.086355,0.000783,50.35795,3.517932,3.517932,0.0
1920,2013-04-04,365.0,90.862644,13.862644,0.999973,1.000055,5.469058,-0.049241,0.893384,365.369086,86.840425,80.578154,0.785706,0.429464,25.998126,35.443785,30.592404,6.789226,-1.638088,58.832904,2.489538,0.816609,1000.010491,53.299671,0.210749,0.034523,0.000759,52.951933,2.24003,2.24003,0.0
1921,2013-04-05,365.0,91.848578,14.848578,1.00026,0.99948,5.850862,-0.046335,0.892794,431.619479,87.025106,80.64616,0.785706,0.497989,30.269872,42.632024,30.717727,8.032446,-1.967716,51.2082,2.495138,0.816609,999.987473,53.044019,0.196863,0.038737,0.000709,54.977933,2.578303,2.578303,1.021628
1922,2013-04-06,365.0,92.833946,15.833946,1.000547,0.998906,6.23097,-0.043438,0.892168,156.958984,87.209247,79.518377,0.785706,0.295688,18.045501,18.656912,30.841319,2.814591,-0.865318,47.725402,2.49798,0.816609,999.945071,52.89268,0.189893,0.016432,0.000684,55.253005,0.890065,0.890065,0.335521
1923,2013-04-07,365.0,93.818749,16.818749,1.000834,0.998334,6.609285,-0.040553,0.891505,200.765225,87.392815,78.686557,0.785706,0.387675,23.752834,26.970613,30.963162,3.500569,-1.255064,41.366531,2.503748,0.816609,999.794631,52.661511,0.175748,0.022057,0.000633,56.646087,1.071149,1.071149,0.362855
1924,2013-04-08,365.0,94.802987,17.802987,1.001121,0.997762,6.985712,-0.037679,0.890807,383.182104,87.575778,80.283628,0.785706,0.533974,32.843423,43.170463,31.083236,7.032888,-1.990581,38.470662,2.506675,0.816609,999.684909,52.600019,0.168574,0.033556,0.000607,58.696447,2.113132,2.113132,0.675755
1925,2013-04-09,365.0,95.786662,18.786662,1.001407,0.997191,7.360154,-0.034818,0.890075,550.129248,87.758104,79.787743,0.785706,0.68904,42.542388,67.659114,31.201526,9.928368,-3.124779,46.061744,2.499411,0.816609,999.915818,52.810115,0.186409,0.058249,0.000671,56.002866,3.115383,3.115383,1.141503
1926,2013-04-10,365.0,96.769775,19.769775,1.001693,0.996622,7.732518,-0.031971,0.889309,633.532716,87.939758,79.485175,0.785706,0.762752,47.269321,82.561358,31.318017,11.311864,-3.815368,53.029959,2.493728,0.816609,1000.000813,53.113388,0.200345,0.076439,0.000721,53.983906,3.65705,3.65705,1.475213
1927,2013-04-11,365.0,97.752328,20.752328,1.001978,0.996055,8.102707,-0.029138,0.88851,556.561141,88.120707,80.905495,0.785706,0.660329,41.07179,61.946988,31.432694,10.393571,-2.839044,42.883546,2.502295,0.816609,999.840702,52.692082,0.179339,0.050915,0.000646,57.926708,3.208198,3.208198,1.106613
1928,2013-04-12,365.0,98.734322,21.734322,1.002263,0.99549,8.470628,-0.02632,0.887679,314.265614,88.300915,76.208699,0.785706,0.614775,38.375686,58.230405,31.545545,5.018312,-2.731227,49.440455,2.496556,0.816609,999.968924,52.970548,0.193378,0.052816,0.000696,53.109853,1.598997,1.598997,0.609377
1929,2013-04-13,365.0,99.715759,22.715759,1.002547,0.994926,8.836185,-0.023518,0.886818,189.230624,88.480349,80.168382,0.785706,0.373315,23.385184,24.204262,31.656558,3.444758,-1.111448,35.751258,2.509631,0.816609,999.550981,52.538058,0.161424,0.017941,0.000581,59.967345,1.015186,1.015186,0.301343
1930,2013-04-14,365.0,100.696642,23.696642,1.00283,0.994365,9.199284,-0.020734,0.885926,458.971216,88.65897,80.735484,0.785706,0.648601,40.76979,55.945858,31.765724,8.499986,-2.559034,34.454912,2.51112,0.816609,999.474637,52.506899,0.157864,0.040398,0.000568,60.884061,2.479761,2.479761,0.712345
1931,2013-04-15,365.0,101.676973,24.676973,1.003112,0.993806,9.559832,-0.017967,0.885006,271.339761,88.836741,78.643404,0.785706,0.541076,34.125825,42.411464,31.873032,4.689931,-1.959274,34.454912,2.51112,0.816609,999.474637,52.506899,0.157864,0.03093,0.000568,59.502567,1.368227,1.368227,0.391521
1932,2013-04-16,365.0,102.656753,25.656753,1.003393,0.993249,9.917734,-0.015219,0.884058,307.596994,89.013626,82.640398,0.785706,0.437444,27.681002,30.152456,31.978476,6.035335,-1.36292,33.199343,2.512617,0.816609,999.39187,52.47562,0.154317,0.021032,0.000556,62.811565,1.742469,1.742469,0.48287
1933,2013-04-17,365.0,103.635986,26.635986,1.003673,0.992695,10.272897,-0.01249,0.883083,575.464036,89.189585,81.269486,0.785706,0.733108,46.540585,69.947882,32.082049,10.805068,-3.181661,38.470662,2.506675,0.816609,999.684909,52.600019,0.168574,0.053634,0.000607,59.994529,3.246538,3.246538,1.014901
1934,2013-04-18,365.0,104.614673,27.614673,1.003951,0.992144,10.625227,-0.009782,0.882082,652.932797,89.364577,81.126215,0.785706,0.798589,50.858289,82.456384,32.183745,12.190278,-3.749973,46.061744,2.499411,0.816609,999.915818,52.810115,0.186409,0.069903,0.000671,57.548077,3.825139,3.825139,1.372159
1935,2013-04-19,365.0,105.592818,28.592818,1.004229,0.991595,10.974631,-0.007096,0.881056,95.263972,89.538564,82.171083,0.785706,0.201428,12.867759,10.757016,32.28356,1.835865,-0.486077,46.061744,2.499411,0.816609,999.915818,52.810115,0.186409,0.009061,0.000671,58.341807,0.576069,0.576069,0.205922
1936,2013-04-20,365.0,106.570424,29.570424,1.004505,0.99105,11.321017,-0.004431,0.880007,276.483177,89.711503,77.101161,0.785706,0.587497,37.644763,53.088447,32.38149,4.512508,-2.460762,46.061744,2.499411,0.816609,999.915818,52.810115,0.186409,0.045871,0.000671,54.923284,1.415962,1.415962,0.507499
1937,2013-04-21,365.0,107.547494,30.547494,1.00478,0.990508,11.664291,-0.001789,0.878936,483.528795,89.883352,80.166866,0.785706,0.710594,45.667418,71.714401,32.477533,8.723508,-3.268901,47.725402,2.49798,0.816609,999.945071,52.89268,0.189893,0.062074,0.000684,56.475483,2.758656,2.758656,1.014517
1938,2013-04-22,365.0,108.524031,31.524031,1.005054,0.989969,12.004362,0.000828,0.877843,512.92486,90.054067,82.063829,0.785706,0.670172,43.194529,62.593277,32.571688,9.815797,-2.822245,41.366531,2.503748,0.816609,999.794631,52.661511,0.175748,0.0496,0.000633,59.757225,3.003565,3.003565,0.988209
1939,2013-04-23,365.0,109.500038,32.500038,1.005325,0.989434,12.341137,0.003422,0.876731,691.812991,90.223605,82.504294,0.785706,0.865398,55.935362,81.490574,32.663953,13.404883,-3.662403,44.448208,2.50085,0.816609,999.881063,52.722538,0.182929,0.066996,0.000659,59.144767,4.172852,4.172852,1.448091
1940,2013-04-24,365.0,110.475519,33.475519,1.005596,0.988902,12.674525,0.005989,0.8756,753.234759,90.391919,82.790127,0.785706,0.927027,60.084563,87.28543,32.754331,14.705644,-3.913347,54.907078,2.492324,0.816609,1000.009037,53.178937,0.203822,0.079762,0.000734,56.483606,4.787487,4.787487,0.0
1941,2013-04-25,365.0,111.450478,34.450478,1.005864,0.988374,13.004434,0.008531,0.874452,670.42526,90.558965,81.623305,0.785706,0.780071,50.69635,91.125208,32.842822,12.605015,-4.107236,65.171945,2.485408,0.816609,999.976449,53.458715,0.221043,0.090787,0.000796,52.046862,4.23751,4.23751,0.0
1942,2013-04-26,365.0,112.424918,35.424918,1.006131,0.98785,13.330773,0.011045,0.873287,717.706316,90.724693,81.924132,0.785706,0.797969,51.996252,95.977714,32.929429,13.60384,-4.315235,74.527011,2.479993,0.816609,999.866744,53.639508,0.234502,0.101193,0.000844,50.187265,4.678093,4.678093,0.0
1943,2013-04-27,365.0,113.398844,36.398844,1.006396,0.98733,13.653451,0.013532,0.872108,700.501293,90.889058,82.757021,0.785706,0.733212,47.899577,86.501441,33.014155,13.607655,-3.86855,74.527011,2.479993,0.816609,999.866744,53.639508,0.234502,0.090718,0.000844,50.635546,4.679405,4.679405,0.0
1944,2013-04-28,365.0,114.372259,37.372259,1.006658,0.986815,13.972378,0.01599,0.870915,561.968748,91.052008,85.027217,0.785706,0.542652,35.539526,51.410646,33.097004,11.678064,-2.269272,60.88443,2.488154,0.816609,1000.003891,53.355378,0.214195,0.048607,0.000771,55.009706,3.877852,3.877852,0.0
1945,2013-04-29,365.0,115.345167,38.345167,1.006919,0.986304,14.287464,0.018419,0.86971,782.112747,91.213494,85.277494,0.785706,0.686325,45.059042,70.407256,33.17798,16.351322,-3.100835,53.029959,2.493728,0.816609,1000.000813,53.113388,0.200345,0.062124,0.000721,57.261589,5.286272,5.286272,2.149043
1946,2013-04-30,365.0,116.317574,39.317574,1.007178,0.985797,14.598619,0.020817,0.868495,546.975701,91.373465,87.054721,0.785706,0.480648,31.631054,35.795341,33.257091,12.027478,-1.559856,35.751258,2.509631,0.816609,999.550981,52.538058,0.161424,0.02518,0.000581,64.248843,3.544551,3.544551,1.069467
1947,2013-05-01,365.0,117.289483,40.289483,1.007435,0.985295,14.905755,0.023185,0.86727,951.857098,91.53187,85.804977,0.785706,0.837974,55.274467,82.456384,33.33434,20.155362,-3.614774,46.061744,2.499411,0.816609,999.915818,52.810115,0.186409,0.067383,0.000671,59.850026,6.324471,6.324471,2.317979
1948,2013-05-02,365.0,118.2609,41.2609,1.007689,0.984797,15.208781,0.025521,0.866037,947.98682,91.688654,85.389708,0.785706,0.836944,55.331368,90.182858,33.409737,19.801109,-3.959071,60.88443,2.488154,0.816609,1000.003891,53.355378,0.214195,0.084801,0.000771,55.599544,6.575213,6.575213,0.0
1949,2013-05-03,365.0,119.231828,42.231828,1.007941,0.984305,15.507611,0.027824,0.864797,824.251494,91.843764,85.363685,0.785706,0.708869,46.967323,80.551035,33.483288,17.178713,-3.533733,69.715366,2.482687,0.816609,999.930536,53.55284,0.227817,0.080504,0.00082,53.263542,5.842723,5.842723,2.817834
1950,2013-05-04,365.0,120.202273,43.202273,1.008191,0.983817,15.802157,0.030095,0.863552,774.375559,91.997146,85.745395,0.785706,0.668265,44.371887,72.915431,33.555002,16.298386,-3.189412,67.410908,2.484044,0.816609,999.955764,53.506817,0.22444,0.071583,0.000808,54.249168,5.511577,5.511577,2.591539
1951,2013-05-05,365.0,121.17224,44.17224,1.008438,0.983335,16.092332,0.032331,0.862303,944.564857,92.148744,85.459915,0.785706,0.817775,54.412239,95.011905,33.624887,19.685371,-4.158982,72.086874,2.481337,0.816609,999.900839,53.597002,0.231171,0.096144,0.000832,53.268447,6.732758,6.732758,3.279838
1952,2013-05-06,365.0,122.141733,45.141733,1.008683,0.982858,16.378048,0.034533,0.861052,928.529366,92.298501,85.137103,0.785706,0.806965,53.801677,99.840951,33.692953,19.13929,-4.374497,85.006416,2.47468,0.816609,999.687728,53.796851,0.247553,0.108292,0.000891,50.76881,6.716347,6.716347,3.572072
1953,2013-05-07,365.0,123.110759,46.110759,1.008925,0.982386,16.659221,0.0367,0.8598,889.355076,92.44636,85.095533,0.785706,0.776095,51.845251,98.014033,33.75921,18.282567,-4.29195,85.006416,2.47468,0.816609,999.687728,53.796851,0.247553,0.106249,0.000891,51.065598,6.415706,6.415706,3.392199
1954,2013-05-08,365.0,124.079323,47.079323,1.009165,0.98192,16.935766,0.03883,0.858548,901.304777,92.592264,85.049634,0.785706,0.789624,52.849728,101.77257,33.823668,18.476022,-4.454089,90.701004,2.472061,0.816609,999.573533,53.870416,0.253896,0.113088,0.000914,50.319073,6.544276,6.544276,3.562517
1955,2013-05-09,365.0,125.047429,48.047429,1.009401,0.981459,17.207597,0.040925,0.857298,901.54152,92.736152,85.112998,0.785706,0.793059,53.177989,102.738379,33.886338,18.488747,-4.491254,93.668112,2.47076,0.816609,999.510474,53.906496,0.257017,0.115433,0.000925,50.166487,6.578107,6.578107,3.620754
1956,2013-05-10,365.0,126.015084,49.015084,1.009635,0.981004,17.474631,0.042981,0.856051,901.743258,92.877967,85.17379,0.785706,0.796523,53.506243,103.704188,33.947232,18.499344,-4.528438,96.717493,2.469466,0.816609,999.443517,53.942308,0.260104,0.117786,0.000936,50.025997,6.610546,6.610546,3.677481
1957,2013-05-11,365.0,126.982294,49.982294,1.009866,0.980555,17.736786,0.045,0.854809,802.759727,93.017649,85.545073,0.785706,0.712047,47.914899,89.425312,34.00636,16.626389,-3.893977,96.717493,2.469466,0.816609,999.443517,53.942308,0.260104,0.101284,0.000936,50.564569,5.941265,5.941265,3.28513
1958,2013-05-12,365.0,127.949063,50.949063,1.010095,0.980112,17.993979,0.04698,0.853573,864.437048,93.155136,85.340967,0.785706,0.769676,51.880269,100.544956,34.063735,17.770474,-4.379776,96.717493,2.469466,0.816609,999.443517,53.942308,0.260104,0.11392,0.000936,50.781722,6.350092,6.350092,3.49078
1959,2013-05-13,365.0,128.915399,51.915399,1.01032,0.979675,18.24613,0.048921,0.852345,955.618389,93.290367,86.330848,0.785706,0.852339,57.546018,98.875142,34.119369,20.194896,-4.280384,82.275411,2.475999,0.816609,999.738747,53.759049,0.244334,0.104584,0.00088,54.01684,7.052451,7.052451,3.537157
1960,2013-05-14,365.0,129.881307,52.881307,1.010542,0.979245,18.493159,0.050822,0.851125,875.392209,93.423283,86.383578,0.785706,0.782128,52.889116,91.48592,34.173274,18.501391,-3.956427,65.171945,2.485408,0.816609,999.976449,53.458715,0.221043,0.087454,0.000796,57.836489,6.219733,6.219733,2.689252
1961,2013-05-15,365.0,130.846793,53.846793,1.010761,0.97882,18.734985,0.052683,0.849916,827.483922,93.553819,86.596464,0.785706,0.741643,50.228031,85.347359,34.225464,17.572288,-3.683931,67.410908,2.484044,0.816609,999.955764,53.506817,0.22444,0.082682,0.000808,57.697958,5.942369,5.942369,2.610731
1962,2013-05-16,365.0,131.811864,54.811864,1.010977,0.978402,18.971532,0.054502,0.848719,609.526113,93.681916,87.899138,0.785706,0.54796,37.165506,52.184852,34.275951,13.417532,-2.234601,60.88443,2.488154,0.816609,1000.003891,53.355378,0.214195,0.047864,0.000771,60.299917,4.455465,4.455465,1.815935
1963,2013-05-17,365.0,132.776526,55.776526,1.01119,0.977991,19.202722,0.05628,0.847535,312.518954,93.80751,89.893506,0.785706,0.280985,19.084988,18.080961,34.324748,7.263213,-0.765043,54.907078,2.492324,0.816609,1000.009037,53.178937,0.203822,0.015593,0.000734,63.071643,2.364571,2.364571,0.896835
1964,2013-05-18,365.0,133.740785,56.740785,1.011399,0.977586,19.42848,0.058016,0.846365,662.074074,93.930538,88.212873,0.785706,0.589642,40.104515,55.886166,34.371869,14.663467,-2.385557,53.029959,2.493728,0.816609,1000.000813,53.113388,0.200345,0.047794,0.000721,61.628179,4.7406,4.7406,1.799211
1965,2013-05-19,365.0,134.704648,57.704648,1.011605,0.977188,19.648731,0.059709,0.845211,620.836333,94.05094,88.373244,0.785706,0.554224,37.745427,51.965735,34.417327,13.793617,-2.214711,56.840928,2.490928,0.816609,1000.012234,53.240943,0.20729,0.045909,0.000746,60.850709,4.521127,4.521127,1.794183
1966,2013-05-20,365.0,135.668122,58.668122,1.011808,0.976796,19.863402,0.061358,0.844075,878.174792,94.168652,86.819239,0.785706,0.7858,53.585025,95.011905,34.461135,18.640327,-4.082018,72.086874,2.481337,0.816609,999.900839,53.597002,0.231171,0.094365,0.000832,56.417965,6.375334,6.375334,2.949816
1967,2013-05-21,365.0,136.631213,59.631213,1.012007,0.976412,20.072421,0.062963,0.842957,647.437139,94.283613,88.282207,0.785706,0.581274,39.686534,57.124948,34.503307,14.309507,-2.432653,60.88443,2.488154,0.816609,1000.003891,53.355378,0.214195,0.052106,0.000771,60.203005,4.751656,4.751656,1.953779
1968,2013-05-22,365.0,137.593929,60.593929,1.012203,0.976034,20.275718,0.064524,0.841859,359.179904,94.39576,90.543081,0.785706,0.322551,22.048075,20.30982,34.543856,8.440198,-0.85332,41.366531,2.503748,0.816609,999.794631,52.661511,0.175748,0.014997,0.000633,67.400368,2.582641,2.582641,0.794751
1969,2013-05-23,365.0,138.556276,61.556276,1.012395,0.975664,20.473224,0.066041,0.840781,531.964191,94.505032,89.423105,0.785706,0.48576,33.241713,39.634531,34.582797,12.106768,-1.674871,46.061744,2.499411,0.816609,999.915818,52.810115,0.186409,0.031221,0.000671,65.18825,3.798935,3.798935,1.270268
1970,2013-05-24,365.0,139.518261,62.518261,1.012583,0.975301,20.664871,0.067511,0.839727,377.160831,94.611369,90.16468,0.785706,0.353816,24.238658,24.552311,34.620141,8.749567,-1.032531,47.725402,2.49798,0.816609,999.945071,52.89268,0.189893,0.019607,0.000684,65.24746,2.766896,2.766896,0.94808
1971,2013-05-25,365.0,140.479892,63.479892,1.012768,0.974945,20.850593,0.068936,0.838696,763.168693,94.714708,87.971034,0.785706,0.706902,48.477316,75.271216,34.655903,16.63515,-3.203254,56.840928,2.490928,0.816609,1000.012234,53.240943,0.20729,0.0664,0.000746,61.250279,5.452494,5.452494,0.0
1972,2013-05-26,365.0,141.441175,64.441175,1.012949,0.974596,21.030326,0.070314,0.83769,447.954249,94.814992,89.908513,0.785706,0.402836,27.652555,32.096844,34.690095,10.294151,-1.35022,58.832904,2.489538,0.816609,1000.010491,53.299671,0.210749,0.028456,0.000759,61.688193,3.39644,3.39644,1.365296
1973,2013-05-27,365.0,142.402118,65.402118,1.013126,0.974255,21.204008,0.071646,0.836709,384.635521,94.912161,90.55526,0.785706,0.345031,23.706878,24.438806,34.722731,8.986059,-1.023704,53.029959,2.493728,0.816609,1000.000813,53.113388,0.200345,0.020509,0.000721,63.420615,2.905132,2.905132,1.092708
1974,2013-05-28,365.0,143.362728,66.362728,1.0133,0.973922,21.371578,0.07293,0.835756,481.335542,95.006157,90.002822,0.785706,0.429654,29.547703,35.0842,34.753824,11.064331,-1.473488,56.840928,2.490928,0.816609,1000.012234,53.240943,0.20729,0.030544,0.000746,61.504062,3.62655,3.62655,1.452528
1975,2013-05-29,365.0,144.323014,67.323014,1.01347,0.973596,21.532977,0.074167,0.834832,385.076026,95.096923,90.74623,0.785706,0.34443,23.706878,24.373173,34.783387,9.022783,-1.018758,53.029959,2.493728,0.816609,1000.000813,53.113388,0.200345,0.02041,0.000721,63.197503,2.917005,2.917005,1.107654
1976,2013-05-30,365.0,145.282981,68.282981,1.013635,0.973277,21.688148,0.075356,0.833937,657.058721,95.184403,89.425471,0.785706,0.583562,40.198617,55.007543,34.811431,14.83298,-2.315518,53.029959,2.493728,0.816609,1000.000813,53.113388,0.200345,0.04639,0.000721,61.71192,4.795403,4.795403,1.854208
1977,2013-05-31,365.0,146.242638,69.242638,1.013797,0.972967,21.837036,0.076496,0.833072,929.610942,95.268542,88.517396,0.785706,0.827584,57.051445,91.148667,34.837969,20.439954,-3.854898,62.996953,2.486778,0.816609,999.992517,53.408313,0.217627,0.083893,0.000783,58.664816,6.829846,6.829846,2.957312
1978,2013-06-01,365.0,147.201993,70.201993,1.013955,0.972664,21.979587,0.077587,0.832239,886.594355,95.349288,87.813182,0.785706,0.791905,54.631082,96.943523,34.863014,19.091034,-4.114487,77.037385,2.478655,0.816609,999.828319,53.680558,0.237807,0.097845,0.000856,55.324716,6.599784,6.599784,3.222387
1979,2013-06-02,365.0,148.161053,71.161053,1.014108,0.972369,22.115752,0.078629,0.831438,681.697797,95.426588,88.918703,0.785706,0.611058,42.183492,64.29739,34.886577,15.128546,-2.710666,69.715366,2.482687,0.816609,999.930536,53.55284,0.227817,0.061753,0.00082,57.867476,5.145432,5.145432,2.346974
1980,2013-06-03,365.0,149.119827,72.119827,1.014258,0.972082,22.24548,0.079622,0.830671,924.406657,95.500393,88.330264,0.785706,0.830913,57.397213,95.977714,34.908669,20.16054,-4.058115,74.527011,2.479993,0.816609,999.866744,53.639508,0.234502,0.095164,0.000844,56.702626,6.932813,6.932813,3.278999
1981,2013-06-04,365.0,150.078321,73.078321,1.014404,0.971803,22.368726,0.080565,0.829938,876.20226,95.570654,87.694768,0.785706,0.79037,54.62889,99.840951,34.929302,18.75185,-4.235007,85.006416,2.47468,0.816609,999.687728,53.796851,0.247553,0.104839,0.000891,54.545142,6.580387,6.580387,3.343173
1982,2013-06-05,365.0,151.036545,74.036545,1.014545,0.971533,22.485444,0.081457,0.829241,933.742122,95.637325,87.953985,0.785706,0.845282,58.456389,103.704188,34.948486,20.11405,-4.390771,96.717493,2.469466,0.816609,999.443517,53.942308,0.260104,0.114206,0.000936,52.906751,7.187544,7.187544,3.898311
1983,2013-06-06,365.0,151.994505,74.994505,1.014682,0.97127,22.595593,0.0823,0.828579,868.666319,95.700361,87.126949,0.785706,0.789535,54.62889,107.567426,34.966231,18.261157,-4.574059,109.774875,2.464349,0.816609,999.137787,54.085622,0.272083,0.124452,0.000979,50.803286,6.632281,6.632281,3.812698
1984,2013-06-07,365.0,152.952211,75.952211,1.014815,0.971016,22.699133,0.083091,0.827955,859.382594,95.75972,87.268101,0.785706,0.784141,54.280937,105.320267,34.982549,18.125657,-4.473442,103.070439,2.466896,0.816609,999.298128,54.013691,0.266168,0.119069,0.000958,52.286478,6.531272,6.531272,3.611687
1985,2013-06-08,365.0,153.90967,76.90967,1.014944,0.97077,22.796027,0.083831,0.827368,921.738702,95.815361,87.941033,0.785706,0.8441,58.456389,104.669998,34.997447,19.803366,-4.427529,99.85098,2.468178,0.816609,999.372717,53.977994,0.263154,0.116512,0.000947,53.519711,7.10651,7.10651,3.838706
1986,2013-06-09,365.0,154.86689,77.86689,1.015068,0.970532,22.886238,0.084521,0.82682,885.2116,95.867246,87.662518,0.785706,0.813703,56.373044,104.669998,35.010937,18.856147,-4.433225,99.85098,2.468178,0.816609,999.372717,53.977994,0.263154,0.116662,0.000947,53.760453,6.766596,6.766596,3.62793
1987,2013-06-10,365.0,155.82388,78.82388,1.015188,0.970303,22.969736,0.085159,0.82631,942.042423,95.91534,88.342516,0.785706,0.868997,60.224619,102.738379,35.023025,20.444354,-4.333464,93.668112,2.47076,0.816609,999.510474,53.906496,0.257017,0.111377,0.000925,55.53628,7.273892,7.273892,3.736052
1988,2013-06-11,365.0,156.780648,79.780648,1.015303,0.970082,23.046489,0.085745,0.82584,801.992728,95.959608,88.246126,0.785706,0.742463,51.471038,89.037648,35.033721,17.347874,-3.75669,77.037385,2.478655,0.816609,999.828319,53.680558,0.237807,0.089337,0.000856,59.00896,5.997172,5.997172,2.709218
1989,2013-06-12,365.0,157.737202,80.737202,1.015414,0.96987,23.116471,0.086279,0.82541,772.456563,96.000022,88.851342,0.785706,0.717018,49.720322,79.42846,35.043033,16.986447,-3.338949,62.996953,2.486778,0.816609,999.992517,53.408313,0.217627,0.072665,0.000783,62.766435,5.675885,5.675885,2.216689
1990,2013-06-13,365.0,158.693551,81.693551,1.015521,0.969666,23.179656,0.086762,0.825021,727.17019,96.036551,89.299678,0.785706,0.67647,46.919177,70.423193,35.050967,16.183744,-2.952195,56.840928,2.490928,0.816609,1000.012234,53.240943,0.20729,0.061196,0.000746,64.804007,5.304537,5.304537,1.906804
1991,2013-06-14,365.0,159.649703,82.649703,1.015623,0.969471,23.236022,0.087192,0.824673,850.192751,96.069172,88.530161,0.785706,0.792432,54.972469,92.114477,35.057532,18.51191,-3.877813,65.171945,2.485408,0.816609,999.976449,53.458715,0.221043,0.085716,0.000796,62.462369,6.223269,6.223269,2.460818
1992,2013-06-15,365.0,160.605667,83.605667,1.015721,0.969284,23.285549,0.08757,0.824367,896.655874,96.097861,88.27223,0.785706,0.837734,58.123759,100.806761,35.062733,19.375192,-4.249288,87.814364,2.473367,0.816609,999.632637,53.833919,0.250741,0.106547,0.000903,57.900603,6.831315,6.831315,3.277353
1993,2013-06-16,365.0,161.561452,84.561452,1.015814,0.969106,23.328221,0.087896,0.824103,813.019686,96.122598,87.483665,0.785706,0.761951,52.871612,100.877254,35.066576,17.17362,-4.270753,103.070439,2.466896,0.816609,999.298128,54.013691,0.266168,0.113674,0.000958,55.232534,6.188222,6.188222,3.238196
1994,2013-06-17,365.0,162.517065,85.517065,1.015903,0.968937,23.364023,0.088169,0.82388,858.792651,96.143367,87.65492,0.785706,0.807308,56.022899,104.669998,35.069067,18.224414,-4.426503,99.85098,2.468178,0.816609,999.372717,53.977994,0.263154,0.116485,0.000947,56.193405,6.539897,6.539897,3.335241
1995,2013-06-18,365.0,163.472516,86.472516,1.015987,0.968777,23.392943,0.08839,0.823701,599.25751,96.160153,89.389876,0.785706,0.565097,39.216029,58.224325,35.070211,13.348918,-2.437826,74.527011,2.479993,0.816609,999.866744,53.639508,0.234502,0.057168,0.000844,62.214919,4.59043,4.59043,1.925349
1996,2013-06-19,365.0,164.427813,87.427813,1.016067,0.968625,23.414974,0.088558,0.823564,241.35946,96.172946,91.983664,0.785706,0.247232,17.157013,14.493742,35.070012,5.767214,-0.59777,49.440455,2.496556,0.816609,999.968924,52.970548,0.193378,0.01156,0.000696,69.654954,1.837621,1.837621,0.570883
1997,2013-06-20,365.0,165.382964,88.382964,1.016141,0.968482,23.430108,0.088673,0.823469,623.659723,96.181737,89.436751,0.785706,0.615583,42.71746,60.350451,35.068474,13.906627,-2.525855,54.907078,2.492324,0.816609,1000.009037,53.178937,0.203822,0.051482,0.000734,65.496885,4.527363,4.527363,0.0
1998,2013-06-21,365.0,166.33798,89.33798,1.016212,0.968348,23.438342,0.088736,0.823418,405.180926,96.186521,91.432592,0.785706,0.373417,25.910591,27.613033,35.065601,9.538778,-1.142419,53.029959,2.493728,0.816609,1000.000813,53.113388,0.200345,0.022888,0.000721,66.060169,3.083823,3.083823,1.090946
1999,2013-06-22,365.0,167.292867,90.292867,1.016277,0.968223,23.439675,0.088746,0.82341,851.56139,96.187296,88.619397,0.785706,0.782251,54.272184,92.466979,35.061395,18.559713,-3.888058,67.410908,2.484044,0.816609,999.955764,53.506817,0.22444,0.087264,0.000808,60.279008,6.276283,6.276283,2.664303
2000,2013-06-23,365.0,168.247636,91.247636,1.016338,0.968107,23.434111,0.088704,0.823444,701.517683,96.184062,88.873211,0.785706,0.64609,44.81832,73.586896,35.05586,15.399147,-3.089759,82.275411,2.475999,0.816609,999.738747,53.759049,0.244334,0.075493,0.00088,57.510116,5.377682,5.377682,2.581238
2001,2013-06-24,365.0,169.202295,92.202295,1.016394,0.968,23.421653,0.088609,0.823522,235.64938,96.176825,92.220397,0.785706,0.217088,15.056155,13.361918,35.048996,5.665913,-0.550317,67.410908,2.484044,0.816609,999.955764,53.506817,0.22444,0.012351,0.000808,62.688845,1.916025,1.916025,0.808663
2002,2013-06-25,365.0,170.156853,93.156853,1.016446,0.967902,23.402309,0.088461,0.823642,187.85253,96.165591,92.379909,0.785706,0.171691,11.904866,10.192705,35.040805,4.536423,-0.419428,67.410908,2.484044,0.816609,999.955764,53.506817,0.22444,0.009414,0.000808,61.905499,1.534069,1.534069,0.661585
2003,2013-06-26,365.0,171.111318,94.111318,1.016493,0.967813,23.376089,0.088261,0.823805,272.944842,96.15037,91.931866,0.785706,0.247505,17.157013,16.510345,35.031288,6.514885,-0.681236,74.527011,2.479993,0.816609,999.866744,53.639508,0.234502,0.015975,0.000844,59.137323,2.240341,2.240341,1.05076
2004,2013-06-27,365.0,172.0657,95.0657,1.016535,0.967733,23.343007,0.088009,0.824011,943.042775,96.131174,88.330463,0.785706,0.848851,58.824041,105.635807,35.020445,20.402188,-4.450528,103.070439,2.466896,0.816609,999.298128,54.013691,0.266168,0.118459,0.000958,51.072776,7.351581,7.351581,4.191174
2005,2013-06-28,365.0,173.020007,96.020007,1.016572,0.967662,23.303078,0.087704,0.824258,883.503402,96.10802,87.252322,0.785706,0.798601,55.322614,112.396472,35.008276,18.542815,-4.765062,128.17671,2.458084,0.816609,998.6741,54.273912,0.286183,0.136368,0.00103,47.394511,6.856808,6.856808,4.297469
2006,2013-06-29,365.0,173.974249,96.974249,1.016605,0.9676,23.25632,0.087347,0.824548,807.664077,96.080927,87.353932,0.785706,0.733176,50.770752,101.29167,34.99478,17.006502,-4.29246,128.17671,2.458084,0.816609,998.6741,54.273912,0.286183,0.122843,0.00103,47.865722,6.288706,6.288706,3.917629
2007,2013-06-30,365.0,174.928434,97.928434,1.016632,0.967547,23.202755,0.086938,0.824879,882.583397,96.049916,86.963588,0.785706,0.804306,55.672755,115.2939,34.979957,18.384245,-4.897486,140.425038,2.454394,0.816609,998.354614,54.396625,0.294156,0.144063,0.001059,46.60295,6.864498,6.864498,4.419676
2008,2013-07-01,365.0,175.882571,98.882571,1.016655,0.967503,23.142405,0.086477,0.825251,857.129573,96.015011,86.294922,0.785706,0.784435,54.272184,119.831469,34.963803,17.519427,-5.110446,163.039171,2.448354,0.816609,997.75691,54.624238,0.306625,0.156699,0.001104,44.362214,6.637932,6.637932,4.503151
2009,2013-07-02,365.0,176.83667,99.83667,1.016674,0.967468,23.075298,0.085965,0.825663,787.822815,95.976239,86.681461,0.785706,0.724066,50.070467,105.379186,34.946318,16.292708,-4.485312,158.285737,2.449551,0.816609,997.882796,54.576104,0.304213,0.136449,0.001095,45.443269,6.156003,6.156003,4.107035
2010,2013-07-03,365.0,177.790739,100.790739,1.016687,0.967443,23.001462,0.085401,0.826116,785.256861,95.933631,86.984255,0.785706,0.724456,50.070467,101.190692,34.927498,16.391217,-4.300719,136.236704,2.455619,0.816609,998.464449,54.354708,0.291539,0.125383,0.00105,48.404389,6.101054,6.101054,3.806028
2011,2013-07-04,365.0,178.744787,101.744787,1.016696,0.967426,22.920928,0.084786,0.826608,816.184433,95.887219,87.183741,0.785706,0.755606,52.193207,102.349222,34.90734,17.144999,-4.346197,113.263729,2.463085,0.816609,999.052136,54.122096,0.274982,0.119513,0.00099,51.894112,6.250561,6.250561,3.551605
2012,2013-07-05,365.0,179.698823,102.698823,1.0167,0.967419,22.83373,0.08412,0.827139,841.216031,95.837037,87.358664,0.785706,0.781274,53.932981,102.827852,34.885841,17.771056,-4.363442,96.717493,2.469466,0.816609,999.443517,53.942308,0.260104,0.113495,0.000936,54.915235,6.3503,6.3503,3.291395
2013,2013-07-06,365.0,180.652856,103.652856,1.016699,0.967421,22.739904,0.083403,0.827708,915.105333,95.783122,87.855154,0.785706,0.852399,58.804346,104.669998,34.862997,19.621066,-4.430493,99.85098,2.468178,0.816609,999.372717,53.977994,0.263154,0.11659,0.000947,55.008198,7.04109,7.04109,3.690568
2014,2013-07-07,365.0,181.606895,104.606895,1.016693,0.967431,22.639489,0.082635,0.828315,853.335718,95.725514,86.916786,0.785706,0.797471,54.976846,108.533235,34.838802,17.825,-4.619945,113.263729,2.463085,0.816609,999.052136,54.122096,0.274982,0.12704,0.00099,52.851045,6.498469,6.498469,3.618513
2015,2013-07-08,365.0,182.56095,105.56095,1.016683,0.967451,22.532524,0.081817,0.828959,775.814421,95.664254,87.120781,0.785706,0.727342,50.105478,95.779328,34.813252,16.313788,-4.073766,109.774875,2.464349,0.816609,999.137787,54.085622,0.272083,0.11084,0.000979,53.852307,5.925015,5.925015,3.220789
2016,2013-07-09,365.0,183.515029,106.515029,1.016668,0.96748,22.419054,0.08095,0.829638,903.253405,95.599387,87.069407,0.785706,0.849222,58.456389,111.430663,34.786342,18.981083,-4.742564,124.300739,2.459326,0.816609,998.773833,54.234871,0.283443,0.134425,0.00102,52.162763,6.994985,6.994985,4.028956
2017,2013-07-10,365.0,184.469141,107.469141,1.016648,0.967518,22.299124,0.080032,0.830353,820.533473,95.530958,86.27508,0.785706,0.774187,53.248014,109.932876,34.758067,16.865346,-4.701554,128.17671,2.458084,0.816609,998.6741,54.273912,0.286183,0.13455,0.00103,51.705469,6.236509,6.236509,3.616816
2018,2013-07-11,365.0,185.423294,108.423294,1.016623,0.967566,22.172781,0.079066,0.831102,744.22085,95.459014,87.071905,0.785706,0.704407,48.407287,90.438183,34.728419,15.667867,-3.852094,106.377763,2.46562,0.816609,999.219801,54.049525,0.269145,0.103677,0.000969,55.537308,5.668295,5.668295,2.953341
2019,2013-07-12,365.0,186.377499,109.377499,1.016593,0.967622,22.040074,0.07805,0.831884,859.724561,95.383605,87.066397,0.785706,0.815829,56.014149,103.704188,34.697392,18.113699,-4.41915,96.717493,2.469466,0.816609,999.443517,53.942308,0.260104,0.114944,0.000936,57.38708,6.47274,6.47274,3.163784
2020,2013-07-13,365.0,187.331764,110.331764,1.016559,0.967687,21.901055,0.076986,0.832699,879.3541,95.304782,87.332783,0.785706,0.836754,57.397213,101.77257,34.66498,18.687746,-4.332255,90.701004,2.472061,0.816609,999.573533,53.870416,0.253896,0.109994,0.000914,58.915297,6.619269,6.619269,3.080446
2021,2013-07-14,365.0,188.286098,111.286098,1.01652,0.967761,21.755779,0.075874,0.833545,819.757594,95.222597,86.173912,0.785706,0.782133,53.598159,107.793729,34.631175,16.864343,-4.620636,113.263729,2.463085,0.816609,999.052136,54.122096,0.274982,0.127059,0.00099,55.115098,6.148242,6.148242,3.241436
2022,2013-07-15,365.0,189.24051,112.24051,1.016476,0.967845,21.604299,0.074714,0.834421,828.785081,95.137105,85.894622,0.785706,0.792967,54.285314,111.430663,34.595971,16.929112,-4.786273,124.300739,2.459326,0.816609,998.773833,54.234871,0.283443,0.135664,0.00102,53.880078,6.238785,6.238785,3.43213
2023,2013-07-16,365.0,190.195008,113.195008,1.016427,0.967937,21.446675,0.073506,0.835327,612.548499,95.04836,86.930427,0.785706,0.587819,40.198617,72.425556,34.559359,12.908682,-3.094446,128.17671,2.458084,0.816609,998.6741,54.273912,0.286183,0.088558,0.00103,54.383402,4.773404,4.773404,2.64646
2024,2013-07-17,365.0,191.149602,114.149602,1.016374,0.968039,21.282964,0.072251,0.836261,737.828452,94.95642,86.146789,0.785706,0.709658,48.477316,94.772965,34.52133,15.216286,-4.069148,120.524631,2.460573,0.816609,998.870113,54.196619,0.280663,0.114206,0.00101,55.272938,5.587974,5.587974,2.97369
2025,2013-07-18,365.0,192.1043,115.1043,1.016316,0.968149,21.113228,0.07095,0.837223,814.615068,94.861341,85.41158,0.785706,0.78552,53.598159,112.356456,34.481878,16.45982,-4.846456,128.17671,2.458084,0.816609,998.6741,54.273912,0.286183,0.138697,0.00103,54.278401,6.086553,6.086553,3.32151
2026,2013-07-19,365.0,193.059112,116.059112,1.016254,0.968268,20.93753,0.069603,0.83821,792.534845,94.763182,85.172289,0.785706,0.766415,52.232602,111.070928,34.440994,15.919359,-4.79998,140.425038,2.454394,0.816609,998.354614,54.396625,0.294156,0.141194,0.001059,53.151933,5.944134,5.944134,3.371984
2027,2013-07-20,365.0,194.014045,117.014045,1.016186,0.968397,20.755933,0.06821,0.839222,786.039406,94.662002,85.241445,0.785706,0.762343,51.891211,108.339249,34.398668,15.840406,-4.68276,132.154652,2.456849,0.816609,998.570959,54.313829,0.288881,0.135276,0.00104,54.598386,5.876988,5.876988,3.197226
2028,2013-07-21,365.0,194.96911,117.96911,1.016114,0.968534,20.568504,0.066772,0.840258,836.291325,94.557861,85.383644,0.785706,0.813307,55.289784,112.396472,34.354892,16.945072,-4.857102,128.17671,2.458084,0.816609,998.6741,54.273912,0.286183,0.139002,0.00103,55.597392,6.26599,6.26599,3.318323
2029,2013-07-22,365.0,195.924314,118.924314,1.016038,0.96868,20.37531,0.065289,0.841317,773.536339,94.45082,85.291351,0.785706,0.754425,51.219374,103.926011,34.309657,15.650464,-4.496021,120.524631,2.460573,0.816609,998.870113,54.196619,0.280663,0.126187,0.00101,56.961966,5.747421,5.747421,2.904152
2030,2013-07-23,365.0,196.879667,119.879667,1.015957,0.968835,20.176419,0.063762,0.842396,798.264668,94.340941,84.685234,0.785706,0.780468,52.91538,113.186609,34.262954,15.882413,-4.916053,136.236704,2.455619,0.816609,998.464449,54.354708,0.291539,0.143322,0.00105,55.145586,5.911669,5.911669,3.171572
2031,2013-07-24,365.0,197.835176,120.835176,1.015871,0.968998,19.971901,0.062191,0.843496,751.465149,94.228284,84.677393,0.785706,0.736703,49.877887,105.533481,34.214774,14.967286,-4.586699,144.721857,2.453175,0.816609,998.241492,54.439657,0.296732,0.136102,0.001068,54.68184,5.605841,5.605841,3.074572
2032,2013-07-25,365.0,198.790852,121.790852,1.01578,0.969171,19.761828,0.060578,0.844614,674.515466,94.112911,85.128612,0.785706,0.663,44.822695,89.239527,34.165107,13.634573,-3.871359,140.425038,2.454394,0.816609,998.354614,54.396625,0.294156,0.113878,0.001059,55.876696,5.091017,5.091017,2.71676
2033,2013-07-26,365.0,199.746701,122.746701,1.015686,0.969352,19.546273,0.058921,0.84575,689.738551,93.994884,84.810051,0.785706,0.679522,45.870937,93.408469,34.113944,13.829265,-4.061979,144.721857,2.453175,0.816609,998.241492,54.439657,0.296732,0.120532,0.001068,55.658317,5.179607,5.179607,2.781668
2034,2013-07-27,365.0,200.702734,123.702734,1.015586,0.969541,19.325309,0.057223,0.846901,689.1831,93.874267,85.209304,0.785706,0.680573,45.870937,88.18276,34.061276,14.002276,-3.828853,116.84631,2.461826,0.816609,998.962896,54.15906,0.277842,0.106382,0.001,59.5691,5.123697,5.123697,2.393464
2035,2013-07-28,365.0,201.658958,124.658958,1.015482,0.96974,19.099011,0.055483,0.848068,698.966587,93.751119,85.317755,0.785706,0.691609,46.540585,87.168343,34.007093,14.266371,-3.785117,103.070439,2.466896,0.816609,999.298128,54.013691,0.266168,0.100748,0.000958,61.838287,5.140644,5.140644,2.182042
2036,2013-07-29,365.0,202.615381,125.615381,1.015374,0.969947,18.867454,0.053702,0.849248,734.255173,93.625505,84.885964,0.785706,0.727825,48.897485,95.014444,33.951386,14.816225,-4.138502,106.377763,2.46562,0.816609,999.219801,54.049525,0.269145,0.111386,0.000969,61.449804,5.36019,5.36019,2.299218
2037,2013-07-30,365.0,203.572014,126.572014,1.015261,0.970162,18.630717,0.051881,0.85044,679.17676,93.497484,84.858994,0.785706,0.674499,45.238492,86.993222,33.894146,13.713023,-3.792356,116.84631,2.461826,0.816609,998.962896,54.15906,0.277842,0.105368,0.001,60.456938,5.017854,5.017854,2.266624
2038,2013-07-31,365.0,204.528862,127.528862,1.015144,0.970386,18.388877,0.05002,0.851642,570.457602,93.36712,85.473612,0.785706,0.567581,38.001472,66.874765,33.835363,11.746487,-2.907567,116.84631,2.461826,0.816609,998.962896,54.15906,0.277842,0.080785,0.001,61.229613,4.298261,4.298261,1.919042
2039,2013-08-01,365.0,205.485936,128.485936,1.015023,0.970619,18.142012,0.04812,0.852854,411.823184,93.234474,87.14287,0.785706,0.410377,27.42715,37.323956,33.775029,8.915082,-1.609018,87.814364,2.473367,0.816609,999.632637,53.833919,0.250741,0.040345,0.000903,66.660741,3.143284,3.143284,1.127925
2040,2013-08-02,365.0,206.443243,129.443243,1.014897,0.970859,17.890202,0.046181,0.854074,451.414678,93.099606,87.032485,0.785706,0.445804,29.740282,40.806375,33.713134,9.75512,-1.761543,77.037385,2.478655,0.816609,999.828319,53.680558,0.237807,0.041891,0.000856,66.888822,3.372352,3.372352,1.156139
2041,2013-08-03,365.0,207.400792,130.400792,1.014766,0.971109,17.633528,0.044205,0.855301,708.467442,92.962576,85.284043,0.785706,0.68032,45.299767,81.13689,33.64967,14.569065,-3.539206,87.814364,2.473367,0.816609,999.632637,53.833919,0.250741,0.088742,0.000903,59.835933,5.136768,5.136768,2.233035
2042,2013-08-04,365.0,208.358591,131.358591,1.014632,0.971366,17.372071,0.042191,0.856532,739.413389,92.823445,84.435869,0.785706,0.711274,47.26932,92.604652,33.584628,14.84699,-4.061324,109.774875,2.464349,0.816609,999.137787,54.085622,0.272083,0.110502,0.000979,56.24586,5.392288,5.392288,2.684318
2043,2013-08-05,365.0,209.316647,132.316647,1.014493,0.971632,17.105912,0.040141,0.857768,632.375394,92.682272,84.725339,0.785706,0.609612,40.432774,75.250181,33.518,12.826808,-3.297551,120.524631,2.460573,0.816609,998.870113,54.196619,0.280663,0.09255,0.00101,55.330046,4.710471,4.710471,2.456519
2044,2013-08-06,365.0,210.27497,133.27497,1.01435,0.971905,16.835135,0.038055,0.859006,683.440697,92.539116,84.166198,0.785706,0.660118,43.693482,85.681109,33.449778,13.651463,-3.769053,124.300739,2.459326,0.816609,998.773833,54.234871,0.283443,0.106831,0.00102,54.86158,5.030892,5.030892,2.649049
2045,2013-08-07,365.0,211.233566,134.233566,1.014203,0.972187,16.559822,0.035934,0.860245,673.778802,92.394034,84.067652,0.785706,0.652156,43.076359,84.117006,33.379955,13.437844,-3.705161,124.300739,2.459326,0.816609,998.773833,54.234871,0.283443,0.10502,0.00102,55.162391,4.952168,4.952168,2.585358
2046,2013-08-08,365.0,212.192444,135.192444,1.014052,0.972477,16.280057,0.033778,0.861484,607.981838,92.247084,84.344734,0.785706,0.589673,38.865887,72.149748,33.308522,12.244905,-3.175791,124.300739,2.459326,0.816609,998.773833,54.234871,0.283443,0.090016,0.00102,55.679622,4.512542,4.512542,2.335764
2047,2013-08-09,365.0,213.151612,136.151612,1.013897,0.972775,15.995924,0.031588,0.862721,624.239216,92.098322,84.143212,0.785706,0.606542,39.890053,74.672767,33.235472,12.514177,-3.293112,120.524631,2.460573,0.816609,998.870113,54.196619,0.280663,0.092425,0.00101,56.357231,4.595662,4.595662,2.316863
2048,2013-08-10,365.0,214.111078,137.111078,1.013738,0.97308,15.707508,0.029365,0.863955,523.794428,91.947804,85.140964,0.785706,0.509858,33.456173,53.712965,33.1608,10.834338,-2.357885,96.717493,2.469466,0.816609,999.443517,53.942308,0.260104,0.061329,0.000936,60.564112,3.871537,3.871537,1.680443
2049,2013-08-11,365.0,215.070848,138.070848,1.013575,0.973394,15.414894,0.027109,0.865184,678.009062,91.795585,84.289518,0.785706,0.643706,42.141913,76.748479,33.084498,13.691162,-3.387542,96.717493,2.469466,0.816609,999.443517,53.942308,0.260104,0.088111,0.000936,56.590769,4.892393,4.892393,2.340371
2050,2013-08-12,365.0,216.030932,139.030932,1.013407,0.973715,15.118167,0.024822,0.866408,511.600983,91.641718,85.10262,0.785706,0.484297,31.631054,50.540324,33.006561,10.600099,-2.222789,103.070439,2.466896,0.816609,999.298128,54.013691,0.266168,0.059164,0.000958,55.756293,3.819565,3.819565,1.915953
2051,2013-08-13,365.0,216.991336,139.991336,1.013236,0.974044,14.817414,0.022504,0.867625,712.023021,91.486257,83.594667,0.785706,0.671808,43.772267,84.942337,32.926984,14.11839,-3.769631,109.774875,2.464349,0.816609,999.137787,54.085622,0.272083,0.102565,0.000979,53.546248,5.127667,5.127667,2.690116
2052,2013-08-14,365.0,217.952068,140.952068,1.013061,0.97438,14.512721,0.020155,0.868833,676.460087,91.329253,83.283926,0.785706,0.639564,41.568555,82.368788,32.845762,13.305081,-3.664646,128.17671,2.458084,0.816609,998.6741,54.273912,0.286183,0.104876,0.00103,51.290211,4.919986,4.919986,2.787708
2053,2013-08-15,365.0,218.913136,141.913136,1.012883,0.974724,14.204174,0.017777,0.870032,728.383453,91.170758,82.793387,0.785706,0.690126,44.741727,92.44651,32.762889,14.131447,-4.127369,128.17671,2.458084,0.816609,998.6741,54.273912,0.286183,0.118118,0.00103,51.34741,5.225561,5.225561,2.940912
2054,2013-08-16,365.0,219.874547,142.874547,1.0127,0.975075,13.89186,0.015369,0.871219,692.802209,91.010821,82.971355,0.785706,0.6579,42.542388,84.505645,32.678364,13.533488,-3.772493,120.524631,2.460573,0.816609,998.870113,54.196619,0.280663,0.10588,0.00101,52.733689,4.96999,4.96999,2.687088
2055,2013-08-17,365.0,220.836307,143.836307,1.012514,0.975434,13.575866,0.012934,0.872394,626.467971,90.849492,83.276757,0.785706,0.596118,38.445713,72.086643,32.592181,12.369591,-3.215615,116.84631,2.461826,0.816609,998.962896,54.15906,0.277842,0.089343,0.001,53.700402,4.526266,4.526266,2.388279
2056,2013-08-18,365.0,221.798425,144.798425,1.012324,0.9758,13.256281,0.010471,0.873556,690.677514,90.686819,82.732186,0.785706,0.656829,42.246956,83.559907,32.50434,13.428788,-3.741553,116.84631,2.461826,0.816609,998.962896,54.15906,0.277842,0.103956,0.001,53.36094,4.913847,4.913847,2.594085
2057,2013-08-19,365.0,222.760907,145.760907,1.012131,0.976173,12.93319,0.007982,0.874702,701.483846,90.52285,82.417898,0.785706,0.6684,42.872837,86.560333,32.414837,13.52451,-3.885814,120.524631,2.460573,0.816609,998.870113,54.196619,0.280663,0.10906,0.00101,53.025032,4.966693,4.966693,2.648421
2058,2013-08-20,365.0,223.72376,146.72376,1.011934,0.976553,12.606683,0.005467,0.875833,717.515005,90.357629,82.286113,0.785706,0.685031,43.816035,88.273413,32.323672,13.794839,-3.969,113.263729,2.463085,0.816609,999.052136,54.122096,0.274982,0.10914,0.00099,54.205007,5.029192,5.029192,2.568244
2059,2013-08-21,365.0,224.686992,147.686992,1.011733,0.97694,12.276847,0.002926,0.876946,718.212455,90.191203,81.956018,0.785706,0.687004,43.816035,90.23644,32.230844,13.684114,-4.067987,120.524631,2.460573,0.816609,998.870113,54.196619,0.280663,0.114173,0.00101,53.401592,5.025305,5.025305,2.639075
2060,2013-08-22,365.0,225.650608,148.650608,1.01153,0.977334,11.943771,0.000362,0.87804,480.961606,90.023616,83.5405,0.785706,0.460967,29.313545,47.683591,32.136353,9.635348,-2.133505,109.774875,2.464349,0.816609,999.137787,54.085622,0.272083,0.058049,0.000979,56.064719,3.499468,3.499468,1.72604
2061,2013-08-23,365.0,226.614617,149.614617,1.011322,0.977734,11.607543,-0.002226,0.879115,565.683978,89.85491,83.010139,0.785706,0.54022,34.250565,59.259127,32.0402,11.163769,-2.661348,99.85098,2.468178,0.816609,999.372717,53.977994,0.263154,0.070034,0.000947,56.709735,4.006159,4.006159,1.884574
2062,2013-08-24,365.0,227.579024,150.579024,1.011112,0.978142,11.268251,-0.004837,0.880169,638.705611,89.685129,82.307205,0.785706,0.610738,38.60328,72.163399,31.942388,12.348561,-3.255953,103.070439,2.466896,0.816609,999.298128,54.013691,0.266168,0.086663,0.000958,56.047558,4.449594,4.449594,2.121527
2063,2013-08-25,365.0,228.543835,151.543835,1.010898,0.978556,10.925985,-0.00747,0.881201,585.2884,89.514313,82.617248,0.785706,0.559161,35.233151,61.901281,31.842917,11.438587,-2.79089,96.717493,2.469466,0.816609,999.443517,53.942308,0.260104,0.072592,0.000936,57.101824,4.087459,4.087459,1.874568
2064,2013-08-26,365.0,229.509059,152.509059,1.010681,0.978976,10.580832,-0.010124,0.88221,607.538803,89.342503,82.299408,0.785706,0.58115,36.502419,65.668486,31.741792,11.770367,-2.96844,96.717493,2.469466,0.816609,999.443517,53.942308,0.260104,0.07721,0.000936,57.134122,4.206017,4.206017,1.915905
2065,2013-08-27,365.0,230.4747,153.4747,1.01046,0.979403,10.232882,-0.012798,0.883194,679.889894,89.169738,81.406884,0.785706,0.651199,40.76979,81.019805,31.639017,12.822988,-3.68301,109.774875,2.464349,0.816609,999.137787,54.085622,0.272083,0.100208,0.000979,54.989164,4.657189,4.657189,2.282886
2066,2013-08-28,365.0,231.440764,154.440764,1.010237,0.979836,9.882224,-0.015491,0.884153,610.416449,88.996057,81.451304,0.785706,0.5856,36.541813,70.770399,31.534597,11.541367,-3.219297,120.524631,2.460573,0.816609,998.870113,54.196619,0.280663,0.090354,0.00101,53.938902,4.23841,4.23841,2.18015
2067,2013-08-29,365.0,232.407259,155.407259,1.010011,0.980275,9.528948,-0.018204,0.885086,607.113772,88.821497,81.353267,0.785706,0.583318,36.277016,69.734051,31.428538,11.455512,-3.176714,116.84631,2.461826,0.816609,998.962896,54.15906,0.277842,0.088263,0.001,54.619759,4.191788,4.191788,2.101433
2068,2013-08-30,365.0,233.37419,156.37419,1.009782,0.98072,9.173141,-0.020934,0.885992,628.430364,88.646095,81.299068,0.785706,0.604673,37.476255,71.072939,31.320846,11.849538,-3.241626,103.070439,2.466896,0.816609,999.298128,54.013691,0.266168,0.086282,0.000958,56.667647,4.269779,4.269779,1.963743
2069,2013-08-31,365.0,234.341563,157.341563,1.009549,0.981171,8.814895,-0.023681,0.886869,680.223258,88.469888,80.446704,0.785706,0.65537,40.476547,84.012832,31.21153,12.494862,-3.852464,120.524631,2.460573,0.816609,998.870113,54.196619,0.280663,0.108124,0.00101,54.162907,4.588569,4.588569,2.309117
2070,2013-09-01,365.0,235.309384,158.309384,1.009314,0.981628,8.454298,-0.026445,0.887717,531.204076,88.292909,81.187221,0.785706,0.512625,31.547897,58.19805,31.100598,10.000286,-2.660903,124.300739,2.459326,0.816609,998.773833,54.234871,0.283443,0.075421,0.00102,54.475918,3.685346,3.685346,1.873542
2071,2013-09-02,365.0,236.277658,159.277658,1.009077,0.982091,8.09144,-0.029224,0.888535,324.116743,88.115194,82.922255,0.785706,0.313167,19.203162,26.012861,30.988061,6.447521,-1.179671,106.377763,2.46562,0.816609,999.219801,54.049525,0.269145,0.03175,0.000969,58.06036,2.332574,2.332574,1.069115
2072,2013-09-03,365.0,237.246392,160.246392,1.008836,0.982559,7.72641,-0.032018,0.889322,295.135408,87.936775,83.032854,0.785706,0.28531,17.430562,22.388167,30.873929,5.896233,-1.015661,103.070439,2.466896,0.816609,999.298128,54.013691,0.266168,0.027034,0.000958,58.734533,2.124607,2.124607,0.949311
2073,2013-09-04,365.0,238.215589,161.215589,1.008593,0.983033,7.3593,-0.034825,0.890076,374.548822,87.757687,82.265221,0.785706,0.36135,21.993364,31.824821,30.758213,7.313375,-1.450978,99.85098,2.468178,0.816609,999.372717,53.977994,0.263154,0.038183,0.000947,58.462948,2.624431,2.624431,1.155854
2074,2013-09-05,365.0,239.185257,162.185257,1.008347,0.983512,6.990198,-0.037645,0.890799,399.626772,87.57796,82.176649,0.785706,0.382079,23.166344,33.412709,30.640927,7.787855,-1.525526,87.814364,2.473367,0.816609,999.632637,53.833919,0.250741,0.038251,0.000903,58.988221,2.745846,2.745846,1.150914
2075,2013-09-06,365.0,240.155399,163.155399,1.008099,0.983996,6.619194,-0.040477,0.891487,398.919012,87.397627,82.278444,0.785706,0.380705,22.993462,31.635046,30.522085,7.80478,-1.444965,74.527011,2.479993,0.816609,999.866744,53.639508,0.234502,0.033885,0.000844,61.112931,2.68391,2.68391,1.003856
2076,2013-09-07,365.0,241.126022,164.126022,1.007849,0.984486,6.24638,-0.043321,0.892141,658.850096,87.216718,80.216146,0.785706,0.62903,37.841718,71.341806,30.401702,12.084303,-3.296872,85.006416,2.47468,0.816609,999.687728,53.796851,0.247553,0.081615,0.000891,58.093821,4.240616,4.240616,1.73886
2077,2013-09-08,365.0,242.09713,165.09713,1.007596,0.98498,5.871845,-0.046175,0.892761,544.783415,87.035264,80.580336,0.785706,0.520677,31.197752,54.444834,30.279794,10.116716,-2.513669,90.701004,2.472061,0.816609,999.573533,53.870416,0.253896,0.063821,0.000914,57.659834,3.583378,3.583378,1.527546
2078,2013-09-09,365.0,243.068727,166.068727,1.00734,0.985479,5.49568,-0.049038,0.893344,622.749009,86.853293,79.776775,0.785706,0.595714,35.54828,68.200887,30.156378,11.276231,-3.164841,96.717493,2.469466,0.816609,999.443517,53.942308,0.260104,0.082319,0.000936,56.448084,4.029442,4.029442,1.783393
2079,2013-09-10,365.0,244.040819,167.040819,1.007083,0.985983,5.117976,-0.05191,0.893891,644.804222,86.670836,79.180472,0.785706,0.617488,36.695001,74.724802,30.031473,11.457739,-3.48149,109.774875,2.464349,0.816609,999.137787,54.085622,0.272083,0.094725,0.000979,54.540573,4.161344,4.161344,1.986172
2080,2013-09-11,365.0,245.01341,168.01341,1.006823,0.986492,4.738824,-0.05479,0.894402,651.795366,86.487921,78.598852,0.785706,0.624979,36.983867,79.527173,29.905099,11.368689,-3.719763,128.17671,2.458084,0.816609,998.6741,54.273912,0.286183,0.106453,0.00103,52.261723,4.203942,4.203942,2.186583
2081,2013-09-12,365.0,245.986505,168.986505,1.006562,0.987004,4.358314,-0.057677,0.894874,497.774637,86.304576,79.64746,0.785706,0.477988,28.164636,51.338398,29.777275,8.990886,-2.390711,116.84631,2.461826,0.816609,998.962896,54.15906,0.277842,0.066424,0.001,54.499962,3.289935,3.289935,1.607126
2082,2013-09-13,365.0,246.960108,169.960108,1.006298,0.987522,3.976539,-0.06057,0.895309,550.70357,86.120829,79.201517,0.785706,0.52931,31.053317,59.019395,29.648025,9.807913,-2.757288,109.774875,2.464349,0.816609,999.137787,54.085622,0.272083,0.075021,0.000979,55.308604,3.562142,3.562142,1.662047
2083,2013-09-14,365.0,247.934223,170.934223,1.006033,0.988043,3.593589,-0.063468,0.895705,567.669492,85.936708,78.764441,0.785706,0.546153,31.900226,63.041797,29.517372,9.970203,-2.954574,116.84631,2.461826,0.816609,998.962896,54.15906,0.277842,0.082091,0.001,54.394212,3.648285,3.648285,1.758725
2084,2013-09-15,365.0,248.908853,171.908853,1.005765,0.988568,3.209557,-0.066371,0.896062,405.141604,85.752239,79.996397,0.785706,0.390201,22.689276,36.172704,29.385339,7.41082,-1.686279,103.070439,2.466896,0.816609,999.298128,54.013691,0.266168,0.044883,0.000958,57.144152,2.670363,2.670363,1.178089
2085,2013-09-16,365.0,249.884004,172.884004,1.005496,0.989098,2.824534,-0.069277,0.896379,534.891044,85.567449,79.210279,0.785706,0.512961,29.692138,52.702627,29.251953,9.540422,-2.469096,87.814364,2.473367,0.816609,999.632637,53.833919,0.250741,0.06191,0.000903,58.222593,3.363767,3.363767,1.350809
2086,2013-09-17,365.0,250.859679,173.859679,1.005225,0.989631,2.438613,-0.072186,0.896657,312.390903,85.382365,81.064255,0.785706,0.299067,17.231417,20.957913,29.117241,5.917071,-0.973522,65.171945,2.485408,0.816609,999.976449,53.458715,0.221043,0.021519,0.000796,63.103261,1.98918,1.98918,0.637726
2087,2013-09-18,365.0,251.835881,174.835881,1.004953,0.990167,2.051886,-0.075097,0.896894,402.73851,85.197013,80.522503,0.785706,0.384652,22.059017,29.233184,28.98123,7.49964,-1.363009,54.907078,2.492324,0.816609,1000.009037,53.178937,0.203822,0.027781,0.000734,64.470871,2.441541,2.441541,0.683391
2088,2013-09-19,365.0,252.812614,175.812614,1.004679,0.990707,1.664446,-0.078008,0.897091,622.110126,85.01142,78.683913,0.785706,0.594216,33.91574,60.979217,28.84395,10.914205,-2.872677,67.410908,2.484044,0.816609,999.955764,53.506817,0.22444,0.064474,0.000808,60.842117,3.690824,3.690824,1.223548
2089,2013-09-20,365.0,253.789881,176.789881,1.004404,0.991251,1.276386,-0.08092,0.897247,609.731306,84.825611,78.0987,0.785706,0.582713,33.099468,63.482535,28.705432,10.492937,-3.002306,85.006416,2.47468,0.816609,999.687728,53.796851,0.247553,0.074323,0.000891,57.715599,3.682174,3.682174,1.452716
2090,2013-09-21,365.0,254.767685,177.767685,1.004127,0.991797,0.8878,-0.083832,0.897362,359.254114,84.639613,79.942238,0.785706,0.343595,19.422001,26.184078,28.565707,6.569465,-1.227988,67.410908,2.484044,0.816609,999.955764,53.506817,0.22444,0.027561,0.000808,62.046121,2.221576,2.221576,0.726841
2091,2013-09-22,365.0,255.74603,178.74603,1.003849,0.992347,0.498781,-0.086741,0.897435,262.275482,84.453452,80.569355,0.785706,0.250871,14.110767,15.817034,28.42481,4.894281,-0.740129,60.88443,2.488154,0.816609,1000.003891,53.355378,0.214195,0.015853,0.000771,63.779387,1.625209,1.625209,0.486401
2092,2013-09-23,365.0,256.724918,179.724918,1.00357,0.992899,0.109424,-0.089648,0.897468,463.563845,84.267153,79.009255,0.785706,0.44123,24.693844,37.759311,28.282773,8.223829,-1.782648,62.996953,2.486778,0.816609,999.992517,53.408313,0.217627,0.038795,0.000783,61.71462,2.747926,2.747926,0.867946
2093,2013-09-24,365.0,257.704353,180.704353,1.003289,0.993454,-0.280177,-0.092552,0.897459,345.275437,84.080742,79.796088,0.785706,0.328715,18.303732,22.938183,28.139635,6.284698,-1.079649,54.907078,2.492324,0.816609,1000.009037,53.178937,0.203822,0.022006,0.000734,63.942189,2.046011,2.046011,0.572068
2094,2013-09-25,365.0,258.684335,181.684335,1.003008,0.994012,-0.669928,-0.095452,0.897408,211.891519,83.894246,80.564132,0.785706,0.202416,11.213333,10.948946,27.995431,3.953292,-0.513822,47.725402,2.49798,0.816609,999.945071,52.89268,0.189893,0.009757,0.000684,65.050127,1.250159,1.250159,0.325907
2095,2013-09-26,365.0,259.664869,182.664869,1.002725,0.994572,-1.059733,-0.098347,0.897316,295.701251,83.707692,79.84939,0.785706,0.280985,15.48508,17.680868,27.850199,5.390802,-0.833561,51.2082,2.495138,0.816609,999.987473,53.044019,0.196863,0.01641,0.000709,63.706978,1.730372,1.730372,0.480859
2096,2013-09-27,365.0,260.645956,183.645956,1.002442,0.995134,-1.449496,-0.101236,0.897182,212.094197,83.521105,79.935603,0.785706,0.21253,11.651013,11.782144,27.703981,3.876831,-0.555753,49.440455,2.496556,0.816609,999.968924,52.970548,0.193378,0.010747,0.000696,64.20374,1.235284,1.235284,0.332035
2097,2013-09-28,365.0,261.627599,184.627599,1.002158,0.995698,-1.839121,-0.104118,0.897007,273.701501,83.334512,79.242885,0.785706,0.267081,14.563766,17.326669,27.556816,4.890434,-0.820931,60.88443,2.488154,0.816609,1000.003891,53.355378,0.214195,0.017584,0.000771,60.766882,1.623932,1.623932,0.0
2098,2013-09-29,365.0,262.609799,185.609799,1.001873,0.996264,-2.228512,-0.106993,0.896791,317.711086,83.147941,78.043391,0.785706,0.358301,19.432943,25.034449,27.408747,5.454663,-1.19442,47.725402,2.49798,0.816609,999.945071,52.89268,0.189893,0.022681,0.000684,61.211014,1.724941,1.724941,0.497295
2099,2013-09-30,365.0,263.592558,186.592558,1.001588,0.996832,-2.617572,-0.109859,0.896533,304.242366,82.961419,78.456074,0.785706,0.316443,17.069477,21.16138,27.259818,5.294168,-1.008498,51.2082,2.495138,0.816609,999.987473,53.044019,0.196863,0.019854,0.000709,59.700664,1.699354,1.699354,0.543509
2100,2013-10-01,365.0,264.575878,187.575878,1.001302,0.997402,-3.006203,-0.112716,0.896234,513.21869,82.774973,77.21379,0.785706,0.519426,27.864826,43.948298,27.110074,8.563398,-2.109469,46.061744,2.499411,0.816609,999.915818,52.810115,0.186409,0.039322,0.000671,60.093705,2.687074,2.687074,0.785329
2101,2013-10-02,365.0,265.55976,188.55976,1.001015,0.997972,-3.394307,-0.115564,0.895895,546.088642,82.588632,76.994412,0.785706,0.546734,29.16692,46.993142,26.95956,9.040825,-2.260188,44.448208,2.50085,0.816609,999.881063,52.722538,0.182929,0.041345,0.000659,60.392991,2.814349,2.814349,0.79562
2102,2013-10-03,365.0,266.544206,189.544206,1.000728,0.998545,-3.781787,-0.1184,0.895515,322.30094,82.402424,78.18781,0.785706,0.321277,17.043216,20.922412,26.808325,5.552288,-1.001268,46.061744,2.499411,0.816609,999.915818,52.810115,0.186409,0.018665,0.000671,60.925004,1.74223,1.74223,0.506385
2103,2013-10-04,365.0,267.529217,190.529217,1.000441,0.999118,-4.168543,-0.121225,0.895095,541.289709,82.216379,76.360687,0.785706,0.538514,28.405361,48.633059,26.656418,8.761448,-2.350775,53.029959,2.493728,0.816609,1000.000813,53.113388,0.200345,0.047097,0.000721,58.03052,2.832517,2.832517,0.922212
2104,2013-10-05,365.0,268.514793,191.514793,1.000154,0.999692,-4.554476,-0.124037,0.894635,594.114778,82.030526,75.59321,0.785706,0.590725,30.981101,58.551391,26.503887,9.359641,-2.843524,60.88443,2.488154,0.816609,1000.003891,53.355378,0.214195,0.060907,0.000771,55.915853,3.107989,3.107989,0.0
2105,2013-10-06,365.0,269.500937,192.500937,0.999867,1.000267,-4.939486,-0.126836,0.894136,617.686516,81.844897,76.036396,0.785706,0.555,28.939329,54.92704,26.350786,9.876284,-2.664175,67.410908,2.484044,0.816609,999.955764,53.506817,0.22444,0.059795,0.000808,52.568586,3.339834,3.339834,0.0
2106,2013-10-07,365.0,270.487647,193.487647,0.999579,1.000842,-5.323472,-0.129621,0.893598,567.9828,81.659521,76.374895,0.785706,0.504388,26.146939,45.939591,26.197166,9.182619,-2.226598,60.88443,2.488154,0.816609,1000.003891,53.355378,0.214195,0.047693,0.000771,54.050252,3.049207,3.049207,1.20233
2107,2013-10-08,365.0,271.474925,194.474925,0.999292,1.001418,-5.706333,-0.132391,0.893022,122.110245,81.47443,77.186472,0.785706,0.11232,5.788303,8.018015,26.043081,2.02831,-0.387422,42.883546,2.502295,0.816609,999.840702,52.692082,0.179339,0.006948,0.000646,59.049024,0.626081,0.626081,0.187577
2108,2013-10-09,365.0,272.462771,195.462771,0.999004,1.001995,-6.087968,-0.135146,0.892408,420.672792,81.289658,76.902973,0.785706,0.39301,20.133229,28.21652,25.888586,6.915825,-1.366559,44.448208,2.50085,0.816609,999.881063,52.722538,0.182929,0.024998,0.000659,58.431235,2.152851,2.152851,0.664292
2109,2013-10-10,365.0,273.451186,196.451186,0.998717,1.002571,-6.468275,-0.137883,0.891756,538.388183,81.105237,76.021891,0.785706,0.49482,25.197174,41.736581,25.733738,8.581153,-2.03198,49.440455,2.496556,0.816609,999.968924,52.970548,0.193378,0.039294,0.000696,56.595986,2.734233,2.734233,0.916394
2110,2013-10-11,365.0,274.440169,197.440169,0.99843,1.003147,-6.847151,-0.140604,0.891068,485.691264,80.921202,76.158162,0.785706,0.443603,22.452927,35.250209,25.578593,7.771757,-1.716606,49.440455,2.496556,0.816609,999.968924,52.970548,0.193378,0.033195,0.000696,56.767386,2.476333,2.476333,0.827425
2111,2013-10-12,365.0,275.42972,198.42972,0.998144,1.003723,-7.224493,-0.143307,0.890344,204.429499,80.737587,77.387857,0.785706,0.196622,9.891543,10.446378,25.423211,3.408642,-0.50611,46.061744,2.499411,0.816609,999.915818,52.810115,0.186409,0.009434,0.000671,58.540484,1.069584,1.069584,0.337016
2112,2013-10-13,365.0,276.419838,199.419838,0.997858,1.004298,-7.600196,-0.14599,0.889585,406.667176,80.554429,76.10429,0.785706,0.380827,19.04122,27.510345,25.267652,6.484359,-1.342479,47.725402,2.49798,0.816609,999.945071,52.89268,0.189893,0.025493,0.000684,57.197236,2.050564,2.050564,0.665068
2113,2013-10-14,365.0,277.410524,200.410524,0.997572,1.004873,-7.974157,-0.148654,0.888792,510.855346,80.371765,75.395002,0.785706,0.473513,23.529618,38.547944,25.111976,7.940303,-1.889322,47.725402,2.49798,0.816609,999.945071,52.89268,0.189893,0.035877,0.000684,56.759966,2.510981,2.510981,0.812188
2114,2013-10-15,365.0,278.401776,201.401776,0.997288,1.005447,-8.346271,-0.151298,0.887964,612.868887,80.189632,74.654517,0.785706,0.565806,27.941419,51.291849,24.956245,9.27237,-2.525233,49.440455,2.496556,0.816609,999.968924,52.970548,0.193378,0.048833,0.000696,55.89601,2.954477,2.954477,0.979728
2115,2013-10-16,365.0,279.393593,202.393593,0.997004,1.00602,-8.716431,-0.153921,0.887104,590.577515,80.00807,74.333722,0.785706,0.544476,26.720298,50.569453,24.800523,8.82539,-2.495747,56.840928,2.490928,0.816609,1000.012234,53.240943,0.20729,0.051734,0.000746,54.08027,2.892694,2.892694,0.0
2116,2013-10-17,365.0,280.385976,203.385976,0.99672,1.006592,-9.084533,-0.156522,0.886212,616.890139,79.827119,74.472009,0.785706,0.542933,26.477385,49.798614,24.644873,9.254715,-2.458241,54.907078,2.492324,0.816609,1000.009037,53.178937,0.203822,0.050104,0.000734,53.836293,3.012913,3.012913,1.111393
2117,2013-10-18,365.0,281.378921,204.378921,0.996438,1.007162,-9.450468,-0.1591,0.885289,637.399151,79.64682,74.119985,0.785706,0.561329,27.201744,52.990853,24.489361,9.433412,-2.62257,56.840928,2.490928,0.816609,1000.012234,53.240943,0.20729,0.054363,0.000746,53.270341,3.091984,3.091984,1.165887
2118,2013-10-19,365.0,282.372429,205.372429,0.996157,1.007731,-9.814131,-0.161655,0.884336,652.088484,79.467216,73.420502,0.785706,0.574637,27.67006,59.135468,24.334052,9.401069,-2.93908,72.086874,2.481337,0.816609,999.900839,53.597002,0.231171,0.067943,0.000832,49.891149,3.215338,3.215338,1.425935
2119,2013-10-20,365.0,283.366496,206.366496,0.995876,1.008299,-10.175413,-0.164186,0.883354,582.213963,79.28835,73.525264,0.785706,0.51351,24.569104,50.260623,24.179015,8.416169,-2.498914,74.527011,2.479993,0.816609,999.866744,53.639508,0.234502,0.0586,0.000844,49.645578,2.894155,2.894155,1.30693
2120,2013-10-21,365.0,284.361123,207.361123,0.995597,1.008864,-10.534206,-0.166692,0.882343,591.413204,79.110267,73.338936,0.785706,0.522018,24.816394,51.029758,24.024316,8.48204,-2.541613,72.086874,2.481337,0.816609,999.900839,53.597002,0.231171,0.058755,0.000832,50.080468,2.901013,2.901013,1.27722
2121,2013-10-22,365.0,285.356306,208.356306,0.995319,1.009428,-10.890402,-0.169172,0.881306,560.825984,78.933014,73.310015,0.785706,0.49537,23.398314,47.07159,23.870026,8.025493,-2.346811,72.086874,2.481337,0.816609,999.900839,53.597002,0.231171,0.054252,0.000832,50.173623,2.744866,2.744866,1.204366
2122,2013-10-23,365.0,286.352043,209.352043,0.995043,1.009989,-11.24389,-0.171627,0.880243,547.593723,78.756638,73.24781,0.785706,0.483987,22.713346,44.950958,23.716213,7.809058,-2.243666,69.715366,2.482687,0.816609,999.930536,53.55284,0.227817,0.051114,0.00082,50.670483,2.655971,2.655971,1.135707
2123,2013-10-24,365.0,287.348333,210.348333,0.994768,1.010548,-11.594562,-0.174055,0.879156,573.563824,78.581188,72.854761,0.785706,0.507223,23.64998,48.819529,23.562949,8.053278,-2.443395,72.086874,2.481337,0.816609,999.900839,53.597002,0.231171,0.056484,0.000832,50.089269,2.754369,2.754369,1.200799
2124,2013-10-25,365.0,288.345173,211.345173,0.994494,1.011104,-11.942306,-0.176455,0.878045,548.927616,78.406715,72.742256,0.785706,0.485729,22.501073,46.129418,23.410304,7.666036,-2.311936,74.527011,2.479993,0.816609,999.866744,53.639508,0.234502,0.054215,0.000844,49.692275,2.636199,2.636199,1.171241
2125,2013-10-26,365.0,289.34256,212.34256,0.994222,1.011657,-12.287014,-0.178827,0.876912,552.198113,78.233269,72.591313,0.785706,0.488903,22.501073,46.126614,23.258351,7.659283,-2.315386,72.086874,2.481337,0.816609,999.900839,53.597002,0.231171,0.053525,0.000832,50.12372,2.619615,2.619615,1.134719
2126,2013-10-27,365.0,290.340492,213.340492,0.993951,1.012208,-12.628572,-0.18117,0.875758,442.489398,78.060904,73.416863,0.785706,0.391977,17.922951,30.433174,23.107162,6.316598,-1.522922,56.840928,2.490928,0.816609,1000.012234,53.240943,0.20729,0.031569,0.000746,53.711564,2.070388,2.070388,0.754378
2127,2013-10-28,365.0,291.338965,214.338965,0.993683,1.012755,-12.96687,-0.183483,0.874584,191.186386,77.889675,74.77482,0.785706,0.171981,7.812569,8.831702,22.956812,2.861105,-0.439456,42.883546,2.502295,0.816609,999.840702,52.692082,0.179339,0.007881,0.000646,57.804815,0.883141,0.883141,0.258522
2128,2013-10-29,365.0,292.337976,215.337976,0.993416,1.0133,-13.301797,-0.185767,0.873392,394.744655,77.719637,73.717626,0.785706,0.353004,15.931511,23.332403,22.807373,5.681109,-1.167838,41.366531,2.503748,0.816609,999.794631,52.661511,0.175748,0.020525,0.000633,57.459855,1.738379,1.738379,0.492551
2129,2013-10-30,365.0,293.337523,216.337523,0.993151,1.01384,-13.633239,-0.188019,0.872183,432.383591,77.550847,73.24552,0.785706,0.385773,17.297069,27.4157,22.658921,6.109111,-1.376419,44.448208,2.50085,0.816609,999.881063,52.722538,0.182929,0.025179,0.000659,56.354172,1.901726,1.901726,0.572027
2130,2013-10-31,365.0,294.337601,217.337601,0.992888,1.014378,-13.961086,-0.19024,0.870958,249.766009,77.383365,73.85911,0.785706,0.222643,9.917804,12.959404,22.51153,3.602849,-0.649261,54.907078,2.492324,0.816609,1000.009037,53.178937,0.203822,0.013233,0.000734,54.411977,1.172923,1.172923,0.0
2131,2013-11-01,365.0,295.338207,218.338207,0.992627,1.014911,-14.285223,-0.19243,0.869719,424.916734,77.217251,72.821052,0.785706,0.376893,16.679943,27.385057,22.365275,5.894855,-1.379856,49.440455,2.496556,0.816609,999.968924,52.970548,0.193378,0.026683,0.000696,54.426416,1.878292,1.878292,0.627446
2132,2013-11-02,365.0,296.339337,219.339337,0.992368,1.01544,-14.605539,-0.194586,0.868468,216.251495,77.052566,73.83381,0.785706,0.194803,8.565376,10.210592,22.220234,3.107662,-0.512423,44.448208,2.50085,0.816609,999.881063,52.722538,0.182929,0.009374,0.000659,56.324486,0.967395,0.967395,0.297216
2133,2013-11-03,365.0,297.340987,220.340987,0.992112,1.015966,-14.921921,-0.19671,0.867205,109.607122,76.889373,72.295737,0.785706,0.102194,4.464325,7.344842,22.076481,1.487223,-0.371587,33.199343,2.512617,0.816609,999.39187,52.47562,0.154317,0.005734,0.000556,58.346557,0.429378,0.429378,0.101693
2134,2013-11-04,365.0,298.343153,221.343153,0.991857,1.016486,-15.234255,-0.198799,0.865932,410.872058,76.727738,72.91275,0.785706,0.375428,16.294785,22.858992,21.934093,5.694225,-1.154002,29.666731,2.517153,0.816609,999.103712,52.381061,0.143775,0.016592,0.000518,59.93626,1.590299,1.590299,0.338373
2135,2013-11-05,365.0,299.34583,222.34583,0.991605,1.017003,-15.542429,-0.200855,0.864651,303.418725,76.567725,72.70171,0.785706,0.297271,12.819616,17.066097,21.793146,4.166561,-0.863075,35.751258,2.509631,0.816609,999.550981,52.538058,0.161424,0.013932,0.000581,57.945943,1.227904,1.227904,0.310586
2136,2013-11-06,365.0,300.349014,223.349014,0.991356,1.017515,-15.84633,-0.202875,0.863363,196.163708,76.409403,72.593837,0.785706,0.201177,8.620087,10.866314,21.653718,2.679105,-0.550231,47.725402,2.49798,0.816609,999.945071,52.89268,0.189893,0.010448,0.000684,54.745999,0.84722,0.84722,0.274282
2137,2013-11-07,365.0,301.352701,224.352701,0.991109,1.018021,-16.145844,-0.204861,0.862071,149.204509,76.252839,72.226404,0.785706,0.164481,7.002862,8.697448,21.515884,2.007379,-0.441498,46.061744,2.499411,0.816609,999.915818,52.810115,0.186409,0.00823,0.000671,54.719362,0.629888,0.629888,0.199632
2138,2013-11-08,365.0,302.356885,225.356885,0.990865,1.018523,-16.44086,-0.20681,0.860774,147.689509,76.098105,72.382995,0.785706,0.15001,6.346344,7.931806,21.379722,1.995496,-0.402633,41.366531,2.503748,0.816609,999.794631,52.661511,0.175748,0.007076,0.000633,55.889527,0.610608,0.610608,0.178084
2139,2013-11-09,365.0,303.361561,226.361561,0.990624,1.01902,-16.731265,-0.208722,0.859476,272.915727,75.945271,71.10119,0.785706,0.304052,12.782412,19.011244,21.245308,3.510311,-0.971551,44.448208,2.50085,0.816609,999.881063,52.722538,0.182929,0.017772,0.000659,54.192844,1.092737,1.092737,0.338132
2140,2013-11-10,365.0,304.366725,227.366725,0.990385,1.019511,-17.016946,-0.210598,0.858177,273.554674,75.794409,71.214131,0.785706,0.280033,11.699157,17.989574,21.112719,3.52817,-0.919512,54.907078,2.492324,0.816609,1000.009037,53.178937,0.203822,0.018742,0.000734,51.913783,1.148611,1.148611,0.0
2141,2013-11-11,365.0,305.37237,228.37237,0.990149,1.019997,-17.297793,-0.212437,0.856879,377.871034,75.645593,70.601738,0.785706,0.360048,14.948922,27.267456,20.982031,4.75491,-1.398691,60.88443,2.488154,0.816609,1000.003891,53.355378,0.214195,0.029959,0.000771,49.560864,1.578929,1.578929,0.0
2142,2013-11-12,365.0,306.378492,229.378492,0.989916,1.020477,-17.573693,-0.214237,0.855584,302.117978,75.498899,71.465339,0.785706,0.270258,11.152058,17.442642,20.853319,3.921561,-0.891759,58.832904,2.489538,0.816609,1000.010491,53.299671,0.210749,0.018794,0.000759,49.621123,1.293875,1.293875,0.0
2143,2013-11-13,365.0,307.385084,230.385084,0.989686,1.020952,-17.844535,-0.215999,0.854294,368.618197,75.354401,71.387607,0.785706,0.313741,12.86776,20.886241,20.72666,4.763648,-1.068929,51.2082,2.495138,0.816609,999.987473,53.044019,0.196863,0.021043,0.000709,50.56895,1.529064,1.529064,0.576661
2144,2013-11-14,365.0,308.392142,231.392142,0.989459,1.02142,-18.110211,-0.217722,0.853009,348.5809,75.212177,71.525641,0.785706,0.296796,12.099632,18.328189,20.602129,4.521228,-0.938038,44.448208,2.50085,0.816609,999.881063,52.722538,0.182929,0.017159,0.000659,52.400629,1.407429,1.407429,0.476592
2145,2013-11-15,365.0,309.399658,232.399658,0.989235,1.021882,-18.37061,-0.219406,0.851732,190.998722,75.072304,72.008401,0.785706,0.172856,7.005051,8.341838,20.4798,2.518466,-0.426257,35.751258,2.509631,0.816609,999.550981,52.538058,0.161424,0.006881,0.000581,55.306124,0.742203,0.742203,0.209536
2146,2013-11-16,365.0,310.407627,233.407627,0.989015,1.022338,-18.625623,-0.22105,0.850465,85.861567,74.93486,68.707175,0.785706,0.084303,3.396388,7.537177,20.359748,0.996653,-0.391308,35.751258,2.509631,0.816609,999.550981,52.538058,0.161424,0.006317,0.000581,52.952002,0.293718,0.293718,0.082651
2147,2013-11-17,365.0,311.416042,234.416042,0.988797,1.022787,-18.875144,-0.222654,0.849209,218.714452,74.799925,71.472106,0.785706,0.204553,8.19335,10.322337,20.242045,2.818524,-0.529457,38.470662,2.506675,0.816609,999.684909,52.600019,0.168574,0.008925,0.000607,54.17333,0.846866,0.846866,0.253524
2148,2013-11-18,365.0,312.424897,235.424897,0.988584,1.02323,-19.119065,-0.224218,0.847965,169.315449,74.667578,71.040832,0.785706,0.168799,6.722748,8.682673,20.126766,2.143731,-0.446525,42.883546,2.502295,0.816609,999.840702,52.692082,0.179339,0.008008,0.000646,52.66794,0.661709,0.661709,0.216144
2149,2013-11-19,365.0,313.434185,236.434185,0.988373,1.023666,-19.357281,-0.22574,0.846736,54.828248,74.537899,63.807955,0.785706,0.057744,2.286872,8.114182,20.01398,0.518081,-0.431402,44.448208,2.50085,0.816609,999.881063,52.722538,0.182929,0.007892,0.000659,47.256364,0.161275,0.161275,0.053991
2150,2013-11-20,365.0,314.4439,237.4439,0.988166,1.024095,-19.589687,-0.227222,0.845522,447.865128,74.410968,69.665181,0.785706,0.438117,17.255491,29.828652,19.90376,5.365005,-1.54562,31.983483,2.514121,0.816609,999.302552,52.444222,0.150785,0.023306,0.000543,54.901742,1.532389,1.532389,0.389348
2151,2013-11-21,365.0,315.454034,238.454034,0.987962,1.024517,-19.81618,-0.228661,0.844326,463.146015,74.286867,69.713012,0.785706,0.440498,17.255491,29.681005,19.796176,5.550449,-1.538523,30.806287,2.515633,0.816609,999.206545,52.412702,0.14727,0.022658,0.00053,55.361595,1.567913,1.567913,0.384163
2152,2013-11-22,365.0,316.464581,239.464581,0.987763,1.024931,-20.036659,-0.230059,0.843149,465.86285,74.165676,69.276835,0.785706,0.438183,17.073854,31.814707,19.691296,5.481798,-1.653356,38.470662,2.506675,0.816609,999.684909,52.600019,0.168574,0.027871,0.000607,52.761573,1.647085,1.647085,0.489082
2153,2013-11-23,365.0,317.475533,240.475533,0.987566,1.025339,-20.251023,-0.231414,0.841992,453.29889,74.047475,68.952002,0.785706,0.424546,16.456727,32.178627,19.589188,5.259574,-1.675672,46.061744,2.499411,0.816609,999.915818,52.810115,0.186409,0.031236,0.000671,50.587096,1.650381,1.650381,0.56556
2154,2013-11-24,365.0,318.486883,241.486883,0.987374,1.025738,-20.459175,-0.232726,0.840858,461.9839,73.932346,68.538702,0.785706,0.432043,16.662437,34.612236,19.48992,5.26695,-1.80676,53.029959,2.493728,0.816609,1000.000813,53.113388,0.200345,0.036198,0.000721,48.769091,1.70277,1.70277,0.646287
2155,2013-11-25,365.0,319.498623,242.498623,0.987185,1.026131,-20.661017,-0.233996,0.839748,447.205928,73.820367,68.394626,0.785706,0.418108,16.045309,33.634152,19.393556,5.06287,-1.757767,56.840928,2.490928,0.816609,1000.012234,53.240943,0.20729,0.036437,0.000746,47.933389,1.659454,1.659454,0.0
2156,2013-11-26,365.0,320.510747,243.510747,0.987001,1.026515,-20.856454,-0.235222,0.838663,354.188176,73.71162,69.499445,0.785706,0.314411,12.007721,20.717196,19.30016,4.18153,-1.077817,49.440455,2.496556,0.816609,999.968924,52.970548,0.193378,0.020843,0.000696,49.432153,1.332371,1.332371,0.494961
2157,2013-11-27,365.0,321.523245,244.523245,0.98682,1.026891,-21.045395,-0.236404,0.837605,409.968364,73.606182,68.979876,0.785706,0.364077,13.839408,26.254989,19.209795,4.737189,-1.369835,51.2082,2.495138,0.816609,999.987473,53.044019,0.196863,0.026967,0.000709,48.738619,1.520571,1.520571,0.578018
2158,2013-11-28,365.0,322.53611,245.53611,0.986643,1.027259,-21.227747,-0.237542,0.836575,429.780514,73.504132,68.796823,0.785706,0.381874,14.449969,27.947349,19.122522,4.924578,-1.460039,49.440455,2.496556,0.816609,999.968924,52.970548,0.193378,0.028234,0.000696,49.091111,1.56913,1.56913,0.580071
2159,2013-11-29,365.0,323.549335,246.549335,0.98647,1.027619,-21.403423,-0.238636,0.835575,432.816251,73.405547,68.667121,0.785706,0.384781,14.495924,28.27752,19.038401,4.928263,-1.478834,49.440455,2.496556,0.816609,999.968924,52.970548,0.193378,0.028597,0.000696,49.069149,1.570304,1.570304,0.579079
2160,2013-11-30,365.0,324.562911,247.562911,0.986301,1.027971,-21.572336,-0.239686,0.834605,172.286541,73.310503,69.619807,0.785706,0.166377,6.241301,8.780337,18.957489,2.033617,-0.457399,46.061744,2.499411,0.816609,999.915818,52.810115,0.186409,0.008526,0.000671,50.584856,0.63812,0.63812,0.222806
2161,2013-12-01,365.0,325.576829,248.576829,0.986137,1.028314,-21.734402,-0.240691,0.833669,163.586657,73.219074,69.437332,0.785706,0.150894,5.637304,8.526102,18.879842,1.915179,-0.444714,51.2082,2.495138,0.816609,999.987473,53.044019,0.196863,0.008755,0.000709,49.258481,0.614746,0.614746,0.231892
2162,2013-12-02,365.0,326.591081,249.591081,0.985976,1.028649,-21.889542,-0.241651,0.832766,313.58291,73.131333,68.885999,0.785706,0.313801,11.677273,18.291857,18.805516,3.589309,-0.956875,34.454912,2.51112,0.816609,999.474637,52.506899,0.157864,0.015106,0.000568,52.703606,1.047135,1.047135,0.29663
2163,2013-12-03,365.0,327.605659,250.605659,0.98582,1.028975,-22.037675,-0.242566,0.831898,342.246977,73.047351,69.627077,0.785706,0.322309,11.948634,16.099976,18.734561,4.027803,-0.8397,21.789104,2.529593,0.816609,998.017178,52.123469,0.11677,0.009805,0.00042,57.796237,1.01354,1.01354,0.18819
2164,2013-12-04,365.0,328.620555,251.620555,0.985668,1.029292,-22.178727,-0.243435,0.831066,422.047925,72.967198,69.778676,0.785706,0.38817,14.33836,18.494448,18.667029,4.991114,-0.964275,15.157406,2.544217,0.816609,996.154292,51.823855,0.089288,0.00861,0.000321,60.847573,1.081706,1.081706,0.139028
2165,2013-12-05,365.0,329.635758,252.635758,0.98552,1.0296,-22.312624,-0.244259,0.830272,451.239254,72.890941,69.566884,0.785706,0.411146,15.134936,20.57671,18.602967,5.287801,-1.074259,15.794625,2.542558,0.816609,996.398966,51.857675,0.092156,0.0099,0.000332,60.395627,1.16737,1.16737,0.156176
2166,2013-12-06,365.0,330.651261,253.651261,0.985377,1.029899,-22.439297,-0.245037,0.829517,208.103403,72.818644,70.124257,0.785706,0.211672,7.766612,7.696372,18.542424,2.489272,-0.400919,15.794625,2.542558,0.816609,996.398966,51.857675,0.092156,0.003695,0.000332,60.887183,0.549548,0.549548,0.073368
2167,2013-12-07,365.0,331.667055,254.667055,0.985239,1.030189,-22.55868,-0.245769,0.828801,440.349889,72.750371,69.352837,0.785706,0.419205,15.33408,20.465883,18.485442,5.108485,-1.070211,14.542704,2.545885,0.816609,995.899452,51.789899,0.08647,0.009254,0.000311,60.846032,1.086339,1.086339,0.132779
2168,2013-12-08,365.0,332.68313,255.68313,0.985104,1.03047,-22.670709,-0.246455,0.828127,494.299547,72.68618,69.138608,0.785706,0.458638,16.728087,23.947879,18.432064,5.682114,-1.253887,15.157406,2.544217,0.816609,996.154292,51.823855,0.089288,0.011196,0.000321,60.399411,1.231464,1.231464,0.156755
2169,2013-12-09,365.0,333.699477,256.699477,0.984975,1.030741,-22.775325,-0.247094,0.827494,448.018513,72.626129,68.840522,0.785706,0.411509,14.968618,23.118699,18.382329,5.086539,-1.212449,20.945554,2.531184,0.816609,997.845923,52.090701,0.113545,0.013767,0.000409,57.679685,1.261147,1.261147,0.222327
2170,2013-12-10,365.0,334.716087,257.716087,0.98485,1.031003,-22.87247,-0.247687,0.826903,278.342306,72.570273,68.831724,0.785706,0.287694,10.438642,14.17165,18.336276,3.156792,-0.743446,24.499119,2.524868,0.816609,998.481982,52.221007,0.126667,0.009417,0.000456,56.327855,0.828397,0.828397,0.169626
2171,2013-12-11,365.0,335.73295,258.73295,0.984729,1.031256,-22.962091,-0.248234,0.826357,356.187354,72.518661,68.585386,0.785706,0.342767,12.408197,19.049278,18.293939,3.998106,-1.000682,26.46396,2.521758,0.816609,998.752798,52.285401,0.133428,0.013352,0.00048,55.452551,1.076823,1.076823,0.23664
2172,2013-12-12,365.0,336.750058,259.750058,0.984613,1.031498,-23.04414,-0.248733,0.825855,218.186902,72.471342,68.735296,0.785706,0.228995,8.272131,11.080721,18.255352,2.462073,-0.581815,30.806287,2.515633,0.816609,999.206545,52.412702,0.14727,0.008568,0.00053,54.119342,0.695496,0.695496,0.175295
2173,2013-12-13,365.0,337.7674,260.7674,0.984502,1.031731,-23.11857,-0.249186,0.825398,236.02693,72.42836,68.683127,0.785706,0.229432,8.272131,12.006032,18.220543,2.656459,-0.630674,38.470662,2.506675,0.816609,999.684909,52.600019,0.168574,0.010632,0.000607,51.775703,0.798171,0.798171,0.243269
2174,2013-12-14,365.0,338.784967,261.784967,0.984396,1.031954,-23.185339,-0.249592,0.824986,278.285074,72.389755,68.486637,0.785706,0.262655,9.453865,14.734049,18.189542,3.10638,-0.774803,39.895963,2.505208,0.816609,999.742737,52.630824,0.172159,0.013339,0.00062,51.277587,0.942033,0.942033,0.295277
2175,2013-12-15,365.0,339.802749,262.802749,0.984294,1.032168,-23.24441,-0.24995,0.824622,405.276824,72.355565,67.268648,0.785706,0.378131,13.58993,27.83945,18.162374,4.307507,-1.472249,51.2082,2.495138,0.816609,999.987473,53.044019,0.196863,0.028983,0.000709,47.695416,1.382649,1.382649,0.523593
2176,2013-12-16,365.0,340.820736,263.820736,0.984197,1.032371,-23.295748,-0.250262,0.824304,419.325284,72.325823,67.231868,0.785706,0.389592,13.983841,28.827026,18.13906,4.448499,-1.524935,49.440455,2.496556,0.816609,999.968924,52.970548,0.193378,0.029489,0.000696,48.128838,1.417436,1.417436,0.522041
2177,2013-12-17,365.0,341.838919,264.838919,0.984105,1.032564,-23.339324,-0.250526,0.824034,367.060477,72.300557,67.576702,0.785706,0.340572,12.211241,23.417995,18.119622,3.947138,-1.237027,49.440455,2.496556,0.816609,999.968924,52.970548,0.193378,0.023921,0.000696,48.42041,1.257686,1.257686,0.462191
2178,2013-12-18,365.0,342.857287,265.857287,0.984018,1.032747,-23.37511,-0.250743,0.823811,337.822968,72.279793,67.97286,0.785706,0.313375,11.226463,19.669504,18.104077,3.689705,-1.037265,42.883546,2.502295,0.816609,999.840702,52.692082,0.179339,0.018602,0.000646,50.330504,1.138907,1.138907,0.374847
2179,2013-12-19,365.0,343.87583,266.87583,0.983936,1.03292,-23.403085,-0.250912,0.823638,308.33308,72.263553,68.752435,0.785706,0.28607,10.241686,14.668277,18.092439,3.472299,-0.770864,27.49654,2.520215,0.816609,998.876988,52.317411,0.136852,0.010549,0.000493,55.547679,0.946921,0.946921,0.211256
2180,2013-12-20,365.0,344.894539,267.894539,0.983858,1.033082,-23.42323,-0.251034,0.823512,229.84766,72.251853,67.329395,0.785706,0.280688,10.044731,15.256004,18.084721,2.445642,-0.806955,33.199343,2.512617,0.816609,999.39187,52.47562,0.154317,0.012453,0.000556,52.666886,0.706084,0.706084,0.18648
2181,2013-12-21,365.0,345.913403,268.913403,0.983786,1.033234,-23.435533,-0.251109,0.823436,112.940488,72.244706,67.101483,0.785706,0.143126,5.120843,7.82568,18.080933,1.190602,-0.41437,39.895963,2.505208,0.816609,999.742737,52.630824,0.172159,0.007134,0.00062,50.630244,0.361059,0.361059,0.111386
2182,2013-12-22,365.0,346.932412,269.932412,0.983718,1.033376,-23.439983,-0.251135,0.823408,90.11126,72.242121,65.684485,0.785706,0.115601,4.136065,7.921847,18.081079,0.896322,-0.422124,41.366531,2.503748,0.816609,999.794631,52.661511,0.175748,0.007419,0.000633,49.269319,0.274268,0.274268,0.086988
2183,2013-12-23,365.0,347.951555,270.951555,0.983656,1.033507,-23.436574,-0.251115,0.823429,173.949525,72.244101,66.984715,0.785706,0.225646,8.075176,12.320269,18.085166,1.825086,-0.652702,44.448208,2.50085,0.816609,999.881063,52.722538,0.182929,0.01194,0.000659,49.437734,0.568137,0.568137,0.190742
2184,2013-12-24,365.0,348.970823,271.970823,0.983598,1.033628,-23.425306,-0.251047,0.823499,317.437556,72.250647,67.282224,0.785706,0.352072,12.605152,21.262716,18.093193,3.371155,-1.12492,31.983483,2.514121,0.816609,999.302552,52.444222,0.150785,0.016962,0.000543,53.119078,0.962892,0.962892,0.244378
2185,2013-12-25,365.0,349.990205,272.990205,0.983546,1.033739,-23.406182,-0.250931,0.823618,383.151661,72.261755,66.607455,0.785706,0.401316,14.377752,29.145975,18.10516,3.959736,-1.546573,44.448208,2.50085,0.816609,999.881063,52.722538,0.182929,0.028291,0.000659,49.241215,1.23264,1.23264,0.412593
2186,2013-12-26,365.0,351.00969,274.00969,0.983498,1.033838,-23.379208,-0.250768,0.823786,364.573325,72.277415,66.904408,0.785706,0.373501,13.392975,26.386365,18.121062,3.814331,-1.398183,46.061744,2.499411,0.816609,999.915818,52.810115,0.186409,0.026063,0.000671,49.115345,1.196884,1.196884,0.410877
2187,2013-12-27,365.0,352.029269,275.029269,0.983456,1.033927,-23.344395,-0.250557,0.824002,367.316455,72.297615,67.040231,0.785706,0.373093,13.392975,26.033206,18.140891,3.865267,-1.378504,44.448208,2.50085,0.816609,999.881063,52.722538,0.182929,0.025217,0.000659,49.641887,1.203232,1.203232,0.401076
2188,2013-12-28,365.0,353.04893,276.04893,0.983419,1.034006,-23.301761,-0.250298,0.824267,373.419999,72.322338,67.363572,0.785706,0.378084,13.58993,24.999503,18.164638,3.982409,-1.321701,37.089471,2.508149,0.816609,999.621031,52.569098,0.164995,0.021807,0.000594,51.855844,1.185219,1.185219,0.339387
2189,2013-12-29,365.0,354.068664,277.068664,0.983386,1.034074,-23.251323,-0.249992,0.824579,416.511165,72.351562,66.889804,0.785706,0.421279,15.165573,30.678403,18.192291,4.359337,-1.625168,41.366531,2.503748,0.816609,999.794631,52.661511,0.175748,0.028562,0.000633,50.407718,1.333926,1.333926,0.417711
2190,2013-12-30,365.0,355.088459,278.088459,0.983359,1.034131,-23.193106,-0.249639,0.824938,174.396599,72.385262,66.968501,0.785706,0.229391,8.272131,12.749742,18.223834,1.831926,-0.675067,46.061744,2.499411,0.816609,999.915818,52.810115,0.186409,0.012584,0.000671,49.353549,0.574833,0.574833,0.195712
2191,2013-12-31,365.0,356.108305,279.108305,0.983337,1.034177,-23.127138,-0.249238,0.825345,184.509552,72.423409,66.867107,0.785706,0.245299,8.862998,13.840283,18.259249,1.931148,-0.733013,44.448208,2.50085,0.816609,999.881063,52.722538,0.182929,0.013409,0.000659,49.676734,0.601154,0.601154,0.198999
2192,2014-01-01,365.0,357.128191,280.128191,0.98332,1.034213,-23.05345,-0.24879,0.825797,304.20586,72.465969,67.179636,0.785706,0.342682,12.408197,21.747708,18.298515,3.226268,-1.149973,38.470662,2.506675,0.816609,999.684909,52.600019,0.168574,0.019386,0.000607,51.467047,0.969379,0.969379,0.284544
2193,2014-01-02,365.0,358.148108,281.148108,0.983308,1.034238,-22.972079,-0.248294,0.826296,266.026339,72.512905,67.86073,0.785706,0.282184,10.241686,16.78699,18.341609,2.901308,-0.884756,42.883546,2.502295,0.816609,999.840702,52.692082,0.179339,0.015867,0.000646,50.83397,0.895551,0.895551,0.287244
2194,2014-01-03,365.0,359.168043,282.168043,0.983302,1.034252,-22.883064,-0.247752,0.826839,406.639008,72.564176,67.125733,0.785706,0.421414,15.33408,29.948502,18.388504,4.30867,-1.583283,38.470662,2.506675,0.816609,999.684909,52.600019,0.168574,0.02669,0.000607,51.507069,1.294602,1.294602,0.378486
2195,2014-01-04,365.0,0.187988,283.187988,0.9833,1.034256,-22.786448,-0.247162,0.827426,334.793356,72.619738,68.298246,0.785706,0.343846,12.546066,19.685689,18.439173,3.72041,-1.034976,28.563809,2.51868,0.816609,998.993908,52.349298,0.140301,0.014521,0.000505,55.368408,1.026922,1.026922,0.229485
2196,2014-01-05,365.0,1.20793,284.20793,0.983304,1.034248,-22.68228,-0.246526,0.828057,420.020835,72.679543,67.330098,0.785706,0.429904,15.732368,30.504117,18.493584,4.493928,-1.610325,37.089471,2.508149,0.816609,999.621031,52.569098,0.164995,0.02657,0.000594,52.113419,1.337454,1.337454,0.377425
2197,2014-01-06,365.0,2.22786,285.22786,0.983312,1.03423,-22.57061,-0.245842,0.82873,334.248253,72.743541,68.045952,0.785706,0.341761,12.546066,21.388287,18.551703,3.683153,-1.125132,37.089471,2.508149,0.816609,999.621031,52.569098,0.164995,0.018564,0.000594,52.681725,1.096156,1.096156,0.308725
2198,2014-01-07,365.0,3.247766,286.247766,0.983326,1.034201,-22.451493,-0.245112,0.829444,142.51612,72.811676,67.870986,0.785706,0.194643,7.16918,9.596222,18.613494,1.560855,-0.50505,37.089471,2.508149,0.816609,999.621031,52.569098,0.164995,0.008333,0.000594,52.593007,0.464531,0.464531,0.130553
2199,2014-01-08,365.0,4.267639,287.267639,0.983345,1.034161,-22.324988,-0.244335,0.830199,94.363025,72.883891,66.78374,0.785706,0.136176,5.033307,7.82568,18.678917,0.990087,-0.413745,39.895963,2.505208,0.816609,999.742737,52.630824,0.172159,0.007123,0.00062,51.074321,0.300251,0.300251,0.089639
2200,2014-01-09,365.0,5.287468,288.287468,0.983369,1.034111,-22.191155,-0.243512,0.830993,72.854175,72.960127,65.42115,0.785706,0.10854,4.026646,7.441009,18.747933,0.723374,-0.395664,34.454912,2.51112,0.816609,999.474637,52.506899,0.157864,0.006246,0.000568,51.561604,0.211035,0.211035,0.055365
2201,2014-01-10,365.0,6.307241,289.307241,0.983398,1.03405,-22.050061,-0.242642,0.831825,53.306931,73.04032,61.942862,0.785706,0.081091,3.019984,7.921847,18.820497,0.456064,-0.427529,41.366531,2.503748,0.816609,999.794631,52.661511,0.175748,0.007514,0.000633,47.244471,0.139552,0.139552,0.042757
2202,2014-01-11,365.0,7.326949,290.326949,0.983432,1.033978,-21.901773,-0.241727,0.832694,119.085348,73.124406,67.417899,0.785706,0.183066,6.845298,9.29267,18.896563,1.285801,-0.489368,41.366531,2.503748,0.816609,999.794631,52.661511,0.175748,0.008601,0.000633,51.232013,0.393446,0.393446,0.120634
2203,2014-01-12,365.0,8.346581,291.346581,0.983471,1.033896,-21.746362,-0.240765,0.833599,107.401497,73.212318,67.449809,0.785706,0.17344,6.512662,8.475485,18.976084,1.162398,-0.446089,37.089471,2.508149,0.816609,999.621031,52.569098,0.164995,0.00736,0.000594,52.420788,0.345945,0.345945,0.096505
2204,2014-01-13,365.0,9.366127,292.366127,0.983515,1.033803,-21.583904,-0.239758,0.834539,188.675457,73.303985,68.269148,0.785706,0.237443,8.954911,13.061545,19.059009,2.112255,-0.684638,42.883546,2.502295,0.816609,999.840702,52.692082,0.179339,0.012278,0.000646,51.512662,0.651993,0.651993,0.205456
2205,2014-01-14,365.0,10.385575,293.385575,0.983565,1.033699,-21.414476,-0.238705,0.835511,358.2151,73.399336,67.184781,0.785706,0.413652,15.671093,30.546109,19.145286,3.844553,-1.608257,44.448208,2.50085,0.816609,999.881063,52.722538,0.182929,0.02942,0.000659,50.388737,1.196784,1.196784,0.387573
2206,2014-01-15,365.0,11.404916,294.404916,0.983619,1.033585,-21.238157,-0.237607,0.836516,392.331967,73.498298,66.924479,0.785706,0.438462,16.688696,35.411993,19.23486,4.171582,-1.865776,53.029959,2.493728,0.816609,1000.000813,53.113388,0.200345,0.03738,0.000721,48.346654,1.348644,1.348644,0.498751
2207,2014-01-16,365.0,12.424139,295.424139,0.983678,1.03346,-21.055032,-0.236464,0.837551,399.667474,73.600796,67.176689,0.785706,0.441048,16.868145,35.336169,19.327675,4.298505,-1.858793,51.2082,2.495138,0.816609,999.987473,53.044019,0.196863,0.036593,0.000709,48.960017,1.37976,1.37976,0.496093
2208,2014-01-17,365.0,13.443234,296.443234,0.983743,1.033325,-20.865185,-0.235276,0.838614,409.325474,73.706755,67.182883,0.785706,0.449572,17.279562,36.810985,19.423673,4.409073,-1.935372,53.029959,2.493728,0.816609,1000.000813,53.113388,0.200345,0.038774,0.000721,48.630896,1.425424,1.425424,0.524906
2209,2014-01-18,365.0,14.462191,297.462191,0.983812,1.033179,-20.668705,-0.234044,0.839706,398.155328,73.816096,67.566933,0.785706,0.43664,16.868145,34.397064,19.522792,4.361231,-1.804419,49.440455,2.496556,0.816609,999.968924,52.970548,0.193378,0.034894,0.000696,49.722251,1.389629,1.389629,0.484407
2210,2014-01-19,365.0,15.480999,298.480999,0.983886,1.033023,-20.465681,-0.232767,0.840823,415.043742,73.928741,67.622815,0.785706,0.455048,17.671286,36.248204,19.624972,4.562478,-1.900056,47.725402,2.49798,0.816609,999.945071,52.89268,0.189893,0.036081,0.000684,50.194764,1.442803,1.442803,0.488417
2211,2014-01-20,365.0,16.499648,299.499648,0.983966,1.032857,-20.256207,-0.231447,0.841964,403.003341,74.044612,67.924981,0.785706,0.441972,17.255491,34.247501,19.730147,4.490024,-1.791771,46.061744,2.499411,0.816609,999.915818,52.810115,0.186409,0.0334,0.000671,50.836827,1.408907,1.408907,0.46296
2212,2014-01-21,365.0,17.518128,300.518128,0.98405,1.032681,-20.040378,-0.230082,0.843129,419.918744,74.163628,67.835649,0.785706,0.460748,18.08708,36.953027,19.838253,4.668294,-1.933033,47.725402,2.49798,0.816609,999.945071,52.89268,0.189893,0.036707,0.000684,50.441838,1.476266,1.476266,0.497634
2213,2014-01-22,365.0,18.536429,301.536429,0.984139,1.032494,-19.818289,-0.228675,0.844315,407.182216,74.285709,68.146616,0.785706,0.447042,17.647213,34.85762,19.949223,4.589524,-1.819822,46.061744,2.499411,0.816609,999.915818,52.810115,0.186409,0.033923,0.000671,51.090489,1.440128,1.440128,0.471183
2214,2014-01-23,365.0,19.554541,302.554541,0.984232,1.032297,-19.590041,-0.227224,0.84552,428.704915,74.410774,68.401743,0.785706,0.470966,18.697643,36.014994,20.062988,4.888152,-1.876976,39.895963,2.505208,0.816609,999.742737,52.630824,0.172159,0.032314,0.00062,52.849234,1.482368,1.482368,0.429639
2215,2014-01-24,365.0,20.572453,303.572453,0.984331,1.03209,-19.355733,-0.225731,0.846744,425.967195,74.538742,68.258898,0.785706,0.468247,18.697643,37.448645,20.179479,4.836555,-1.951797,46.061744,2.499411,0.816609,999.915818,52.810115,0.186409,0.036383,0.000671,51.261422,1.517643,1.517643,0.494505
2216,2014-01-25,365.0,21.590157,304.590157,0.984434,1.031873,-19.115468,-0.224195,0.847983,432.397035,74.669533,68.042319,0.785706,0.475632,19.104684,40.162981,20.298623,4.874668,-2.09405,53.029959,2.493728,0.816609,1000.000813,53.113388,0.200345,0.041953,0.000721,49.622376,1.575947,1.575947,0.571086
2217,2014-01-26,365.0,22.607642,305.607642,0.984543,1.031647,-18.869349,-0.222617,0.849238,424.733609,74.803064,68.249119,0.785706,0.467544,18.892408,39.112194,20.420349,4.834882,-2.036081,53.029959,2.493728,0.816609,1000.000813,53.113388,0.200345,0.040792,0.000721,49.819545,1.563085,1.563085,0.565185
2218,2014-01-27,365.0,23.624899,306.624899,0.984656,1.03141,-18.617481,-0.220998,0.850506,383.106379,74.939256,69.111611,0.785706,0.422029,17.157013,31.510028,20.544582,4.518167,-1.632853,44.448208,2.50085,0.816609,999.881063,52.722538,0.182929,0.02987,0.000659,52.399858,1.406476,1.406476,0.442466
2219,2014-01-28,365.0,24.641918,307.641918,0.984773,1.031164,-18.359973,-0.219337,0.851785,145.944752,75.078027,68.677425,0.785706,0.24118,9.865282,13.191521,20.671248,1.694726,-0.684499,41.366531,2.503748,0.816609,999.794631,52.661511,0.175748,0.01203,0.000633,52.901322,0.518574,0.518574,0.153235
2220,2014-01-29,365.0,25.658689,308.658689,0.984895,1.030908,-18.09693,-0.217636,0.853074,107.547499,75.219299,68.66871,0.785706,0.192789,7.935119,9.967269,20.800271,1.250314,-0.516874,42.883546,2.502295,0.816609,999.840702,52.692082,0.179339,0.00927,0.000646,52.5377,0.385936,0.385936,0.117427
2221,2014-01-30,365.0,26.675203,309.675203,0.985022,1.030643,-17.828462,-0.215895,0.854371,239.115042,75.362991,69.991208,0.785706,0.319071,13.215714,18.278071,20.931574,2.930925,-0.94148,31.983483,2.514121,0.816609,999.302552,52.444222,0.150785,0.014196,0.000543,56.522218,0.837151,0.837151,0.196313
2222,2014-01-31,365.0,27.691451,310.691451,0.985153,1.030368,-17.554679,-0.214113,0.855674,90.326056,75.509024,69.563724,0.785706,0.16632,6.932834,7.646874,21.06508,1.090726,-0.394386,30.806287,2.515633,0.816609,999.206545,52.412702,0.14727,0.005808,0.00053,56.574285,0.308113,0.308113,0.069636
2223,2014-02-01,365.0,28.707423,311.707423,0.985289,1.030084,-17.275693,-0.212292,0.856982,165.751078,75.657322,71.18332,0.785706,0.224306,9.410097,10.627933,21.200711,2.132326,-0.543662,29.666731,2.517153,0.816609,999.103712,52.381061,0.143775,0.007816,0.000518,58.204937,0.595522,0.595522,0.129823
2224,2014-02-02,365.0,29.723111,312.723111,0.98543,1.02979,-16.991615,-0.210432,0.858293,157.577995,75.807807,68.764767,0.785706,0.295418,12.473848,15.827067,21.338386,1.85013,-0.818125,29.666731,2.517153,0.816609,999.103712,52.381061,0.143775,0.011763,0.000518,56.338304,0.516709,0.516709,0.112359
2225,2014-02-03,365.0,30.738504,313.738504,0.985574,1.029488,-16.702557,-0.208534,0.859605,237.454483,75.960402,70.979536,0.785706,0.324392,13.786886,17.005687,21.478027,3.040682,-0.869488,24.499119,2.524868,0.816609,998.481982,52.221007,0.126667,0.011014,0.000456,59.802516,0.797928,0.797928,0.143884
2226,2014-02-04,365.0,31.753595,314.753595,0.985724,1.029176,-16.408634,-0.206597,0.860917,377.95843,76.115033,71.388293,0.785706,0.464987,19.892507,25.764316,21.619553,4.922346,-1.313842,17.139382,2.539265,0.816609,996.858748,51.924913,0.098039,0.012881,0.000353,62.910761,1.125937,1.125937,0.140162
2227,2014-02-05,365.0,32.768375,315.768375,0.985877,1.028856,-16.109958,-0.204623,0.862227,394.93751,76.271626,72.039038,0.785706,0.467057,20.113536,24.194239,21.762884,5.277707,-1.229113,14.542704,2.545885,0.816609,995.899452,51.789899,0.08647,0.010628,0.000311,64.563796,1.122325,1.122325,0.116995
2228,2014-02-06,365.0,33.782834,316.782834,0.986035,1.028527,-15.806645,-0.202612,0.863533,161.730177,76.430107,70.410567,0.785706,0.314089,13.61619,14.056219,21.907938,2.036056,-0.718986,17.139382,2.539265,0.816609,996.858748,51.924913,0.098039,0.007049,0.000353,62.105605,0.465727,0.465727,0.057766
2229,2014-02-07,365.0,34.796964,317.796964,0.986197,1.028189,-15.498809,-0.200564,0.864834,158.09731,76.590406,69.280058,0.785706,0.317114,13.839406,16.665713,22.054635,1.908413,-0.856278,25.465127,2.523309,0.816609,998.621183,52.253266,0.130032,0.011134,0.000468,58.173157,0.507453,0.507453,0.094516
2230,2014-02-08,365.0,35.810757,318.810757,0.986363,1.027843,-15.186566,-0.198481,0.866128,143.000704,76.752452,68.348201,0.785706,0.302694,13.298874,17.315969,22.202892,1.666723,-0.892817,34.454912,2.51112,0.816609,999.474637,52.506899,0.157864,0.014094,0.000568,54.72583,0.486245,0.486245,0.120718
2231,2014-02-09,365.0,36.824204,319.824204,0.986533,1.027488,-14.87003,-0.196362,0.867414,145.685505,76.916175,68.00084,0.785706,0.310858,13.749683,18.730079,22.352629,1.677262,-0.966516,38.470662,2.506675,0.816609,999.684909,52.600019,0.168574,0.016293,0.000607,53.397446,0.503957,0.503957,0.137976
2232,2014-02-10,365.0,37.837297,320.837297,0.986708,1.027125,-14.549319,-0.194208,0.868689,361.445398,77.081509,69.017621,0.785706,0.526428,23.442081,42.235874,22.503763,4.337895,-2.167645,38.470662,2.506675,0.816609,999.684909,52.600019,0.168574,0.036541,0.000607,54.174966,1.303383,1.303383,0.356601
2233,2014-02-11,365.0,38.850028,321.850028,0.986886,1.026753,-14.224547,-0.19202,0.869953,86.624812,77.248386,69.661477,0.785706,0.187833,8.420942,9.558698,22.656212,1.067515,-0.488733,41.366531,2.503748,0.816609,999.794631,52.661511,0.175748,0.008589,0.000633,53.927161,0.326652,0.326652,0.095069
2234,2014-02-12,365.0,39.862389,322.862389,0.987068,1.026374,-13.895832,-0.189799,0.871204,63.292628,77.416743,68.591682,0.785706,0.147634,6.663661,8.114182,22.809896,0.749185,-0.416593,44.448208,2.50085,0.816609,999.881063,52.722538,0.182929,0.007621,0.000659,52.402857,0.233216,0.233216,0.072046
2235,2014-02-13,365.0,40.874372,323.874372,0.987254,1.025987,-13.563288,-0.187544,0.87244,226.738289,77.586514,70.755263,0.785706,0.343843,15.625137,22.67733,22.964732,2.921927,-1.151753,42.883546,2.502295,0.816609,999.840702,52.692082,0.179339,0.020655,0.000646,54.268233,0.901916,0.901916,0.271683
2236,2014-02-14,365.0,41.88597,324.88597,0.987444,1.025592,-13.227032,-0.185257,0.873661,63.532204,77.757639,69.003426,0.785706,0.157178,7.191064,8.118509,23.120639,0.766421,-0.415354,41.366531,2.503748,0.816609,999.794631,52.661511,0.175748,0.0073,0.000633,53.411155,0.23452,0.23452,0.068357
2237,2014-02-15,365.0,42.897174,325.897174,0.987638,1.025189,-12.887179,-0.182939,0.874863,63.485255,77.930057,69.033437,0.785706,0.161155,7.423035,8.259903,23.277537,0.767809,-0.422183,41.366531,2.503748,0.816609,999.794631,52.661511,0.175748,0.00742,0.000633,53.450214,0.234944,0.234944,0.068421
2238,2014-02-16,365.0,43.907977,326.907977,0.987836,1.024779,-12.543847,-0.180589,0.876047,224.346703,78.103708,71.378447,0.785706,0.353455,16.391074,22.243204,23.435344,2.972034,-1.12363,35.751258,2.509631,0.816609,999.550981,52.538058,0.161424,0.018138,0.000581,56.721957,0.875872,0.875872,0.224273
2239,2014-02-17,365.0,44.918373,327.918373,0.988037,1.024362,-12.19715,-0.178209,0.87721,133.336447,78.278534,67.186943,0.785706,0.341048,15.922758,21.588241,23.59398,1.502589,-1.110965,38.470662,2.506675,0.816609,999.684909,52.600019,0.168574,0.018728,0.000607,52.864268,0.451474,0.451474,0.123049
2240,2014-02-18,365.0,45.928353,328.928353,0.988242,1.023938,-11.847204,-0.175799,0.878352,77.156285,78.45448,69.554968,0.785706,0.201133,9.453864,10.108779,23.753366,0.956065,-0.514151,38.470662,2.506675,0.816609,999.684909,52.600019,0.168574,0.008667,0.000607,54.64954,0.287263,0.287263,0.078292
2241,2014-02-19,365.0,46.937912,329.937912,0.98845,1.023506,-11.494125,-0.17336,0.879471,108.4842,78.63149,69.396889,0.785706,0.284695,13.471756,14.766776,23.913423,1.337748,-0.750981,28.563809,2.51868,0.816609,998.993908,52.349298,0.140301,0.010536,0.000505,57.398573,0.36925,0.36925,0.076259
2242,2014-02-20,365.0,47.947041,330.947041,0.988662,1.023068,-11.138026,-0.170893,0.880565,88.856395,78.80951,69.535501,0.785706,0.240349,11.44968,12.171256,24.074071,1.102987,-0.618058,33.199343,2.512617,0.816609,999.39187,52.47562,0.154317,0.009538,0.000556,56.129568,0.318445,0.318445,0.075793
2243,2014-02-21,365.0,48.955735,331.955735,0.988877,1.022622,-10.779024,-0.168398,0.881634,248.686458,78.988489,71.528995,0.785706,0.402891,19.321335,27.585773,24.235234,3.33422,-1.386615,37.089471,2.508149,0.816609,999.621031,52.569098,0.164995,0.022878,0.000594,56.546648,0.992309,0.992309,0.261328
2244,2014-02-22,365.0,49.963986,332.963986,0.989096,1.022171,-10.417232,-0.165876,0.882677,275.688054,79.168376,73.113072,0.785706,0.383949,18.535701,24.957407,24.396833,3.923125,-1.24403,34.454912,2.51112,0.816609,999.474637,52.506899,0.157864,0.019639,0.000568,58.525933,1.144521,1.144521,0.281714
2245,2014-02-23,365.0,50.971789,333.971789,0.989317,1.021712,-10.052764,-0.163327,0.883691,421.022027,79.349122,71.699631,0.785706,0.554788,26.96102,48.059788,24.558793,5.694091,-2.40961,44.448208,2.50085,0.816609,999.881063,52.722538,0.182929,0.044079,0.000659,54.771797,1.772533,1.772533,0.544778
2246,2014-02-24,365.0,51.979136,334.979136,0.989542,1.021248,-9.685735,-0.160754,0.884676,144.098993,79.530677,65.778337,0.785706,0.39229,19.190032,29.136901,24.721037,1.545988,-1.5001,49.440455,2.496556,0.816609,999.968924,52.970548,0.193378,0.029009,0.000696,49.458325,0.492602,0.492602,0.164147
2247,2014-02-25,365.0,52.986023,335.986023,0.98977,1.020777,-9.316256,-0.158155,0.885632,157.225191,79.712996,65.221399,0.785706,0.429195,21.133326,33.492818,24.883492,1.649913,-1.727204,49.440455,2.496556,0.816609,999.968924,52.970548,0.193378,0.0334,0.000696,49.006365,0.525716,0.525716,0.175607
2248,2014-02-26,365.0,53.992443,336.992443,0.990001,1.020301,-8.944441,-0.155533,0.886556,355.492636,79.896033,69.652615,0.785706,0.578612,28.67672,54.2953,25.046082,4.462969,-2.741282,53.029959,2.493728,0.816609,1000.000813,53.113388,0.200345,0.05492,0.000721,51.305576,1.442848,1.442848,0.510911
2249,2014-02-27,365.0,54.998389,337.998389,0.990236,1.019819,-8.570403,-0.152887,0.887448,214.341778,80.079743,74.19341,0.785706,0.299723,14.951111,19.043312,25.208736,3.188309,-0.940148,47.725402,2.49798,0.816609,999.945071,52.89268,0.189893,0.017853,0.000684,55.711483,1.008247,1.008247,0.328848
2250,2014-02-28,365.0,56.003858,339.003858,0.990472,1.019331,-8.194252,-0.150219,0.888307,148.699426,80.264084,66.659897,0.785706,0.408824,20.524953,29.995291,25.371382,1.661005,-1.532755,44.448208,2.50085,0.816609,999.881063,52.722538,0.182929,0.028039,0.000659,51.136458,0.51706,0.51706,0.15856
2251,2014-03-01,365.0,57.008843,340.008843,0.990712,1.018838,-7.816102,-0.147529,0.889132,88.68605,80.449013,70.025544,0.785706,0.249606,12.611717,13.852675,25.533948,1.132779,-0.69632,41.366531,2.503748,0.816609,999.794631,52.661511,0.175748,0.012238,0.000633,54.356215,0.346622,0.346622,0.100062
2252,2014-03-02,365.0,58.013338,341.013338,0.990955,1.018339,-7.436061,-0.144819,0.889922,45.031043,80.634489,68.727021,0.785706,0.132471,6.735878,8.018015,25.696365,0.547383,-0.405119,42.883546,2.502295,0.816609,999.840702,52.692082,0.179339,0.007265,0.000646,53.042217,0.168961,0.168961,0.050239
2253,2014-03-03,365.0,59.017339,342.017339,0.9912,1.017835,-7.054241,-0.142088,0.890676,74.974448,80.820473,69.837213,0.785706,0.226243,11.576607,12.364611,25.858564,0.952385,-0.620952,44.448208,2.50085,0.816609,999.881063,52.722538,0.182929,0.011359,0.000659,53.460663,0.296471,0.296471,0.090927
2254,2014-03-04,365.0,60.020841,343.020841,0.991448,1.017326,-6.670751,-0.139338,0.891394,331.246375,81.006926,71.074185,0.785706,0.562088,28.941517,49.613948,26.020478,4.414305,-2.474913,46.061744,2.499411,0.816609,999.915818,52.810115,0.186409,0.046135,0.000671,53.931532,1.385147,1.385147,0.438176
2255,2014-03-05,365.0,61.023839,344.023839,0.991698,1.016813,-6.285702,-0.13657,0.892074,94.120832,81.193809,68.262705,0.785706,0.289088,14.977373,18.241652,26.182041,1.126057,-0.921177,49.440455,2.496556,0.816609,999.968924,52.970548,0.193378,0.017814,0.000696,51.208829,0.358798,0.358798,0.119737
2256,2014-03-06,365.0,62.026328,345.026328,0.991951,1.016295,-5.899201,-0.133784,0.892717,87.356695,81.381087,69.130096,0.785706,0.26784,13.961957,16.094928,26.343188,1.082153,-0.808766,47.725402,2.49798,0.816609,999.945071,52.89268,0.189893,0.015358,0.000684,51.762409,0.342212,0.342212,0.113328
2257,2014-03-07,365.0,63.028305,346.028305,0.992206,1.015772,-5.511358,-0.130981,0.893321,357.452362,81.568722,71.291799,0.785706,0.610254,32.005269,55.601681,26.503854,4.813057,-2.763163,44.448208,2.50085,0.816609,999.881063,52.722538,0.182929,0.050546,0.000659,54.045963,1.498273,1.498273,0.469747
2258,2014-03-08,365.0,64.029763,347.029763,0.992463,1.015246,-5.122279,-0.128163,0.893885,204.914494,81.756681,61.703649,0.785706,0.630853,33.28548,60.566079,26.663978,1.863926,-3.141965,49.440455,2.496556,0.816609,999.968924,52.970548,0.193378,0.060759,0.000696,46.155804,0.593907,0.593907,0.201454
2259,2014-03-09,365.0,65.030701,348.030701,0.992723,1.014715,-4.732072,-0.125329,0.89441,179.16412,81.944928,74.494354,0.785706,0.3065,16.268525,20.384677,26.823498,2.714876,-0.99572,53.029959,2.493728,0.816609,1000.000813,53.113388,0.200345,0.019949,0.000721,54.213406,0.877701,0.877701,0.31621
2260,2014-03-10,365.0,66.031112,349.031112,0.992984,1.01418,-4.340845,-0.122481,0.894895,101.97352,82.13343,69.460372,0.785706,0.314369,16.784986,19.527651,26.982355,1.282672,-0.976169,41.366531,2.503748,0.816609,999.794631,52.661511,0.175748,0.017156,0.000633,52.20892,0.392488,0.392488,0.123154
2261,2014-03-11,365.0,67.030995,350.030995,0.993248,1.013642,-3.948703,-0.11962,0.895339,428.708553,82.322155,71.609283,0.785706,0.7322,39.32326,69.817447,27.140489,5.854712,-3.451628,38.470662,2.506675,0.816609,999.684909,52.600019,0.168574,0.058185,0.000607,54.582435,1.759132,1.759132,0.519179
2262,2014-03-12,365.0,68.030344,351.030344,0.993514,1.013099,-3.555752,-0.116746,0.895742,533.549279,82.511069,72.652729,0.785706,0.771369,41.66703,80.208675,27.297845,7.576569,-3.941915,46.061744,2.499411,0.816609,999.915818,52.810115,0.186409,0.073481,0.000671,53.281957,2.377421,2.377421,0.810605
2263,2014-03-13,365.0,69.029158,352.029158,0.993781,1.012554,-3.162097,-0.113861,0.896103,550.373748,82.700142,73.140406,0.785706,0.749247,40.704138,80.373067,27.454366,7.959022,-3.937043,53.029959,2.493728,0.816609,1000.000813,53.113388,0.200345,0.078877,0.000721,51.989676,2.573098,2.573098,0.97192
2264,2014-03-14,365.0,70.027432,353.027432,0.994051,1.012005,-2.767843,-0.110965,0.896422,124.595861,82.889342,67.849162,0.785706,0.387733,21.18366,28.286761,27.609998,1.473498,-1.419472,47.725402,2.49798,0.816609,999.945071,52.89268,0.189893,0.026955,0.000684,49.742702,0.465968,0.465968,0.161912
2265,2014-03-15,365.0,71.025163,354.025163,0.994322,1.011454,-2.373095,-0.108059,0.8967,395.826883,83.078639,71.715392,0.785706,0.679572,37.336201,68.584801,27.764688,5.435337,-3.376379,51.2082,2.495138,0.816609,999.987473,53.044019,0.196863,0.066469,0.000709,51.554048,1.744667,1.744667,0.640085
2266,2014-03-16,365.0,72.022348,355.022348,0.994595,1.010899,-1.977956,-0.105143,0.896935,462.518653,83.268003,73.209901,0.785706,0.671751,37.110792,71.205101,27.918385,6.711663,-3.476987,60.88443,2.488154,0.816609,1000.003891,53.355378,0.214195,0.074475,0.000771,50.453519,2.228694,2.228694,0.0
2267,2014-03-17,365.0,73.018986,356.018986,0.994869,1.010342,-1.582529,-0.10222,0.897127,136.35617,83.457404,70.631981,0.785706,0.403742,22.426665,26.630097,28.071039,1.798485,-1.315317,33.199343,2.512617,0.816609,999.39187,52.47562,0.154317,0.020298,0.000556,54.680219,0.519243,0.519243,0.140378
2268,2014-03-18,365.0,74.015073,357.015073,0.995145,1.009782,-1.186918,-0.09929,0.897277,418.41611,83.646813,73.91351,0.785706,0.703695,39.29919,62.484092,28.222601,6.230141,-3.035002,33.199343,2.512617,0.816609,999.39187,52.47562,0.154317,0.046835,0.000556,57.100099,1.798711,1.798711,0.486114
2269,2014-03-19,365.0,75.010606,358.010606,0.995422,1.00922,-0.791224,-0.096353,0.897384,482.583745,83.8362,74.79766,0.785706,0.690376,38.760843,67.062977,28.373025,7.416116,-3.240289,44.448208,2.50085,0.816609,999.881063,52.722538,0.182929,0.059274,0.000659,54.283472,2.308588,2.308588,0.792707
2270,2014-03-20,365.0,76.005584,359.005584,0.9957,1.008656,-0.39555,-0.093411,0.897448,406.224794,84.025538,77.129433,0.785706,0.548108,30.935142,43.260887,28.522264,6.767925,-2.064293,34.454912,2.51112,0.816609,999.474637,52.506899,0.157864,0.032588,0.000568,59.102407,1.974455,1.974455,0.548641
2271,2014-03-21,365.0,77.000005,5e-06,0.99598,1.00809,2e-06,-0.090464,0.897469,500.288016,84.214798,76.872985,0.785706,0.660074,37.447806,56.712859,28.670276,8.262894,-2.707056,33.199343,2.512617,0.816609,999.39187,52.47562,0.154317,0.041774,0.000556,59.419451,2.38559,2.38559,0.639972
2272,2014-03-22,365.0,77.993866,0.993866,0.99626,1.007522,0.395332,-0.087514,0.897448,564.65199,84.403952,76.383749,0.785706,0.738763,42.126593,69.882036,28.817017,9.170887,-3.340595,37.089471,2.508149,0.816609,999.621031,52.569098,0.164995,0.055118,0.000594,57.817754,2.72938,2.72938,0.802866
2273,2014-03-23,365.0,78.987167,1.987167,0.996542,1.006952,0.790339,-0.084561,0.897384,224.374208,84.59297,65.474303,0.785706,0.673577,38.60328,64.607296,28.962447,2.411154,-3.250749,44.448208,2.50085,0.816609,999.881063,52.722538,0.182929,0.059466,0.000659,48.183329,0.750576,0.750576,0.254102
2274,2014-03-24,365.0,79.979905,2.979905,0.996825,1.006381,1.184922,-0.081606,0.897278,414.963059,84.781827,73.30041,0.785706,0.703755,40.533444,73.12893,29.106525,6.043685,-3.542543,53.029959,2.493728,0.816609,1000.000813,53.113388,0.200345,0.070973,0.000721,51.442271,1.953883,1.953883,0.754652
2275,2014-03-25,365.0,80.972079,3.972079,0.997108,1.005809,1.578982,-0.07865,0.897129,376.4826,84.970492,76.601833,0.785706,0.542615,31.405649,48.652691,29.249214,6.158424,-2.316584,51.2082,2.495138,0.816609,999.987473,53.044019,0.196863,0.045605,0.000709,54.105978,1.976768,1.976768,0.743404
2276,2014-03-26,365.0,81.963688,4.963688,0.997393,1.005235,1.972419,-0.075694,0.896938,111.376135,85.158939,72.294466,0.785706,0.339296,19.732753,21.950778,29.390478,1.562967,-1.066547,41.366531,2.503748,0.816609,999.794631,52.661511,0.175748,0.018744,0.000633,53.914599,0.478257,0.478257,0.15209
2277,2014-03-27,365.0,82.954732,5.954732,0.997678,1.004661,2.365134,-0.072739,0.896705,72.389758,85.347139,74.971472,0.785706,0.225301,13.165381,11.566158,29.530281,1.118443,-0.55414,37.089471,2.508149,0.816609,999.621031,52.569098,0.164995,0.009143,0.000594,57.116695,0.332864,0.332864,0.0966
2278,2014-03-28,365.0,83.945208,6.945208,0.997963,1.004086,2.757027,-0.069786,0.896431,70.667532,85.535064,74.239758,0.785706,0.229022,13.445497,12.274635,29.66859,1.063568,-0.589651,41.366531,2.503748,0.816609,999.794631,52.661511,0.175748,0.010363,0.000633,55.339865,0.325444,0.325444,0.103255
2279,2014-03-29,365.0,84.935118,7.935118,0.998249,1.003511,3.148001,-0.066836,0.896115,100.432005,85.722685,71.683593,0.785706,0.330269,19.478899,21.570912,29.805372,1.376561,-1.048238,44.448208,2.50085,0.816609,999.881063,52.722538,0.182929,0.019175,0.000659,52.753542,0.428514,0.428514,0.143701
2280,2014-03-30,365.0,85.924459,8.924459,0.998536,1.002935,3.537958,-0.063889,0.895759,257.140214,85.909975,77.491871,0.785706,0.452665,26.818774,33.457253,29.940598,4.328781,-1.578391,38.470662,2.506675,0.816609,999.684909,52.600019,0.168574,0.026608,0.000607,58.533616,1.300645,1.300645,0.388355
2281,2014-03-31,365.0,86.913232,9.913232,0.998823,1.002358,3.926798,-0.060947,0.895362,164.601182,86.096904,68.032721,0.785706,0.544976,32.432005,45.098736,30.074238,1.958579,-2.225915,39.895963,2.505208,0.816609,999.742737,52.630824,0.172159,0.038321,0.00062,51.478887,0.593953,0.593953,0.181715
2282,2014-04-01,365.0,87.901437,10.901437,0.99911,1.001782,4.314426,-0.05801,0.894926,59.660711,86.283443,74.835625,0.785706,0.201441,12.040546,10.505847,30.206264,0.915553,-0.501299,42.883546,2.502295,0.816609,999.840702,52.692082,0.179339,0.00899,0.000646,55.452207,0.282605,0.282605,0.091827
2283,2014-04-02,365.0,88.889074,11.889074,0.999398,1.001206,4.700743,-0.055079,0.894451,319.255774,86.469563,76.581459,0.785706,0.568296,34.114882,48.683134,30.33665,5.203099,-2.300647,41.366531,2.503748,0.816609,999.794631,52.661511,0.175748,0.040433,0.000633,57.124075,1.592111,1.592111,0.502226
2284,2014-04-03,365.0,89.876143,12.876143,0.999685,1.00063,5.085652,-0.052156,0.893936,210.001301,86.655233,64.549337,0.785706,0.713966,43.041341,69.720168,30.465371,2.162311,-3.487619,42.883546,2.502295,0.816609,999.840702,52.692082,0.179339,0.062547,0.000646,48.338539,0.667444,0.667444,0.215312
2285,2014-04-04,365.0,90.862644,13.862644,0.999973,1.000055,5.469058,-0.049241,0.893384,96.30064,86.840425,72.439866,0.785706,0.329256,19.931897,21.214949,30.592404,1.353282,-1.02142,42.883546,2.502295,0.816609,999.840702,52.692082,0.179339,0.018318,0.000646,53.917385,0.41772,0.41772,0.134939
2286,2014-04-05,365.0,91.848578,14.848578,1.00026,0.99948,5.850862,-0.046335,0.892794,125.370911,87.025106,69.959279,0.785706,0.430952,26.195083,32.548196,30.717727,1.603862,-1.584521,44.448208,2.50085,0.816609,999.881063,52.722538,0.182929,0.028985,0.000659,51.811203,0.499272,0.499272,0.16562
2287,2014-04-06,365.0,92.833946,15.833946,1.000547,0.998906,6.23097,-0.043438,0.892168,310.872834,87.209247,76.597217,0.785706,0.557992,34.053607,50.784733,30.841319,5.056273,-2.390704,51.2082,2.495138,0.816609,999.987473,53.044019,0.196863,0.047064,0.000709,54.619536,1.622993,1.622993,0.59992
2288,2014-04-07,365.0,93.818749,16.818749,1.000834,0.998334,6.609285,-0.040553,0.891505,490.872751,87.392815,76.54448,0.785706,0.737062,45.159706,81.922566,30.963162,7.963599,-3.85392,60.88443,2.488154,0.816609,1000.003891,53.355378,0.214195,0.082549,0.000771,52.202191,2.644416,2.644416,0.0
2289,2014-04-08,365.0,94.802987,17.802987,1.001121,0.997762,6.985712,-0.037679,0.890807,513.509051,87.575778,77.245733,0.785706,0.710376,43.693482,81.639802,31.083236,8.525576,-3.823429,72.086874,2.481337,0.816609,999.900839,53.597002,0.231171,0.088387,0.000832,48.687138,2.915903,2.915903,0.0
2290,2014-04-09,365.0,95.786662,18.786662,1.001407,0.997191,7.360154,-0.034818,0.890075,409.468415,87.758104,79.819763,0.785706,0.54549,33.67939,50.159106,31.201526,7.397493,-2.316173,54.907078,2.492324,0.816609,1000.009037,53.178937,0.203822,0.047209,0.000734,53.49065,2.408286,2.408286,0.0
2291,2014-04-10,365.0,96.769775,19.769775,1.001693,0.996622,7.732518,-0.031971,0.889309,546.923733,87.939758,78.847658,0.785706,0.71508,44.314989,76.58996,31.318017,9.563457,-3.551042,56.840928,2.490928,0.816609,1000.012234,53.240943,0.20729,0.07361,0.000746,52.417879,3.134609,3.134609,0.0
2292,2014-04-11,365.0,97.752328,20.752328,1.001978,0.996055,8.102707,-0.029138,0.88851,573.250434,88.120707,78.737755,0.785706,0.736888,45.833735,82.770575,31.432694,9.978555,-3.836158,62.996953,2.486778,0.816609,999.992517,53.408313,0.217627,0.083485,0.000783,50.891369,3.334254,3.334254,0.0
2293,2014-04-12,365.0,98.734322,21.734322,1.002263,0.99549,8.470628,-0.02632,0.887679,482.636961,88.300915,80.563695,0.785706,0.609972,38.075875,57.538068,31.545545,8.906887,-2.63918,49.440455,2.496556,0.816609,999.968924,52.970548,0.193378,0.051036,0.000696,55.419311,2.838023,2.838023,1.097295
2294,2014-04-13,365.0,99.715759,22.715759,1.002547,0.994926,8.836185,-0.023518,0.886818,496.08972,88.480349,80.624566,0.785706,0.626977,39.275117,60.000566,31.656558,9.164106,-2.748669,49.440455,2.496556,0.816609,999.968924,52.970548,0.193378,0.053153,0.000696,55.458546,2.919981,2.919981,1.128959
2295,2014-04-14,365.0,100.696642,23.696642,1.00283,0.994365,9.199284,-0.020734,0.885926,588.619156,88.65897,79.756596,0.785706,0.74469,46.809759,80.529547,31.765724,10.562816,-3.702318,54.907078,2.492324,0.816609,1000.009037,53.178937,0.203822,0.075461,0.000734,53.561749,3.438771,3.438771,0.0
2296,2014-04-15,365.0,101.676973,24.676973,1.003112,0.993806,9.559832,-0.017967,0.885006,409.094188,88.836741,82.02072,0.785706,0.507558,32.011836,42.907975,31.873032,7.882053,-1.947662,47.725402,2.49798,0.816609,999.945071,52.89268,0.189893,0.036985,0.000684,56.818415,2.49256,2.49256,0.940465
2297,2014-04-16,365.0,102.656753,25.656753,1.003393,0.993249,9.917734,-0.015219,0.884058,460.827372,89.013626,81.733236,0.785706,0.572042,36.198231,51.563369,31.978476,8.789756,-2.341893,47.725402,2.49798,0.816609,999.945071,52.89268,0.189893,0.044471,0.000684,56.639477,2.779606,2.779606,1.048658
2298,2014-04-17,365.0,103.635986,26.635986,1.003673,0.992695,10.272897,-0.01249,0.883083,339.281979,89.189585,82.796572,0.785706,0.421657,26.768441,33.331651,32.082049,6.681845,-1.503968,53.029959,2.493728,0.816609,1000.000813,53.113388,0.200345,0.030131,0.000721,55.875015,2.160195,2.160195,0.875241
2299,2014-04-18,365.0,104.614673,27.614673,1.003951,0.992144,10.625227,-0.009782,0.882082,491.570179,89.364577,81.801949,0.785706,0.610969,38.909654,57.02135,32.183745,9.375382,-2.584034,47.725402,2.49798,0.816609,999.945071,52.89268,0.189893,0.049069,0.000684,56.705299,2.964799,2.964799,1.117801
2300,2014-04-19,365.0,105.592818,28.592818,1.004229,0.991595,10.974631,-0.007096,0.881056,628.152279,89.538564,80.326282,0.785706,0.781732,49.93916,88.540975,32.28356,11.418503,-4.039875,58.832904,2.489538,0.816609,1000.010491,53.299671,0.210749,0.08514,0.000759,52.935827,3.767408,3.767408,0.0
2301,2014-04-20,365.0,106.570424,29.570424,1.004505,0.99105,11.321017,-0.004431,0.880007,630.500364,89.711503,81.003881,0.785706,0.765673,49.061617,83.96598,32.38149,11.698241,-3.814071,54.907078,2.492324,0.816609,1000.009037,53.178937,0.203822,0.077739,0.000734,54.202095,3.808414,3.808414,0.0
2302,2014-04-21,365.0,107.547494,30.547494,1.00478,0.990508,11.664291,-0.001789,0.878936,512.667977,89.883352,82.054352,0.785706,0.604965,38.879019,61.371011,32.477533,9.820183,-2.769792,62.996953,2.486778,0.816609,999.992517,53.408313,0.217627,0.060278,0.000783,52.799223,3.281335,3.281335,0.0
2303,2014-04-22,365.0,108.524031,31.524031,1.005054,0.989969,12.004362,0.000828,0.877843,254.285951,90.054067,80.834088,0.785706,0.458032,29.521441,35.768738,32.571688,4.681024,-1.623261,44.448208,2.50085,0.816609,999.881063,52.722538,0.182929,0.029694,0.000659,57.053695,1.457172,1.457172,0.522057
2304,2014-04-23,365.0,109.500038,32.500038,1.005325,0.989434,12.341137,0.003422,0.876731,233.412499,90.223605,81.392021,0.785706,0.427891,27.656928,31.427723,32.663953,4.367985,-1.420793,41.366531,2.503748,0.816609,999.794631,52.661511,0.175748,0.02497,0.000633,58.414901,1.336572,1.336572,0.453258
2305,2014-04-24,365.0,110.475519,33.475519,1.005596,0.988902,12.674525,0.005989,0.8756,126.907846,90.391919,83.1149,0.785706,0.246241,15.959961,14.081069,32.754331,2.502553,-0.630216,46.061744,2.499411,0.816609,999.915818,52.810115,0.186409,0.011748,0.000671,58.019189,0.785266,0.785266,0.288816
2306,2014-04-25,365.0,111.450478,34.450478,1.005864,0.988374,13.004434,0.008531,0.874452,112.329158,90.558965,83.703577,0.785706,0.221502,14.395259,11.730974,32.842822,2.252302,-0.522912,41.366531,2.503748,0.816609,999.794631,52.661511,0.175748,0.00919,0.000633,59.909884,0.689189,0.689189,0.23394
2307,2014-04-26,365.0,112.424918,35.424918,1.006131,0.98785,13.330773,0.011045,0.873287,437.497437,90.724693,82.484307,0.785706,0.61903,40.336487,54.804997,32.929429,8.438619,-2.456745,39.895963,2.505208,0.816609,999.742737,52.630824,0.172159,0.042295,0.00062,59.629949,2.559074,2.559074,0.843895
2308,2014-04-27,365.0,113.398844,36.398844,1.006396,0.98733,13.653451,0.013532,0.872108,192.384168,90.889058,81.827263,0.785706,0.385901,25.210304,26.454562,33.014155,3.630606,-1.188985,39.895963,2.505208,0.816609,999.742737,52.630824,0.172159,0.020469,0.00062,59.230762,1.101008,1.101008,0.362594
2309,2014-04-28,365.0,114.372259,37.372259,1.006658,0.986815,13.972378,0.01599,0.870915,481.553352,91.052008,82.019883,0.785706,0.688005,45.059042,65.924015,33.097004,9.130169,-2.957305,42.883546,2.502295,0.816609,999.840702,52.692082,0.179339,0.053036,0.000646,58.405654,2.818222,2.818222,0.980168
2310,2014-04-29,365.0,115.345167,38.345167,1.006919,0.986304,14.287464,0.018419,0.86971,630.735839,91.213494,81.969465,0.785706,0.807157,52.991975,88.25124,33.17798,11.923286,-3.956527,56.840928,2.490928,0.816609,1000.012234,53.240943,0.20729,0.082015,0.000746,54.467349,3.908089,3.908089,0.0
2311,2014-04-30,365.0,116.317574,39.317574,1.007178,0.985797,14.598619,0.020817,0.868495,703.896582,91.373465,82.537968,0.785706,0.830211,54.63546,94.046095,33.257091,13.525003,-4.199944,69.715366,2.482687,0.816609,999.930536,53.55284,0.227817,0.095682,0.00082,51.539208,4.600044,4.600044,0.0
2312,2014-05-01,365.0,117.289483,40.289483,1.007435,0.985295,14.905755,0.023185,0.86727,719.067009,91.53187,82.425454,0.785706,0.79438,52.398918,98.875142,33.33434,13.748938,-4.414497,82.275411,2.475999,0.816609,999.738747,53.759049,0.244334,0.107861,0.00088,48.935746,4.801397,4.801397,0.0
2313,2014-05-02,365.0,118.2609,41.2609,1.007689,0.984797,15.208781,0.025521,0.866037,770.825398,91.688654,83.102587,0.785706,0.79315,52.436117,99.840951,33.409737,15.028552,-4.437707,85.006416,2.47468,0.816609,999.687728,53.796851,0.247553,0.109857,0.000891,48.778744,5.27381,5.27381,0.0
2314,2014-05-03,365.0,119.231828,42.231828,1.007941,0.984305,15.507611,0.027824,0.864797,715.873861,91.843764,85.206456,0.785706,0.665171,44.072075,71.652824,33.483288,14.850639,-3.146072,65.171945,2.485408,0.816609,999.976449,53.458715,0.221043,0.069542,0.000796,54.05377,4.992436,4.992436,0.0
2315,2014-05-04,365.0,120.202273,43.202273,1.008191,0.983817,15.802157,0.030095,0.863552,573.822455,91.997146,86.982484,0.785706,0.492663,32.712123,43.354006,33.555002,12.519942,-1.883503,56.840928,2.490928,0.816609,1000.012234,53.240943,0.20729,0.039043,0.000746,57.192976,4.103655,4.103655,1.748738
2316,2014-05-05,365.0,121.17224,44.17224,1.008438,0.983335,16.092332,0.032331,0.862303,600.29648,92.148744,87.219488,0.785706,0.515977,34.331535,44.518857,33.624887,13.16803,-1.929961,49.440455,2.496556,0.816609,999.968924,52.970548,0.193378,0.037321,0.000696,59.530997,4.195761,4.195761,1.62404
2317,2014-05-06,365.0,122.141733,45.141733,1.008683,0.982858,16.378048,0.034533,0.861052,732.276773,92.298501,86.728876,0.785706,0.6309,42.063128,61.266251,33.692953,15.814742,-2.660992,51.2082,2.495138,0.816609,999.987473,53.044019,0.196863,0.052385,0.000709,58.856244,5.076311,5.076311,2.005238
2318,2014-05-07,365.0,123.110759,46.110759,1.008925,0.982386,16.659221,0.0367,0.8598,762.795311,92.44636,86.660923,0.785706,0.658948,44.019554,66.19439,33.75921,16.417567,-2.873768,53.029959,2.493728,0.816609,1000.000813,53.113388,0.200345,0.057575,0.000721,58.463626,5.307689,5.307689,2.13784
2319,2014-05-08,365.0,124.079323,47.079323,1.009165,0.98192,16.935766,0.03883,0.858548,588.811858,92.592264,87.463345,0.785706,0.510067,34.138953,45.237561,33.823668,12.949961,-1.953659,54.907078,2.492324,0.816609,1000.009037,53.178937,0.203822,0.03982,0.000734,58.595064,4.215916,4.215916,1.730978
2320,2014-05-09,365.0,125.047429,48.047429,1.009401,0.981459,17.207597,0.040925,0.857298,407.058374,92.736152,88.428634,0.785706,0.372052,24.947697,26.228186,33.886338,9.187579,-1.125729,46.061744,2.499411,0.816609,999.915818,52.810115,0.186409,0.020985,0.000671,61.30831,2.882934,2.882934,1.062336
2321,2014-05-10,365.0,126.015084,49.015084,1.009635,0.981004,17.474631,0.042981,0.856051,352.109522,92.877967,88.878783,0.785706,0.327405,21.993364,21.032316,33.947232,8.036536,-0.899732,42.883546,2.502295,0.816609,999.840702,52.692082,0.179339,0.016136,0.000646,62.681091,2.480649,2.480649,0.866832
2322,2014-05-11,365.0,126.982294,49.982294,1.009866,0.980555,17.736786,0.045,0.854809,761.285191,93.017649,86.802588,0.785706,0.692404,46.59311,70.554677,34.00636,16.356837,-3.051003,51.2082,2.495138,0.816609,999.987473,53.044019,0.196863,0.060063,0.000709,58.82618,5.250316,5.250316,2.078037
2323,2014-05-12,365.0,127.949063,50.949063,1.010095,0.980112,17.993979,0.04698,0.853573,911.816569,93.155136,86.583683,0.785706,0.823603,55.515191,89.217049,34.063735,19.439269,-3.859763,58.832904,2.489538,0.816609,1000.010491,53.299671,0.210749,0.081344,0.000759,56.746205,6.41377,6.41377,0.0
2324,2014-05-13,365.0,128.915399,51.915399,1.01032,0.979675,18.24613,0.048921,0.852345,942.857447,93.290367,86.512499,0.785706,0.812925,54.884933,95.011905,34.119369,20.030707,-4.109004,72.086874,2.481337,0.816609,999.900839,53.597002,0.231171,0.094988,0.000832,53.166052,6.850869,6.850869,3.38341
2325,2014-05-14,365.0,129.881307,52.881307,1.010542,0.979245,18.493159,0.050822,0.851125,950.406312,93.423283,86.415542,0.785706,0.82148,55.550208,98.875142,34.173274,20.105491,-4.275226,82.275411,2.475999,0.816609,999.738747,53.759049,0.244334,0.104458,0.00088,51.159809,7.021229,7.021229,3.722535
2326,2014-05-15,365.0,130.846793,53.846793,1.010761,0.97882,18.734985,0.052683,0.849916,944.998992,93.553819,86.219747,0.785706,0.820228,55.550208,102.738379,34.225464,19.84922,-4.443874,93.668112,2.47076,0.816609,999.510474,53.906496,0.257017,0.114215,0.000925,49.287336,7.062149,7.062149,3.983786
2327,2014-05-16,365.0,131.811864,54.811864,1.010977,0.978402,18.971532,0.054502,0.848719,838.027163,93.681916,86.536976,0.785706,0.730613,49.554006,88.637145,34.275951,17.740482,-3.824474,82.275411,2.475999,0.816609,999.738747,53.759049,0.244334,0.093445,0.00088,51.894213,6.195322,6.195322,3.245217
2328,2014-05-17,365.0,132.776526,55.776526,1.01119,0.977991,19.202722,0.05628,0.847535,873.115857,93.80751,86.820145,0.785706,0.764081,51.897776,90.187135,34.324748,18.609403,-3.882516,69.715366,2.482687,0.816609,999.930536,53.55284,0.227817,0.08845,0.00082,55.004134,6.329321,6.329321,2.994133
2329,2014-05-18,365.0,133.740785,56.740785,1.011399,0.977586,19.42848,0.058016,0.846365,468.308903,93.930538,89.240128,0.785706,0.411263,27.972058,32.425812,34.371869,10.674571,-1.376134,54.907078,2.492324,0.816609,1000.009037,53.178937,0.203822,0.028049,0.000734,60.442848,3.475153,3.475153,1.39924
2330,2014-05-19,365.0,134.704648,57.704648,1.011605,0.977188,19.648731,0.059709,0.845211,785.005273,94.05094,87.810341,0.785706,0.687832,46.84477,72.222011,34.417327,17.165614,-3.087761,56.840928,2.490928,0.816609,1000.012234,53.240943,0.20729,0.064006,0.000746,58.82674,5.626364,5.626364,2.332174
2331,2014-05-20,365.0,135.668122,58.668122,1.011808,0.976796,19.863402,0.061358,0.844075,866.115137,94.168652,87.13711,0.785706,0.761089,51.899961,89.656911,34.461135,18.553441,-3.845117,69.715366,2.482687,0.816609,999.930536,53.55284,0.227817,0.087598,0.00082,55.438072,6.310287,6.310287,2.968951
2332,2014-05-21,365.0,136.631213,59.631213,1.012007,0.976412,20.072421,0.062963,0.842957,884.577627,94.283613,86.763072,0.785706,0.78,53.254579,97.799754,34.503307,18.720959,-4.200417,82.275411,2.475999,0.816609,999.738747,53.759049,0.244334,0.102631,0.00088,52.84989,6.537724,6.537724,3.371572
2333,2014-05-22,365.0,137.593929,60.593929,1.012203,0.976034,20.275718,0.064524,0.841859,902.600109,94.39576,86.861581,0.785706,0.798933,54.611386,99.840951,34.543856,19.13185,-4.283044,85.006416,2.47468,0.816609,999.687728,53.796851,0.247553,0.106028,0.000891,52.690862,6.713736,6.713736,3.505034
2334,2014-05-23,365.0,138.556276,61.556276,1.012395,0.975664,20.473224,0.066041,0.840781,658.20762,94.505032,87.953738,0.785706,0.584894,40.025736,63.228654,34.582797,14.375894,-2.694207,82.275411,2.475999,0.816609,999.738747,53.759049,0.244334,0.065829,0.00088,54.131634,5.020342,5.020342,2.557562
2335,2014-05-24,365.0,139.518261,62.518261,1.012583,0.975301,20.664871,0.067511,0.839727,769.278785,94.611369,87.856222,0.785706,0.682716,46.770368,76.099472,34.620141,16.73436,-3.242482,69.715366,2.482687,0.816609,999.930536,53.55284,0.227817,0.073869,0.00082,56.604925,5.691592,5.691592,2.63409
2336,2014-05-25,365.0,140.479892,63.479892,1.012768,0.974945,20.850593,0.068936,0.838696,866.741643,94.714708,87.197913,0.785706,0.771619,52.91538,95.286678,34.655903,18.480778,-4.072708,79.619631,2.477324,0.816609,999.785632,53.720344,0.241085,0.098187,0.000868,54.366074,6.421704,6.421704,3.202572
2337,2014-05-26,365.0,141.441175,64.441175,1.012949,0.974596,21.030326,0.070314,0.83769,745.880535,94.814992,88.012378,0.785706,0.666419,45.746199,74.117073,34.690095,16.257837,-3.151623,72.086874,2.481337,0.816609,999.900839,53.597002,0.231171,0.072856,0.000832,56.726528,5.560479,5.560479,2.594931
2338,2014-05-27,365.0,142.402118,65.402118,1.013126,0.974255,21.204008,0.071646,0.836709,833.201281,94.912161,87.769112,0.785706,0.745068,51.19311,86.833122,34.722731,18.015116,-3.695386,69.715366,2.482687,0.816609,999.930536,53.55284,0.227817,0.084187,0.00082,57.172761,6.127195,6.127195,2.796544
2339,2014-05-28,365.0,143.362728,66.362728,1.0133,0.973922,21.371578,0.07293,0.835756,545.778245,95.006157,89.783196,0.785706,0.489606,33.670638,41.529845,34.753824,12.470214,-1.746386,51.2082,2.495138,0.816609,999.987473,53.044019,0.196863,0.03438,0.000709,63.451846,4.002764,4.002764,1.468112
2340,2014-05-29,365.0,144.323014,67.323014,1.01347,0.973596,21.532977,0.074167,0.834832,899.653194,95.096923,88.283878,0.785706,0.808661,55.659627,89.217049,34.783387,19.693203,-3.781872,58.832904,2.489538,0.816609,1000.010491,53.299671,0.210749,0.079703,0.000759,60.568752,6.497553,6.497553,2.6202
2341,2014-05-30,365.0,145.282981,68.282981,1.013635,0.973277,21.688148,0.075356,0.833937,885.216246,95.184403,87.652498,0.785706,0.798034,54.972469,96.943523,34.811431,19.013129,-4.122051,77.037385,2.478655,0.816609,999.828319,53.680558,0.237807,0.098025,0.000856,56.20695,6.572852,6.572852,3.143404
2342,2014-05-31,365.0,146.242638,69.242638,1.013797,0.972967,21.837036,0.076496,0.833072,720.807496,95.268542,88.419341,0.785706,0.652036,44.949624,71.702713,34.837969,15.805234,-3.034169,72.086874,2.481337,0.816609,999.900839,53.597002,0.231171,0.070141,0.000832,58.015522,5.40568,5.40568,2.46318
2343,2014-06-01,365.0,147.201993,70.201993,1.013955,0.972664,21.979587,0.077587,0.832239,845.369378,95.349288,87.652894,0.785706,0.766845,52.90225,94.402514,34.863014,18.120516,-4.010272,79.619631,2.477324,0.816609,999.785632,53.720344,0.241085,0.096682,0.000868,56.242095,6.29652,6.29652,3.034805
2344,2014-06-02,365.0,148.161053,71.161053,1.014108,0.972369,22.115752,0.078629,0.831438,798.041636,95.426588,87.758603,0.785706,0.726257,50.136119,88.699722,34.886577,17.141083,-3.764123,85.006416,2.47468,0.816609,999.687728,53.796851,0.247553,0.093182,0.000891,55.54975,6.015138,6.015138,2.99578
2345,2014-06-03,365.0,149.119827,72.119827,1.014258,0.972082,22.24548,0.079622,0.830671,795.021475,95.500393,87.803252,0.785706,0.725798,50.136119,88.615089,34.908669,17.082125,-3.758017,85.006416,2.47468,0.816609,999.687728,53.796851,0.247553,0.093031,0.000891,55.877885,5.994448,5.994448,2.966365
2346,2014-06-04,365.0,150.078321,73.078321,1.014404,0.971803,22.368726,0.080565,0.829938,890.582001,95.570654,87.746957,0.785706,0.815541,56.368666,100.806761,34.929302,19.08792,-4.274712,87.814364,2.473367,0.816609,999.632637,53.833919,0.250741,0.107185,0.000903,55.621524,6.730028,6.730028,3.373413
2347,2014-06-05,365.0,151.036545,74.036545,1.014545,0.971533,22.485444,0.081457,0.829241,843.293539,95.637325,87.693897,0.785706,0.774842,53.585025,96.830774,34.948486,18.031947,-4.105798,82.275411,2.475999,0.816609,999.738747,53.759049,0.244334,0.100319,0.00088,56.976763,6.297107,6.297107,3.012538
2348,2014-06-06,365.0,151.994505,74.994505,1.014682,0.97127,22.595593,0.0823,0.828579,774.854363,95.700361,87.973847,0.785706,0.714102,49.409569,86.469477,34.966231,16.687474,-3.659347,85.006416,2.47468,0.816609,999.687728,53.796851,0.247553,0.090588,0.000891,56.912717,5.855957,5.855957,2.839068
2349,2014-06-07,365.0,152.952211,75.952211,1.014815,0.971016,22.699133,0.083091,0.827955,772.302043,95.75972,88.007043,0.785706,0.713769,49.409569,86.408595,34.982549,16.635608,-3.654855,85.006416,2.47468,0.816609,999.687728,53.796851,0.247553,0.090477,0.000891,57.220058,5.837757,5.837757,2.811934
2350,2014-06-08,365.0,153.90967,76.90967,1.014944,0.97077,22.796027,0.083831,0.827368,834.882018,95.815361,87.554848,0.785706,0.773758,53.585025,99.459029,34.997447,17.741321,-4.216322,90.701004,2.472061,0.816609,999.573533,53.870416,0.253896,0.107051,0.000914,56.213129,6.284042,6.284042,3.127328
2351,2014-06-09,365.0,154.86689,77.86689,1.015068,0.970532,22.886238,0.084521,0.82682,810.079307,95.867246,87.688151,0.785706,0.753054,52.171323,95.486726,35.010937,17.268333,-4.043687,90.701004,2.472061,0.816609,999.573533,53.870416,0.253896,0.102668,0.000914,56.610637,6.116507,6.116507,3.022423
2352,2014-06-10,365.0,155.82388,78.82388,1.015188,0.970303,22.969736,0.085159,0.82631,812.849356,95.91534,88.07119,0.785706,0.757847,52.521468,91.827823,35.023025,17.505983,-3.879241,77.037385,2.478655,0.816609,999.828319,53.680558,0.237807,0.092251,0.000856,59.736452,6.051831,6.051831,2.677094
2353,2014-06-11,365.0,156.780648,79.780648,1.015303,0.970082,23.046489,0.085745,0.82584,869.917343,95.959608,88.06288,0.785706,0.813174,56.373044,98.875142,35.033721,18.719976,-4.176104,82.275411,2.475999,0.816609,999.738747,53.759049,0.244334,0.102036,0.00088,58.976426,6.53738,6.53738,2.998009
2354,2014-06-12,365.0,157.737202,80.737202,1.015414,0.96987,23.116471,0.086279,0.82541,834.864244,96.000022,87.575591,0.785706,0.782661,54.272184,101.181479,35.043033,17.709442,-4.284368,90.701004,2.472061,0.816609,999.573533,53.870416,0.253896,0.108778,0.000914,57.468068,6.27275,6.27275,3.034994
2355,2014-06-13,365.0,158.693551,81.693551,1.015521,0.969666,23.179656,0.086762,0.825021,246.991674,96.036551,92.209107,0.785706,0.232221,16.106583,13.574619,35.050967,5.947661,-0.55957,53.029959,2.493728,0.816609,1000.000813,53.113388,0.200345,0.011211,0.000721,68.896377,1.922839,1.922839,0.630229
2356,2014-06-14,365.0,159.649703,82.649703,1.015623,0.969471,23.236022,0.087192,0.824673,729.186199,96.069172,89.125307,0.785706,0.681391,47.269321,72.759029,35.057532,16.143407,-3.052594,60.88443,2.488154,0.816609,1000.003891,53.355378,0.214195,0.065385,0.000771,64.145794,5.360627,5.360627,1.999489
2357,2014-06-15,365.0,160.605667,83.605667,1.015721,0.969284,23.285549,0.08757,0.824367,657.56634,96.097861,89.352895,0.785706,0.615684,42.71746,63.705225,35.062733,14.644635,-2.668824,65.171945,2.485408,0.816609,999.976449,53.458715,0.221043,0.058992,0.000796,63.469385,4.923182,4.923182,1.919315
2358,2014-06-16,365.0,161.561452,84.561452,1.015814,0.969106,23.328221,0.087896,0.824103,452.88049,96.122598,91.06784,0.785706,0.423867,29.412021,32.850822,35.066576,10.566543,-1.362502,49.440455,2.496556,0.816609,999.968924,52.970548,0.193378,0.026348,0.000696,68.571862,3.366843,3.366843,1.063514
2359,2014-06-17,365.0,162.517065,85.517065,1.015903,0.968937,23.364023,0.088169,0.82388,326.407191,96.143367,91.694712,0.785706,0.317878,22.059017,20.825919,35.069067,7.74265,-0.860523,47.725402,2.49798,0.816609,999.945071,52.89268,0.189893,0.016341,0.000684,69.594827,2.448477,2.448477,0.748752
2360,2014-06-18,365.0,163.472516,86.472516,1.015987,0.968777,23.392943,0.08839,0.823701,483.224222,96.160153,90.269083,0.785706,0.464187,32.213166,40.842698,35.070211,11.027543,-1.701439,62.996953,2.486778,0.816609,999.992517,53.408313,0.217627,0.037028,0.000783,64.463926,3.684765,3.684765,0.0
2361,2014-06-19,365.0,164.427813,87.427813,1.016067,0.968625,23.414974,0.088558,0.823564,888.718104,96.172946,88.345039,0.785706,0.827469,57.42347,99.840951,35.070012,19.22436,-4.205038,85.006416,2.47468,0.816609,999.687728,53.796851,0.247553,0.104097,0.000891,57.978495,6.7462,6.7462,3.207867
2362,2014-06-20,365.0,165.382964,88.382964,1.016141,0.968482,23.430108,0.088673,0.823469,729.402941,96.181737,88.489349,0.785706,0.681178,47.269321,80.513064,35.068474,15.840499,-3.38804,85.006416,2.47468,0.816609,999.687728,53.796851,0.247553,0.083872,0.000891,58.396225,5.558737,5.558737,2.62267
2363,2014-06-21,365.0,166.33798,89.33798,1.016212,0.968348,23.438342,0.088736,0.823418,889.354833,96.186521,88.513943,0.785706,0.832619,57.773615,97.909333,35.065601,19.326332,-4.119396,79.619631,2.477324,0.816609,999.785632,53.720344,0.241085,0.099312,0.000868,59.729315,6.715517,6.715517,3.017381
2364,2014-06-22,365.0,167.292867,90.292867,1.016277,0.968223,23.439675,0.088746,0.82341,870.835784,96.187296,88.120042,0.785706,0.817579,56.723188,100.806761,35.061395,18.71482,-4.250814,87.814364,2.473367,0.816609,999.632637,53.833919,0.250741,0.106585,0.000903,58.267087,6.598481,6.598481,3.131859
2365,2014-06-23,365.0,168.247636,91.247636,1.016338,0.968107,23.434111,0.088704,0.823444,873.808653,96.184062,87.682836,0.785706,0.822755,57.073326,106.601616,35.05586,18.547996,-4.506439,106.377763,2.46562,0.816609,999.219801,54.049525,0.269145,0.121288,0.000969,55.281509,6.710264,6.710264,3.541089
2366,2014-06-24,365.0,169.202295,92.202295,1.016394,0.968,23.421653,0.088609,0.823522,582.539128,96.176825,89.15245,0.785706,0.550294,38.165599,58.714247,35.048996,12.888512,-2.461453,87.814364,2.473367,0.816609,999.632637,53.833919,0.250741,0.061719,0.000903,59.600622,4.544238,4.544238,2.119669
2367,2014-06-25,365.0,170.156853,93.156853,1.016446,0.967902,23.402309,0.088461,0.823642,458.804774,96.165591,90.153405,0.785706,0.434278,30.11231,39.574594,35.040805,10.436496,-1.64966,79.619631,2.477324,0.816609,999.785632,53.720344,0.241085,0.039771,0.000868,61.995098,3.626475,3.626475,1.576885
2368,2014-06-26,365.0,171.111318,94.111318,1.016493,0.967813,23.376089,0.088261,0.823805,278.361316,96.15037,91.643015,0.785706,0.262658,18.207442,17.993492,35.031288,6.593261,-0.743681,74.527011,2.479993,0.816609,999.866744,53.639508,0.234502,0.017439,0.000844,63.534191,2.267293,2.267293,0.953069
2369,2014-06-27,365.0,172.0657,95.0657,1.016535,0.967733,23.343007,0.088009,0.824011,423.600373,96.131174,90.58777,0.785706,0.399162,27.661307,33.69976,35.020445,9.754791,-1.40153,72.086874,2.481337,0.816609,999.900839,53.597002,0.231171,0.032399,0.000832,63.243637,3.336317,3.336317,1.376252
2370,2014-06-28,365.0,173.020007,96.020007,1.016572,0.967662,23.303078,0.087704,0.824258,699.608968,96.10802,88.815038,0.785706,0.657077,45.518606,73.28367,35.008276,15.347468,-3.079384,74.527011,2.479993,0.816609,999.866744,53.639508,0.234502,0.072212,0.000844,61.241079,5.277692,5.277692,2.251248
2371,2014-06-29,365.0,173.974249,96.974249,1.016605,0.9676,23.25632,0.087347,0.824548,795.132651,96.080927,88.273623,0.785706,0.748345,51.821182,89.203991,34.99478,17.185894,-3.76053,74.527011,2.479993,0.816609,999.866744,53.639508,0.234502,0.088185,0.000844,61.151959,5.909891,5.909891,2.503959
2372,2014-06-30,365.0,174.928434,97.928434,1.016632,0.967547,23.202755,0.086938,0.824879,933.082518,96.049916,88.53436,0.785706,0.880184,60.924901,100.806761,34.979957,20.324191,-4.244101,87.814364,2.473367,0.816609,999.632637,53.833919,0.250741,0.106417,0.000903,59.004342,7.165913,7.165913,3.361171
2373,2014-07-01,365.0,175.882571,98.882571,1.016655,0.967503,23.142405,0.086477,0.825251,871.842167,96.015011,87.283098,0.785706,0.824921,57.073326,109.499044,34.963803,18.336271,-4.643853,116.84631,2.461826,0.816609,998.962896,54.15906,0.277842,0.129026,0.001,54.088305,6.709587,6.709587,3.685961
2374,2014-07-02,365.0,176.83667,99.83667,1.016674,0.967468,23.075298,0.085965,0.825663,869.390135,95.976239,86.992683,0.785706,0.825334,57.073326,112.396472,34.946318,18.14185,-4.775605,128.17671,2.458084,0.816609,998.6741,54.273912,0.286183,0.136669,0.00103,52.865991,6.708538,6.708538,3.834725
2375,2014-07-03,365.0,177.790739,100.790739,1.016687,0.967443,23.001462,0.085401,0.826116,834.958419,95.933631,86.745546,0.785706,0.795382,54.972469,110.464854,34.927498,17.309029,-4.701205,120.524631,2.460573,0.816609,998.870113,54.196619,0.280663,0.131945,0.00101,54.182538,6.356506,6.356506,3.487132
2376,2014-07-04,365.0,178.744787,101.744787,1.016696,0.967426,22.920928,0.084786,0.826608,806.541787,95.887219,86.571304,0.785706,0.770718,53.237072,108.255749,34.90734,16.645709,-4.612913,124.300739,2.459326,0.816609,998.773833,54.234871,0.283443,0.13075,0.00102,54.016032,6.134344,6.134344,3.391534
2377,2014-07-05,365.0,179.698823,102.698823,1.0167,0.967419,22.83373,0.08412,0.827139,788.815676,95.837037,86.668836,0.785706,0.756072,52.193207,104.267335,34.885841,16.336427,-4.441775,120.524631,2.460573,0.816609,998.870113,54.196619,0.280663,0.124664,0.00101,54.982204,5.999331,5.999331,3.233744
2378,2014-07-06,365.0,180.652856,103.652856,1.016699,0.967421,22.739904,0.083403,0.827708,797.546173,95.783122,86.368449,0.785706,0.766655,52.889116,108.330433,34.862997,16.38514,-4.624061,128.17671,2.458084,0.816609,998.6741,54.273912,0.286183,0.132333,0.00103,54.245146,6.058937,6.058937,3.347014
2379,2014-07-07,365.0,181.606895,104.606895,1.016693,0.967431,22.639489,0.082635,0.828315,811.422696,95.725514,86.193424,0.785706,0.782329,53.932981,111.672522,34.838802,16.597593,-4.772941,128.17671,2.458084,0.816609,998.6741,54.273912,0.286183,0.136593,0.00103,54.582236,6.137499,6.137499,3.359425
2380,2014-07-08,365.0,182.56095,105.56095,1.016683,0.967451,22.532524,0.081817,0.828959,856.597815,95.664254,86.505809,0.785706,0.828362,57.064572,113.362281,34.813252,17.695397,-4.838336,132.154652,2.456849,0.816609,998.570959,54.313829,0.288881,0.139771,0.00104,54.714404,6.565213,6.565213,3.618822
2381,2014-07-09,365.0,183.515029,106.515029,1.016668,0.96748,22.419054,0.08095,0.829638,713.813265,95.599387,86.597327,0.785706,0.69252,47.669795,92.932142,34.786342,14.797101,-3.965774,128.17671,2.458084,0.816609,998.6741,54.273912,0.286183,0.113494,0.00103,55.745196,5.471709,5.471709,2.93471
2382,2014-07-10,365.0,184.469141,107.469141,1.016648,0.967518,22.299124,0.080032,0.830353,780.40146,95.530958,86.08232,0.785706,0.759106,52.210718,106.731332,34.758067,15.950487,-4.569562,128.17671,2.458084,0.816609,998.6741,54.273912,0.286183,0.130773,0.00103,55.863872,5.89821,5.89821,3.133787
2383,2014-07-11,365.0,185.423294,108.423294,1.016623,0.967566,22.172781,0.079066,0.831102,820.161621,95.459014,85.918519,0.785706,0.800005,54.976846,113.362281,34.728419,16.69801,-4.859859,132.154652,2.456849,0.816609,998.570959,54.313829,0.288881,0.140392,0.00104,55.736871,6.19517,6.19517,3.313994
2384,2014-07-12,365.0,186.377499,109.377499,1.016593,0.967622,22.040074,0.07805,0.831884,787.595356,95.383605,85.58026,0.785706,0.770505,52.90225,111.962407,34.697392,15.891303,-4.810939,140.425038,2.454394,0.816609,998.354614,54.396625,0.294156,0.141517,0.001059,55.079787,5.933658,5.933658,3.245253
2385,2014-07-13,365.0,187.331764,110.331764,1.016559,0.967687,21.901055,0.076986,0.832699,786.066573,95.304782,85.395786,0.785706,0.771225,52.90225,113.058878,34.66498,15.789779,-4.865182,144.721857,2.453175,0.816609,998.241492,54.439657,0.296732,0.144366,0.001068,54.992273,5.913897,5.913897,3.251357
2386,2014-07-14,365.0,188.286098,111.286098,1.01652,0.967761,21.755779,0.075874,0.833545,723.555509,95.222597,85.768835,0.785706,0.711942,48.788066,99.397112,34.631175,14.709716,-4.270358,140.425038,2.454394,0.816609,998.354614,54.396625,0.294156,0.125615,0.001059,56.174284,5.492465,5.492465,2.936587
2387,2014-07-15,365.0,189.24051,112.24051,1.016476,0.967845,21.604299,0.074714,0.834421,717.326473,95.137105,85.935614,0.785706,0.707647,48.44449,96.017838,34.595971,14.670027,-4.123304,128.17671,2.458084,0.816609,998.6741,54.273912,0.286183,0.118002,0.00103,58.141409,5.424719,5.424719,2.720297
2388,2014-07-16,365.0,190.195008,113.195008,1.016427,0.967937,21.446675,0.073506,0.835327,736.691863,95.04836,85.456015,0.785706,0.728494,49.8188,102.904195,34.559359,14.871139,-4.433034,140.425038,2.454394,0.816609,998.354614,54.396625,0.294156,0.1304,0.001059,56.897285,5.552739,5.552739,2.904089
2389,2014-07-17,365.0,191.149602,114.149602,1.016374,0.968039,21.282964,0.072251,0.836261,710.771983,94.95642,85.670504,0.785706,0.70466,48.135928,96.226008,34.52133,14.45507,-4.142517,132.154652,2.456849,0.816609,998.570959,54.313829,0.288881,0.11967,0.00104,58.428379,5.363011,5.363011,2.673759
2390,2014-07-18,365.0,192.1043,115.1043,1.016316,0.968149,21.113228,0.07095,0.837223,750.199942,94.861341,85.620586,0.785706,0.745493,50.867042,101.187804,34.481878,15.25203,-4.359635,116.84631,2.461826,0.816609,998.962896,54.15906,0.277842,0.121129,0.001,60.677759,5.581005,5.581005,2.54229
2391,2014-07-19,365.0,193.059112,116.059112,1.016254,0.968268,20.93753,0.069603,0.83821,729.313264,94.763182,85.714969,0.785706,0.726341,49.501485,96.438845,34.440994,14.886169,-4.155114,113.263729,2.463085,0.816609,999.052136,54.122096,0.274982,0.114258,0.00099,61.613356,5.427058,5.427058,2.389744
2392,2014-07-20,365.0,194.014045,117.014045,1.016186,0.968397,20.755933,0.06821,0.839222,763.88268,94.662002,85.298681,0.785706,0.762343,51.891211,104.64719,34.398668,15.420021,-4.521744,116.84631,2.461826,0.816609,998.962896,54.15906,0.277842,0.125633,0.001,61.299603,5.642477,5.642477,2.50443
2393,2014-07-21,365.0,194.96911,117.96911,1.016114,0.968534,20.568504,0.066772,0.840258,633.589904,94.557861,86.335363,0.785706,0.633681,43.078545,76.333693,34.354892,13.201397,-3.28128,103.070439,2.466896,0.816609,999.298128,54.013691,0.266168,0.087337,0.000958,64.186485,4.756899,4.756899,1.906614
2394,2014-07-22,365.0,195.924314,118.924314,1.016038,0.96868,20.37531,0.065289,0.841317,507.455846,94.45082,87.218538,0.785706,0.504615,34.259317,53.848805,34.309657,10.860278,-2.304723,103.070439,2.466896,0.816609,999.298128,54.013691,0.266168,0.061344,0.000958,63.751533,3.913316,3.913316,1.625616
2395,2014-07-23,365.0,196.879667,119.879667,1.015957,0.968835,20.176419,0.063762,0.842396,753.657093,94.340941,85.597156,0.785706,0.75045,50.880172,96.793337,34.262954,15.406363,-4.182907,96.717493,2.469466,0.816609,999.443517,53.942308,0.260104,0.108799,0.000936,63.840653,5.505302,5.505302,2.161843
2396,2014-07-24,365.0,197.835176,120.835176,1.015871,0.968998,19.971901,0.062191,0.843496,728.529828,94.228284,86.343784,0.785706,0.726748,49.203862,84.495508,34.214774,15.241776,-3.638623,72.086874,2.481337,0.816609,999.900839,53.597002,0.231171,0.084115,0.000832,68.535252,5.212967,5.212967,1.597646
2397,2014-07-25,365.0,198.790852,121.790852,1.01578,0.969171,19.761828,0.060578,0.844614,823.474804,94.112911,85.72153,0.785706,0.822518,55.607103,101.77257,34.165107,16.939804,-4.400612,90.701004,2.472061,0.816609,999.573533,53.870416,0.253896,0.11173,0.000914,65.395855,6.000141,6.000141,2.193206
2398,2014-07-26,365.0,199.746701,122.746701,1.015686,0.969352,19.546273,0.058921,0.84575,788.115234,93.994884,84.654495,0.785706,0.788643,53.237072,108.533235,34.113944,15.728428,-4.723739,113.263729,2.463085,0.816609,999.052136,54.122096,0.274982,0.129894,0.00099,62.007561,5.734121,5.734121,2.434451
2399,2014-07-27,365.0,200.702734,123.702734,1.015586,0.969541,19.325309,0.057223,0.846901,787.722547,93.874267,84.041531,0.785706,0.789862,53.237072,114.328091,34.061276,15.454447,-4.996021,136.236704,2.455619,0.816609,998.464449,54.354708,0.291539,0.145654,0.00105,59.423239,5.752374,5.752374,2.722418
2400,2014-07-28,365.0,201.658958,124.658958,1.015482,0.96974,19.099011,0.055483,0.848068,638.640129,93.751119,84.602962,0.785706,0.641853,43.192342,86.375697,34.007093,12.760584,-3.765478,149.129396,2.451961,0.816609,998.125123,54.483871,0.299267,0.112688,0.001077,58.976246,4.793685,4.793685,2.363635
2401,2014-07-29,365.0,202.615381,125.615381,1.015374,0.969947,18.867454,0.053702,0.849248,599.830869,93.625505,84.978587,0.785706,0.604045,40.581586,76.79933,33.951386,12.137174,-3.343411,136.236704,2.455619,0.816609,998.464449,54.354708,0.291539,0.097474,0.00105,60.988096,4.517636,4.517636,2.075146
2402,2014-07-30,365.0,203.572014,126.572014,1.015261,0.970162,18.630717,0.051881,0.85044,644.064526,93.497484,84.58685,0.785706,0.649702,43.575312,85.086446,33.894146,12.898732,-3.714775,132.154652,2.456849,0.816609,998.570959,54.313829,0.288881,0.107313,0.00104,61.57508,4.78559,4.78559,2.125298
2403,2014-07-31,365.0,204.528862,127.528862,1.015144,0.970386,18.388877,0.05002,0.851642,630.05178,93.36712,84.9991,0.785706,0.636678,42.627736,78.289462,33.835363,12.792427,-3.412748,109.774875,2.464349,0.816609,999.137787,54.085622,0.272083,0.092855,0.000979,64.795566,4.646089,4.646089,1.78139
2404,2014-08-01,365.0,205.485936,128.485936,1.015023,0.970619,18.142012,0.04812,0.852854,671.11856,93.234474,84.326377,0.785706,0.672425,44.940872,88.879259,33.775029,13.373714,-3.891509,128.17671,2.458084,0.816609,998.6741,54.273912,0.286183,0.111368,0.00103,60.546667,4.945365,4.945365,2.245476
2405,2014-08-02,365.0,206.443243,129.443243,1.014897,0.970859,17.890202,0.046181,0.854074,636.577899,93.099606,84.570496,0.785706,0.638986,42.627736,80.842043,33.713134,12.797008,-3.537498,120.524631,2.460573,0.816609,998.870113,54.196619,0.280663,0.099284,0.00101,61.985778,4.699528,4.699528,2.019212
2406,2014-08-03,365.0,207.400792,130.400792,1.014766,0.971109,17.633528,0.044205,0.855301,529.560843,92.962576,85.287103,0.785706,0.532424,35.451991,60.623595,33.64967,10.890981,-2.644368,116.84631,2.461826,0.816609,998.962896,54.15906,0.277842,0.073472,0.001,63.268032,3.985215,3.985215,1.653994
2407,2014-08-04,365.0,208.358591,131.358591,1.014632,0.971366,17.372071,0.042191,0.856532,652.493322,92.823445,84.267002,0.785706,0.652001,43.33021,83.357905,33.584628,13.035317,-3.659161,120.524631,2.460573,0.816609,998.870113,54.196619,0.280663,0.102699,0.00101,61.004793,4.787043,4.787043,2.111808
2408,2014-08-05,365.0,209.316647,132.316647,1.014493,0.971632,17.105912,0.040141,0.857768,651.546534,92.682272,84.037172,0.785706,0.648942,43.041341,84.211718,33.518,12.945096,-3.704123,128.17671,2.458084,0.816609,998.6741,54.273912,0.286183,0.106006,0.00103,59.412507,4.786869,4.786869,2.239019
2409,2014-08-06,365.0,210.27497,133.27497,1.01435,0.971905,16.835135,0.038055,0.859006,656.64768,92.539116,84.072072,0.785706,0.655192,43.367413,83.24391,33.449778,13.079064,-3.663717,116.84631,2.461826,0.816609,998.962896,54.15906,0.277842,0.101794,0.001,61.140523,4.785876,4.785876,2.079017
2410,2014-08-07,365.0,211.233566,134.233566,1.014203,0.972187,16.559822,0.035934,0.860245,721.228644,92.394034,83.497316,0.785706,0.720804,47.610711,96.180407,33.379955,14.137276,-4.249644,116.84631,2.461826,0.816609,998.962896,54.15906,0.277842,0.118073,0.001,61.124222,5.173096,5.173096,2.218907
2411,2014-08-08,365.0,212.192444,135.192444,1.014052,0.972477,16.280057,0.033778,0.861484,657.706849,92.247084,83.978125,0.785706,0.658468,43.400239,81.657281,33.308522,13.100681,-3.601443,106.377763,2.46562,0.816609,999.219801,54.049525,0.269145,0.096931,0.000969,63.108534,4.739543,4.739543,1.874897
2412,2014-08-09,365.0,213.151612,136.151612,1.013897,0.972775,15.995924,0.031588,0.862721,736.705219,92.098322,83.085637,0.785706,0.738612,48.575793,99.784701,33.235472,14.300878,-4.425797,116.84631,2.461826,0.816609,998.962896,54.15906,0.277842,0.122967,0.001,61.574598,5.232961,5.232961,2.186794
2413,2014-08-10,365.0,214.111078,137.111078,1.013738,0.97308,15.707508,0.029365,0.863955,702.938006,91.947804,82.7469,0.785706,0.705957,46.323933,97.31582,33.1608,13.523101,-4.327686,136.236704,2.455619,0.816609,998.464449,54.354708,0.291539,0.126169,0.00105,59.650795,5.033498,5.033498,2.301918
2414,2014-08-11,365.0,215.070848,138.070848,1.013575,0.973394,15.414894,0.027109,0.865184,713.05463,91.795585,82.434677,0.785706,0.717413,46.967323,100.552496,33.084498,13.605085,-4.482796,140.425038,2.454394,0.816609,998.354614,54.396625,0.294156,0.131864,0.001059,59.472433,5.080007,5.080007,2.334409
2415,2014-08-12,365.0,216.030932,139.030932,1.013407,0.973715,15.118167,0.024822,0.866408,470.767447,91.641718,84.754938,0.785706,0.474513,30.992043,48.971819,33.006561,9.653547,-2.157883,103.070439,2.466896,0.816609,999.298128,54.013691,0.266168,0.057436,0.000958,65.623731,3.478491,3.478491,1.261311
2416,2014-08-13,365.0,216.991336,139.991336,1.013236,0.974044,14.817414,0.022504,0.867625,553.395706,91.486257,84.123083,0.785706,0.554119,36.104134,61.615835,32.926984,11.150259,-2.726643,99.85098,2.468178,0.816609,999.372717,53.977994,0.263154,0.071753,0.000947,64.373009,4.001311,4.001311,1.489743
2417,2014-08-14,365.0,217.952068,140.952068,1.013061,0.97438,14.512721,0.020155,0.868833,389.658048,91.329253,85.642447,0.785706,0.390573,25.385376,33.57653,32.845762,8.226388,-1.474889,79.619631,2.477324,0.816609,999.785632,53.720344,0.241085,0.035557,0.000868,68.543092,2.858507,2.858507,0.876444
2418,2014-08-15,365.0,218.913136,141.913136,1.012883,0.974724,14.204174,0.017777,0.870032,560.552544,91.170758,84.114212,0.785706,0.557975,36.17416,59.976149,32.762889,11.322758,-2.658753,87.814364,2.473367,0.816609,999.632637,53.833919,0.250741,0.066666,0.000903,65.083915,3.992184,3.992184,1.398426
2419,2014-08-16,365.0,219.874547,142.874547,1.0127,0.975075,13.89186,0.015369,0.871219,684.779147,91.010821,82.790823,0.785706,0.682266,44.118032,85.39231,32.678364,13.302556,-3.81576,103.070439,2.466896,0.816609,999.298128,54.013691,0.266168,0.101563,0.000958,62.31657,4.79335,4.79335,1.880193
2420,2014-08-17,365.0,220.836307,143.836307,1.012514,0.975434,13.575866,0.012934,0.872394,700.347514,90.849492,82.526285,0.785706,0.698729,45.063419,88.529177,32.592181,13.512332,-3.964957,103.070439,2.466896,0.816609,999.298128,54.013691,0.266168,0.105535,0.000958,62.447626,4.868939,4.868939,1.886117
2421,2014-08-18,365.0,221.798425,144.798425,1.012324,0.9758,13.256281,0.010471,0.873556,680.289529,90.686819,82.466846,0.785706,0.67629,43.498717,85.03232,32.50434,13.11861,-3.812875,106.377763,2.46562,0.816609,999.219801,54.049525,0.269145,0.102621,0.000969,61.412369,4.746029,4.746029,1.924342
2422,2014-08-19,365.0,222.760907,145.760907,1.012131,0.976173,12.93319,0.007982,0.874702,653.426496,90.52285,82.349517,0.785706,0.648885,41.621076,81.306359,32.414837,12.571235,-3.651284,113.263729,2.463085,0.816609,999.052136,54.122096,0.274982,0.100404,0.00099,60.364057,4.583102,4.583102,1.951731
2423,2014-08-20,365.0,223.72376,146.72376,1.011934,0.976553,12.606683,0.005467,0.875833,596.031004,90.357629,82.981086,0.785706,0.592722,37.911745,67.048034,32.323672,11.708281,-3.003517,93.668112,2.47076,0.816609,999.510474,53.906496,0.257017,0.077196,0.000925,63.621954,4.165687,4.165687,1.523912
2424,2014-08-21,365.0,224.686992,147.686992,1.011733,0.97694,12.276847,0.002926,0.876946,670.563234,90.191203,82.488633,0.785706,0.667515,42.573025,78.83366,32.230844,12.990009,-3.543903,87.814364,2.473367,0.816609,999.632637,53.833919,0.250741,0.08886,0.000903,64.323148,4.580024,4.580024,1.575018
2425,2014-08-22,365.0,225.650608,148.650608,1.01153,0.977334,11.943771,0.000362,0.87804,559.97607,90.023616,83.218929,0.785706,0.558013,35.484818,58.258407,32.136353,11.108577,-2.611135,79.619631,2.477324,0.816609,999.785632,53.720344,0.241085,0.062951,0.000868,66.276507,3.860011,3.860011,1.210741
2426,2014-08-23,365.0,226.614617,149.614617,1.011322,0.977734,11.607543,-0.002226,0.879115,536.855819,89.85491,83.136577,0.785706,0.535353,33.942,55.205293,32.0402,10.636072,-2.47762,82.275411,2.475999,0.816609,999.738747,53.759049,0.244334,0.060537,0.00088,66.016547,3.714324,3.714324,1.186459
2427,2014-08-24,365.0,227.579024,150.579024,1.011112,0.978142,11.268251,-0.004837,0.880169,539.173255,89.685129,83.083112,0.785706,0.538031,34.007652,54.543467,31.942388,10.677252,-2.45084,77.037385,2.478655,0.816609,999.828319,53.680558,0.237807,0.058283,0.000856,66.92811,3.691134,3.691134,1.104443
2428,2014-08-25,365.0,228.543835,151.543835,1.010898,0.978556,10.925985,-0.00747,0.881201,647.66633,89.514313,82.018496,0.785706,0.646682,40.747906,74.409119,31.842917,12.424127,-3.365466,85.006416,2.47468,0.816609,999.687728,53.796851,0.247553,0.083313,0.000891,65.174872,4.359866,4.359866,1.404795
2429,2014-08-26,365.0,229.509059,152.509059,1.010681,0.978976,10.580832,-0.010124,0.88221,688.147085,89.342503,81.301895,0.785706,0.687694,43.194529,84.842581,31.741792,12.921307,-3.855387,96.717493,2.469466,0.816609,999.443517,53.942308,0.260104,0.10028,0.000936,63.345128,4.617293,4.617293,1.633579
2430,2014-08-27,365.0,230.4747,153.4747,1.01046,0.979403,10.232882,-0.012798,0.883194,703.972234,89.169738,80.569255,0.785706,0.704259,44.091774,92.866835,31.639017,12.928206,-4.240114,116.84631,2.461826,0.816609,998.962896,54.15906,0.277842,0.117808,0.001,60.758218,4.730674,4.730674,1.907581
2431,2014-08-28,365.0,231.440764,154.440764,1.010237,0.979836,9.882224,-0.015491,0.884153,642.56832,88.996057,80.784428,0.785706,0.643676,40.165794,81.031234,31.534597,11.894893,-3.698952,116.84631,2.461826,0.816609,998.962896,54.15906,0.277842,0.102773,0.001,61.254106,4.352566,4.352566,1.730744
2432,2014-08-29,365.0,232.407259,155.407259,1.010011,0.980275,9.528948,-0.018204,0.885086,682.590603,88.821497,80.565079,0.785706,0.684555,42.573025,86.611127,31.428538,12.560715,-3.961835,106.377763,2.46562,0.816609,999.219801,54.049525,0.269145,0.106631,0.000969,62.576659,4.544195,4.544195,1.660666
2433,2014-08-30,365.0,233.37419,156.37419,1.009782,0.98072,9.173141,-0.020934,0.885992,385.46547,88.646095,83.131345,0.785706,0.386991,23.984803,32.774175,31.320846,7.695261,-1.480471,77.037385,2.478655,0.816609,999.828319,53.680558,0.237807,0.035207,0.000856,68.456099,2.660257,2.660257,0.732412
2434,2014-08-31,365.0,234.341563,157.341563,1.009549,0.981171,8.814895,-0.023681,0.886869,506.39847,88.469888,82.305243,0.785706,0.505984,31.250274,48.141435,31.21153,9.864496,-2.186191,69.715366,2.482687,0.816609,999.930536,53.55284,0.227817,0.049805,0.00082,68.146977,3.355054,3.355054,0.881399
2435,2014-09-01,365.0,235.309384,158.309384,1.009314,0.981628,8.454298,-0.026445,0.887717,662.853838,88.292909,80.883308,0.785706,0.662544,40.774167,75.704489,31.100598,12.358763,-3.466817,79.619631,2.477324,0.816609,999.785632,53.720344,0.241085,0.08358,0.000868,65.781265,4.294425,4.294425,1.258928
2436,2014-09-02,365.0,236.277658,159.277658,1.009077,0.982091,8.09144,-0.029224,0.888535,703.270696,88.115194,80.091268,0.785706,0.703422,43.133257,86.976548,30.988061,12.795272,-4.003166,93.668112,2.47076,0.816609,999.510474,53.906496,0.257017,0.102888,0.000925,63.578903,4.552427,4.552427,1.513927
2437,2014-09-03,365.0,237.246392,160.246392,1.008836,0.982559,7.72641,-0.032018,0.889322,550.657189,87.936775,81.546178,0.785706,0.551278,33.67939,54.362843,30.873929,10.50371,-2.485549,67.410908,2.484044,0.816609,999.955764,53.506817,0.22444,0.055786,0.000808,68.432978,3.552008,3.552008,0.873437
2438,2014-09-04,365.0,238.215589,161.215589,1.008593,0.983033,7.3593,-0.034825,0.890076,678.355131,87.757687,80.324172,0.785706,0.679339,41.347525,77.857099,30.758213,12.456488,-3.585812,77.037385,2.478655,0.816609,999.828319,53.680558,0.237807,0.085273,0.000856,66.268534,4.306217,4.306217,1.185384
2439,2014-09-05,365.0,239.185257,162.185257,1.008347,0.983512,6.990198,-0.037645,0.890799,695.024965,87.57796,79.668584,0.785706,0.696449,42.227258,84.871005,30.640927,12.505064,-3.925789,90.701004,2.472061,0.816609,999.573533,53.870416,0.253896,0.099674,0.000914,64.222961,4.42934,4.42934,1.389328
2440,2014-09-06,365.0,240.155399,163.155399,1.008099,0.983996,6.619194,-0.040477,0.891487,696.789591,87.397627,79.167851,0.785706,0.698762,42.203189,88.535451,30.522085,12.343075,-4.109702,103.070439,2.466896,0.816609,999.298128,54.013691,0.266168,0.109387,0.000958,62.65958,4.447617,4.447617,1.530046
2441,2014-09-07,365.0,241.126022,164.126022,1.007849,0.984486,6.24638,-0.043321,0.892141,679.308298,87.216718,78.785751,0.785706,0.681849,41.019265,88.433203,30.401702,11.891853,-4.116859,116.84631,2.461826,0.816609,998.962896,54.15906,0.277842,0.114384,0.001,61.204776,4.351453,4.351453,1.628594
2442,2014-09-08,365.0,242.09713,165.09713,1.007596,0.98498,5.871845,-0.046175,0.892761,638.179075,87.035264,79.083681,0.785706,0.641204,38.419454,78.42703,30.279794,11.289768,-3.648902,106.377763,2.46562,0.816609,999.219801,54.049525,0.269145,0.098208,0.000969,62.812661,4.084394,4.084394,1.399672
2443,2014-09-09,365.0,243.068727,166.068727,1.00734,0.985479,5.49568,-0.049038,0.893344,501.662159,86.853293,80.496895,0.785706,0.504435,30.101367,49.390606,30.156378,9.297149,-2.283467,77.037385,2.478655,0.816609,999.828319,53.680558,0.237807,0.054302,0.000856,67.538585,3.214031,3.214031,0.822285
2444,2014-09-10,365.0,244.040819,167.040819,1.007083,0.985983,5.117976,-0.05191,0.893891,613.939752,86.670836,79.726882,0.785706,0.617488,36.695001,66.002749,30.031473,11.105527,-3.066523,72.086874,2.481337,0.816609,999.900839,53.597002,0.231171,0.070889,0.000832,67.685793,3.798294,3.798294,0.904471
2445,2014-09-11,365.0,245.01341,168.01341,1.006823,0.986492,4.738824,-0.05479,0.894402,597.301738,86.487921,79.782672,0.785706,0.600941,35.561411,62.036335,29.905099,10.830326,-2.884149,67.410908,2.484044,0.816609,999.955764,53.506817,0.22444,0.064732,0.000808,68.470888,3.662459,3.662459,0.809416
2446,2014-09-12,365.0,245.986505,168.986505,1.006562,0.987004,4.358314,-0.057677,0.894874,662.106111,86.304576,78.927615,0.785706,0.666287,39.259798,75.601075,29.777275,11.680702,-3.533545,77.037385,2.478655,0.816609,999.828319,53.680558,0.237807,0.08403,0.000856,66.703427,4.038027,4.038027,1.002814
2447,2014-09-13,365.0,246.960108,169.960108,1.006298,0.987522,3.976539,-0.06057,0.895309,688.29926,86.120829,78.058378,0.785706,0.692915,40.651614,85.819102,29.648025,11.803535,-4.032698,96.717493,2.469466,0.816609,999.443517,53.942308,0.260104,0.104892,0.000936,63.969039,4.217869,4.217869,1.269015
2448,2014-09-14,365.0,247.934223,170.934223,1.006033,0.988043,3.593589,-0.063468,0.895705,657.324045,85.936708,77.834946,0.785706,0.66215,38.675494,82.351141,29.517372,11.193323,-3.877773,106.377763,2.46562,0.816609,999.219801,54.049525,0.269145,0.104368,0.000969,63.041706,4.049502,4.049502,1.301944
2449,2014-09-15,365.0,248.908853,171.908853,1.005765,0.988568,3.209557,-0.066371,0.896062,635.609665,85.752239,77.564279,0.785706,0.6407,37.255229,80.462343,29.385339,10.729827,-3.797595,116.84631,2.461826,0.816609,998.962896,54.15906,0.277842,0.105513,0.001,62.085885,3.926246,3.926246,1.343257
2450,2014-09-16,365.0,249.884004,172.884004,1.005496,0.989098,2.824534,-0.069277,0.896379,566.099636,85.567449,77.791083,0.785706,0.571033,33.053512,68.094094,29.251953,9.632972,-3.213209,120.524631,2.460573,0.816609,998.870113,54.196619,0.280663,0.090183,0.00101,62.192054,3.537578,3.537578,1.222508
2451,2014-09-17,365.0,250.859679,173.859679,1.005225,0.989631,2.438613,-0.072186,0.896657,520.928983,85.382365,78.005858,0.785706,0.52578,30.293943,59.463905,29.117241,8.931089,-2.805583,116.84631,2.461826,0.816609,998.962896,54.15906,0.277842,0.077951,0.001,62.943411,3.268054,3.268054,1.086422
2452,2014-09-18,365.0,251.835881,174.835881,1.004953,0.990167,2.051886,-0.075097,0.896894,442.825626,85.197013,78.804615,0.785706,0.447157,25.643608,43.857454,28.98123,7.798177,-2.062862,96.717493,2.469466,0.816609,999.443517,53.942308,0.260104,0.053656,0.000936,65.714293,2.786596,2.786596,0.778858
2453,2014-09-19,365.0,252.812614,175.812614,1.004679,0.990707,1.664446,-0.078008,0.897091,583.570465,85.01142,77.717269,0.785706,0.589385,33.640001,65.84713,28.84395,9.913547,-3.117168,90.701004,2.472061,0.816609,999.573533,53.870416,0.253896,0.079144,0.000914,65.60943,3.511415,3.511415,0.91634
2454,2014-09-20,365.0,253.789881,176.789881,1.004404,0.991251,1.276386,-0.08092,0.897247,614.932223,84.825611,76.958922,0.785706,0.62124,35.28786,74.740697,28.705432,10.183629,-3.555025,106.377763,2.46562,0.816609,999.219801,54.049525,0.269145,0.095682,0.000969,63.670205,3.684217,3.684217,1.093482
2455,2014-09-21,365.0,254.767685,177.767685,1.004127,0.991797,0.8878,-0.083832,0.897362,584.146051,84.639613,76.836233,0.785706,0.590403,33.373016,70.406708,28.565707,9.63468,-3.354095,113.263729,2.463085,0.816609,999.052136,54.122096,0.274982,0.092232,0.00099,63.176137,3.51252,3.51252,1.084149
2456,2014-09-22,365.0,255.74603,178.74603,1.003849,0.992347,0.498781,-0.086741,0.897435,319.671384,84.453452,79.041515,0.785706,0.323238,18.18118,26.80742,28.42481,5.676923,-1.264191,99.85098,2.468178,0.816609,999.372717,53.977994,0.263154,0.033268,0.000947,66.358959,2.037184,2.037184,0.556188
2457,2014-09-23,365.0,256.724918,179.724918,1.00357,0.992899,0.109424,-0.089648,0.897468,405.89051,84.267153,78.338496,0.785706,0.407289,22.794315,37.24302,28.282773,7.042772,-1.764235,90.701004,2.472061,0.816609,999.573533,53.870416,0.253896,0.044793,0.000914,65.258309,2.494576,2.494576,0.690541
2458,2014-09-24,365.0,257.704353,180.704353,1.003289,0.993454,-0.280177,-0.092552,0.897459,606.946251,84.080742,76.4758,0.785706,0.609089,33.91574,71.209387,28.139635,9.889141,-3.408046,99.85098,2.468178,0.816609,999.372717,53.977994,0.263154,0.089684,0.000947,62.986302,3.548754,3.548754,1.058667
2459,2014-09-25,365.0,258.684335,181.684335,1.003008,0.994012,-0.669928,-0.095452,0.897408,446.44951,83.894246,78.052225,0.785706,0.448208,24.829524,40.327607,27.995431,7.672466,-1.916733,72.086874,2.481337,0.816609,999.900839,53.597002,0.231171,0.044309,0.000832,67.400769,2.624124,2.624124,0.573528
2460,2014-09-26,365.0,259.664869,182.664869,1.002725,0.994572,-1.059733,-0.098347,0.897316,434.31596,83.707692,78.009807,0.785706,0.436011,24.028571,38.24831,27.850199,7.452607,-1.820013,69.715366,2.482687,0.816609,999.930536,53.55284,0.227817,0.041463,0.00082,67.731221,2.534737,2.534737,0.532029
2461,2014-09-27,365.0,260.645956,183.645956,1.002442,0.995134,-1.449496,-0.101236,0.897182,206.907381,83.521105,79.459876,0.785706,0.207699,11.386217,13.010471,27.703981,3.72401,-0.615172,74.527011,2.479993,0.816609,999.866744,53.639508,0.234502,0.014426,0.000844,68.454827,1.280614,1.280614,0.285019
2462,2014-09-28,365.0,261.627599,184.627599,1.002158,0.995698,-1.839121,-0.104118,0.897007,353.241917,83.334512,78.142249,0.785706,0.354489,19.33009,28.330537,27.556816,6.086195,-1.349738,74.527011,2.479993,0.816609,999.866744,53.639508,0.234502,0.031652,0.000844,67.422744,2.092923,2.092923,0.463553
2463,2014-09-29,365.0,262.609799,185.609799,1.001873,0.996264,-2.228512,-0.106993,0.896791,174.160143,83.147941,79.268999,0.785706,0.174308,9.453864,10.44756,27.408747,3.113762,-0.495406,69.715366,2.482687,0.816609,999.930536,53.55284,0.227817,0.011286,0.00082,68.541201,1.059034,1.059034,0.226889
2464,2014-09-30,365.0,263.592558,186.592558,1.001588,0.996832,-2.617572,-0.109859,0.896533,287.818002,82.961419,78.664297,0.785706,0.287233,15.493833,19.099866,27.259818,5.043024,-0.909302,58.832904,2.489538,0.816609,1000.010491,53.299671,0.210749,0.019163,0.000759,69.028679,1.66389,1.66389,0.311173
2465,2014-10-01,365.0,264.575878,187.575878,1.001302,0.997402,-3.006203,-0.112716,0.896234,501.167522,82.774973,76.961958,0.785706,0.500008,26.823151,44.840608,27.110074,8.291113,-2.154991,58.832904,2.489538,0.816609,1000.010491,53.299671,0.210749,0.045416,0.000759,67.640344,2.735561,2.735561,0.508896
2466,2014-10-02,365.0,265.55976,188.55976,1.001015,0.997972,-3.394307,-0.115564,0.895895,518.701527,82.588632,76.336138,0.785706,0.517444,27.604408,49.831387,26.95956,8.396241,-2.404513,69.715366,2.482687,0.816609,999.930536,53.55284,0.227817,0.054779,0.00082,65.86516,2.85568,2.85568,0.624311
2467,2014-10-03,365.0,266.544206,189.544206,1.000728,0.998545,-3.781787,-0.1184,0.895515,585.562904,82.402424,75.440857,0.785706,0.58414,30.987667,62.487682,26.808325,9.185049,-3.031339,79.619631,2.477324,0.816609,999.785632,53.720344,0.241085,0.073081,0.000868,64.108993,3.191623,3.191623,0.785267
2468,2014-10-04,365.0,267.529217,190.529217,1.000441,0.999118,-4.168543,-0.121225,0.895095,593.726555,82.216379,74.842181,0.785706,0.592365,31.245898,66.986286,26.656418,9.115149,-3.262114,93.668112,2.47076,0.816609,999.510474,53.906496,0.257017,0.083842,0.000925,62.294076,3.243077,3.243077,0.915839
2469,2014-10-05,365.0,268.514793,191.514793,1.000154,0.999692,-4.554476,-0.124037,0.894635,562.579569,82.030526,74.718892,0.785706,0.561433,29.444847,62.867415,26.503887,8.59502,-3.066198,99.85098,2.468178,0.816609,999.372717,53.977994,0.263154,0.080688,0.000947,61.753159,3.084354,3.084354,0.911063
2470,2014-10-06,365.0,269.500937,192.500937,0.999867,1.000267,-4.939486,-0.126836,0.894136,531.606553,81.844897,74.67661,0.785706,0.530658,27.67006,58.186649,26.350786,8.105157,-2.841102,103.070439,2.466896,0.816609,999.298128,54.013691,0.266168,0.075621,0.000958,61.580636,2.920555,2.920555,0.876975
2471,2014-10-07,365.0,270.487647,193.487647,0.999579,1.000842,-5.323472,-0.129621,0.893598,529.698633,81.659521,74.559939,0.785706,0.528873,27.416208,57.35666,26.197166,8.037923,-2.804736,99.85098,2.468178,0.816609,999.372717,53.977994,0.263154,0.073808,0.000947,61.950258,2.884438,2.884438,0.833665
2472,2014-10-08,365.0,271.474925,194.474925,0.999292,1.001418,-5.706333,-0.132391,0.893022,518.361245,81.47443,74.709807,0.785706,0.517649,26.67653,53.446057,26.043081,7.902637,-2.613996,87.814364,2.473367,0.816609,999.632637,53.833919,0.250741,0.065544,0.000903,63.375148,2.786316,2.786316,0.7102
2473,2014-10-09,365.0,272.462771,195.462771,0.999004,1.001995,-6.087968,-0.135146,0.892408,516.499072,81.289658,74.790778,0.785706,0.515825,26.424864,51.119319,25.888586,7.891381,-2.501496,77.037385,2.478655,0.816609,999.828319,53.680558,0.237807,0.059487,0.000856,64.647222,2.728056,2.728056,0.608835
2474,2014-10-10,365.0,273.451186,196.451186,0.998717,1.002571,-6.468275,-0.137883,0.891756,524.912867,81.105237,74.473217,0.785706,0.524215,26.694035,52.926837,25.733738,7.924461,-2.596301,79.619631,2.477324,0.816609,999.785632,53.720344,0.241085,0.062593,0.000868,64.21777,2.753593,2.753593,0.628817
2475,2014-10-11,365.0,274.440169,197.440169,0.99843,1.003147,-6.847151,-0.140604,0.891068,227.033824,80.921202,76.874605,0.785706,0.22673,11.47594,14.017613,25.578593,3.723214,-0.680229,65.171945,2.485408,0.816609,999.976449,53.458715,0.221043,0.015036,0.000796,67.856247,1.251657,1.251657,0.232878
2476,2014-10-12,365.0,275.42972,198.42972,0.998144,1.003723,-7.224493,-0.143307,0.890344,322.496891,80.737587,76.214437,0.785706,0.31951,16.073758,22.204695,25.423211,5.166235,-1.082004,56.840928,2.490928,0.816609,1000.012234,53.240943,0.20729,0.022429,0.000746,67.164739,1.693334,1.693334,0.306968
2477,2014-10-13,365.0,276.419838,199.419838,0.997858,1.004298,-7.600196,-0.14599,0.889585,429.439603,80.554429,74.961335,0.785706,0.42534,21.266819,36.429815,25.267652,6.579937,-1.787665,67.410908,2.484044,0.816609,999.955764,53.506817,0.22444,0.040122,0.000808,64.864991,2.225118,2.225118,0.47594
2478,2014-10-14,365.0,277.410524,200.410524,0.997572,1.004873,-7.974157,-0.148654,0.888792,254.013865,80.371765,75.944517,0.785706,0.251554,12.500109,17.069388,25.111976,4.024376,-0.834373,77.037385,2.478655,0.816609,999.828319,53.680558,0.237807,0.019842,0.000856,64.634193,1.391229,1.391229,0.336395
2479,2014-10-15,365.0,278.401776,201.401776,0.997288,1.005447,-8.346271,-0.151298,0.887964,421.094195,80.189632,74.933533,0.785706,0.416909,20.588414,33.484826,24.956245,6.434008,-1.646321,56.840928,2.490928,0.816609,1000.012234,53.240943,0.20729,0.034127,0.000746,66.222859,2.108871,2.108871,0.376332
2480,2014-10-16,365.0,279.393593,202.393593,0.997004,1.00602,-8.716431,-0.153921,0.887104,420.051008,80.00807,74.810359,0.785706,0.415781,20.40459,32.979616,24.800523,6.384059,-1.623895,54.907078,2.492324,0.816609,1000.009037,53.178937,0.203822,0.033099,0.000734,66.403289,2.078358,2.078358,0.356125
2481,2014-10-17,365.0,280.385976,203.385976,0.99672,1.006592,-9.084533,-0.156522,0.886212,417.774683,79.827119,74.289479,0.785706,0.413426,20.16168,34.860892,24.644873,6.226987,-1.722375,67.410908,2.484044,0.816609,999.955764,53.506817,0.22444,0.038657,0.000808,64.525077,2.105762,2.105762,0.441442
2482,2014-10-18,365.0,281.378921,204.378921,0.996438,1.007162,-9.450468,-0.1591,0.885289,406.667612,79.64682,74.011032,0.785706,0.402369,19.498596,34.467042,24.489361,5.995216,-1.706702,74.527011,2.479993,0.816609,999.866744,53.639508,0.234502,0.040023,0.000844,63.564767,2.061637,2.061637,0.473567
2483,2014-10-19,365.0,282.372429,205.372429,0.996157,1.007731,-9.814131,-0.161655,0.884336,470.691885,79.467216,73.281643,0.785706,0.465654,22.422288,43.6518,24.334052,6.75187,-2.17097,77.037385,2.478655,0.816609,999.828319,53.680558,0.237807,0.051627,0.000856,62.767562,2.334126,2.334126,0.549769
2484,2014-10-20,365.0,283.366496,206.366496,0.995876,1.008299,-10.175413,-0.164186,0.883354,509.019807,79.28835,72.817909,0.785706,0.503539,24.092035,49.25542,24.179015,7.171494,-2.457217,77.037385,2.478655,0.816609,999.828319,53.680558,0.237807,0.058434,0.000856,62.468872,2.479191,2.479191,0.579726
2485,2014-10-21,365.0,284.361123,207.361123,0.995597,1.008864,-10.534206,-0.166692,0.882343,226.166435,79.110267,75.3116,0.785706,0.223722,10.635597,12.899855,24.024316,3.479671,-0.636433,53.029959,2.493728,0.816609,1000.000813,53.113388,0.200345,0.012751,0.000721,67.361086,1.124954,1.124954,0.179908
2486,2014-10-22,365.0,285.356306,208.356306,0.995319,1.009428,-10.890402,-0.169172,0.881306,355.125655,78.933014,74.117652,0.785706,0.350262,16.544263,25.572021,23.870026,5.231727,-1.270008,56.840928,2.490928,0.816609,1000.012234,53.240943,0.20729,0.026326,0.000746,65.548417,1.7148,1.7148,0.305191
2487,2014-10-23,365.0,286.352043,209.352043,0.995043,1.009989,-11.24389,-0.171627,0.880243,161.928122,78.756638,74.958023,0.785706,0.159666,7.493063,9.200705,23.716213,2.454746,-0.455491,58.832904,2.489538,0.816609,1000.010491,53.299671,0.210749,0.009599,0.000759,66.060618,0.809916,0.809916,0.148766
2488,2014-10-24,365.0,287.348333,210.348333,0.994768,1.010548,-11.594562,-0.174055,0.879156,128.994147,78.581188,74.060808,0.785706,0.12555,5.853955,8.691188,23.562949,1.891863,-0.432495,54.907078,2.492324,0.816609,1000.009037,53.178937,0.203822,0.008815,0.000734,64.146711,0.615904,0.615904,0.123884
2489,2014-10-25,365.0,288.345173,211.345173,0.994494,1.011104,-11.942306,-0.176455,0.878045,419.001421,78.406715,72.907737,0.785706,0.405609,18.789557,34.195818,23.410304,5.887042,-1.712497,69.715366,2.482687,0.816609,999.930536,53.55284,0.227817,0.039014,0.00082,60.552272,2.002266,2.002266,0.531555
2490,2014-10-26,365.0,289.34256,212.34256,0.994222,1.011657,-12.287014,-0.178827,0.876912,148.53141,78.233269,74.560238,0.785706,0.146167,6.727125,8.114182,23.258351,2.211828,-0.403496,44.448208,2.50085,0.816609,999.881063,52.722538,0.182929,0.007381,0.000659,65.605614,0.688528,0.688528,0.117725
2491,2014-10-27,365.0,290.340492,213.340492,0.993951,1.012208,-12.628572,-0.18117,0.875758,200.446754,78.060904,74.68835,0.785706,0.195989,8.961476,10.040581,23.107162,2.994544,-0.499401,41.366531,2.503748,0.816609,999.794631,52.661511,0.175748,0.008777,0.000633,66.214988,0.916309,0.916309,0.145341
2492,2014-10-28,365.0,291.338965,214.338965,0.993683,1.012755,-12.96687,-0.183483,0.874584,285.281484,77.889675,73.697529,0.785706,0.283263,12.867759,17.693062,22.956812,4.108362,-0.884936,49.440455,2.496556,0.816609,999.968924,52.970548,0.193378,0.017113,0.000696,64.112436,1.309057,1.309057,0.248967
2493,2014-10-29,365.0,292.337976,215.337976,0.993416,1.0133,-13.301797,-0.185767,0.873392,328.555372,77.719637,73.014021,0.785706,0.322747,14.565953,22.79653,22.807373,4.609619,-1.144839,58.832904,2.489538,0.816609,1000.010491,53.299671,0.210749,0.024127,0.000759,62.072829,1.520893,1.520893,0.0
2494,2014-10-30,365.0,293.337523,216.337523,0.993151,1.01384,-13.633239,-0.188019,0.872183,263.769261,77.550847,73.322569,0.785706,0.253798,11.379651,16.428249,22.658921,3.737196,-0.824487,65.171945,2.485408,0.816609,999.976449,53.458715,0.221043,0.018225,0.000796,61.041628,1.256357,1.256357,0.323807
2495,2014-10-31,365.0,294.337601,217.337601,0.992888,1.014378,-13.961086,-0.19024,0.870958,352.425691,77.383365,72.474922,0.785706,0.339024,15.10211,25.383566,22.51153,4.834435,-1.28008,65.171945,2.485408,0.816609,999.976449,53.458715,0.221043,0.028295,0.000796,60.408465,1.625223,1.625223,0.417529
2496,2014-11-01,365.0,295.338207,218.338207,0.992627,1.014911,-14.285223,-0.19243,0.869719,148.267084,77.217251,73.401032,0.785706,0.142608,6.31133,8.306518,22.365275,2.100736,-0.417394,47.725402,2.49798,0.816609,999.945071,52.89268,0.189893,0.007926,0.000684,63.766506,0.664321,0.664321,0.12614
2497,2014-11-02,365.0,296.339337,219.339337,0.992368,1.01544,-14.605539,-0.194586,0.868468,204.367419,77.052566,73.578241,0.785706,0.19993,8.790781,10.409354,22.220234,2.909997,-0.523033,42.883546,2.502295,0.816609,999.840702,52.692082,0.179339,0.00938,0.000646,64.707633,0.898233,0.898233,0.15278
2498,2014-11-03,365.0,297.340987,220.340987,0.992112,1.015966,-14.921921,-0.19671,0.867205,154.773706,76.889373,73.180953,0.785706,0.153291,6.696487,8.391207,22.076481,2.169214,-0.422754,47.725402,2.49798,0.816609,999.945071,52.89268,0.189893,0.008028,0.000684,63.601655,0.685976,0.685976,0.130006
2499,2014-11-04,365.0,298.343153,221.343153,0.991857,1.016486,-15.234255,-0.198799,0.865932,120.83502,76.727738,71.892403,0.785706,0.118286,5.133973,8.498853,21.934093,1.61291,-0.431118,51.2082,2.495138,0.816609,999.987473,53.044019,0.196863,0.008487,0.000709,61.934971,0.517722,0.517722,0.105736
2500,2014-11-05,365.0,299.34583,222.34583,0.991605,1.017003,-15.542429,-0.200855,0.864651,264.957557,76.567725,72.37832,0.785706,0.256268,11.051393,16.136298,21.793146,3.595461,-0.817296,58.832904,2.489538,0.816609,1000.010491,53.299671,0.210749,0.017224,0.000759,60.331392,1.186282,1.186282,0.0
2501,2014-11-06,365.0,300.349014,223.349014,0.991356,1.017515,-15.84633,-0.202875,0.863363,386.146327,76.409403,71.236882,0.785706,0.366244,15.692977,28.895659,21.653718,5.014706,-1.472508,67.410908,2.484044,0.816609,999.955764,53.506817,0.22444,0.033049,0.000808,57.728488,1.695808,1.695808,0.492588
2502,2014-11-07,365.0,301.352701,224.352701,0.991109,1.018021,-16.145844,-0.204861,0.862071,411.8912,76.252839,71.331354,0.785706,0.390641,16.631798,29.278712,21.515884,5.360006,-1.492479,51.2082,2.495138,0.816609,999.987473,53.044019,0.196863,0.029381,0.000709,60.311966,1.720487,1.720487,0.38736
2503,2014-11-08,365.0,302.356885,225.356885,0.990865,1.018523,-16.44086,-0.20681,0.860774,463.669768,76.098105,70.527283,0.785706,0.439684,18.601353,37.156719,21.379722,5.844508,-1.902551,60.88443,2.488154,0.816609,1000.003891,53.355378,0.214195,0.040752,0.000771,58.217276,1.940744,1.940744,0.511548
2504,2014-11-09,365.0,303.361561,226.361561,0.990624,1.01902,-16.731265,-0.208722,0.859476,347.822829,75.945271,71.235342,0.785706,0.329819,13.865667,23.566775,21.245308,4.496415,-1.203604,58.832904,2.489538,0.816609,1000.010491,53.299671,0.210749,0.025366,0.000759,59.135069,1.483542,1.483542,0.377743
2505,2014-11-10,365.0,304.366725,227.366725,0.990385,1.019511,-17.016946,-0.210598,0.858177,312.351143,75.794409,71.928207,0.785706,0.300776,12.565761,17.371532,21.112719,4.137429,-0.884968,35.751258,2.509631,0.816609,999.550981,52.538058,0.161424,0.014286,0.000581,63.412048,1.219319,1.219319,0.193185
2506,2014-11-11,365.0,305.37237,228.37237,0.990149,1.019997,-17.297793,-0.212437,0.856879,545.442408,75.645593,70.907942,0.785706,0.521809,21.665105,37.001322,20.982031,6.943621,-1.895298,27.49654,2.520215,0.816609,998.876988,52.317411,0.136852,0.025937,0.000493,64.195305,1.893575,1.893575,0.224527
2507,2014-11-12,365.0,306.378492,229.378492,0.989916,1.020477,-17.573693,-0.214237,0.855584,414.045355,75.498899,71.84159,0.785706,0.394992,16.299162,21.696665,20.853319,5.450348,-1.107301,20.945554,2.531184,0.816609,997.845923,52.090701,0.113545,0.012573,0.000409,66.454088,1.351349,1.351349,0.117296
2508,2014-11-13,365.0,307.385084,230.385084,0.989686,1.020952,-17.844535,-0.215999,0.854294,169.685117,75.354401,72.320441,0.785706,0.177787,7.291731,7.371805,20.72666,2.27019,-0.375639,23.565031,2.526435,0.816609,998.335029,52.188621,0.123333,0.004633,0.000444,66.307713,0.5877,0.5877,0.058388
2509,2014-11-14,365.0,308.392142,231.392142,0.989459,1.02142,-18.110211,-0.217722,0.853009,361.982582,75.212177,70.845892,0.785706,0.385314,15.708296,22.500351,20.602129,4.576571,-1.155213,25.465127,2.523309,0.816609,998.621183,52.253266,0.130032,0.015021,0.000468,64.588002,1.216925,1.216925,0.131875
2510,2014-11-15,365.0,309.399658,232.399658,0.989235,1.021882,-18.37061,-0.219406,0.851732,508.657619,75.072304,70.566694,0.785706,0.518567,21.015151,32.540445,20.4798,6.353742,-1.673954,20.130503,2.532783,0.816609,997.666204,52.057804,0.110358,0.018473,0.000397,65.495551,1.551525,1.551525,0.128139
2511,2014-11-16,365.0,310.407627,233.407627,0.989015,1.022338,-18.625623,-0.22105,0.850465,506.977041,74.93486,69.284275,0.785706,0.547969,22.076522,40.449659,20.359748,6.019095,-2.094492,28.563809,2.51868,0.816609,998.993908,52.349298,0.140301,0.029386,0.000505,62.590058,1.661413,1.661413,0.204229
2512,2014-11-17,365.0,311.416042,234.416042,0.988797,1.022787,-18.875144,-0.222654,0.849209,484.187159,74.799925,69.469944,0.785706,0.498269,19.958159,36.392461,20.242045,5.781557,-1.883995,31.983483,2.514121,0.816609,999.302552,52.444222,0.150785,0.028408,0.000543,62.098866,1.651368,1.651368,0.229663
2513,2014-11-18,365.0,312.424897,235.424897,0.988584,1.02323,-19.119065,-0.224218,0.847965,475.654983,74.667578,69.39899,0.785706,0.480023,19.117816,35.267668,20.126766,5.655772,-1.827491,34.454912,2.51112,0.816609,999.474637,52.506899,0.157864,0.02885,0.000568,61.58568,1.649998,1.649998,0.248328
2514,2014-11-19,365.0,313.434185,236.434185,0.988373,1.023666,-19.357281,-0.22574,0.846736,320.558776,74.537899,69.512532,0.785706,0.351713,13.929131,22.637565,20.01398,3.822867,-1.173128,38.470662,2.506675,0.816609,999.684909,52.600019,0.168574,0.019776,0.000607,60.965618,1.148635,1.148635,0.194053
2515,2014-11-20,365.0,314.4439,237.4439,0.988166,1.024095,-19.589687,-0.227222,0.845522,241.779392,74.410968,69.799694,0.785706,0.269205,10.602771,15.652733,19.90376,2.911361,-0.810571,42.883546,2.502295,0.816609,999.840702,52.692082,0.179339,0.014537,0.000646,60.444666,0.898654,0.898654,0.169718
2516,2014-11-21,365.0,315.454034,238.454034,0.987962,1.024517,-19.81618,-0.228661,0.844326,128.449366,74.286867,69.83268,0.785706,0.153909,6.029027,8.019214,19.796176,1.546485,-0.41545,41.366531,2.503748,0.816609,999.794631,52.661511,0.175748,0.007301,0.000633,60.74273,0.473214,0.473214,0.086068
2517,2014-11-22,365.0,316.464581,239.464581,0.987763,1.024931,-20.036659,-0.230059,0.843149,131.650453,74.165676,69.558093,0.785706,0.168938,6.582691,8.480567,19.691296,1.566125,-0.440154,39.895963,2.505208,0.816609,999.742737,52.630824,0.172159,0.007578,0.00062,60.773122,0.474939,0.474939,0.08316
2518,2014-11-23,365.0,317.475533,240.475533,0.987566,1.025339,-20.251023,-0.231414,0.841992,130.639192,74.047475,69.430287,0.785706,0.169819,6.582691,8.415451,19.589188,1.544298,-0.43727,38.470662,2.506675,0.816609,999.684909,52.600019,0.168574,0.007371,0.000607,60.924987,0.464006,0.464006,0.078146
2519,2014-11-24,365.0,318.486883,241.486883,0.987374,1.025738,-20.459175,-0.232726,0.840858,223.967866,73.932346,68.332792,0.785706,0.298696,11.519709,17.409299,19.48992,2.532719,-0.909616,37.089471,2.508149,0.816609,999.621031,52.569098,0.164995,0.015008,0.000594,60.242188,0.753771,0.753771,0.121975
2520,2014-11-25,365.0,319.498623,242.498623,0.987185,1.026131,-20.661017,-0.233996,0.839748,156.325041,73.820367,69.148696,0.785706,0.182252,6.994109,10.146687,19.393556,1.822935,-0.528463,54.907078,2.492324,0.816609,1000.009037,53.178937,0.203822,0.010771,0.000734,58.028372,0.593465,0.593465,0.0
2521,2014-11-26,365.0,320.510747,243.510747,0.987001,1.026515,-20.856454,-0.235222,0.838663,287.549757,73.71162,68.525567,0.785706,0.309082,11.804201,20.646439,19.30016,3.268023,-1.078914,53.029959,2.493728,0.816609,1000.000813,53.113388,0.200345,0.021616,0.000721,55.601498,1.05653,1.05653,0.286817
2522,2014-11-27,365.0,321.523245,244.523245,0.98682,1.026891,-21.045395,-0.236404,0.837605,182.577956,73.606182,69.33717,0.785706,0.192746,7.326745,10.801312,19.209795,2.139276,-0.562633,54.907078,2.492324,0.816609,1000.009037,53.178937,0.203822,0.011468,0.000734,55.928831,0.696451,0.696451,0.0
2523,2014-11-28,365.0,322.53611,245.53611,0.986643,1.027259,-21.227747,-0.237542,0.836575,72.341373,73.504132,65.189912,0.785706,0.091435,3.459852,8.21035,19.122522,0.716151,-0.43593,46.061744,2.499411,0.816609,999.915818,52.810115,0.186409,0.008126,0.000671,53.124757,0.224718,0.224718,0.057933
2524,2014-11-29,365.0,323.549335,246.549335,0.98647,1.027619,-21.403423,-0.238636,0.835575,255.966077,73.405547,67.830784,0.785706,0.331339,12.482602,19.622884,19.038401,2.819566,-1.030116,33.199343,2.512617,0.816609,999.39187,52.47562,0.154317,0.015896,0.000556,57.828986,0.81404,0.81404,0.154572
2525,2014-11-30,365.0,324.562911,247.562911,0.986301,1.027971,-21.572336,-0.239686,0.834605,364.822949,73.310503,68.604688,0.785706,0.413258,15.502586,23.632666,18.957489,4.139059,-1.236816,21.789104,2.529593,0.816609,998.017178,52.123469,0.11677,0.014442,0.00042,61.387017,1.041536,1.041536,0.126621
2526,2014-12-01,365.0,325.576829,248.576829,0.986137,1.028314,-21.734402,-0.240691,0.833669,308.455177,73.219074,66.97781,0.785706,0.40418,15.099922,26.325548,18.879842,3.275653,-1.388486,31.983483,2.514121,0.816609,999.302552,52.444222,0.150785,0.020936,0.000543,57.426041,0.935614,0.935614,0.170718
2527,2014-12-02,365.0,326.591081,249.591081,0.985976,1.028649,-21.889542,-0.241651,0.832766,224.322573,73.131333,67.490209,0.785706,0.29757,11.073276,17.310092,18.805516,2.429338,-0.911253,37.089471,2.508149,0.816609,999.621031,52.569098,0.164995,0.015035,0.000594,56.695413,0.723004,0.723004,0.152944
2528,2014-12-03,365.0,327.605659,250.605659,0.98582,1.028975,-22.037675,-0.242566,0.831898,72.492581,73.047351,64.979583,0.785706,0.102065,3.783734,7.921847,18.734561,0.707364,-0.421887,41.366531,2.503748,0.816609,999.794631,52.661511,0.175748,0.007415,0.000633,53.790367,0.216448,0.216448,0.050787
2529,2014-12-04,365.0,328.620555,251.620555,0.985668,1.029292,-22.178727,-0.243435,0.831066,70.716362,72.967198,64.36591,0.785706,0.102434,3.783734,8.21035,18.667029,0.67168,-0.438596,46.061744,2.499411,0.816609,999.915818,52.810115,0.186409,0.008176,0.000671,52.399734,0.210764,0.210764,0.054622
2530,2014-12-05,365.0,329.635758,252.635758,0.98552,1.0296,-22.312624,-0.244259,0.830272,112.156288,72.890941,67.52001,0.785706,0.135246,4.978597,8.21035,18.602967,1.212428,-0.432637,46.061744,2.499411,0.816609,999.915818,52.810115,0.186409,0.008065,0.000671,54.763634,0.380443,0.380443,0.099343
2531,2014-12-06,365.0,330.651261,253.651261,0.985377,1.029899,-22.439297,-0.245037,0.829517,131.873465,72.818644,66.965186,0.785706,0.195389,7.16918,10.48988,18.542424,1.392749,-0.554318,47.725402,2.49798,0.816609,999.945071,52.89268,0.189893,0.010526,0.000684,54.023992,0.440432,0.440432,0.118588
2532,2014-12-07,365.0,331.667055,254.667055,0.985239,1.030189,-22.55868,-0.245769,0.828801,187.473962,72.750371,67.775818,0.785706,0.228657,8.364043,12.693837,18.485442,2.043868,-0.668553,46.061744,2.499411,0.816609,999.915818,52.810115,0.186409,0.012462,0.000671,54.815083,0.641337,0.641337,0.169086
2533,2014-12-08,365.0,332.68313,255.68313,0.985104,1.03047,-22.670709,-0.246455,0.828127,182.303523,72.68618,68.082222,0.785706,0.207479,7.567468,11.424006,18.432064,2.010276,-0.60102,49.440455,2.496556,0.816609,999.968924,52.970548,0.193378,0.011622,0.000696,54.409732,0.640539,0.640539,0.179563
2534,2014-12-09,365.0,333.699477,256.699477,0.984975,1.030741,-22.775325,-0.247094,0.827494,205.296118,72.626129,67.952331,0.785706,0.227413,8.272131,13.04217,18.382329,2.250427,-0.686745,51.2082,2.495138,0.816609,999.987473,53.044019,0.196863,0.013519,0.000709,53.991951,0.722356,0.722356,0.208548
2535,2014-12-10,365.0,334.716087,257.716087,0.98485,1.031003,-22.87247,-0.247687,0.826903,173.389993,72.570273,68.111063,0.785706,0.189987,6.893443,10.505615,18.336276,1.91135,-0.552926,53.029959,2.493728,0.816609,1000.000813,53.113388,0.200345,0.011078,0.000721,53.790715,0.617927,0.617927,0.183642
2536,2014-12-11,365.0,335.73295,258.73295,0.984729,1.031256,-22.962091,-0.248234,0.826357,114.920376,72.518661,66.926301,0.785706,0.125137,4.529977,8.691188,18.293939,1.207173,-0.459982,54.907078,2.492324,0.816609,1000.009037,53.178937,0.203822,0.009375,0.000734,52.374173,0.393001,0.393001,0.0
2537,2014-12-12,365.0,336.750058,259.750058,0.984613,1.031498,-23.04414,-0.248733,0.825855,124.373859,72.471342,66.726497,0.785706,0.185377,6.696487,9.648808,18.255352,1.29512,-0.511232,44.448208,2.50085,0.816609,999.881063,52.722538,0.182929,0.009352,0.000659,53.919959,0.403162,0.403162,0.105672
2538,2014-12-13,365.0,337.7674,260.7674,0.984502,1.031731,-23.11857,-0.249186,0.825398,129.644654,72.42836,68.066572,0.785706,0.158417,5.71171,7.665116,18.220543,1.424005,-0.403771,34.454912,2.51112,0.816609,999.474637,52.506899,0.157864,0.006374,0.000568,57.163925,0.415435,0.415435,0.085779
2539,2014-12-14,365.0,338.784967,261.784967,0.984396,1.031954,-23.185339,-0.249592,0.824986,307.670837,72.389755,67.454214,0.785706,0.350207,12.605152,20.529628,18.189542,3.296075,-1.084606,29.666731,2.517153,0.816609,999.103712,52.381061,0.143775,0.015594,0.000518,57.849519,0.920537,0.920537,0.163399
2540,2014-12-15,365.0,339.802749,262.802749,0.984294,1.032168,-23.24441,-0.24995,0.824622,118.856562,72.355565,67.123431,0.785706,0.180845,6.499532,8.393541,18.162374,1.255887,-0.444169,31.983483,2.514121,0.816609,999.302552,52.444222,0.150785,0.006697,0.000543,57.010712,0.358715,0.358715,0.068656
2541,2014-12-16,365.0,340.820736,263.820736,0.984197,1.032371,-23.295748,-0.250262,0.824304,45.908599,72.325823,59.984519,0.785706,0.071334,2.560421,7.441009,18.13906,0.356125,-0.406268,34.454912,2.51112,0.816609,999.474637,52.506899,0.157864,0.006414,0.000568,50.61076,0.103895,0.103895,0.021338
2542,2014-12-17,365.0,341.838919,264.838919,0.984105,1.032564,-23.339324,-0.250526,0.824034,38.491608,72.300557,56.996945,0.785706,0.060424,2.166511,7.633344,18.119622,0.258903,-0.422056,37.089471,2.508149,0.816609,999.621031,52.569098,0.164995,0.006964,0.000594,47.649352,0.077053,0.077053,0.016985
2543,2014-12-18,365.0,342.857287,265.857287,0.984018,1.032747,-23.37511,-0.250743,0.823811,100.61376,72.279793,66.570342,0.785706,0.12645,4.529977,7.729512,18.104077,1.038477,-0.410185,38.470662,2.506675,0.816609,999.684909,52.600019,0.168574,0.006915,0.000607,55.062523,0.312025,0.312025,0.07153
2544,2014-12-19,365.0,343.87583,266.87583,0.983936,1.03292,-23.403085,-0.250912,0.823638,90.885978,72.263553,65.927273,0.785706,0.148536,5.317799,7.729512,18.092439,0.91342,-0.411392,38.470662,2.506675,0.816609,999.684909,52.600019,0.168574,0.006935,0.000607,54.556335,0.27445,0.27445,0.062876
2545,2014-12-20,365.0,344.894539,267.894539,0.983858,1.033082,-23.42323,-0.251034,0.823512,69.746204,72.251853,63.827068,0.785706,0.132089,4.726932,7.82568,18.084721,0.641494,-0.420404,39.895963,2.505208,0.816609,999.742737,52.630824,0.172159,0.007238,0.00062,52.587803,0.194538,0.194538,0.046079
2546,2014-12-21,365.0,345.913403,268.913403,0.983786,1.033234,-23.435533,-0.251109,0.823436,68.812107,72.244706,63.374647,0.785706,0.148631,5.317799,8.114182,18.080933,0.620609,-0.436778,44.448208,2.50085,0.816609,999.881063,52.722538,0.182929,0.00799,0.000659,51.318198,0.193192,0.193192,0.050574
2547,2014-12-22,365.0,346.932412,269.932412,0.983718,1.033376,-23.439983,-0.251135,0.823408,90.736307,72.242121,64.136896,0.785706,0.198173,7.090398,9.804372,18.081079,0.845596,-0.526011,37.089471,2.508149,0.816609,999.621031,52.569098,0.164995,0.008679,0.000594,53.183574,0.251661,0.251661,0.05669
2548,2014-12-23,365.0,347.951555,270.951555,0.983656,1.033507,-23.436574,-0.251115,0.823429,122.576093,72.244101,63.064723,0.785706,0.269674,9.65082,14.940196,18.085166,1.090702,-0.805302,37.089471,2.508149,0.816609,999.621031,52.569098,0.164995,0.013287,0.000594,52.329542,0.324608,0.324608,0.073067
2549,2014-12-24,365.0,348.970823,271.970823,0.983598,1.033628,-23.425306,-0.251047,0.823499,92.972395,72.250647,63.897329,0.785706,0.209042,7.484309,10.345725,18.093193,0.857688,-0.555616,35.751258,2.509631,0.816609,999.550981,52.538058,0.161424,0.008969,0.000581,53.295583,0.252765,0.252765,0.054914
2550,2014-12-25,365.0,349.990205,272.990205,0.983546,1.033739,-23.406182,-0.250931,0.823618,126.240769,72.261755,63.285486,0.785706,0.285869,10.241686,15.063408,18.10516,1.13441,-0.811099,29.666731,2.517153,0.816609,999.103712,52.381061,0.143775,0.011662,0.000518,54.203061,0.316821,0.316821,0.057131
2551,2014-12-26,365.0,351.00969,274.00969,0.983498,1.033838,-23.379208,-0.250768,0.823786,281.491488,72.277415,65.181885,0.785706,0.422935,15.165573,26.743846,18.121062,2.743133,-1.428017,27.49654,2.520215,0.816609,998.876988,52.317411,0.136852,0.019543,0.000493,56.323339,0.748072,0.748072,0.124846
2552,2014-12-27,365.0,352.029269,275.029269,0.983456,1.033927,-23.344395,-0.250557,0.824002,119.189095,72.297615,62.940715,0.785706,0.285306,10.241686,14.814259,18.140891,1.055574,-0.79875,28.563809,2.51868,0.816609,998.993908,52.349298,0.140301,0.011207,0.000505,54.18975,0.291364,0.291364,0.050488
2553,2014-12-28,365.0,353.04893,276.04893,0.983419,1.034006,-23.301761,-0.250298,0.824267,98.723688,72.322338,63.385269,0.785706,0.241097,8.666042,11.744586,18.164638,0.891688,-0.631946,29.666731,2.517153,0.816609,999.103712,52.381061,0.143775,0.009086,0.000518,54.297738,0.249033,0.249033,0.044858
2554,2014-12-29,365.0,354.068664,277.068664,0.983386,1.034074,-23.251323,-0.249992,0.824579,264.280978,72.351562,65.458135,0.785706,0.410336,14.771663,24.446849,18.192291,2.607829,-1.303332,24.499119,2.524868,0.816609,998.481982,52.221007,0.126667,0.016509,0.000456,57.349705,0.68434,0.68434,0.101093
2555,2014-12-30,365.0,355.088459,278.088459,0.983359,1.034131,-23.193106,-0.249639,0.824938,335.408878,72.385262,66.72425,0.785706,0.45332,16.347307,25.605511,18.223834,3.48846,-1.35723,18.582681,2.536007,0.816609,997.280594,51.991621,0.10411,0.01413,0.000375,60.121507,0.825208,0.825208,0.090376
2556,2014-12-31,365.0,356.108305,279.108305,0.983337,1.034177,-23.127138,-0.249238,0.825345,369.460034,72.423409,66.736819,0.785706,0.474245,17.135129,28.350978,18.259249,3.846475,-1.502407,20.130503,2.532783,0.816609,997.666204,52.057804,0.110358,0.01658,0.000397,59.678991,0.939273,0.939273,0.11226
2557,2015-01-01,365.0,357.128191,280.128191,0.98332,1.034213,-23.05345,-0.24879,0.825797,183.631947,72.465969,60.598176,0.785706,0.45147,16.347307,28.760463,18.298515,1.467885,-1.565199,25.465127,2.523309,0.816609,998.621183,52.253266,0.130032,0.020353,0.000468,52.977751,0.390315,0.390315,0.059824
2558,2015-01-02,365.0,358.148108,281.148108,0.983308,1.034238,-22.972079,-0.248294,0.826296,166.650678,72.512905,60.494319,0.785706,0.412423,14.968618,26.441526,18.341609,1.32663,-1.439328,29.666731,2.517153,0.816609,999.103712,52.381061,0.143775,0.020694,0.000518,51.910459,0.370505,0.370505,0.066517
2559,2015-01-03,365.0,359.168043,282.168043,0.983302,1.034252,-22.883064,-0.247752,0.826839,227.828366,72.564176,65.331105,0.785706,0.355739,12.944353,22.178879,18.388504,2.24237,-1.181936,34.454912,2.51112,0.816609,999.474637,52.506899,0.157864,0.018659,0.000568,54.78947,0.654183,0.654183,0.136704
2560,2015-01-04,365.0,0.187988,283.187988,0.9833,1.034256,-22.786448,-0.247162,0.827426,83.808098,72.619738,63.039854,0.785706,0.212857,7.766612,10.724802,18.439173,0.748546,-0.577161,37.089471,2.508149,0.816609,999.621031,52.569098,0.164995,0.009523,0.000594,52.364684,0.222777,0.222777,0.049927
2561,2015-01-05,365.0,1.20793,284.20793,0.983304,1.034248,-22.68228,-0.246526,0.828057,76.077458,72.679543,62.305708,0.785706,0.195905,7.16918,10.522808,18.493584,0.658444,-0.567941,47.725402,2.49798,0.816609,999.945071,52.89268,0.189893,0.010785,0.000684,49.683038,0.208221,0.208221,0.058765
2562,2015-01-06,365.0,2.22786,285.22786,0.983312,1.03423,-22.57061,-0.245842,0.82873,171.038816,72.743541,65.311293,0.785706,0.271238,9.957195,17.156635,18.551703,1.68588,-0.913626,54.907078,2.492324,0.816609,1000.009037,53.178937,0.203822,0.018622,0.000734,50.502253,0.548846,0.548846,0.0
2563,2015-01-07,365.0,3.247766,286.247766,0.983326,1.034201,-22.451493,-0.245112,0.829444,265.786988,72.811676,65.394932,0.785706,0.362253,13.342641,26.641564,18.613494,2.631219,-1.417751,54.907078,2.492324,0.816609,1000.009037,53.178937,0.203822,0.028897,0.000734,50.186688,0.856605,0.856605,0.0
2564,2015-01-08,365.0,4.267639,287.267639,0.983345,1.034161,-22.324988,-0.244335,0.830199,340.10741,72.883891,65.082622,0.785706,0.435762,16.106583,35.859836,18.678917,3.32627,-1.910315,56.840928,2.490928,0.816609,1000.012234,53.240943,0.20729,0.039599,0.000746,49.038242,1.09025,1.09025,0.0
2565,2015-01-09,365.0,5.287468,288.287468,0.983369,1.034111,-22.191155,-0.243512,0.830993,227.271157,72.960127,67.480498,0.785706,0.282203,10.469279,16.990048,18.747933,2.455072,-0.89515,44.448208,2.50085,0.816609,999.881063,52.722538,0.182929,0.016375,0.000659,52.568369,0.764248,0.764248,0.224477
2566,2015-01-10,365.0,6.307241,289.307241,0.983398,1.03405,-22.050061,-0.242642,0.831825,171.137993,73.04032,68.292903,0.785706,0.210836,7.851959,11.127067,18.820497,1.911487,-0.583887,42.883546,2.502295,0.816609,999.840702,52.692082,0.179339,0.010471,0.000646,53.551574,0.590021,0.590021,0.167892
2567,2015-01-11,365.0,7.326949,290.326949,0.983432,1.033978,-21.901773,-0.241727,0.832694,87.779787,73.124406,63.78523,0.785706,0.209987,7.851959,11.0695,18.896563,0.814894,-0.592413,42.883546,2.502295,0.816609,999.840702,52.692082,0.179339,0.010624,0.000646,50.191622,0.251535,0.251535,0.07139
2568,2015-01-12,365.0,8.346581,291.346581,0.983471,1.033896,-21.746362,-0.240765,0.833599,173.324319,73.212318,66.970799,0.785706,0.26558,9.972514,14.791339,18.976084,1.839949,-0.780187,38.470662,2.506675,0.816609,999.684909,52.600019,0.168574,0.013152,0.000607,53.636521,0.552839,0.552839,0.142551
2569,2015-01-13,365.0,9.366127,292.366127,0.983515,1.033803,-21.583904,-0.239758,0.834539,319.037959,73.303985,66.397665,0.785706,0.426318,16.078135,30.11082,19.059009,3.312323,-1.591639,37.089471,2.508149,0.816609,999.621031,52.569098,0.164995,0.026261,0.000594,53.548409,0.985792,0.985792,0.245594
2570,2015-01-14,365.0,10.385575,293.385575,0.983565,1.033699,-21.414476,-0.238705,0.835511,291.8466,73.399336,67.503591,0.785706,0.370676,14.042928,23.634559,19.145286,3.172726,-1.242579,34.454912,2.51112,0.816609,999.474637,52.506899,0.157864,0.019616,0.000568,55.094131,0.925602,0.925602,0.215179
2571,2015-01-15,365.0,11.404916,294.404916,0.983619,1.033585,-21.238157,-0.237607,0.836516,66.542198,73.498298,65.657827,0.785706,0.160413,6.105621,7.132804,19.23486,0.671677,-0.377943,27.49654,2.520215,0.816609,998.876988,52.317411,0.136852,0.005172,0.000493,55.527649,0.183171,0.183171,0.034128
2572,2015-01-16,365.0,12.424139,295.424139,0.983678,1.03346,-21.055032,-0.236464,0.837551,113.027943,73.600796,63.459829,0.785706,0.279689,10.696872,15.572378,19.327675,1.040693,-0.832767,35.751258,2.509631,0.816609,999.550981,52.538058,0.161424,0.013443,0.000581,51.627846,0.306697,0.306697,0.073584
2573,2015-01-17,365.0,13.443234,296.443234,0.983743,1.033325,-20.865185,-0.235276,0.838614,94.62405,73.706755,63.412501,0.785706,0.246194,9.462618,13.252793,19.423673,0.870562,-0.708525,38.470662,2.506675,0.816609,999.684909,52.600019,0.168574,0.011944,0.000607,50.958184,0.261573,0.261573,0.067116
2574,2015-01-18,365.0,14.462191,297.462191,0.983812,1.033179,-20.668705,-0.234044,0.839706,107.967945,73.816096,61.928005,0.785706,0.282219,10.902582,17.394214,19.522792,0.931848,-0.935483,47.725402,2.49798,0.816609,999.945071,52.89268,0.189893,0.017764,0.000684,47.885057,0.29468,0.29468,0.091097
2575,2015-01-19,365.0,15.480999,298.480999,0.983886,1.033023,-20.465681,-0.232767,0.840823,252.296527,73.928741,65.932591,0.785706,0.401513,15.592311,27.785339,19.624972,2.589099,-1.467537,38.470662,2.506675,0.816609,999.684909,52.600019,0.168574,0.024739,0.000607,52.868744,0.777932,0.777932,0.200168
2576,2015-01-20,365.0,16.499648,299.499648,0.983966,1.032857,-20.256207,-0.231447,0.841964,349.144188,74.044612,66.954158,0.785706,0.479247,18.710773,34.270284,19.730147,3.741057,-1.80083,31.983483,2.514121,0.816609,999.302552,52.444222,0.150785,0.027154,0.000543,55.330722,1.068546,1.068546,0.231149
2577,2015-01-21,365.0,17.518128,300.518128,0.98405,1.032681,-20.040378,-0.230082,0.843129,387.046099,74.163628,67.101991,0.785706,0.503115,19.75026,37.919816,19.838253,4.177851,-1.990184,34.454912,2.51112,0.816609,999.474637,52.506899,0.157864,0.031418,0.000568,54.807852,1.218834,1.218834,0.282769
2578,2015-01-22,365.0,18.536429,301.536429,0.984139,1.032494,-19.818289,-0.228675,0.844315,263.46294,74.285709,68.713917,0.785706,0.335281,13.235411,20.506007,19.949223,3.036881,-1.067806,35.751258,2.509631,0.816609,999.550981,52.538058,0.161424,0.017237,0.000581,55.741373,0.894982,0.894982,0.214852
2579,2015-01-23,365.0,19.554541,302.554541,0.984232,1.032297,-19.590041,-0.227224,0.84552,360.613179,74.410774,67.192315,0.785706,0.455091,18.067387,36.253449,20.062988,3.917845,-1.899775,47.725402,2.49798,0.816609,999.945071,52.89268,0.189893,0.036075,0.000684,51.787095,1.238949,1.238949,0.383135
2580,2015-01-24,365.0,20.572453,303.572453,0.984331,1.03209,-19.355733,-0.225731,0.846744,355.479049,74.538742,67.00814,0.785706,0.447202,17.8573,37.328051,20.179479,3.838947,-1.956547,56.840928,2.490928,0.816609,1000.012234,53.240943,0.20729,0.040557,0.000746,49.865751,1.25829,1.25829,0.0
2581,2015-01-25,365.0,21.590157,304.590157,0.984434,1.031873,-19.115468,-0.224195,0.847983,327.867687,74.669533,67.48507,0.785706,0.40693,16.345118,32.956757,20.298623,3.614835,-1.722667,60.88443,2.488154,0.816609,1000.003891,53.355378,0.214195,0.036899,0.000771,48.451946,1.200352,1.200352,0.0
2582,2015-01-26,365.0,22.607642,305.607642,0.984543,1.031647,-18.869349,-0.222617,0.849238,321.042136,74.803064,67.99709,0.785706,0.393998,15.92057,30.676529,20.420349,3.618137,-1.598771,56.840928,2.490928,0.816609,1000.012234,53.240943,0.20729,0.033141,0.000746,48.868276,1.185915,1.185915,0.0
2583,2015-01-27,365.0,23.624899,306.624899,0.984656,1.03141,-18.617481,-0.220998,0.850506,330.415655,74.939256,68.31281,0.785706,0.400928,16.299162,30.826831,20.544582,3.776356,-1.603282,53.029959,2.493728,0.816609,1000.000813,53.113388,0.200345,0.032121,0.000721,49.205133,1.220871,1.220871,0.453153
2584,2015-01-28,365.0,24.641918,307.641918,0.984773,1.031164,-18.359973,-0.219337,0.851785,358.443336,75.078027,68.468523,0.785706,0.435172,17.800402,33.434902,20.671248,4.128173,-1.736568,46.061744,2.499411,0.816609,999.915818,52.810115,0.186409,0.032371,0.000671,50.930769,1.295363,1.295363,0.431214
2585,2015-01-29,365.0,25.658689,308.658689,0.984895,1.030908,-18.09693,-0.217636,0.853074,244.49204,75.219299,70.189126,0.785706,0.296999,12.224372,17.477389,20.800271,3.015074,-0.900024,38.470662,2.506675,0.816609,999.684909,52.600019,0.168574,0.015172,0.000607,54.169359,0.905922,0.905922,0.259463
2586,2015-01-30,365.0,26.675203,309.675203,0.985022,1.030643,-17.828462,-0.215895,0.854371,438.970907,75.362991,68.076059,0.785706,0.533528,22.098406,45.260691,20.931574,4.992747,-2.351853,44.448208,2.50085,0.816609,999.881063,52.722538,0.182929,0.043022,0.000659,51.122308,1.554209,1.554209,0.501133
2587,2015-01-31,365.0,27.691451,310.691451,0.985153,1.030368,-17.554679,-0.214113,0.855674,435.908685,75.509024,68.084478,0.785706,0.530147,22.098406,45.882803,21.06508,4.967142,-2.38246,47.725402,2.49798,0.816609,999.945071,52.89268,0.189893,0.045241,0.000684,50.415275,1.570771,1.570771,0.534183
2588,2015-02-01,365.0,28.707423,311.707423,0.985289,1.030084,-17.275693,-0.212292,0.856982,94.248859,75.657322,66.482427,0.785706,0.224306,9.410097,12.221208,21.200711,1.00832,-0.638757,44.448208,2.50085,0.816609,999.881063,52.722538,0.182929,0.011685,0.000659,50.090891,0.313883,0.313883,0.100676
2589,2015-02-02,365.0,29.723111,312.723111,0.98543,1.02979,-16.991615,-0.210432,0.858293,100.370825,75.807807,66.274257,0.785706,0.24359,10.285454,13.541002,21.338386,1.066322,-0.707903,42.883546,2.502295,0.816609,999.840702,52.692082,0.179339,0.012695,0.000646,50.329274,0.329143,0.329143,0.102443
2590,2015-02-03,365.0,30.738504,313.738504,0.985574,1.029488,-16.702557,-0.208534,0.859605,68.657516,75.960402,67.119558,0.785706,0.16992,7.221702,8.629488,21.478027,0.756122,-0.449101,41.366531,2.503748,0.816609,999.794631,52.661511,0.175748,0.007893,0.000633,51.337802,0.231368,0.231368,0.069822
2591,2015-02-04,365.0,31.753595,314.753595,0.985724,1.029176,-16.408634,-0.206597,0.860917,84.535849,76.115033,66.694306,0.785706,0.211827,9.062142,11.328925,21.619553,0.916453,-0.590293,44.448208,2.50085,0.816609,999.881063,52.722538,0.182929,0.010798,0.000659,50.298361,0.285286,0.285286,0.091267
2592,2015-02-05,365.0,32.768375,315.768375,0.985877,1.028856,-16.109958,-0.204623,0.862227,259.925497,76.271626,67.640187,0.785706,0.405467,17.461201,32.071388,21.762884,2.932075,-1.662716,56.840928,2.490928,0.816609,1000.012234,53.240943,0.20729,0.034466,0.000746,48.28578,0.961045,0.961045,0.0
2593,2015-02-06,365.0,33.782834,316.782834,0.986035,1.028527,-15.806645,-0.202612,0.863533,219.410359,76.430107,70.19845,0.785706,0.293493,12.723325,19.729695,21.907938,2.739918,-1.01018,58.832904,2.489538,0.816609,1000.010491,53.299671,0.210749,0.021289,0.000759,49.028731,0.904005,0.904005,0.0
2594,2015-02-07,365.0,34.796964,317.796964,0.986197,1.028189,-15.498809,-0.200564,0.864834,236.219232,76.590406,70.920761,0.785706,0.296655,12.946542,19.400374,22.054635,3.036518,-0.98924,53.029959,2.493728,0.816609,1000.000813,53.113388,0.200345,0.019819,0.000721,49.956236,0.981686,0.981686,0.378055
2595,2015-02-08,365.0,35.810757,318.810757,0.986363,1.027843,-15.186566,-0.198481,0.866128,209.667967,76.752452,71.565796,0.785706,0.25652,11.270232,15.809433,22.202892,2.765444,-0.803092,54.907078,2.492324,0.816609,1000.009037,53.178937,0.203822,0.016369,0.000734,49.08664,0.900302,0.900302,0.0
2596,2015-02-09,365.0,36.824204,319.824204,0.986533,1.027488,-14.87003,-0.196362,0.867414,57.670297,76.916175,66.894402,0.785706,0.132497,5.86052,8.306518,22.352629,0.635069,-0.430797,47.725402,2.49798,0.816609,999.945071,52.89268,0.189893,0.008181,0.000684,47.171425,0.200829,0.200829,0.075214
2597,2015-02-10,365.0,37.837297,320.837297,0.986708,1.027125,-14.549319,-0.194208,0.868689,119.542819,77.081509,67.436336,0.785706,0.275991,12.290023,16.630353,22.503763,1.347534,-0.859705,46.061744,2.499411,0.816609,999.915818,52.810115,0.186409,0.016026,0.000671,47.869397,0.422837,0.422837,0.154747
2598,2015-02-11,365.0,38.850028,321.850028,0.986886,1.026753,-14.224547,-0.19202,0.869953,166.410184,77.248386,71.372662,0.785706,0.248752,11.152058,14.286765,22.656212,2.188711,-0.724684,46.061744,2.499411,0.816609,999.915818,52.810115,0.186409,0.013509,0.000671,50.480359,0.686787,0.686787,0.251576
2599,2015-02-12,365.0,39.862389,322.862389,0.987068,1.026374,-13.895832,-0.189799,0.871204,362.10757,77.416743,69.862907,0.785706,0.473448,21.369673,39.878361,22.809896,4.503671,-2.035439,53.029959,2.493728,0.816609,1000.000813,53.113388,0.200345,0.040779,0.000721,47.844657,1.456006,1.456006,0.587862
2600,2015-02-13,365.0,40.874372,323.874372,0.987254,1.025987,-13.563288,-0.187544,0.87244,402.214302,77.586514,70.0259,0.785706,0.500595,22.74836,44.435525,22.964732,5.041074,-2.264498,56.840928,2.490928,0.816609,1000.012234,53.240943,0.20729,0.046941,0.000746,47.15886,1.65231,1.65231,0.0
2601,2015-02-14,365.0,41.88597,324.88597,0.987444,1.025592,-13.227032,-0.185257,0.873661,373.982034,77.757639,70.935558,0.785706,0.451253,20.645314,37.438419,23.120639,4.859193,-1.898297,54.907078,2.492324,0.816609,1000.009037,53.178937,0.203822,0.038691,0.000734,48.033283,1.581932,1.581932,0.0
2602,2015-02-15,365.0,42.897174,325.897174,0.987638,1.025189,-12.887179,-0.182939,0.874863,407.938556,77.930057,71.298208,0.785706,0.483464,22.269104,39.806496,23.277537,5.380651,-2.013284,47.725402,2.49798,0.816609,999.945071,52.89268,0.189893,0.038231,0.000684,49.993315,1.701536,1.701536,0.639608
2603,2015-02-16,365.0,43.907977,326.907977,0.987836,1.024779,-12.543847,-0.180589,0.876047,401.547965,78.103708,71.878568,0.785706,0.47464,22.01087,36.898046,23.435344,5.419699,-1.859551,41.366531,2.503748,0.816609,999.794631,52.661511,0.175748,0.032681,0.000633,52.110881,1.65839,1.65839,0.560349
2604,2015-02-17,365.0,44.918373,327.918373,0.988037,1.024362,-12.19715,-0.178209,0.87721,424.522366,78.278534,71.720202,0.785706,0.501541,23.415821,41.151006,23.59398,5.703695,-2.073692,44.448208,2.50085,0.816609,999.881063,52.722538,0.182929,0.037934,0.000659,51.163408,1.775523,1.775523,0.633162
2605,2015-02-18,365.0,45.928353,328.928353,0.988242,1.023938,-11.847204,-0.175799,0.878352,472.213391,78.45448,71.009589,0.785706,0.558143,26.234475,51.955496,23.753366,6.185732,-2.624691,54.907078,2.492324,0.816609,1000.009037,53.178937,0.203822,0.053497,0.000734,48.185045,2.013792,2.013792,0.0
2606,2015-02-19,365.0,46.937912,329.937912,0.98845,1.023506,-11.494125,-0.17336,0.879471,433.274955,78.63149,71.865549,0.785706,0.50446,23.871009,43.489295,23.913423,5.867935,-2.186307,51.2082,2.495138,0.816609,999.987473,53.044019,0.196863,0.04304,0.000709,49.491587,1.883525,1.883525,0.744163
2607,2015-02-20,365.0,47.947041,330.947041,0.988662,1.023068,-11.138026,-0.170893,0.880565,114.865847,78.80951,71.332126,0.785706,0.235341,11.211144,12.74555,24.074071,1.526881,-0.64181,41.366531,2.503748,0.816609,999.794631,52.661511,0.175748,0.01128,0.000633,51.741982,0.467215,0.467215,0.157835
2608,2015-02-21,365.0,48.955735,331.955735,0.988877,1.022622,-10.779024,-0.168398,0.881634,301.884754,78.988489,72.343998,0.785706,0.427761,20.51401,29.88759,24.235234,4.171747,-1.496541,35.751258,2.509631,0.816609,999.550981,52.538058,0.161424,0.024158,0.000581,54.18897,1.229433,1.229433,0.369088
2609,2015-02-22,365.0,49.963986,332.963986,0.989096,1.022171,-10.417232,-0.165876,0.882677,471.181209,79.168376,72.583765,0.785706,0.593376,28.646083,46.326219,24.396833,6.576677,-2.315008,29.666731,2.517153,0.816609,999.103712,52.381061,0.143775,0.033284,0.000518,56.515219,1.836753,1.836753,0.468927
2610,2015-02-23,365.0,50.971789,333.971789,0.989317,1.021712,-10.052764,-0.163327,0.883691,509.594096,79.349122,72.41418,0.785706,0.61423,29.8497,52.827412,24.558793,7.076776,-2.639699,37.089471,2.508149,0.816609,999.621031,52.569098,0.164995,0.043554,0.000594,53.90877,2.106144,2.106144,0.648948
2611,2015-02-24,365.0,51.979136,334.979136,0.989542,1.021248,-9.685735,-0.160754,0.884676,506.890606,79.530677,71.942517,0.785706,0.600849,29.392329,57.517039,24.721037,6.925324,-2.877935,53.029959,2.493728,0.816609,1000.000813,53.113388,0.200345,0.057658,0.000721,49.305549,2.238911,2.238911,0.900454
2612,2015-02-25,365.0,52.986023,335.986023,0.98977,1.020777,-9.316256,-0.158155,0.885632,419.195689,79.712996,73.343379,0.785706,0.493328,24.29118,40.116198,24.883492,6.035475,-1.992158,44.448208,2.50085,0.816609,999.881063,52.722538,0.182929,0.036442,0.000659,52.337922,1.878804,1.878804,0.667955
2613,2015-02-26,365.0,53.992443,336.992443,0.990001,1.020301,-8.944441,-0.155533,0.886556,130.511847,79.896033,75.891292,0.785706,0.153308,7.598105,7.905908,25.046082,2.058716,-0.387458,39.895963,2.505208,0.816609,999.742737,52.630824,0.172159,0.00667,0.00062,55.471667,0.624321,0.624321,0.203729
2614,2015-02-27,365.0,54.998389,337.998389,0.990236,1.019819,-8.570403,-0.152887,0.887448,84.495504,80.079743,73.204471,0.785706,0.176886,8.823606,8.74927,25.208736,1.212917,-0.433998,38.470662,2.506675,0.816609,999.684909,52.600019,0.168574,0.007316,0.000607,54.133958,0.364438,0.364438,0.115182
2615,2015-02-28,365.0,56.003858,339.003858,0.990472,1.019331,-8.194252,-0.150219,0.888307,349.989084,80.264084,72.904913,0.785706,0.50241,25.223435,38.815922,25.371382,4.974364,-1.926451,37.089471,2.508149,0.816609,999.621031,52.569098,0.164995,0.031785,0.000594,54.400098,1.480438,1.480438,0.453383
2616,2015-03-01,365.0,57.008843,340.008843,0.990712,1.018838,-7.816102,-0.147529,0.889132,472.852756,80.449013,73.458705,0.785706,0.60199,30.416496,49.938941,25.533948,6.863494,-2.469692,34.454912,2.51112,0.816609,999.474637,52.506899,0.157864,0.038988,0.000568,55.705546,2.002336,2.002336,0.57543
2617,2015-03-02,365.0,58.013338,341.013338,0.990955,1.018339,-7.436061,-0.144819,0.889922,447.246298,80.634489,74.314399,0.785706,0.544603,27.691944,42.836842,25.696365,6.700114,-2.107833,34.454912,2.51112,0.816609,999.474637,52.506899,0.157864,0.033275,0.000568,56.37033,1.954672,1.954672,0.560461
2618,2015-03-03,365.0,59.017339,342.017339,0.9912,1.017835,-7.054241,-0.142088,0.890676,468.352727,80.820473,74.767005,0.785706,0.560689,28.689851,43.056771,25.858564,7.13589,-2.112084,30.806287,2.515633,0.816609,999.206545,52.412702,0.14727,0.031105,0.00053,58.043312,2.015774,2.015774,0.523315
2619,2015-03-04,365.0,60.020841,343.020841,0.991448,1.017326,-6.670751,-0.139338,0.891394,542.31372,81.006926,74.092427,0.785706,0.645179,33.219828,56.932391,26.020478,8.073554,-2.799296,37.089471,2.508149,0.816609,999.621031,52.569098,0.164995,0.046187,0.000594,55.460322,2.402798,2.402798,0.729034
2620,2015-03-05,365.0,61.023839,344.023839,0.991698,1.016813,-6.285702,-0.13657,0.892074,532.280782,81.193809,73.678863,0.785706,0.632074,32.747136,60.744626,26.182041,7.813464,-2.989958,49.440455,2.496556,0.816609,999.968924,52.970548,0.193378,0.057819,0.000696,51.718744,2.489623,2.489623,0.940844
2621,2015-03-06,365.0,62.026328,345.026328,0.991951,1.016295,-5.899201,-0.133784,0.892717,512.61049,81.381087,73.683485,0.785706,0.608728,31.731721,59.985044,26.343188,7.531392,-2.949786,56.840928,2.490928,0.816609,1000.012234,53.240943,0.20729,0.061146,0.000746,50.029686,2.46856,2.46856,0.0
2622,2015-03-07,365.0,63.028305,346.028305,0.992206,1.015772,-5.511358,-0.130981,0.893321,501.406273,81.568722,74.094402,0.785706,0.580962,30.469015,57.078068,26.503854,7.481219,-2.798677,60.88443,2.488154,0.816609,1000.003891,53.355378,0.214195,0.059946,0.000771,48.627741,2.484235,2.484235,0.0
2623,2015-03-08,365.0,64.029763,347.029763,0.992463,1.015246,-5.122279,-0.128163,0.893885,508.743631,81.756681,74.70772,0.785706,0.577473,30.469015,54.737396,26.663978,7.762937,-2.673446,54.907078,2.492324,0.816609,1000.009037,53.178937,0.203822,0.054491,0.000734,50.375204,2.527258,2.527258,0.0
2624,2015-03-09,365.0,65.030701,348.030701,0.992723,1.014715,-4.732072,-0.125329,0.89441,557.619346,81.944928,74.502211,0.785706,0.617866,32.79528,63.378103,26.823498,8.451968,-3.095679,62.996953,2.486778,0.816609,999.992517,53.408313,0.217627,0.06737,0.000783,48.41105,2.824157,2.824157,0.0
2625,2015-03-10,365.0,66.031112,349.031112,0.992984,1.01418,-4.340845,-0.122481,0.894895,566.946303,82.13343,74.901588,0.785706,0.609392,32.537051,62.715036,26.982355,8.720311,-3.054484,65.171945,2.485408,0.816609,999.976449,53.458715,0.221043,0.067517,0.000796,48.183436,2.931564,2.931564,0.0
2626,2015-03-11,365.0,67.030995,350.030995,0.993248,1.013642,-3.948703,-0.11962,0.895339,337.082563,82.322155,77.413611,0.785706,0.349129,18.750163,25.444545,27.140489,5.656936,-1.222875,56.840928,2.490928,0.816609,1000.012234,53.240943,0.20729,0.025349,0.000746,51.556402,1.854171,1.854171,0.0
2627,2015-03-12,365.0,68.030344,351.030344,0.993514,1.013099,-3.555752,-0.116746,0.895742,507.296925,82.511069,76.627406,0.785706,0.511032,27.604408,45.871449,27.297845,8.292684,-2.21111,56.840928,2.490928,0.816609,1000.012234,53.240943,0.20729,0.045834,0.000746,51.081752,2.718089,2.718089,0.0
2628,2015-03-13,365.0,69.029158,352.029158,0.993781,1.012554,-3.162097,-0.113861,0.896103,548.82098,82.700142,76.881408,0.785706,0.52689,28.624199,49.13339,27.454366,9.053276,-2.363128,60.88443,2.488154,0.816609,1000.003891,53.355378,0.214195,0.050617,0.000771,50.285889,3.006257,3.006257,0.0
2629,2015-03-14,365.0,70.027432,353.027432,0.994051,1.012005,-2.767843,-0.110965,0.896422,156.312327,82.889342,79.211474,0.785706,0.140553,7.679077,8.883523,27.609998,2.788261,-0.421917,58.832904,2.489538,0.816609,1000.010491,53.299671,0.210749,0.008892,0.000759,52.146349,0.919956,0.919956,0.0
2630,2015-03-15,365.0,71.025163,354.025163,0.994322,1.011454,-2.373095,-0.108059,0.8967,406.005675,83.078639,78.795196,0.785706,0.356655,19.594885,26.871527,27.764688,7.146007,-1.277694,60.88443,2.488154,0.816609,1000.003891,53.355378,0.214195,0.027368,0.000771,51.41259,2.372924,2.372924,0.0
2631,2015-03-16,365.0,72.022348,355.022348,0.994595,1.010899,-1.977956,-0.105143,0.896935,341.245267,83.268003,79.847315,0.785706,0.285132,15.752064,18.072661,27.918385,6.218034,-0.853953,51.2082,2.495138,0.816609,999.987473,53.044019,0.196863,0.016811,0.000709,54.487308,1.995902,1.995902,0.790637
2632,2015-03-17,365.0,73.018986,356.018986,0.994869,1.010342,-1.582529,-0.10222,0.897127,436.938738,83.457404,79.556477,0.785706,0.365291,20.290793,26.390462,28.071039,7.888534,-1.247611,51.2082,2.495138,0.816609,999.987473,53.044019,0.196863,0.024561,0.000709,54.30824,2.532109,2.532109,1.002944
2633,2015-03-18,365.0,74.015073,357.015073,0.995145,1.009782,-1.186918,-0.09929,0.897277,587.723696,83.646813,79.15712,0.785706,0.491623,27.455597,40.848305,28.222601,10.474988,-1.933143,47.725402,2.49798,0.816609,999.945071,52.89268,0.189893,0.036709,0.000684,55.025563,3.312531,3.312531,1.248535
2634,2015-03-19,365.0,75.010606,358.010606,0.995422,1.00922,-0.791224,-0.096353,0.897384,760.715981,83.8362,78.364944,0.785706,0.637639,35.799947,64.378399,28.373025,13.209865,-3.055943,56.840928,2.490928,0.816609,1000.012234,53.240943,0.20729,0.063347,0.000746,52.239931,4.329791,4.329791,1.834379
2635,2015-03-20,365.0,76.005584,359.005584,0.9957,1.008656,-0.39555,-0.093411,0.897448,629.309255,84.025538,78.954592,0.785706,0.528876,29.8497,49.418559,28.522264,11.143929,-2.336612,60.88443,2.488154,0.816609,1000.003891,53.355378,0.214195,0.050049,0.000771,51.776073,3.700485,3.700485,1.633523
2636,2015-03-21,365.0,77.000005,5e-06,0.99598,1.00809,2e-06,-0.090464,0.897469,562.056142,84.214798,79.534301,0.785706,0.473531,26.864729,40.78177,28.670276,10.143956,-1.920741,56.840928,2.490928,0.816609,1000.012234,53.240943,0.20729,0.039815,0.000746,53.244558,3.324879,3.324879,1.39789
2637,2015-03-22,365.0,77.993866,0.993866,0.99626,1.007522,0.395332,-0.087514,0.897448,404.450277,84.403952,80.259667,0.785706,0.364585,20.789747,26.013906,28.817017,7.472818,-1.219509,49.440455,2.496556,0.816609,999.968924,52.970548,0.193378,0.023583,0.000696,55.769478,2.381082,2.381082,0.906034
2638,2015-03-23,365.0,78.987167,1.987167,0.996542,1.006952,0.790339,-0.084561,0.897384,197.184214,84.59297,81.6027,0.785706,0.182828,10.478033,9.167061,28.962447,3.802122,-0.426381,39.895963,2.505208,0.816609,999.742737,52.630824,0.172159,0.007341,0.00062,59.151692,1.153022,1.153022,0.378804
2639,2015-03-24,365.0,79.979905,2.979905,0.996825,1.006381,1.184922,-0.081606,0.897278,280.097105,84.781827,81.245213,0.785706,0.272884,15.717049,15.395532,29.106525,5.339612,-0.7167,38.470662,2.506675,0.816609,999.684909,52.600019,0.168574,0.012082,0.000607,59.468364,1.604363,1.604363,0.510868
2640,2015-03-25,365.0,80.972079,3.972079,0.997108,1.005809,1.578982,-0.07865,0.897129,499.099104,84.970492,79.89305,0.785706,0.494596,28.626388,39.320759,29.249214,9.109838,-1.841405,41.366531,2.503748,0.816609,999.794631,52.661511,0.175748,0.032362,0.000633,57.657298,2.787546,2.787546,0.937699
2641,2015-03-26,365.0,81.963688,4.963688,0.997393,1.005235,1.972419,-0.075694,0.896938,730.187554,85.158939,78.629151,0.785706,0.68815,40.021357,73.854546,29.390478,12.78494,-3.477561,60.88443,2.488154,0.816609,1000.003891,53.355378,0.214195,0.074488,0.000771,51.644641,4.245404,4.245404,0.0
2642,2015-03-27,365.0,82.954732,5.954732,0.997678,1.004661,2.365134,-0.072739,0.896705,786.825363,85.347139,79.27738,0.785706,0.661523,38.655802,74.037625,29.530281,14.06995,-3.471376,74.527011,2.479993,0.816609,999.866744,53.639508,0.234502,0.081404,0.000844,48.749508,4.838379,4.838379,2.431096
2643,2015-03-28,365.0,83.945208,6.945208,0.997963,1.004086,2.757027,-0.069786,0.896431,437.627667,85.535064,81.587245,0.785706,0.372161,21.848932,26.8548,29.66859,8.425306,-1.243093,49.440455,2.496556,0.816609,999.968924,52.970548,0.193378,0.024039,0.000696,56.146369,2.684575,2.684575,1.035561
2644,2015-03-29,365.0,84.935118,7.935118,0.998249,1.003511,3.148001,-0.066836,0.896115,789.542537,85.722685,79.929951,0.785706,0.670111,39.522403,70.941838,29.805372,14.412103,-3.308757,60.88443,2.488154,0.816609,1000.003891,53.355378,0.214195,0.070872,0.000771,52.199589,4.785725,4.785725,0.674058
2645,2015-03-30,365.0,85.924459,8.924459,0.998536,1.002935,3.537958,-0.063889,0.895759,767.364968,85.909975,80.06309,0.785706,0.648025,38.393193,69.589666,29.940598,14.062112,-3.24034,67.410908,2.484044,0.816609,999.955764,53.506817,0.22444,0.072726,0.000808,50.875502,4.755343,4.755343,2.241865
2646,2015-03-31,365.0,86.913232,9.913232,0.998823,1.002358,3.926798,-0.060947,0.895362,474.560602,86.096904,81.793824,0.785706,0.420683,25.035234,31.72604,30.074238,9.184902,-1.462724,46.061744,2.499411,0.816609,999.915818,52.810115,0.186409,0.027266,0.000671,57.559416,2.882094,2.882094,1.04764
2647,2015-04-01,365.0,87.901437,10.901437,0.99911,1.001782,4.314426,-0.05801,0.894926,361.280583,86.283443,82.828838,0.785706,0.326142,19.494219,19.403434,30.206264,7.217693,-0.888915,34.454912,2.51112,0.816609,999.474637,52.506899,0.157864,0.014033,0.000568,62.254427,2.105668,2.105668,0.607144
2648,2015-04-02,365.0,88.889074,11.889074,0.999398,1.001206,4.700743,-0.055079,0.894451,592.414433,86.469563,82.007104,0.785706,0.525315,31.534766,41.051049,30.33665,11.531,-1.886879,35.751258,2.509631,0.816609,999.550981,52.538058,0.161424,0.030459,0.000581,61.273897,3.398237,3.398237,1.007609
2649,2015-04-03,365.0,89.876143,12.876143,0.999685,1.00063,5.085652,-0.052156,0.893936,723.013973,86.655233,81.421987,0.785706,0.637298,38.419454,58.694295,30.465371,13.808766,-2.703428,42.883546,2.502295,0.816609,999.840702,52.692082,0.179339,0.048483,0.000646,58.513644,4.262372,4.262372,1.458367
2650,2015-04-04,365.0,90.862644,13.862644,0.999973,1.000055,5.469058,-0.049241,0.893384,585.244867,86.840425,82.171093,0.785706,0.515357,31.197752,42.40215,30.592404,11.436268,-1.943535,42.883546,2.502295,0.816609,999.840702,52.692082,0.179339,0.034855,0.000646,59.127478,3.530049,3.530049,1.203123
2651,2015-04-05,365.0,91.848578,14.848578,1.00026,0.99948,5.850862,-0.046335,0.892794,295.426417,87.025106,83.490876,0.785706,0.282513,17.172332,16.211191,30.717727,6.008777,-0.737211,38.470662,2.506675,0.816609,999.684909,52.600019,0.168574,0.012427,0.000607,61.612242,1.805423,1.805423,0.562326
2652,2015-04-06,365.0,92.833946,15.833946,1.000547,0.998906,6.23097,-0.043438,0.892168,406.711786,87.209247,82.900489,0.785706,0.395841,24.157688,27.179455,30.841319,8.118183,-1.238637,38.470662,2.506675,0.816609,999.684909,52.600019,0.168574,0.02088,0.000607,61.287637,2.439225,2.439225,0.757594
2653,2015-04-07,365.0,93.818749,16.818749,1.000834,0.998334,6.609285,-0.040553,0.891505,658.709699,87.392815,81.304896,0.785706,0.650912,39.881301,62.064585,30.963162,12.50007,-2.849384,46.061744,2.499411,0.816609,999.915818,52.810115,0.186409,0.053115,0.000671,57.852664,3.922347,3.922347,1.398616
2654,2015-04-08,365.0,94.802987,17.802987,1.001121,0.997762,6.985712,-0.037679,0.890807,554.473767,87.575778,82.318995,0.785706,0.524439,32.256934,45.125172,31.083236,10.853592,-2.05877,47.725402,2.49798,0.816609,999.945071,52.89268,0.189893,0.039095,0.000684,58.117711,3.432257,3.432257,1.252647
2655,2015-04-09,365.0,95.786662,18.786662,1.001407,0.997191,7.360154,-0.034818,0.890075,719.731716,87.758104,81.86489,0.785706,0.6699,41.360656,65.592172,31.201526,13.878702,-2.996793,47.725402,2.49798,0.816609,999.945071,52.89268,0.189893,0.056907,0.000684,57.949924,4.388895,4.388895,1.595444
2656,2015-04-10,365.0,96.769775,19.769775,1.001693,0.996622,7.732518,-0.031971,0.889309,756.71316,87.939758,81.515049,0.785706,0.700778,43.428688,75.100986,31.318017,14.419838,-3.434232,58.832904,2.489538,0.816609,1000.010491,53.299671,0.210749,0.072376,0.000759,54.92304,4.757665,4.757665,0.0
2657,2015-04-11,365.0,97.752328,20.752328,1.001978,0.996055,8.102707,-0.029138,0.88851,530.199903,88.120707,83.614729,0.785706,0.464144,28.869301,36.94247,31.432694,10.772747,-1.669152,46.061744,2.499411,0.816609,999.915818,52.810115,0.186409,0.031114,0.000671,58.415473,3.380338,3.380338,1.240435
2658,2015-04-12,365.0,98.734322,21.734322,1.002263,0.99549,8.470628,-0.02632,0.887679,862.622524,88.300915,82.603064,0.785706,0.749257,46.770368,75.878167,31.545545,16.975158,-3.443445,44.448208,2.50085,0.816609,999.881063,52.722538,0.182929,0.062991,0.000659,58.34625,5.284255,5.284255,1.884721
2659,2015-04-13,365.0,99.715759,22.715759,1.002547,0.994926,8.836185,-0.023518,0.886818,866.136511,88.480349,82.233202,0.785706,0.751416,47.070176,83.432846,31.656558,16.833325,-3.790065,58.832904,2.489538,0.816609,1000.010491,53.299671,0.210749,0.079875,0.000759,54.258656,5.553968,5.553968,0.0
2660,2015-04-14,365.0,100.696642,23.696642,1.00283,0.994365,9.199284,-0.020734,0.885926,376.28427,88.65897,85.310126,0.785706,0.326703,20.535895,19.454601,31.765724,8.021252,-0.86859,34.454912,2.51112,0.816609,999.474637,52.506899,0.157864,0.013712,0.000568,63.820762,2.340096,2.340096,0.678668
2661,2015-04-15,365.0,101.676973,24.676973,1.003112,0.993806,9.559832,-0.017967,0.885006,797.220814,88.836741,83.516108,0.785706,0.689512,43.487775,65.349416,31.873032,16.085866,-2.942945,41.366531,2.503748,0.816609,999.794631,52.661511,0.175748,0.051722,0.000633,60.159163,4.922162,4.922162,1.650708
2662,2015-04-16,365.0,102.656753,25.656753,1.003393,0.993249,9.917734,-0.015219,0.884058,922.464024,89.013626,82.794386,0.785706,0.797974,50.495014,88.25124,31.978476,18.185909,-3.985792,56.840928,2.490928,0.816609,1000.012234,53.240943,0.20729,0.082622,0.000746,55.299652,5.960786,5.960786,0.0
2663,2015-04-17,365.0,103.635986,26.635986,1.003673,0.992695,10.272897,-0.01249,0.883083,905.613668,89.189585,82.48385,0.785706,0.776232,49.278268,93.298057,32.082049,17.663503,-4.216707,72.086874,2.481337,0.816609,999.900839,53.597002,0.231171,0.097478,0.000832,51.593792,6.041242,6.041242,2.943278
2664,2015-04-18,365.0,104.614673,27.614673,1.003951,0.992144,10.625227,-0.009782,0.882082,794.114503,89.364577,83.182162,0.785706,0.68313,43.505282,75.38718,32.183745,15.808004,-3.391446,67.410908,2.484044,0.816609,999.955764,53.506817,0.22444,0.076118,0.000808,53.259922,5.345746,5.345746,2.487312
2665,2015-04-19,365.0,105.592818,28.592818,1.004229,0.991595,10.974631,-0.007096,0.881056,855.797174,89.538564,83.009382,0.785706,0.738569,47.181784,85.695218,32.28356,16.926047,-3.855133,69.715366,2.482687,0.816609,999.930536,53.55284,0.227817,0.087826,0.00082,52.875116,5.756788,5.756788,2.720658
2666,2015-04-20,365.0,106.570424,29.570424,1.004505,0.99105,11.321017,-0.004431,0.880007,889.738805,89.711503,82.942115,0.785706,0.770488,49.370181,92.26347,32.38149,17.54006,-4.148265,72.086874,2.481337,0.816609,999.900839,53.597002,0.231171,0.095896,0.000832,52.571178,5.999022,5.999022,2.87773
2667,2015-04-21,365.0,107.547494,30.547494,1.00478,0.990508,11.664291,-0.001789,0.878936,861.871073,89.883352,83.110873,0.785706,0.749004,48.135928,89.322222,32.477533,17.05826,-4.00873,74.527011,2.479993,0.816609,999.866744,53.639508,0.234502,0.094006,0.000844,52.414872,5.866,5.866,2.854701
2668,2015-04-22,365.0,108.524031,31.524031,1.005054,0.989969,12.004362,0.000828,0.877843,779.506137,90.054067,84.102828,0.785706,0.679815,43.816035,70.951453,32.571688,15.881379,-3.164512,56.840928,2.490928,0.816609,1000.012234,53.240943,0.20729,0.065597,0.000746,57.336266,5.205431,5.205431,2.114866
2669,2015-04-23,365.0,109.500038,32.500038,1.005325,0.989434,12.341137,0.003422,0.876731,604.700584,90.223605,85.105975,0.785706,0.528854,34.182721,47.298547,32.663953,12.679617,-2.096279,53.029959,2.493728,0.816609,1000.000813,53.113388,0.200345,0.041998,0.000721,59.16705,4.099235,4.099235,1.578115
2670,2015-04-24,365.0,110.475519,33.475519,1.005596,0.988902,12.674525,0.005989,0.8756,590.625357,90.391919,85.558767,0.785706,0.516624,33.484624,43.583863,32.754331,12.535348,-1.925154,46.061744,2.499411,0.816609,999.915818,52.810115,0.186409,0.035887,0.000671,61.446357,3.933417,3.933417,1.366976
2671,2015-04-25,365.0,111.450478,34.450478,1.005864,0.988374,13.004434,0.008531,0.874452,571.299528,90.558965,85.958577,0.785706,0.500786,32.545802,40.082448,32.842822,12.252384,-1.765044,41.366531,2.503748,0.816609,999.794631,52.661511,0.175748,0.03102,0.000633,63.36683,3.749143,3.749143,1.192015
2672,2015-04-26,365.0,112.424918,35.424918,1.006131,0.98785,13.330773,0.011045,0.873287,825.944502,90.724693,84.840646,0.785706,0.725426,47.26932,73.985292,32.929429,17.115013,-3.274839,47.725402,2.49798,0.816609,999.945071,52.89268,0.189893,0.062187,0.000684,60.741213,5.412321,5.412321,1.91551
2673,2015-04-27,365.0,113.398844,36.398844,1.006396,0.98733,13.653451,0.013532,0.872108,903.883183,90.889058,84.18377,0.785706,0.795921,51.996252,92.114477,33.014155,18.33982,-4.088148,65.171945,2.485408,0.816609,999.976449,53.458715,0.221043,0.090366,0.000796,55.955957,6.165416,6.165416,2.703151
2674,2015-04-28,365.0,114.372259,37.372259,1.006658,0.986815,13.972378,0.01599,0.870915,855.548927,91.052008,84.008019,0.785706,0.755836,49.501485,91.461766,33.097004,17.243605,-4.059448,77.037385,2.478655,0.816609,999.828319,53.680558,0.237807,0.096537,0.000856,53.551024,5.961126,5.961126,2.886705
2675,2015-04-29,365.0,115.345167,38.345167,1.006919,0.986304,14.287464,0.018419,0.86971,730.576026,91.213494,85.198197,0.785706,0.647659,42.520504,66.64417,33.17798,15.238009,-2.936369,58.832904,2.489538,0.816609,1000.010491,53.299671,0.210749,0.061884,0.000759,58.616684,5.027611,5.027611,2.029475
2676,2015-04-30,365.0,116.317574,39.317574,1.007178,0.985797,14.598619,0.020817,0.868495,912.175278,91.373465,84.844073,0.785706,0.810791,53.357439,90.182858,33.257091,18.800058,-3.977678,60.88443,2.488154,0.816609,1000.003891,53.355378,0.214195,0.0852,0.000771,58.088024,6.242802,6.242802,2.566472
2677,2015-05-01,365.0,117.289483,40.289483,1.007435,0.985295,14.905755,0.023185,0.86727,869.237785,91.53187,84.304388,0.785706,0.775005,51.120897,94.969136,33.33434,17.602869,-4.197443,77.037385,2.478655,0.816609,999.828319,53.680558,0.237807,0.099818,0.000856,54.442733,6.085324,6.085324,2.899378
2678,2015-05-02,365.0,118.2609,41.2609,1.007689,0.984797,15.208781,0.025521,0.866037,799.571647,91.688654,84.786001,0.785706,0.715295,47.289015,83.333363,33.409737,16.404184,-3.670423,74.527011,2.479993,0.816609,999.866744,53.639508,0.234502,0.086072,0.000844,55.507505,5.641076,5.641076,2.616129
2679,2015-05-03,365.0,119.231828,42.231828,1.007941,0.984305,15.507611,0.027824,0.864797,871.106455,91.843764,84.664684,0.785706,0.781698,51.792733,94.285701,33.483288,17.78163,-4.152048,72.086874,2.481337,0.816609,999.900839,53.597002,0.231171,0.095983,0.000832,56.201143,6.081643,6.081643,2.743969
2680,2015-05-04,365.0,120.202273,43.202273,1.008191,0.983817,15.802157,0.030095,0.863552,856.15686,91.997146,84.617671,0.785706,0.7707,51.173418,95.116303,33.555002,17.42677,-4.186194,79.619631,2.477324,0.816609,999.785632,53.720344,0.241085,0.100923,0.000868,54.911955,6.055457,6.055457,2.890768
2681,2015-05-05,365.0,121.17224,44.17224,1.008438,0.983335,16.092332,0.032331,0.862303,727.6494,92.148744,85.990907,0.785706,0.657141,43.724123,67.394034,33.624887,15.403315,-2.941484,56.840928,2.490928,0.816609,1000.012234,53.240943,0.20729,0.060974,0.000746,61.086365,5.048737,5.048737,1.905678
2682,2015-05-06,365.0,122.141733,45.141733,1.008683,0.982858,16.378048,0.034533,0.861052,440.982633,92.298501,87.82084,0.785706,0.405928,27.063875,29.666663,33.692953,9.826567,-1.280751,44.448208,2.50085,0.816609,999.881063,52.722538,0.182929,0.023429,0.000659,65.925035,3.058946,3.058946,0.950082
2683,2015-05-07,365.0,123.110759,46.110759,1.008925,0.982386,16.659221,0.0367,0.8598,676.167863,92.44636,86.365248,0.785706,0.6199,41.410987,61.671572,33.75921,14.428739,-2.681785,56.840928,2.490928,0.816609,1000.012234,53.240943,0.20729,0.055591,0.000746,61.585607,4.7293,4.7293,0.0
2684,2015-05-08,365.0,124.079323,47.079323,1.009165,0.98192,16.935766,0.03883,0.858548,762.498141,92.592264,85.796566,0.785706,0.691534,46.284545,77.592053,33.823668,15.979407,-3.381945,69.715366,2.482687,0.816609,999.930536,53.55284,0.227817,0.077046,0.00082,58.205486,5.434822,5.434822,2.349591
2685,2015-05-09,365.0,125.047429,48.047429,1.009401,0.981459,17.207597,0.040925,0.857298,780.602873,92.736152,85.74947,0.785706,0.709837,47.59758,81.546116,33.886338,16.312419,-3.552393,72.086874,2.481337,0.816609,999.900839,53.597002,0.231171,0.082121,0.000832,57.894051,5.579146,5.579146,2.451905
2686,2015-05-10,365.0,126.015084,49.015084,1.009635,0.981004,17.474631,0.042981,0.856051,809.246423,92.877967,85.72242,0.785706,0.737883,49.567137,86.454205,33.947232,16.872974,-3.763824,72.086874,2.481337,0.816609,999.900839,53.597002,0.231171,0.087009,0.000832,58.114111,5.770867,5.770867,2.520552
2687,2015-05-11,365.0,126.982294,49.982294,1.009866,0.980555,17.736786,0.045,0.854809,510.229013,93.017649,87.493826,0.785706,0.466513,31.39252,42.031889,34.00636,11.182525,-1.810622,67.410908,2.484044,0.816609,999.955764,53.506817,0.22444,0.040638,0.000808,60.450322,3.781561,3.781561,1.568638
2688,2015-05-12,365.0,127.949063,50.949063,1.010095,0.980112,17.993979,0.04698,0.853573,499.941585,93.155136,87.989215,0.785706,0.455923,30.731625,38.460634,34.063735,11.096488,-1.650944,56.840928,2.490928,0.816609,1000.012234,53.240943,0.20729,0.034222,0.000746,63.000295,3.63709,3.63709,1.346975
2689,2015-05-13,365.0,128.915399,51.915399,1.01032,0.979675,18.24613,0.048921,0.852345,336.269888,93.290367,89.320556,0.785706,0.310389,20.956066,19.849566,34.119369,7.736285,-0.845068,46.061744,2.499411,0.816609,999.915818,52.810115,0.186409,0.015753,0.000671,65.104732,2.427538,2.427538,0.812124
2690,2015-05-14,365.0,129.881307,52.881307,1.010542,0.979245,18.493159,0.050822,0.851125,763.43695,93.423283,86.829898,0.785706,0.698504,47.234305,74.732897,34.173274,16.345269,-3.223925,58.832904,2.489538,0.816609,1000.010491,53.299671,0.210749,0.067944,0.000759,59.952843,5.392939,5.392939,0.0
2691,2015-05-15,365.0,130.846793,53.846793,1.010761,0.97882,18.734985,0.052683,0.849916,148.67007,93.553819,89.610578,0.785706,0.132612,8.981171,8.691188,34.225464,3.438051,-0.368861,54.907078,2.492324,0.816609,1000.009037,53.178937,0.203822,0.007518,0.000734,62.215102,1.119272,1.119272,0.43264
2692,2015-05-16,365.0,131.811864,54.811864,1.010977,0.978402,18.971532,0.054502,0.848719,675.254189,93.681916,87.812519,0.785706,0.587452,39.844098,58.677989,34.275951,14.827897,-2.513862,62.996953,2.486778,0.816609,999.992517,53.408313,0.217627,0.054708,0.000783,56.691744,4.954622,4.954622,2.224077
2693,2015-05-17,365.0,132.776526,55.776526,1.01119,0.977991,19.202722,0.05628,0.847535,502.860341,93.80751,88.826167,0.785706,0.43873,29.799367,37.032009,34.324748,11.346398,-1.57639,60.88443,2.488154,0.816609,1000.003891,53.355378,0.214195,0.033766,0.000771,58.022153,3.767718,3.767718,1.647167
2694,2015-05-18,365.0,133.740785,56.740785,1.011399,0.977586,19.42848,0.058016,0.846365,516.121852,93.930538,88.892515,0.785706,0.445948,30.331147,38.386265,34.371869,11.651126,-1.632295,62.996953,2.486778,0.816609,999.992517,53.408313,0.217627,0.035523,0.000783,56.629253,3.89313,3.89313,1.773548
2695,2015-05-19,365.0,134.704648,57.704648,1.011605,0.977188,19.648731,0.059709,0.845211,452.257643,94.05094,89.256303,0.785706,0.390926,26.624007,31.96515,34.417327,10.29927,-1.355537,67.410908,2.484044,0.816609,999.955764,53.506817,0.22444,0.030424,0.000808,55.720006,3.482874,3.482874,1.654341
2696,2015-05-20,365.0,135.668122,58.668122,1.011808,0.976796,19.863402,0.061358,0.844075,354.34318,94.168652,89.955959,0.785706,0.306413,20.894789,21.971666,34.461135,8.215695,-0.927436,67.410908,2.484044,0.816609,999.955764,53.506817,0.22444,0.020815,0.000808,56.093853,2.778277,2.778277,1.319953
2697,2015-05-21,365.0,136.631213,59.631213,1.012007,0.976412,20.072421,0.062963,0.842957,465.185655,94.283613,89.394565,0.785706,0.40242,27.475294,33.433181,34.503307,10.60599,-1.414818,67.410908,2.484044,0.816609,999.955764,53.506817,0.22444,0.031754,0.000808,55.794012,3.586596,3.586596,1.703682
2698,2015-05-22,365.0,137.593929,60.593929,1.012203,0.976034,20.275718,0.064524,0.841859,493.130341,94.39576,89.285154,0.785706,0.426759,29.1713,36.998363,34.543856,11.194473,-1.565666,69.715366,2.482687,0.816609,999.930536,53.55284,0.227817,0.035668,0.00082,55.181512,3.807398,3.807398,1.845255
2699,2015-05-23,365.0,138.556276,61.556276,1.012395,0.975664,20.473224,0.066041,0.840781,515.289914,94.505032,89.098154,0.785706,0.446106,30.528103,40.849129,34.582797,11.622017,-1.729384,77.037385,2.478655,0.816609,999.828319,53.680558,0.237807,0.041126,0.000856,53.430021,4.017739,4.017739,2.062437
2700,2015-05-24,365.0,139.518261,62.518261,1.012583,0.975301,20.664871,0.067511,0.839727,822.825366,94.611369,87.457735,0.785706,0.712616,48.818706,86.197927,34.620141,17.697153,-3.681002,85.006416,2.47468,0.816609,999.687728,53.796851,0.247553,0.091124,0.000891,50.978261,6.210273,6.210273,3.361538
2701,2015-05-25,365.0,140.479892,63.479892,1.012768,0.974945,20.850593,0.068936,0.838696,773.876653,94.714708,88.014736,0.785706,0.672055,46.087589,75.832591,34.655903,16.889453,-3.226349,74.527011,2.479993,0.816609,999.866744,53.639508,0.234502,0.075659,0.000844,53.620916,5.80795,5.80795,2.914026
2702,2015-05-26,365.0,141.441175,64.441175,1.012949,0.974596,21.030326,0.070314,0.83769,844.678012,94.814992,87.834473,0.785706,0.736045,50.525654,86.130046,34.690095,18.318648,-3.666118,72.086874,2.481337,0.816609,999.900839,53.597002,0.231171,0.08475,0.000832,54.333814,6.265314,6.265314,3.067338
2703,2015-05-27,365.0,142.402118,65.402118,1.013126,0.974255,21.204008,0.071646,0.836709,674.763673,94.912161,88.783786,0.785706,0.590054,40.542197,60.327602,34.722731,15.012909,-2.552691,67.410908,2.484044,0.816609,999.955764,53.506817,0.22444,0.057293,0.000808,56.21582,5.076871,5.076871,2.374372
2704,2015-05-28,365.0,143.362728,66.362728,1.0133,0.973922,21.371578,0.07293,0.835756,902.009936,95.006157,87.48416,0.785706,0.789365,54.285314,98.875142,34.753824,19.323095,-4.212396,82.275411,2.475999,0.816609,999.738747,53.759049,0.244334,0.102923,0.00088,52.309506,6.748001,6.748001,3.540291
2705,2015-05-29,365.0,144.323014,67.323014,1.01347,0.973596,21.532977,0.074167,0.834832,789.756941,95.096923,87.755725,0.785706,0.693851,47.757331,84.392736,34.783387,17.03098,-3.588067,90.701004,2.472061,0.816609,999.573533,53.870416,0.253896,0.0911,0.000914,51.171266,6.032436,6.032436,3.315643
2706,2015-05-30,365.0,145.282981,68.282981,1.013635,0.973277,21.688148,0.075356,0.833937,537.299394,95.184403,89.214712,0.785706,0.473833,32.639903,46.629642,34.811431,12.058775,-1.965214,87.814364,2.473367,0.816609,999.632637,53.833919,0.250741,0.049276,0.000903,52.753363,4.251689,4.251689,2.28585
2707,2015-05-31,365.0,146.242638,69.242638,1.013797,0.972967,21.837036,0.076496,0.833072,803.101989,95.268542,87.610045,0.785706,0.707208,48.753055,89.333388,34.837969,17.210718,-3.797577,99.85098,2.468178,0.816609,999.372717,53.977994,0.263154,0.099935,0.000947,49.672611,6.176128,6.176128,3.554332
2708,2015-06-01,365.0,147.201993,70.201993,1.013955,0.972664,21.979587,0.077587,0.832239,629.268452,95.349288,88.934402,0.785706,0.556338,38.380065,58.562535,34.863014,13.984581,-2.469757,82.275411,2.475999,0.816609,999.738747,53.759049,0.244334,0.060345,0.00088,53.870538,4.883688,4.883688,2.525441
2709,2015-06-02,365.0,148.161053,71.161053,1.014108,0.972369,22.115752,0.078629,0.831438,479.618686,95.426588,90.378713,0.785706,0.420728,29.044371,35.076327,34.886577,11.081159,-1.466458,62.996953,2.486778,0.816609,999.992517,53.408313,0.217627,0.031914,0.000783,58.308123,3.70268,3.70268,1.656753
2710,2015-06-03,365.0,149.119827,72.119827,1.014258,0.972082,22.24548,0.079622,0.830671,691.874503,95.500393,89.36284,0.785706,0.605666,41.837728,61.479481,34.908669,15.530822,-2.584225,62.996953,2.486778,0.816609,999.992517,53.408313,0.217627,0.05624,0.000783,57.533531,5.189499,5.189499,2.331917
2711,2015-06-04,365.0,150.078321,73.078321,1.014404,0.971803,22.368726,0.080565,0.829938,928.996431,95.570654,88.429327,0.785706,0.815541,56.368666,95.977714,34.929302,20.299295,-4.054218,74.527011,2.479993,0.816609,999.866744,53.639508,0.234502,0.095072,0.000844,54.507752,6.980528,6.980528,3.458175
2712,2015-06-05,365.0,151.036545,74.036545,1.014545,0.971533,22.485444,0.081457,0.829241,890.713701,95.637325,87.745044,0.785706,0.784905,54.280937,101.616949,34.948486,19.073661,-4.307493,90.701004,2.472061,0.816609,999.573533,53.870416,0.253896,0.109366,0.000914,51.24641,6.755961,6.755961,3.708263
2713,2015-06-06,365.0,151.994505,74.994505,1.014682,0.97127,22.595593,0.0823,0.828579,892.352871,95.700361,87.504338,0.785706,0.789535,54.62889,105.635807,34.966231,18.962985,-4.482358,103.070439,2.466896,0.816609,999.298128,54.013691,0.266168,0.119306,0.000958,49.376052,6.832989,6.832989,3.976198
2714,2015-06-07,365.0,152.952211,75.952211,1.014815,0.971016,22.699133,0.083091,0.827955,888.121395,95.75972,87.141523,0.785706,0.789167,54.62889,110.464854,34.982549,18.663884,-4.69531,120.524631,2.460573,0.816609,998.870113,54.196619,0.280663,0.13178,0.00101,47.028943,6.854058,6.854058,4.260824
2715,2015-06-08,365.0,153.90967,76.90967,1.014944,0.97077,22.796027,0.083831,0.827368,906.233954,95.815361,87.215412,0.785706,0.808929,56.02071,112.396472,34.997447,19.071433,-4.773926,128.17671,2.458084,0.816609,998.6741,54.273912,0.286183,0.136621,0.00103,46.46949,7.052281,7.052281,4.475894
2716,2015-06-09,365.0,154.86689,77.86689,1.015068,0.970532,22.886238,0.084521,0.82682,659.344176,95.867246,88.439453,0.785706,0.591324,40.966744,70.574715,35.010937,14.357132,-2.975983,113.263729,2.463085,0.816609,999.052136,54.122096,0.274982,0.081834,0.00099,49.489876,5.234187,5.234187,3.126667
2717,2015-06-10,365.0,155.82388,78.82388,1.015188,0.970303,22.969736,0.085159,0.82631,858.95927,95.91534,87.916021,0.785706,0.747742,51.821182,98.957883,35.023025,18.417895,-4.184134,106.377763,2.46562,0.816609,999.219801,54.049525,0.269145,0.112614,0.000969,47.519311,6.663196,6.663196,4.02508
2718,2015-06-11,365.0,156.780648,79.780648,1.015303,0.970082,23.046489,0.085745,0.82584,913.931244,95.959608,87.929342,0.785706,0.798021,55.322614,105.635807,35.033721,19.592866,-4.465033,103.070439,2.466896,0.816609,999.298128,54.013691,0.266168,0.118845,0.000958,48.286002,7.059956,7.059956,4.189014
2719,2015-06-12,365.0,157.737202,80.737202,1.015414,0.96987,23.116471,0.086279,0.82541,909.68845,96.000022,88.222895,0.785706,0.797809,55.322614,101.77257,35.043033,19.654308,-4.293587,90.701004,2.472061,0.816609,999.573533,53.870416,0.253896,0.109012,0.000914,50.89962,6.961629,6.961629,3.858878
2720,2015-06-13,365.0,158.693551,81.693551,1.015521,0.969666,23.179656,0.086762,0.825021,917.259303,96.036551,88.685476,0.785706,0.807725,56.022899,96.943523,35.050967,20.067851,-4.078246,77.037385,2.478655,0.816609,999.828319,53.680558,0.237807,0.096984,0.000856,54.177405,6.93747,6.93747,3.498272
2721,2015-06-14,365.0,159.649703,82.649703,1.015623,0.969471,23.236022,0.087192,0.824673,942.251564,96.069172,88.695942,0.785706,0.832811,57.773615,99.840951,35.057532,20.611981,-4.199106,85.006416,2.47468,0.816609,999.687728,53.796851,0.247553,0.10395,0.000891,52.875135,7.233143,7.233143,3.831115
2722,2015-06-15,365.0,160.605667,83.605667,1.015721,0.969284,23.285549,0.08757,0.824367,921.292544,96.097861,88.262596,0.785706,0.817547,56.723188,103.704188,35.062733,19.90214,-4.371663,96.717493,2.469466,0.816609,999.443517,53.942308,0.260104,0.113709,0.000936,50.874719,7.11182,7.11182,4.006014
2723,2015-06-16,365.0,161.561452,84.561452,1.015814,0.969106,23.328221,0.087896,0.824103,860.740382,96.122598,87.881037,0.785706,0.766997,53.221753,101.882768,35.066576,18.388519,-4.303608,103.070439,2.466896,0.816609,999.298128,54.013691,0.266168,0.114548,0.000958,50.013517,6.62599,6.62599,3.82861
2724,2015-06-17,365.0,162.517065,85.517065,1.015903,0.968937,23.364023,0.088169,0.82388,817.766726,96.143367,88.061236,0.785706,0.731623,50.770752,94.895215,35.069067,17.555155,-4.003873,103.070439,2.466896,0.816609,999.298128,54.013691,0.266168,0.10657,0.000958,50.466939,6.325701,6.325701,3.633972
2725,2015-06-18,365.0,163.472516,86.472516,1.015987,0.968777,23.392943,0.08839,0.823701,786.545267,96.160153,88.116229,0.785706,0.706372,49.020037,90.819535,35.070211,16.907512,-3.830346,106.377763,2.46562,0.816609,999.219801,54.049525,0.269145,0.103092,0.000969,50.327489,6.116772,6.116772,3.548529
2726,2015-06-19,365.0,164.427813,87.427813,1.016067,0.968625,23.414974,0.088558,0.823564,727.66904,96.172946,88.891929,0.785706,0.65592,45.518606,76.029798,35.070012,15.983863,-3.192192,85.006416,2.47468,0.816609,999.687728,53.796851,0.247553,0.079024,0.000891,54.781962,5.609047,5.609047,2.8733
2727,2015-06-20,365.0,165.382964,88.382964,1.016141,0.968482,23.430108,0.088673,0.823469,870.592852,96.181737,88.035615,0.785706,0.787139,54.622328,101.77257,35.068474,18.666318,-4.293738,90.701004,2.472061,0.816609,999.573533,53.870416,0.253896,0.109016,0.000914,53.555552,6.611679,6.611679,3.491988
2728,2015-06-21,365.0,166.33798,89.33798,1.016212,0.968348,23.438342,0.088736,0.823418,611.771305,96.186521,89.407022,0.785706,0.555079,38.515743,59.499514,35.065601,13.629466,-2.490597,87.814364,2.473367,0.816609,999.632637,53.833919,0.250741,0.062449,0.000903,55.156446,4.805484,4.805484,2.477085
2729,2015-06-22,365.0,167.292867,90.292867,1.016277,0.968223,23.439675,0.088746,0.82341,839.497056,96.187296,88.040997,0.785706,0.762064,52.871612,98.132135,35.061395,18.001035,-4.139893,93.668112,2.47076,0.816609,999.510474,53.906496,0.257017,0.106402,0.000925,53.410448,6.404584,6.404584,3.418398
2730,2015-06-23,365.0,168.247636,91.247636,1.016338,0.968107,23.434111,0.088704,0.823444,831.189837,96.184062,87.883501,0.785706,0.757137,52.521468,99.006976,35.05586,17.744271,-4.180618,99.85098,2.468178,0.816609,999.372717,53.977994,0.263154,0.110015,0.000947,52.626175,6.367596,6.367596,3.494762
2731,2015-06-24,365.0,169.202295,92.202295,1.016394,0.968,23.421653,0.088609,0.823522,800.853043,96.176825,87.837782,0.785706,0.732042,50.770752,95.845487,35.048996,17.076072,-4.048341,106.377763,2.46562,0.816609,999.219801,54.049525,0.269145,0.108959,0.000969,51.9187,6.177754,6.177754,3.481712
2732,2015-06-25,365.0,170.156853,93.156853,1.016446,0.967902,23.402309,0.088461,0.823642,842.360189,96.165591,87.335292,0.785706,0.772611,53.571898,106.771833,35.040805,17.708144,-4.52301,116.84631,2.461826,0.816609,998.962896,54.15906,0.277842,0.125668,0.001,50.484901,6.479744,6.479744,3.802455
2733,2015-06-26,365.0,171.111318,94.111318,1.016493,0.967813,23.376089,0.088261,0.823805,877.965036,96.15037,87.003913,0.785706,0.808179,56.022899,115.2939,35.031288,18.285469,-4.893601,140.425038,2.454394,0.816609,998.354614,54.396625,0.294156,0.143948,0.001059,47.719526,6.827616,6.827616,4.328245
2734,2015-06-27,365.0,172.0657,95.0657,1.016535,0.967733,23.343007,0.088009,0.824011,776.32127,96.131174,86.808536,0.785706,0.717481,49.720322,103.936596,35.020445,16.081694,-4.416892,158.285737,2.449551,0.816609,997.882796,54.576104,0.304213,0.134368,0.001095,46.137993,6.076273,6.076273,4.019742
2735,2015-06-28,365.0,173.020007,96.020007,1.016572,0.967662,23.303078,0.087704,0.824258,790.072698,96.10802,86.575518,0.785706,0.732894,50.770752,108.191884,35.008276,16.261451,-4.604369,163.039171,2.448354,0.816609,997.75691,54.624238,0.306625,0.141181,0.001104,45.967613,6.161298,6.161298,4.100334
2736,2015-06-29,365.0,173.974249,96.974249,1.016605,0.9676,23.25632,0.087347,0.824548,657.101825,96.080927,87.647446,0.785706,0.611823,42.367319,79.636246,34.99478,13.952667,-3.369155,144.721857,2.453175,0.816609,998.241492,54.439657,0.296732,0.099974,0.001068,48.806951,5.225826,5.225826,3.293591
2737,2015-06-30,365.0,174.928434,97.928434,1.016632,0.967547,23.202755,0.086938,0.824879,725.817898,96.049916,87.28002,0.785706,0.677843,46.919177,91.512878,34.979957,15.256914,-3.880364,136.236704,2.455619,0.816609,998.464449,54.354708,0.291539,0.113128,0.00105,49.96654,5.67885,5.67885,3.465269
2738,2015-07-01,365.0,175.882571,98.882571,1.016655,0.967503,23.142405,0.086477,0.825251,788.704059,96.015011,86.748294,0.785706,0.738887,51.120897,105.124413,34.963803,16.334332,-4.471809,140.425038,2.454394,0.816609,998.354614,54.396625,0.294156,0.131541,0.001059,49.588496,6.099081,6.099081,3.749954
2739,2015-07-02,365.0,176.83667,99.83667,1.016674,0.967468,23.075298,0.085965,0.825663,775.673812,95.976239,86.590781,0.785706,0.72913,50.420608,104.766001,34.946318,15.99938,-4.461491,149.129396,2.451961,0.816609,998.125123,54.483871,0.299267,0.133518,0.001077,48.949848,6.010383,6.010383,3.770353
2740,2015-07-03,365.0,177.790739,100.790739,1.016687,0.967443,23.001462,0.085401,0.826116,746.620219,95.933631,86.763357,0.785706,0.704192,48.669892,98.586299,34.927498,15.485714,-4.195252,144.721857,2.453175,0.816609,998.241492,54.439657,0.296732,0.124487,0.001068,49.937892,5.800013,5.800013,3.566351
2741,2015-07-04,365.0,178.744787,101.744787,1.016696,0.967426,22.920928,0.084786,0.826608,708.074789,95.887219,87.074493,0.785706,0.669971,46.277978,89.906928,34.90734,14.827402,-3.820199,136.236704,2.455619,0.816609,998.464449,54.354708,0.291539,0.111374,0.00105,51.479589,5.518979,5.518979,3.277133
2742,2015-07-05,365.0,179.698823,102.698823,1.0167,0.967419,22.83373,0.08412,0.827139,653.32209,95.837037,87.496668,0.785706,0.619979,42.798431,78.559952,34.885841,13.856281,-3.331046,128.17671,2.458084,0.816609,998.6741,54.273912,0.286183,0.095329,0.00103,53.072061,5.12381,5.12381,2.932449
2743,2015-07-06,365.0,180.652856,103.652856,1.016699,0.967421,22.739904,0.083403,0.827708,715.651109,95.783122,87.010102,0.785706,0.68091,46.973887,90.584062,34.862997,14.978223,-3.852625,128.17671,2.458084,0.816609,998.6741,54.273912,0.286183,0.110255,0.00103,53.167509,5.538684,5.538684,3.148442
2744,2015-07-07,365.0,181.606895,104.606895,1.016693,0.967431,22.639489,0.082635,0.828315,497.255546,95.725514,88.593717,0.785706,0.474445,32.707742,51.199121,34.838802,10.89436,-2.158797,120.524631,2.460573,0.816609,998.870113,54.196619,0.280663,0.060589,0.00101,55.396994,4.000806,4.000806,2.186403
2745,2015-07-08,365.0,182.56095,105.56095,1.016683,0.967451,22.532524,0.081817,0.828959,704.355393,95.664254,87.24432,0.785706,0.671781,46.277978,85.699825,34.813252,14.863771,-3.642517,113.263729,2.463085,0.816609,999.052136,54.122096,0.274982,0.100163,0.00099,55.61716,5.418893,5.418893,2.863667
2746,2015-07-09,365.0,183.515029,106.515029,1.016668,0.96748,22.419054,0.08095,0.829638,503.405582,95.599387,88.684313,0.785706,0.480215,33.055698,50.340059,34.786342,11.074805,-2.122999,106.377763,2.46562,0.816609,999.219801,54.049525,0.269145,0.057139,0.000969,57.460644,4.006625,4.006625,2.042185
2747,2015-07-10,365.0,184.469141,107.469141,1.016648,0.967518,22.299124,0.080032,0.830353,510.264555,95.530958,88.741217,0.785706,0.487637,33.539334,50.145562,34.758067,11.253284,-2.114933,96.717493,2.469466,0.816609,999.443517,53.942308,0.260104,0.05501,0.000936,59.277095,4.021243,4.021243,1.923512
2748,2015-07-11,365.0,185.423294,108.423294,1.016623,0.967566,22.172781,0.079066,0.831102,328.941268,95.459014,90.374919,0.785706,0.311952,21.437512,24.219098,34.728419,7.59603,-1.012377,85.006416,2.47468,0.816609,999.687728,53.796851,0.247553,0.025062,0.000891,61.282712,2.665594,2.665594,1.204642
2749,2015-07-12,365.0,186.377499,109.377499,1.016593,0.967622,22.040074,0.07805,0.831884,486.105614,95.383605,89.221507,0.785706,0.458274,31.464738,43.434934,34.697392,10.885015,-1.82843,82.275411,2.475999,0.816609,999.738747,53.759049,0.244334,0.044675,0.00088,60.378921,3.801259,3.801259,1.712717
2750,2015-07-13,365.0,187.331764,110.331764,1.016559,0.967687,21.901055,0.076986,0.832699,403.20071,95.304782,89.79551,0.785706,0.378052,25.932475,32.239111,34.66498,9.181933,-1.353297,82.275411,2.475999,0.816609,999.738747,53.759049,0.244334,0.033066,0.00088,60.055065,3.20651,3.20651,1.468946
2751,2015-07-14,365.0,188.286098,111.286098,1.01652,0.967761,21.755779,0.075874,0.833545,507.342223,95.222597,88.846766,0.785706,0.476299,32.639903,47.00522,34.631175,11.265043,-1.984765,87.814364,2.473367,0.816609,999.632637,53.833919,0.250741,0.049766,0.000903,58.622331,3.971835,3.971835,1.88844
2752,2015-07-15,365.0,189.24051,112.24051,1.016476,0.967845,21.604299,0.074714,0.834421,688.502621,95.137105,87.407859,0.785706,0.647422,44.321552,77.422817,34.595971,14.693639,-3.297448,96.717493,2.469466,0.816609,999.443517,53.942308,0.260104,0.085768,0.000936,56.465027,5.250617,5.250617,2.633725
2753,2015-07-16,365.0,190.195008,113.195008,1.016427,0.967937,21.446675,0.073506,0.835327,629.039982,95.04836,87.934403,0.785706,0.592843,40.542197,65.177441,34.559359,13.642237,-2.769067,85.006416,2.47468,0.816609,999.687728,53.796851,0.247553,0.068549,0.000891,59.106912,4.787325,4.787325,2.202151
2754,2015-07-17,365.0,191.149602,114.149602,1.016374,0.968039,21.282964,0.072251,0.836261,693.361704,94.95642,87.312954,0.785706,0.654685,44.722033,77.279144,34.52133,14.78974,-3.296431,90.701004,2.472061,0.816609,999.573533,53.870416,0.253896,0.083695,0.000914,57.965967,5.238581,5.238581,2.495463
2755,2015-07-18,365.0,192.1043,115.1043,1.016316,0.968149,21.113228,0.07095,0.837223,719.128132,94.861341,86.760197,0.785706,0.68045,46.42898,85.048308,34.481878,15.114647,-3.641044,103.070439,2.466896,0.816609,999.298128,54.013691,0.266168,0.096913,0.000958,55.905845,5.446306,5.446306,2.783889
2756,2015-07-19,365.0,193.059112,116.059112,1.016254,0.968268,20.93753,0.069603,0.83821,771.100265,94.763182,86.116774,0.785706,0.73135,49.842876,97.443258,34.440994,15.925544,-4.189009,113.263729,2.463085,0.816609,999.052136,54.122096,0.274982,0.11519,0.00099,54.367958,5.805984,5.805984,3.108519
2757,2015-07-20,365.0,194.014045,117.014045,1.016186,0.968397,20.755933,0.06821,0.839222,748.92053,94.662002,85.891215,0.785706,0.712189,48.477316,96.116845,34.398668,15.38425,-4.139511,124.300739,2.459326,0.816609,998.773833,54.234871,0.283443,0.117332,0.00102,53.128938,5.669466,5.669466,3.167027
2758,2015-07-21,365.0,194.96911,117.96911,1.016114,0.968534,20.568504,0.066772,0.840258,764.002603,94.557861,85.903961,0.785706,0.728483,49.523369,96.868027,34.354892,15.71931,-4.173983,113.263729,2.463085,0.816609,999.052136,54.122096,0.274982,0.114777,0.00099,54.987838,5.730797,5.730797,3.019531
2759,2015-07-22,365.0,195.924314,118.924314,1.016038,0.96868,20.37531,0.065289,0.841317,742.159004,94.45082,86.206655,0.785706,0.709459,48.166562,89.763268,34.309657,15.425047,-3.863634,99.85098,2.468178,0.816609,999.372717,53.977994,0.263154,0.101673,0.000947,57.498004,5.535334,5.535334,2.684761
2760,2015-07-23,365.0,196.879667,119.879667,1.015957,0.968835,20.176419,0.063762,0.842396,741.505535,94.340941,86.083171,0.785706,0.710426,48.166562,89.948114,34.262954,15.375701,-3.876619,99.85098,2.468178,0.816609,999.372717,53.977994,0.263154,0.102015,0.000947,57.750615,5.517626,5.517626,2.654294
2761,2015-07-24,365.0,197.835176,120.835176,1.015871,0.968998,19.971901,0.062191,0.843496,762.050591,94.228284,85.760166,0.785706,0.731725,49.540873,94.915169,34.214774,15.673273,-4.100598,103.070439,2.466896,0.816609,999.298128,54.013691,0.266168,0.109145,0.000958,57.396988,5.647597,5.647597,2.747634
2762,2015-07-25,365.0,198.790852,121.790852,1.01578,0.969171,19.761828,0.060578,0.844614,719.978233,94.112911,86.020374,0.785706,0.692909,46.84477,85.817997,34.165107,14.941157,-3.704597,96.717493,2.469466,0.816609,999.443517,53.942308,0.260104,0.096358,0.000936,58.869822,5.339065,5.339065,2.473338
2763,2015-07-26,365.0,199.746701,122.746701,1.015686,0.969352,19.546273,0.058921,0.84575,637.768295,93.994884,86.808771,0.785706,0.615042,41.51822,67.605314,34.113944,13.560169,-2.907527,79.619631,2.477324,0.816609,999.785632,53.720344,0.241085,0.070096,0.000868,62.573937,4.71189,4.71189,1.893796
2764,2015-07-27,365.0,200.702734,123.702734,1.015586,0.969541,19.325309,0.057223,0.846901,570.923091,93.874267,87.359176,0.785706,0.551413,37.165506,54.947649,34.061276,12.349346,-2.35749,69.715366,2.482687,0.816609,999.930536,53.55284,0.227817,0.053708,0.00082,65.067558,4.200187,4.200187,1.516565
2765,2015-07-28,365.0,201.658958,124.658958,1.015482,0.96974,19.099011,0.055483,0.848068,797.571992,93.751119,85.599346,0.785706,0.771218,51.897776,96.151623,34.007093,16.414906,-4.168714,82.275411,2.475999,0.816609,999.738747,53.759049,0.244334,0.101856,0.00088,61.741963,5.732405,5.732405,2.326099
2766,2015-07-29,365.0,202.615381,125.615381,1.015374,0.969947,18.867454,0.053702,0.849248,807.50264,93.625505,84.767347,0.785706,0.782288,52.556482,105.906781,33.951386,16.236683,-4.615941,106.377763,2.46562,0.816609,999.219801,54.049525,0.269145,0.124236,0.000969,57.728477,5.874081,5.874081,2.808803
2767,2015-07-30,365.0,203.572014,126.572014,1.015261,0.970162,18.630717,0.051881,0.85044,781.464458,93.497484,84.210227,0.785706,0.758812,50.893302,107.585832,33.894146,15.474321,-4.706767,132.154652,2.456849,0.816609,998.570959,54.313829,0.288881,0.13597,0.00104,54.476028,5.741166,5.741166,3.089916
2768,2015-07-31,365.0,204.528862,127.528862,1.015144,0.970386,18.388877,0.05002,0.851642,740.19571,93.36712,84.077337,0.785706,0.720581,48.245348,102.071115,33.835363,14.619112,-4.471938,144.721857,2.453175,0.816609,998.241492,54.439657,0.296732,0.132697,0.001068,53.437309,5.475436,5.475436,3.064112
2769,2015-08-01,365.0,205.485936,128.485936,1.015023,0.970619,18.142012,0.04812,0.852854,734.573506,93.234474,83.803143,0.785706,0.716924,47.914899,102.973339,33.775029,14.408596,-4.521494,153.649923,2.450753,0.816609,998.005546,54.529333,0.30176,0.136441,0.001086,52.807492,5.428621,5.428621,3.102907
2770,2015-08-02,365.0,206.443243,129.443243,1.014897,0.970859,17.890202,0.046181,0.854074,728.971941,93.099606,83.604101,0.785706,0.713287,47.58445,103.020797,33.713134,14.2328,-4.531813,158.285737,2.449551,0.816609,997.882796,54.576104,0.304213,0.137864,0.001095,52.703006,5.377691,5.377691,3.0894
2771,2015-08-03,365.0,207.400792,130.400792,1.014766,0.971109,17.633528,0.044205,0.855301,492.490695,92.962576,85.858282,0.785706,0.483126,32.1694,52.193192,33.64967,10.30056,-2.269497,116.84631,2.461826,0.816609,998.962896,54.15906,0.277842,0.063056,0.001,59.119731,3.769169,3.769169,1.804086
2772,2015-08-04,365.0,208.358591,131.358591,1.014632,0.971366,17.372071,0.042191,0.856532,693.880736,92.823445,84.367097,0.785706,0.681638,45.299767,87.612083,33.584628,13.903958,-3.843809,113.263729,2.463085,0.816609,999.052136,54.122096,0.274982,0.105698,0.00099,58.939415,5.068973,5.068973,2.358634
2773,2015-08-05,365.0,209.316647,132.316647,1.014493,0.971632,17.105912,0.040141,0.857768,654.361658,92.682272,84.760684,0.785706,0.644026,42.715272,77.521665,33.518,13.286792,-3.396434,99.85098,2.468178,0.816609,999.372717,53.977994,0.263154,0.089379,0.000947,61.364679,4.768013,4.768013,2.01612
2774,2015-08-06,365.0,210.27497,133.27497,1.01435,0.971905,16.835135,0.038055,0.859006,769.613911,92.539116,84.160102,0.785706,0.758643,50.214897,96.554387,33.449778,15.369912,-4.247502,90.701004,2.472061,0.816609,999.573533,53.870416,0.253896,0.107842,0.000914,62.601869,5.44408,5.44408,2.124903
2775,2015-08-07,365.0,211.233566,134.233566,1.014203,0.972187,16.559822,0.035934,0.860245,774.72049,92.394034,83.736966,0.785706,0.764935,50.525654,100.543623,33.379955,15.296992,-4.436668,99.85098,2.468178,0.816609,999.372717,53.977994,0.263154,0.116753,0.000947,61.313517,5.489381,5.489381,2.271811
2776,2015-08-08,365.0,212.192444,135.192444,1.014052,0.972477,16.280057,0.033778,0.861484,725.325937,92.247084,83.708502,0.785706,0.717436,47.28683,92.975992,33.308522,14.329911,-4.106644,106.377763,2.46562,0.816609,999.219801,54.049525,0.269145,0.110528,0.000969,60.761359,5.184252,5.184252,2.216722
2777,2015-08-09,365.0,213.151612,136.151612,1.013897,0.972775,15.995924,0.031588,0.862721,701.018427,92.098322,83.620679,0.785706,0.694588,45.680545,89.341397,33.235472,13.832566,-3.951174,109.774875,2.464349,0.816609,999.137787,54.085622,0.272083,0.107505,0.000979,60.614438,5.023859,5.023859,2.169584
2778,2015-08-10,365.0,214.111078,137.111078,1.013738,0.97308,15.707508,0.029365,0.863955,572.991016,91.947804,84.311802,0.785706,0.568688,37.316504,65.891489,33.1608,11.561822,-2.905575,109.774875,2.464349,0.816609,999.137787,54.085622,0.272083,0.079056,0.000979,61.419001,4.199145,4.199145,1.79255
2779,2015-08-11,365.0,215.070848,138.070848,1.013575,0.973394,15.414894,0.027109,0.865184,731.765804,91.795585,82.485211,0.785706,0.727241,47.610711,102.637514,33.084498,13.984005,-4.574511,140.425038,2.454394,0.816609,998.354614,54.396625,0.294156,0.134562,0.001059,57.050862,5.221492,5.221492,2.589316
2780,2015-08-12,365.0,216.030932,139.030932,1.013407,0.973715,15.118167,0.024822,0.866408,658.241289,91.641718,82.735986,0.785706,0.655513,42.81375,88.44929,33.006561,12.694907,-3.940118,144.721857,2.453175,0.816609,998.241492,54.439657,0.296732,0.116916,0.001068,57.226716,4.754745,4.754745,2.370033
2781,2015-08-13,365.0,216.991336,139.991336,1.013236,0.974044,14.817414,0.022504,0.867625,693.017157,91.486257,82.248641,0.785706,0.691423,45.050292,96.69261,32.926984,13.183595,-4.322195,149.129396,2.451961,0.816609,998.125123,54.483871,0.299267,0.129349,0.001077,56.922579,4.952595,4.952595,2.481973
2782,2015-08-14,365.0,217.952068,140.952068,1.013061,0.97438,14.512721,0.020155,0.868833,761.890503,91.329253,82.180278,0.785706,0.761618,49.501485,105.419316,32.845762,14.483108,-4.717978,120.524631,2.460573,0.816609,998.870113,54.196619,0.280663,0.132416,0.00101,60.299928,5.318725,5.318725,2.29089
2783,2015-08-15,365.0,218.913136,141.913136,1.012883,0.974724,14.204174,0.017777,0.870032,705.573454,91.170758,83.088279,0.785706,0.70481,45.693676,86.41592,32.762889,13.813739,-3.852037,90.701004,2.472061,0.816609,999.573533,53.870416,0.253896,0.097802,0.000914,64.559845,4.892878,4.892878,1.711212
2784,2015-08-16,365.0,219.874547,142.874547,1.0127,0.975075,13.89186,0.015369,0.871219,662.686869,91.010821,83.031847,0.785706,0.662773,42.857518,80.227262,32.678364,12.969307,-3.580338,96.717493,2.469466,0.816609,999.443517,53.942308,0.260104,0.093126,0.000936,63.99436,4.634445,4.634445,1.684085
2785,2015-08-17,365.0,220.836307,143.836307,1.012514,0.975434,13.575866,0.012934,0.872394,663.651716,90.849492,82.709987,0.785706,0.664526,42.857518,82.049648,32.592181,12.877337,-3.671157,103.070439,2.466896,0.816609,999.298128,54.013691,0.266168,0.097714,0.000958,63.245803,4.640129,4.640129,1.749099
2786,2015-08-18,365.0,221.798425,144.798425,1.012324,0.9758,13.256281,0.010471,0.873556,650.299088,90.686819,82.478988,0.785706,0.651963,41.934015,81.164335,32.50434,12.545003,-3.639198,109.774875,2.464349,0.816609,999.137787,54.085622,0.272083,0.099016,0.000979,62.582737,4.556227,4.556227,1.77792
2787,2015-08-19,365.0,222.760907,145.760907,1.012131,0.976173,12.93319,0.007982,0.874702,660.992404,90.52285,82.163583,0.785706,0.663521,42.559898,84.106946,32.414837,12.643389,-3.780787,113.263729,2.463085,0.816609,999.052136,54.122096,0.274982,0.103965,0.00099,62.282433,4.609407,4.609407,1.816675
2788,2015-08-20,365.0,223.72376,146.72376,1.011934,0.976553,12.606683,0.005467,0.875833,686.373485,90.357629,81.826066,0.785706,0.68989,44.126785,89.22267,32.323672,13.007828,-4.021483,113.263729,2.463085,0.816609,999.052136,54.122096,0.274982,0.110584,0.00099,62.381894,4.742271,4.742271,1.843314
2789,2015-08-21,365.0,224.686992,147.686992,1.011733,0.97694,12.276847,0.002926,0.876946,639.039224,90.191203,82.405425,0.785706,0.643153,41.019265,75.934373,32.230844,12.347404,-3.415078,93.668112,2.47076,0.816609,999.510474,53.906496,0.257017,0.087773,0.000925,65.456676,4.39308,4.39308,1.449972
2790,2015-08-22,365.0,225.650608,148.650608,1.01153,0.977334,11.943771,0.000362,0.87804,664.708525,90.023616,82.148543,0.785706,0.669615,42.581782,79.969,32.136353,12.757008,-3.60466,90.701004,2.472061,0.816609,999.573533,53.870416,0.253896,0.091521,0.000914,65.893707,4.518579,4.518579,1.433291
2791,2015-08-23,365.0,226.614617,149.614617,1.011322,0.977734,11.607543,-0.002226,0.879115,680.5754,89.85491,81.346351,0.785706,0.686225,43.507474,88.50641,32.0402,12.752223,-4.010031,113.263729,2.463085,0.816609,999.052136,54.122096,0.274982,0.110269,0.00099,62.930488,4.649085,4.649085,1.739147
2792,2015-08-24,365.0,227.579024,150.579024,1.011112,0.978142,11.268251,-0.004837,0.880169,624.194292,89.685129,81.326184,0.785706,0.630126,39.82878,79.834756,31.942388,11.702344,-3.620782,124.300739,2.459326,0.816609,998.773833,54.234871,0.283443,0.102628,0.00102,62.099427,4.312595,4.312595,1.704131
2793,2015-08-25,365.0,228.543835,151.543835,1.010898,0.978556,10.925985,-0.00747,0.881201,644.661599,89.514313,81.079862,0.785706,0.651544,41.05428,83.269133,31.842917,12.006161,-3.784858,120.524631,2.460573,0.816609,998.870113,54.196619,0.280663,0.106227,0.00101,62.652375,4.4091,4.4091,1.677569
2794,2015-08-26,365.0,229.509059,152.509059,1.010681,0.978976,10.580832,-0.010124,0.88221,655.732121,89.342503,80.525242,0.785706,0.66348,41.673594,88.589198,31.741792,12.011922,-4.042053,136.236704,2.455619,0.816609,998.464449,54.354708,0.291539,0.117842,0.00105,61.084938,4.471015,4.471015,1.832861
2795,2015-08-27,365.0,230.4747,153.4747,1.01046,0.979403,10.232882,-0.012798,0.883194,590.406074,89.169738,81.101967,0.785706,0.598138,37.447806,73.099126,31.639017,11.028315,-3.328271,120.524631,2.460573,0.816609,998.870113,54.196619,0.280663,0.093412,0.00101,63.385835,4.049999,4.049999,1.491526
2796,2015-08-28,365.0,231.440764,154.440764,1.010237,0.979836,9.882224,-0.015491,0.884153,386.579342,88.996057,82.645187,0.785706,0.392013,24.461875,37.765744,31.534597,7.586985,-1.707164,116.84631,2.461826,0.816609,998.962896,54.15906,0.277842,0.047432,0.001,65.189818,2.776221,2.776221,0.984219
2797,2015-08-29,365.0,232.407259,155.407259,1.010011,0.980275,9.528948,-0.018204,0.885086,574.954577,88.821497,81.142675,0.785706,0.583318,36.277016,67.888835,31.428538,10.776611,-3.096069,106.377763,2.46562,0.816609,999.219801,54.049525,0.269145,0.083329,0.000969,65.374831,3.898745,3.898745,1.267127
2798,2015-08-30,365.0,233.37419,156.37419,1.009782,0.98072,9.173141,-0.020934,0.885992,238.831572,88.646095,84.354193,0.785706,0.241869,14.990502,15.817445,31.320846,4.948377,-0.709873,72.086874,2.481337,0.816609,999.900839,53.597002,0.231171,0.01641,0.000832,71.657463,1.692436,1.692436,0.396456
2799,2015-08-31,365.0,234.341563,157.341563,1.009549,0.981171,8.814895,-0.023681,0.886869,648.826156,88.469888,80.944807,0.785706,0.65537,40.476547,75.198404,31.21153,12.109352,-3.439335,82.275411,2.475999,0.816609,999.738747,53.759049,0.244334,0.084035,0.00088,67.262419,4.228822,4.228822,1.147044
2800,2015-09-01,365.0,235.309384,158.309384,1.009314,0.981628,8.454298,-0.026445,0.887717,650.757023,88.292909,80.308847,0.785706,0.657708,40.476547,80.037085,31.100598,11.912162,-3.676194,99.85098,2.468178,0.816609,999.372717,53.977994,0.263154,0.096741,0.000947,64.936385,4.274722,4.274722,1.354844
2801,2015-09-02,365.0,236.277658,159.277658,1.009077,0.982091,8.09144,-0.029224,0.888535,266.746725,88.115194,83.485526,0.785706,0.269806,16.544262,19.09479,30.988061,5.398686,-0.863366,79.619631,2.477324,0.816609,999.785632,53.720344,0.241085,0.020814,0.000868,70.016985,1.875936,1.875936,0.480954
2802,2015-09-03,365.0,237.246392,160.246392,1.008836,0.982559,7.72641,-0.032018,0.889322,460.138605,87.936775,82.25477,0.785706,0.464234,28.361594,40.416218,30.873929,8.974047,-1.841043,60.88443,2.488154,0.816609,1000.003891,53.355378,0.214195,0.039434,0.000771,71.179942,2.979948,2.979948,0.606586
2803,2015-09-04,365.0,238.215589,161.215589,1.008593,0.983033,7.3593,-0.034825,0.890076,353.35881,87.757687,83.005467,0.785706,0.356532,21.700119,25.994422,30.758213,7.05947,-1.180551,54.907078,2.492324,0.816609,1000.009037,53.178937,0.203822,0.024062,0.000734,72.752938,2.298241,2.298241,0.418868
2804,2015-09-05,365.0,239.185257,162.185257,1.008347,0.983512,6.990198,-0.037645,0.890799,309.254883,87.57796,83.255178,0.785706,0.314369,19.060915,20.712987,30.640927,6.23093,-0.940349,49.440455,2.496556,0.816609,999.968924,52.970548,0.193378,0.018184,0.000696,72.100018,1.985376,1.985376,0.377405
2805,2015-09-06,365.0,240.155399,163.155399,1.008099,0.983996,6.619194,-0.040477,0.891487,622.102166,87.397627,80.670183,0.785706,0.626476,37.837341,64.728568,30.522085,11.569265,-2.981425,62.996953,2.486778,0.816609,999.992517,53.408313,0.217627,0.064884,0.000783,67.534158,3.865777,3.865777,0.0
2806,2015-09-07,365.0,241.126022,164.126022,1.007849,0.984486,6.24638,-0.043321,0.892141,594.821285,87.216718,80.584768,0.785706,0.590616,35.530773,61.042306,30.401702,11.039832,-2.815537,69.715366,2.482687,0.816609,999.930536,53.55284,0.227817,0.064143,0.00082,66.359363,3.754803,3.754803,1.013412
2807,2015-09-08,365.0,242.09713,165.09713,1.007596,0.98498,5.871845,-0.046175,0.892761,674.614637,87.035264,79.505991,0.785706,0.670131,40.15266,78.542783,30.279794,12.100355,-3.646382,85.006416,2.47468,0.816609,999.687728,53.796851,0.247553,0.090267,0.000891,63.553491,4.246248,4.246248,1.34981
2808,2015-09-09,365.0,243.068727,166.068727,1.00734,0.985479,5.49568,-0.049038,0.893344,642.758659,86.853293,79.003601,0.785706,0.638951,38.128399,78.008303,30.156378,11.348322,-3.634329,106.377763,2.46562,0.816609,999.219801,54.049525,0.269145,0.097816,0.000969,60.794091,4.105577,4.105577,1.544944
2809,2015-09-10,365.0,244.040819,167.040819,1.007083,0.985983,5.117976,-0.05191,0.893891,649.69445,86.670836,78.622648,0.785706,0.646432,38.415077,80.839914,30.031473,11.334502,-3.777142,113.263729,2.463085,0.816609,999.052136,54.122096,0.274982,0.103865,0.00099,60.028867,4.132225,4.132225,1.610841
2810,2015-09-11,365.0,245.01341,168.01341,1.006823,0.986492,4.738824,-0.05479,0.894402,656.489438,86.487921,78.16609,0.785706,0.653824,38.690816,84.443974,29.905099,11.287124,-3.95844,124.300739,2.459326,0.816609,998.773833,54.234871,0.283443,0.112199,0.00102,58.853063,4.159577,4.159577,1.713756
2811,2015-09-12,365.0,245.986505,168.986505,1.006562,0.987004,4.358314,-0.057677,0.894874,629.555346,86.304576,77.937365,0.785706,0.627661,36.983867,81.423297,29.777275,10.74733,-3.824873,136.236704,2.455619,0.816609,998.464449,54.354708,0.291539,0.11151,0.00105,57.867542,4.000316,4.000316,1.734628
2812,2015-09-13,365.0,246.960108,169.960108,1.006298,0.987522,3.976539,-0.06057,0.895309,588.191623,86.120829,78.520783,0.785706,0.587053,34.440951,69.17584,29.648025,10.243192,-3.243003,109.774875,2.464349,0.816609,999.137787,54.085622,0.272083,0.088237,0.000979,61.227661,3.720231,3.720231,1.359818
2813,2015-09-14,365.0,247.934223,170.934223,1.006033,0.988043,3.593589,-0.063468,0.895705,469.389223,85.936708,79.997727,0.785706,0.468821,27.383379,43.232764,29.517372,8.582982,-2.013466,72.086874,2.481337,0.816609,999.900839,53.597002,0.231171,0.046546,0.000832,67.082263,2.935537,2.935537,0.740823
2814,2015-09-15,365.0,248.908853,171.908853,1.005765,0.988568,3.209557,-0.066371,0.896062,472.593539,85.752239,80.216747,0.785706,0.472095,27.451222,40.590703,29.385339,8.706336,-1.890098,56.840928,2.490928,0.816609,1000.012234,53.240943,0.20729,0.03918,0.000746,69.506691,2.853671,2.853671,0.568677
2815,2015-09-16,365.0,249.884004,172.884004,1.005496,0.989098,2.824534,-0.069277,0.896379,392.398873,85.567449,80.57197,0.785706,0.39198,22.689276,30.433484,29.251953,7.314486,-1.4159,56.840928,2.490928,0.816609,1000.012234,53.240943,0.20729,0.02935,0.000746,69.875799,2.397465,2.397465,0.474809
2816,2015-09-17,365.0,250.859679,173.859679,1.005225,0.989631,2.438613,-0.072186,0.896657,188.342526,85.382365,81.755384,0.785706,0.188123,10.839118,10.621435,29.117241,3.64615,-0.491623,56.840928,2.490928,0.816609,1000.012234,53.240943,0.20729,0.010191,0.000746,70.915593,1.195097,1.195097,0.23558
2817,2015-09-18,365.0,251.835881,174.835881,1.004953,0.990167,2.051886,-0.075097,0.896894,550.32255,85.197013,78.943762,0.785706,0.548128,31.434099,53.327785,28.98123,9.735731,-2.506534,65.171945,2.485408,0.816609,999.976449,53.458715,0.221043,0.055405,0.000796,67.083476,3.272924,3.272924,0.756269
2818,2015-09-19,365.0,252.812614,175.812614,1.004679,0.990707,1.664446,-0.078008,0.897091,625.605553,85.01142,77.814704,0.785706,0.623203,35.570164,69.65743,28.84395,10.662445,-3.29593,82.275411,2.475999,0.816609,999.738747,53.759049,0.244334,0.080531,0.00088,64.078116,3.723533,3.723533,1.057107
2819,2015-09-20,365.0,253.789881,176.789881,1.004404,0.991251,1.276386,-0.08092,0.897247,628.208018,84.825611,77.249315,0.785706,0.626056,35.561411,73.569541,28.705432,10.506547,-3.494237,96.717493,2.469466,0.816609,999.443517,53.942308,0.260104,0.090886,0.000936,62.139175,3.754404,3.754404,1.211679
2820,2015-09-21,365.0,254.767685,177.767685,1.004127,0.991797,0.8878,-0.083832,0.897362,519.303196,84.639613,77.920679,0.785706,0.517812,29.269776,53.984409,28.565707,8.88486,-2.557819,90.701004,2.472061,0.816609,999.573533,53.870416,0.253896,0.064942,0.000914,63.530645,3.147051,3.147051,0.951163
2821,2015-09-22,365.0,255.74603,178.74603,1.003849,0.992347,0.498781,-0.086741,0.897435,546.555535,84.453452,77.472419,0.785706,0.545163,30.663783,58.984947,28.42481,9.212066,-2.803695,93.668112,2.47076,0.816609,999.510474,53.906496,0.257017,0.07206,0.000925,63.014974,3.277559,3.277559,1.008308
2822,2015-09-23,365.0,256.724918,179.724918,1.00357,0.992899,0.109424,-0.089648,0.897468,602.548317,84.267153,76.902577,0.785706,0.601236,33.648752,68.524626,28.282773,9.961875,-3.269514,93.668112,2.47076,0.816609,999.510474,53.906496,0.257017,0.084032,0.000925,62.750796,3.544333,3.544333,1.078924
2823,2015-09-24,365.0,257.704353,180.704353,1.003289,0.993454,-0.280177,-0.092552,0.897459,542.362186,84.080742,76.914062,0.785706,0.541413,30.147323,60.008878,28.139635,8.97024,-2.865739,103.070439,2.466896,0.816609,999.298128,54.013691,0.266168,0.076277,0.000958,61.950749,3.232273,3.232273,1.054614
2824,2015-09-25,365.0,258.684335,181.684335,1.003008,0.994012,-0.669928,-0.095452,0.897408,608.064764,83.894246,76.122035,0.785706,0.607249,33.640001,72.843551,27.995431,9.786925,-3.495664,109.774875,2.464349,0.816609,999.137787,54.085622,0.272083,0.095111,0.000979,60.875352,3.554519,3.554519,1.207407
2825,2015-09-26,365.0,259.664869,182.664869,1.002725,0.994572,-1.059733,-0.098347,0.897316,543.026065,83.707692,76.915436,0.785706,0.542592,29.902221,56.906824,27.850199,8.980212,-2.722704,85.006416,2.47468,0.816609,999.687728,53.796851,0.247553,0.067401,0.000891,64.278,3.15133,3.15133,0.849621
2826,2015-09-27,365.0,260.645956,183.645956,1.002442,0.995134,-1.449496,-0.101236,0.897182,555.801488,83.521105,76.905042,0.785706,0.555475,30.451511,56.711245,27.703981,9.186861,-2.716041,74.527011,2.479993,0.816609,999.866744,53.639508,0.234502,0.063692,0.000844,65.600032,3.159181,3.159181,0.746692
2827,2015-09-28,365.0,261.627599,184.627599,1.002158,0.995698,-1.839121,-0.104118,0.897007,631.581322,83.334512,75.882493,0.785706,0.631282,34.423447,72.424932,27.556816,10.077045,-3.489492,87.814364,2.473367,0.816609,999.632637,53.833919,0.250741,0.087496,0.000903,63.420515,3.55297,3.55297,0.96776
2828,2015-09-29,365.0,262.609799,185.609799,1.001873,0.996264,-2.228512,-0.106993,0.896791,581.124141,83.147941,75.663304,0.785706,0.581028,31.512881,66.870137,27.408747,9.199462,-3.228355,103.070439,2.466896,0.816609,999.298128,54.013691,0.266168,0.085929,0.000958,61.86811,3.31487,3.31487,1.026668
2829,2015-09-30,365.0,263.592558,186.592558,1.001588,0.996832,-2.617572,-0.109859,0.896533,535.410286,82.961419,75.79052,0.785706,0.535519,28.886807,59.008057,27.259818,8.5109,-2.849664,103.070439,2.466896,0.816609,999.298128,54.013691,0.266168,0.075849,0.000958,62.154762,3.066758,3.066758,0.938826
2830,2015-10-01,365.0,264.575878,187.575878,1.001302,0.997402,-3.006203,-0.112716,0.896234,368.756406,82.774973,77.146838,0.785706,0.368938,19.791839,31.954171,27.110074,6.138997,-1.534275,90.701004,2.472061,0.816609,999.573533,53.870416,0.253896,0.038955,0.000914,64.624838,2.174456,2.174456,0.58906
2831,2015-10-02,365.0,265.55976,188.55976,1.001015,0.997972,-3.394307,-0.115564,0.895895,494.055535,82.588632,76.18071,0.785706,0.493037,26.302313,48.63,26.95956,7.954603,-2.348342,82.275411,2.475999,0.816609,999.738747,53.759049,0.244334,0.057378,0.00088,64.379782,2.777902,2.777902,0.706837
2832,2015-10-03,365.0,266.544206,189.544206,1.000728,0.998545,-3.781787,-0.1184,0.895515,477.998385,82.402424,76.475832,0.785706,0.477048,25.306595,43.507937,26.808325,7.771301,-2.099895,67.410908,2.484044,0.816609,999.955764,53.506817,0.22444,0.04713,0.000808,66.414381,2.627998,2.627998,0.548164
2833,2015-10-04,365.0,267.529217,190.529217,1.000441,0.999118,-4.168543,-0.121225,0.895095,520.003612,82.216379,75.87308,0.785706,0.518931,27.37244,50.566004,26.656418,8.276409,-2.450079,72.086874,2.481337,0.816609,999.900839,53.597002,0.231171,0.056639,0.000832,65.458287,2.830684,2.830684,0.625632
2834,2015-10-05,365.0,268.514793,191.514793,1.000154,0.999692,-4.554476,-0.124037,0.894635,538.136106,82.030526,75.29374,0.785706,0.537023,28.164637,55.470125,26.503887,8.389558,-2.697835,82.275411,2.475999,0.816609,999.738747,53.759049,0.244334,0.065917,0.00088,63.970797,2.929797,2.929797,0.727942
2835,2015-10-06,365.0,269.500937,192.500937,0.999867,1.000267,-4.939486,-0.126836,0.894136,517.078046,81.844897,74.982799,0.785706,0.516053,26.908501,54.211804,26.350786,7.969299,-2.643075,93.668112,2.47076,0.816609,999.510474,53.906496,0.257017,0.067932,0.000925,62.683482,2.835395,2.835395,0.785392
2836,2015-10-07,365.0,270.487647,193.487647,0.999579,1.000842,-5.323472,-0.129621,0.893598,210.958207,81.659521,77.442796,0.785706,0.21057,10.915713,13.640529,26.197166,3.536912,-0.657653,82.275411,2.475999,0.816609,999.738747,53.759049,0.244334,0.016069,0.00088,65.961811,1.235159,1.235159,0.301355
2837,2015-10-08,365.0,271.474925,194.474925,0.999292,1.001418,-5.706333,-0.132391,0.893022,314.00546,81.47443,76.416077,0.785706,0.312543,16.106584,24.289054,26.043081,5.080458,-1.178087,85.006416,2.47468,0.816609,999.687728,53.796851,0.247553,0.029164,0.000891,64.426126,1.782831,1.782831,0.462282
2838,2015-10-09,365.0,272.462771,195.462771,0.999004,1.001995,-6.087968,-0.135146,0.892408,508.441096,81.289658,74.298833,0.785706,0.506,25.921533,54.076722,25.888586,7.63391,-2.652538,103.070439,2.466896,0.816609,999.298128,54.013691,0.266168,0.070602,0.000958,61.027005,2.750749,2.750749,0.839826
2839,2015-10-10,365.0,273.451186,196.451186,0.998717,1.002571,-6.468275,-0.137883,0.891756,580.783314,81.105237,73.715996,0.785706,0.578106,29.438282,65.142939,25.733738,8.533804,-3.207273,96.717493,2.469466,0.816609,999.443517,53.942308,0.260104,0.083422,0.000936,61.320444,3.049465,3.049465,0.872233
2840,2015-10-11,365.0,274.440169,197.440169,0.99843,1.003147,-6.847151,-0.140604,0.891068,415.857845,80.921202,75.39924,0.785706,0.414029,20.956064,34.939716,25.578593,6.481261,-1.707805,67.410908,2.484044,0.816609,999.955764,53.506817,0.22444,0.03833,0.000808,65.86567,2.191749,2.191749,0.442405
2841,2015-10-12,365.0,275.42972,198.42972,0.998144,1.003723,-7.224493,-0.143307,0.890344,543.190316,80.737587,73.859302,0.785706,0.54071,27.201744,56.603953,25.423211,8.009928,-2.789969,85.006416,2.47468,0.816609,999.687728,53.796851,0.247553,0.069067,0.000891,62.799351,2.810839,2.810839,0.704042
2842,2015-10-13,365.0,276.419838,199.419838,0.997858,1.004298,-7.600196,-0.14599,0.889585,516.691492,80.554429,73.718464,0.785706,0.514364,25.718012,53.431806,25.267652,7.574251,-2.637771,90.701004,2.472061,0.816609,999.573533,53.870416,0.253896,0.066972,0.000914,62.243742,2.682828,2.682828,0.706644
2843,2015-10-14,365.0,277.410524,200.410524,0.997572,1.004873,-7.974157,-0.148654,0.888792,530.121993,80.371765,73.359957,0.785706,0.52777,26.225719,56.117718,25.111976,7.664396,-2.777624,93.668112,2.47076,0.816609,999.510474,53.906496,0.257017,0.07139,0.000925,61.794613,2.726914,2.726914,0.732574
2844,2015-10-15,365.0,278.401776,201.401776,0.997288,1.005447,-8.346271,-0.151298,0.887964,533.381495,80.189632,73.073948,0.785706,0.531063,26.225719,57.189779,24.956245,7.624793,-2.83709,96.717493,2.469466,0.816609,999.443517,53.942308,0.260104,0.073794,0.000936,61.410729,2.72464,2.72464,0.746014
2845,2015-10-16,365.0,279.393593,202.393593,0.997004,1.00602,-8.716431,-0.153921,0.887104,477.20363,80.00807,73.238823,0.785706,0.475179,23.319534,48.629358,24.800523,6.856053,-2.412655,99.85098,2.468178,0.816609,999.372717,53.977994,0.263154,0.06349,0.000947,61.392351,2.460319,2.460319,0.686313
2846,2015-10-17,365.0,280.385976,203.385976,0.99672,1.006592,-9.084533,-0.156522,0.886212,285.113109,79.827119,74.801377,0.785706,0.283919,13.845972,21.615242,24.644873,4.327503,-1.065311,93.668112,2.47076,0.816609,999.510474,53.906496,0.257017,0.02738,0.000925,63.335357,1.539681,1.539681,0.402173
2847,2015-10-18,365.0,281.378921,204.378921,0.996438,1.007162,-9.450468,-0.1591,0.885289,235.09703,79.64682,75.35807,0.785706,0.233473,11.313999,15.206334,24.489361,3.635052,-0.74809,74.527011,2.479993,0.816609,999.866744,53.639508,0.234502,0.017543,0.000844,65.297181,1.250023,1.250023,0.272275
2848,2015-10-19,365.0,282.372429,205.372429,0.996157,1.007731,-9.814131,-0.161655,0.884336,145.071295,79.467216,75.268386,0.785706,0.143659,6.917515,9.172026,24.334052,2.233644,-0.45182,65.171945,2.485408,0.816609,999.976449,53.458715,0.221043,0.009987,0.000796,65.881609,0.750899,0.750899,0.148355
2849,2015-10-20,365.0,283.366496,206.366496,0.995876,1.008299,-10.175413,-0.164186,0.883354,382.787128,79.28835,74.09369,0.785706,0.378901,18.128659,29.823198,24.179015,5.647498,-1.478749,62.996953,2.486778,0.816609,999.992517,53.408313,0.217627,0.032182,0.000783,65.160105,1.887066,1.887066,0.359337
2850,2015-10-21,365.0,284.361123,207.361123,0.995597,1.008864,-10.534206,-0.166692,0.882343,467.211078,79.110267,73.235716,0.785706,0.462359,21.980235,41.024338,24.024316,6.675713,-2.044285,65.171945,2.485408,0.816609,999.976449,53.458715,0.221043,0.045187,0.000796,64.240161,2.244218,2.244218,0.439741
2851,2015-10-22,365.0,285.356306,208.356306,0.995319,1.009428,-10.890402,-0.169172,0.881306,424.794484,78.933014,73.410853,0.785706,0.420314,19.853114,35.022819,23.870026,6.101094,-1.745265,62.996953,2.486778,0.816609,999.992517,53.408313,0.217627,0.037982,0.000783,64.68842,2.038632,2.038632,0.383778
2852,2015-10-23,365.0,286.352043,209.352043,0.995043,1.009989,-11.24389,-0.171627,0.880243,504.380684,78.756638,72.672924,0.785706,0.498956,23.415821,45.662827,23.716213,7.043651,-2.285439,62.996953,2.486778,0.816609,999.992517,53.408313,0.217627,0.049737,0.000783,64.111925,2.353579,2.353579,0.440499
2853,2015-10-24,365.0,287.348333,210.348333,0.994768,1.010548,-11.594562,-0.174055,0.879156,218.329882,78.581188,74.550281,0.785706,0.215947,10.068803,13.131689,23.562949,3.258389,-0.651932,65.171945,2.485408,0.816609,999.976449,53.458715,0.221043,0.01441,0.000796,65.52414,1.095394,1.095394,0.211111
2854,2015-10-25,365.0,288.345173,211.345173,0.994494,1.011104,-11.942306,-0.176455,0.878045,308.93904,78.406715,73.645589,0.785706,0.305459,14.150159,21.867802,23.410304,4.458318,-1.09128,67.410908,2.484044,0.816609,999.955764,53.506817,0.22444,0.024493,0.000808,64.545867,1.507656,1.507656,0.299468
2855,2015-10-26,365.0,289.34256,212.34256,0.994222,1.011657,-12.287014,-0.178827,0.876912,225.498561,78.233269,74.516823,0.785706,0.22177,10.206673,12.463263,23.258351,3.352804,-0.619893,49.440455,2.496556,0.816609,999.968924,52.970548,0.193378,0.011987,0.000696,66.724238,1.068312,1.068312,0.166251
2856,2015-10-27,365.0,290.340492,213.340492,0.993951,1.012208,-12.628572,-0.18117,0.875758,408.94641,78.060904,72.943566,0.785706,0.402028,18.382514,30.95804,23.107162,5.738293,-1.552676,53.029959,2.493728,0.816609,1000.000813,53.113388,0.200345,0.031107,0.000721,64.936892,1.855152,1.855152,0.309545
2857,2015-10-28,365.0,291.338965,214.338965,0.993683,1.012755,-12.96687,-0.183483,0.874584,154.399946,77.889675,74.109948,0.785706,0.151748,6.893443,8.641943,22.956812,2.256655,-0.431385,53.029959,2.493728,0.816609,1000.000813,53.113388,0.200345,0.008643,0.000721,65.976393,0.729561,0.729561,0.121325
2858,2015-10-29,365.0,292.337976,215.337976,0.993416,1.0133,-13.301797,-0.185767,0.873392,164.776464,77.719637,74.029158,0.785706,0.166416,7.510569,8.987832,22.807373,2.398094,-0.449193,49.440455,2.496556,0.816609,999.968924,52.970548,0.193378,0.008686,0.000696,66.054716,0.76411,0.76411,0.122363
2859,2015-10-30,365.0,293.337523,216.337523,0.993151,1.01384,-13.633239,-0.188019,0.872183,239.66845,77.550847,73.47043,0.785706,0.23857,10.696871,14.41023,22.658921,3.413938,-0.7227,56.840928,2.490928,0.816609,1000.012234,53.240943,0.20729,0.014981,0.000746,64.210245,1.118985,1.118985,0.0
2860,2015-10-31,365.0,294.337601,217.337601,0.992888,1.014378,-13.961086,-0.19024,0.870958,183.570019,77.383365,73.534236,0.785706,0.177102,7.889162,10.39484,22.51153,2.6172,-0.521583,65.171945,2.485408,0.816609,999.976449,53.458715,0.221043,0.011529,0.000796,61.636528,0.879841,0.879841,0.219967
2861,2015-11-01,365.0,295.338207,218.338207,0.992627,1.014911,-14.285223,-0.19243,0.869719,190.58362,77.217251,73.52792,0.785706,0.183353,8.114567,10.325359,22.365275,2.712711,-0.518526,56.840928,2.490928,0.816609,1000.012234,53.240943,0.20729,0.010749,0.000746,62.516512,0.889144,0.889144,0.199837
2862,2015-11-02,365.0,296.339337,219.339337,0.992368,1.01544,-14.605539,-0.194586,0.868468,181.681358,77.052566,73.613953,0.785706,0.174298,7.663758,9.15951,22.220234,2.590302,-0.460154,46.061744,2.499411,0.816609,999.915818,52.810115,0.186409,0.008578,0.000671,63.98327,0.812801,0.812801,0.152148
2863,2015-11-03,365.0,297.340987,220.340987,0.992112,1.015966,-14.921921,-0.19671,0.867205,138.532048,76.889373,73.023927,0.785706,0.132852,5.803622,7.82568,22.076481,1.930527,-0.394555,39.895963,2.505208,0.816609,999.742737,52.630824,0.172159,0.006793,0.00062,64.541061,0.585447,0.585447,0.094214
2864,2015-11-04,365.0,298.343153,221.343153,0.991857,1.016486,-15.234255,-0.198799,0.865932,343.36233,76.727738,72.642858,0.785706,0.329143,14.285839,20.440837,21.934093,4.711883,-1.033241,38.470662,2.506675,0.816609,999.684909,52.600019,0.168574,0.017418,0.000607,64.471644,1.415753,1.415753,0.218881
2865,2015-11-05,365.0,299.34583,222.34583,0.991605,1.017003,-15.542429,-0.200855,0.864651,320.442417,76.567725,72.461981,0.785706,0.312648,13.482699,19.129733,21.793146,4.361794,-0.968531,39.895963,2.505208,0.816609,999.742737,52.630824,0.172159,0.016674,0.00062,64.088855,1.322746,1.322746,0.212161
2866,2015-11-06,365.0,300.349014,223.349014,0.991356,1.017515,-15.84633,-0.202875,0.863363,298.033831,76.409403,72.340252,0.785706,0.288869,12.37756,17.595247,21.653718,4.032623,-0.892024,44.448208,2.50085,0.816609,999.881063,52.722538,0.182929,0.016318,0.000659,63.23939,1.255329,1.255329,0.225157
2867,2015-11-07,365.0,301.352701,224.352701,0.991109,1.018021,-16.145844,-0.204861,0.862071,335.050811,76.252839,71.935011,0.785706,0.323821,13.786886,20.928521,21.515884,4.459374,-1.063822,44.448208,2.50085,0.816609,999.881063,52.722538,0.182929,0.01946,0.000659,62.919065,1.388174,1.388174,0.248402
2868,2015-11-08,365.0,302.356885,225.356885,0.990865,1.018523,-16.44086,-0.20681,0.860774,149.02854,76.098105,72.326441,0.785706,0.15001,6.346344,8.124383,21.379722,2.009398,-0.412518,44.448208,2.50085,0.816609,999.881063,52.722538,0.182929,0.007546,0.000659,63.272239,0.625512,0.625512,0.111698
2869,2015-11-09,365.0,303.361561,226.361561,0.990624,1.01902,-16.731265,-0.208722,0.859476,88.66198,75.945271,69.862024,0.785706,0.087608,3.683068,7.729512,21.245308,1.087841,-0.397284,38.470662,2.506675,0.816609,999.684909,52.600019,0.168574,0.006697,0.000607,62.125375,0.326857,0.326857,0.050184
2870,2015-11-10,365.0,304.366725,227.366725,0.990385,1.019511,-17.016946,-0.210598,0.858177,290.846996,75.794409,71.912751,0.785706,0.285218,11.915807,16.239577,21.112719,3.850374,-0.827362,37.089471,2.508149,0.816609,999.621031,52.569098,0.164995,0.013651,0.000594,64.13369,1.145923,1.145923,0.169256
2871,2015-11-11,365.0,305.37237,228.37237,0.990149,1.019997,-17.297793,-0.212437,0.856879,188.849579,75.645593,72.142074,0.785706,0.193069,8.016089,9.505167,20.982031,2.517602,-0.484084,37.089471,2.508149,0.816609,999.621031,52.569098,0.164995,0.007987,0.000594,64.345711,0.749272,0.749272,0.110504
2872,2015-11-12,365.0,306.378492,229.378492,0.989916,1.020477,-17.573693,-0.214237,0.855584,265.637364,75.498899,71.621516,0.785706,0.26506,10.937596,14.748806,20.853319,3.468215,-0.753487,38.470662,2.506675,0.816609,999.684909,52.600019,0.168574,0.012702,0.000607,63.668313,1.042075,1.042075,0.159662
2873,2015-11-13,365.0,307.385084,230.385084,0.989686,1.020952,-17.844535,-0.215999,0.854294,275.220101,75.354401,71.21458,0.785706,0.271909,11.152058,16.266776,20.72666,3.533648,-0.833182,46.061744,2.499411,0.816609,999.915818,52.810115,0.186409,0.015531,0.000671,62.096105,1.108809,1.108809,0.204842
2874,2015-11-14,365.0,308.392142,231.392142,0.989459,1.02142,-18.110211,-0.217722,0.853009,232.866355,75.212177,71.332993,0.785706,0.229106,9.340068,12.877094,20.602129,2.998659,-0.659642,47.725402,2.49798,0.816609,999.945071,52.89268,0.189893,0.012526,0.000684,61.960324,0.948273,0.948273,0.181169
2875,2015-11-15,365.0,309.399658,232.399658,0.989235,1.021882,-18.37061,-0.219406,0.851732,437.392819,75.072304,69.910448,0.785706,0.42952,17.406489,31.997058,20.4798,5.328173,-1.650993,42.883546,2.502295,0.816609,999.840702,52.692082,0.179339,0.029609,0.000646,61.524854,1.644655,1.644655,0.281107
2876,2015-11-16,365.0,310.407627,233.407627,0.989015,1.022338,-18.625623,-0.22105,0.850465,230.832253,74.93486,71.058412,0.785706,0.24764,9.97689,12.699015,20.359748,2.933165,-0.652201,33.199343,2.512617,0.816609,999.39187,52.47562,0.154317,0.010065,0.000556,64.15607,0.846838,0.846838,0.109483
2877,2015-11-17,365.0,311.416042,234.416042,0.988797,1.022787,-18.875144,-0.222654,0.849209,235.927086,74.799925,70.011141,0.785706,0.272737,10.924465,15.957377,20.242045,2.876578,-0.824043,42.883546,2.502295,0.816609,999.840702,52.692082,0.179339,0.014778,0.000646,61.644251,0.887917,0.887917,0.151224
2878,2015-11-18,365.0,312.424897,235.424897,0.988584,1.02323,-19.119065,-0.224218,0.847965,259.850663,74.667578,70.424514,0.785706,0.279574,11.134552,15.562838,20.126766,3.214048,-0.802637,35.751258,2.509631,0.816609,999.550981,52.538058,0.161424,0.012956,0.000581,63.144175,0.947194,0.947194,0.133127
2879,2015-11-19,365.0,313.434185,236.434185,0.988373,1.023666,-19.357281,-0.22574,0.846736,172.802931,74.537899,69.917233,0.785706,0.220477,8.731694,11.233784,20.01398,2.093224,-0.581079,37.089471,2.508149,0.816609,999.621031,52.569098,0.164995,0.009587,0.000594,62.488401,0.622972,0.622972,0.090996
2880,2015-11-20,365.0,314.4439,237.4439,0.988166,1.024095,-19.589687,-0.227222,0.845522,388.645229,74.410968,69.05161,0.785706,0.443396,17.463387,29.177581,19.90376,4.545972,-1.516136,28.563809,2.51868,0.816609,998.993908,52.349298,0.140301,0.021272,0.000505,63.193965,1.254796,1.254796,0.136783
2881,2015-11-21,365.0,315.454034,238.454034,0.987962,1.024517,-19.81618,-0.228661,0.844326,451.415056,74.286867,68.520596,0.785706,0.49357,19.334466,36.340172,19.796176,5.163993,-1.893992,33.199343,2.512617,0.816609,999.39187,52.47562,0.154317,0.029227,0.000556,61.933591,1.490903,1.490903,0.192204
2882,2015-11-22,365.0,316.464581,239.464581,0.987763,1.024931,-20.036659,-0.230059,0.843149,427.279829,74.165676,68.344634,0.785706,0.4593,17.89669,34.644882,19.691296,4.847284,-1.808099,39.895963,2.505208,0.816609,999.742737,52.630824,0.172159,0.031128,0.00062,60.704749,1.469975,1.469975,0.231209
2883,2015-11-23,365.0,317.475533,240.475533,0.987566,1.025339,-20.251023,-0.231414,0.841992,402.69272,74.047475,68.395989,0.785706,0.429853,16.662437,31.651269,19.589188,4.571361,-1.652386,41.366531,2.503748,0.816609,999.794631,52.661511,0.175748,0.02904,0.000633,60.536549,1.398804,1.398804,0.228207
2884,2015-11-24,365.0,318.486883,241.486883,0.987374,1.025738,-20.459175,-0.232726,0.840858,148.966948,73.932346,68.945356,0.785706,0.202687,7.816945,10.332199,19.48992,1.725669,-0.538344,39.895963,2.505208,0.816609,999.742737,52.630824,0.172159,0.009268,0.00062,61.258616,0.523322,0.523322,0.081992
2885,2015-11-25,365.0,319.498623,242.498623,0.987185,1.026131,-20.661017,-0.233996,0.839748,317.154488,73.820367,68.340954,0.785706,0.375225,14.399636,24.08496,19.393556,3.582932,-1.25902,34.454912,2.51112,0.816609,999.474637,52.506899,0.157864,0.019875,0.000568,61.617661,1.045274,1.045274,0.139424
2886,2015-11-26,365.0,320.510747,243.510747,0.987001,1.026515,-20.856454,-0.235222,0.838663,427.065067,73.71162,67.818723,0.785706,0.47961,18.316862,34.765577,19.30016,4.719404,-1.82256,33.199343,2.512617,0.816609,999.39187,52.47562,0.154317,0.028125,0.000556,61.373637,1.362545,1.362545,0.17412
2887,2015-11-27,365.0,321.523245,244.523245,0.98682,1.026891,-21.045395,-0.236404,0.837605,428.303337,73.606182,67.958063,0.785706,0.471158,17.909821,33.380581,19.209795,4.753454,-1.749704,31.983483,2.514121,0.816609,999.302552,52.444222,0.150785,0.026383,0.000543,61.70919,1.357714,1.357714,0.166157
2888,2015-11-28,365.0,322.53611,245.53611,0.986643,1.027259,-21.227747,-0.237542,0.836575,428.989108,73.504132,67.61307,0.785706,0.46793,17.7063,34.780381,19.122522,4.69012,-1.826781,37.089471,2.508149,0.816609,999.621031,52.569098,0.164995,0.030141,0.000594,60.589177,1.395843,1.395843,0.2009
2889,2015-11-29,365.0,323.549335,246.549335,0.98647,1.027619,-21.403423,-0.238636,0.835575,398.269532,73.405547,68.063753,0.785706,0.432879,16.307916,29.278029,19.038401,4.427997,-1.535352,31.983483,2.514121,0.816609,999.302552,52.444222,0.150785,0.023151,0.000543,61.826538,1.264755,1.264755,0.154248
2890,2015-11-30,365.0,324.562911,247.562911,0.986301,1.027971,-21.572336,-0.239686,0.834605,400.610617,73.310503,67.810572,0.785706,0.434726,16.307916,30.253822,18.957489,4.404208,-1.589036,34.454912,2.51112,0.816609,999.474637,52.506899,0.157864,0.025085,0.000568,61.208172,1.284871,1.284871,0.169987
2891,2015-12-01,365.0,325.576829,248.576829,0.986137,1.028314,-21.734402,-0.240691,0.833669,377.720692,73.219074,67.894544,0.785706,0.409569,15.301254,27.584518,18.879842,4.161824,-1.448897,34.454912,2.51112,0.816609,999.474637,52.506899,0.157864,0.022873,0.000568,61.2937,1.214158,1.214158,0.160379
2892,2015-12-02,365.0,326.591081,249.591081,0.985976,1.028649,-21.889542,-0.241651,0.832766,151.51183,73.131333,68.350449,0.785706,0.211004,7.851959,9.936142,18.805516,1.698053,-0.521039,30.806287,2.515633,0.816609,999.206545,52.412702,0.14727,0.007673,0.00053,62.309075,0.479673,0.479673,0.055827
2893,2015-12-03,365.0,327.605659,250.605659,0.98582,1.028975,-22.037675,-0.242566,0.831898,120.481955,73.047351,67.818338,0.785706,0.171898,6.372605,8.615974,18.734561,1.32066,-0.453075,39.895963,2.505208,0.816609,999.742737,52.630824,0.172159,0.0078,0.00062,60.384276,0.4005,0.4005,0.061962
2894,2015-12-04,365.0,328.620555,251.620555,0.985668,1.029292,-22.178727,-0.243435,0.831066,116.718434,72.967198,67.607499,0.785706,0.17252,6.372605,8.539,18.667029,1.267392,-0.44962,38.470662,2.506675,0.816609,999.684909,52.600019,0.168574,0.007579,0.000607,60.426473,0.380806,0.380806,0.056605
2895,2015-12-05,365.0,329.635758,252.635758,0.98552,1.0296,-22.312624,-0.244259,0.830272,115.799757,72.890941,67.599556,0.785706,0.173114,6.372605,8.353694,18.602967,1.255816,-0.440033,35.751258,2.509631,0.816609,999.550981,52.538058,0.161424,0.007103,0.000581,60.850346,0.370094,0.370094,0.050749
2896,2015-12-06,365.0,330.651261,253.651261,0.985377,1.029899,-22.439297,-0.245037,0.829517,91.280838,72.818644,66.420645,0.785706,0.141115,5.177741,7.921847,18.542424,0.942882,-0.419636,41.366531,2.503748,0.816609,999.794631,52.661511,0.175748,0.007375,0.000633,58.966553,0.288515,0.288515,0.046292
2897,2015-12-07,365.0,331.667055,254.667055,0.985239,1.030189,-22.55868,-0.245769,0.828801,110.022991,72.750371,65.904828,0.785706,0.190548,6.970036,10.187267,18.485442,1.111651,-0.54105,47.725402,2.49798,0.816609,999.945071,52.89268,0.189893,0.010274,0.000684,57.622588,0.35154,0.35154,0.065376
2898,2015-12-08,365.0,332.68313,255.68313,0.985104,1.03047,-22.670709,-0.246455,0.828127,81.884569,72.68618,64.800375,0.785706,0.1092,3.982878,8.691188,18.432064,0.789404,-0.463991,54.907078,2.492324,0.816609,1000.009037,53.178937,0.203822,0.009457,0.000734,54.69368,0.256994,0.256994,0.0
2899,2015-12-09,365.0,333.699477,256.699477,0.984975,1.030741,-22.775325,-0.247094,0.827494,123.960256,72.626129,65.800829,0.785706,0.211169,7.681265,11.417182,18.382329,1.245124,-0.606997,46.061744,2.499411,0.816609,999.915818,52.810115,0.186409,0.011315,0.000671,56.357064,0.390702,0.390702,0.080879
2900,2015-12-10,365.0,334.716087,257.716087,0.98485,1.031003,-22.87247,-0.247687,0.826903,60.173897,72.570273,62.942919,0.785706,0.108564,3.93911,7.729512,18.336276,0.534846,-0.416237,38.470662,2.506675,0.816609,999.684909,52.600019,0.168574,0.007017,0.000607,55.14745,0.160702,0.160702,0.027741
2901,2015-12-11,365.0,335.73295,258.73295,0.984729,1.031256,-22.962091,-0.248234,0.826357,92.63643,72.518661,65.987194,0.785706,0.168663,6.10562,8.156149,18.293939,0.936401,-0.433477,35.751258,2.509631,0.816609,999.550981,52.538058,0.161424,0.006997,0.000581,58.216253,0.275961,0.275961,0.044152
2902,2015-12-12,365.0,336.750058,259.750058,0.984613,1.031498,-23.04414,-0.248733,0.825855,22.301589,72.471342,45.154853,0.785706,0.043618,1.575644,7.441009,18.255352,0.077626,-0.430486,34.454912,2.51112,0.816609,999.474637,52.506899,0.157864,0.006796,0.000568,40.270261,0.022646,0.022646,0.003449
2903,2015-12-13,365.0,337.7674,260.7674,0.984502,1.031731,-23.11857,-0.249186,0.825398,70.20362,72.42836,64.512695,0.785706,0.142029,5.120843,7.441009,18.220543,0.666404,-0.39822,34.454912,2.51112,0.816609,999.474637,52.506899,0.157864,0.006286,0.000568,57.17814,0.194415,0.194415,0.029868
2904,2015-12-14,365.0,338.784967,261.784967,0.984396,1.031954,-23.185339,-0.249592,0.824986,53.65622,72.389755,62.346602,0.785706,0.10944,3.93911,7.152506,18.189542,0.463505,-0.386478,30.806287,2.515633,0.816609,999.206545,52.412702,0.14727,0.005692,0.00053,55.930842,0.130933,0.130933,0.017789
2905,2015-12-15,365.0,339.802749,262.802749,0.984294,1.032168,-23.24441,-0.24995,0.824622,238.34645,72.355565,66.177893,0.785706,0.34525,12.408197,19.80969,18.162374,2.423197,-1.052724,28.563809,2.51868,0.816609,998.993908,52.349298,0.140301,0.01477,0.000505,59.709354,0.66886,0.66886,0.083762
2906,2015-12-16,365.0,340.820736,263.820736,0.984197,1.032371,-23.295748,-0.250262,0.824304,136.11897,72.325823,64.525959,0.785706,0.279848,10.044731,14.193556,18.13906,1.291115,-0.759906,27.49654,2.520215,0.816609,998.876988,52.317411,0.136852,0.010399,0.000493,58.455914,0.352096,0.352096,0.042193
2907,2015-12-17,365.0,341.838919,264.838919,0.984105,1.032564,-23.339324,-0.250526,0.824034,86.902654,72.300557,64.842958,0.785706,0.197751,7.090398,8.670408,18.119622,0.835139,-0.463609,26.46396,2.521758,0.816609,998.752798,52.285401,0.133428,0.006186,0.00048,58.934316,0.224931,0.224931,0.025818
2908,2015-12-18,365.0,342.857287,265.857287,0.984018,1.032747,-23.37511,-0.250743,0.823811,69.893934,72.279793,63.455461,0.785706,0.164934,5.908665,8.206469,18.104077,0.632865,-0.44152,38.470662,2.506675,0.816609,999.684909,52.600019,0.168574,0.007443,0.000607,55.600461,0.190153,0.190153,0.032774
2909,2015-12-19,365.0,343.87583,266.87583,0.983936,1.03292,-23.403085,-0.250912,0.823638,168.997347,72.263553,60.370776,0.785706,0.401598,14.377752,26.41127,18.092439,1.333411,-1.440059,33.199343,2.512617,0.816609,999.39187,52.47562,0.154317,0.022223,0.000556,53.807974,0.384971,0.384971,0.05661
2910,2015-12-20,365.0,344.894539,267.894539,0.983858,1.033082,-23.42323,-0.251034,0.823512,82.216588,72.251853,64.213788,0.785706,0.198133,7.090398,8.814077,18.084721,0.768815,-0.472701,27.49654,2.520215,0.816609,998.876988,52.317411,0.136852,0.006469,0.000493,58.18595,0.209661,0.209661,0.025094
2911,2015-12-21,365.0,345.913403,268.913403,0.983786,1.033234,-23.435533,-0.251109,0.823436,64.465106,72.244706,63.127275,0.785706,0.165145,5.908665,7.80625,18.080933,0.575191,-0.420655,33.199343,2.512617,0.816609,999.39187,52.47562,0.154317,0.006491,0.000556,56.212074,0.166064,0.166064,0.024443
2912,2015-12-22,365.0,346.932412,269.932412,0.983718,1.033376,-23.439983,-0.251135,0.823408,65.327628,72.242121,63.35563,0.785706,0.170649,6.10562,7.716688,18.081079,0.588678,-0.41542,29.666731,2.517153,0.816609,999.103712,52.381061,0.143775,0.005973,0.000518,57.03369,0.164408,0.164408,0.021395
2913,2015-12-23,365.0,347.951555,270.951555,0.983656,1.033507,-23.436574,-0.251115,0.823429,24.803564,72.244101,50.130724,0.785706,0.066043,2.363466,6.864004,18.085166,0.116067,-0.390162,27.49654,2.520215,0.816609,998.876988,52.317411,0.136852,0.005339,0.000493,45.608668,0.031652,0.031652,0.00376
2914,2015-12-24,365.0,348.970823,271.970823,0.983598,1.033628,-23.425306,-0.251047,0.823499,264.125214,72.250647,64.829882,0.785706,0.429087,15.36253,26.199532,18.093193,2.535211,-1.401297,24.499119,2.524868,0.816609,998.481982,52.221007,0.126667,0.01775,0.000456,59.307877,0.665283,0.665283,0.069893
2915,2015-12-25,365.0,349.990205,272.990205,0.983546,1.033739,-23.406182,-0.250931,0.823618,298.161073,72.261755,66.168459,0.785706,0.417809,14.968618,24.404841,18.10516,3.026451,-1.29753,22.661981,2.528009,0.816609,998.180152,52.156109,0.120034,0.015575,0.000432,60.878842,0.7726,0.7726,0.074272
2916,2015-12-26,365.0,351.00969,274.00969,0.983498,1.033838,-23.379208,-0.250768,0.823786,343.619091,72.277415,66.321278,0.785706,0.455891,16.347307,27.514022,18.121062,3.510551,-1.461736,21.789104,2.529593,0.816609,998.017178,52.123469,0.11677,0.017069,0.00042,61.198011,0.883381,0.883381,0.081131
2917,2015-12-27,365.0,352.029269,275.029269,0.983456,1.033927,-23.344395,-0.250557,0.824002,52.916739,72.297615,63.226555,0.785706,0.142653,5.120843,6.383166,18.140891,0.47452,-0.343738,22.661981,2.528009,0.816609,998.180152,52.156109,0.120034,0.004126,0.000432,58.227711,0.121137,0.121137,0.011611
2918,2015-12-28,365.0,353.04893,276.04893,0.983419,1.034006,-23.301761,-0.250298,0.824267,167.841855,72.322338,66.404104,0.785706,0.273974,9.847775,13.367278,18.164638,1.721576,-0.709755,25.465127,2.523309,0.816609,998.621183,52.253266,0.130032,0.009229,0.000468,60.537137,0.457773,0.457773,0.050209
2919,2015-12-29,365.0,354.068664,277.068664,0.983386,1.034074,-23.251323,-0.249992,0.824579,202.385136,72.351562,67.251596,0.785706,0.2845,10.241686,13.936301,18.192291,2.149471,-0.737071,24.499119,2.524868,0.816609,998.481982,52.221007,0.126667,0.009336,0.000456,61.489458,0.564059,0.564059,0.059218
2920,2015-12-30,365.0,355.088459,278.088459,0.983359,1.034131,-23.193106,-0.249639,0.824938,320.244569,72.385262,66.468468,0.785706,0.426011,15.36253,25.530191,18.223834,3.296143,-1.354783,23.565031,2.526435,0.816609,998.335029,52.188621,0.123333,0.016709,0.000444,60.978808,0.853295,0.853295,0.085617
2921,2015-12-31,365.0,356.108305,279.108305,0.983337,1.034177,-23.127138,-0.249238,0.825345,297.320526,72.423409,67.439558,0.785706,0.387027,13.983841,20.042977,18.259249,3.1847,-1.058801,18.582681,2.536007,0.816609,997.280594,51.991621,0.10411,0.011023,0.000375,62.903418,0.753352,0.753352,0.057422
