time,PMod_gpp_smstress,daily_A0,Ls_daily,Ls_daily_lagged
2004-01-01,6.160651,0.04431717,0,0
2004-01-02,5.320123,0.03827076,0,0
2004-01-03,4.741278,0.03410679,0,0
2004-01-04,6.158112,0.0442989,0,0
2004-01-05,5.712078,0.04109033,0,0
2004-01-06,7.185146,0.05168696,0,0
2004-01-07,7.771672,0.05590619,0,0
2004-01-08,11.64846,0.08379422,0,0
2004-01-09,5.398105,0.03883173,0,0
2004-01-10,3.556682,0.0255853,0,0
2004-01-11,11.71057,0.08424099,0,0
2004-01-12,13.15123,0.09460447,0,0
2004-01-13,5.642849,0.04059231,0,0
2004-01-14,7.673644,0.05520102,0,0
2004-01-15,3.885463,0.02795041,0,0
2004-01-16,7.656785,0.05507974,0,0
2004-01-17,10.36358,0.07455129,0,0
2004-01-18,4.355172,0.0313293,0,0
2004-01-19,6.504168,0.04678829,0,0
2004-01-20,2.239324,0.01610877,0,0
2004-01-21,3.199702,0.02301733,0,0
2004-01-22,5.014401,0.03607152,0,0
2004-01-23,6.266313,0.04507726,0,0
2004-01-24,7.395133,0.05319752,0,0
2004-01-25,2.368426,0.01703748,0,0
2004-01-26,12.87347,0.09260643,0,0
2004-01-27,4.525944,0.03255777,0,0
2004-01-28,9.944917,0.07153961,0,0
2004-01-29,11.09319,0.07979982,0,0
2004-01-30,7.672385,0.05519196,0,0
2004-01-31,19.02907,0.1368872,0,0
2004-02-01,15.2611,0.109782,0,0
2004-02-02,8.25174,0.0593596,0,0
2004-02-03,16.35282,0.1176354,0,0
2004-02-04,21.70162,0.1561125,0,0
2004-02-05,10.87281,0.0782145,0,0
2004-02-06,19.57753,0.1408326,0,0
2004-02-07,19.18979,0.1380434,0,0
2004-02-08,10.21744,0.0735,0,0
2004-02-09,9.061361,0.06518368,0,0
2004-02-10,10.63566,0.07650851,0,0
2004-02-11,4.212177,0.03030066,0,0
2004-02-12,11.01564,0.07924193,0,0
2004-02-13,9.408101,0.06767798,0,0
2004-02-14,9.519522,0.06847949,0,0
2004-02-15,13.31744,0.09580016,0,0
2004-02-16,13.04202,0.09381885,0,0
2004-02-17,15.08963,0.1085486,0,0
2004-02-18,10.1525,0.07303289,0,0
2004-02-19,6.30829,0.04537922,0,0
2004-02-20,16.35049,0.1176187,0,0
2004-02-21,20.31619,0.1461463,0,0
2004-02-22,14.83207,0.1066958,0,0
2004-02-23,8.449964,0.06078554,0,0
2004-02-24,18.22464,0.1311005,0,0
2004-02-25,15.86003,0.1140905,0,0
2004-02-26,20.2097,0.1453802,0,0
2004-02-27,17.3027,0.1244685,0,0
2004-02-28,20.76836,0.149399,0,0
2004-02-29,8.651056,0.06223211,0,0
2004-03-01,18.80787,0.135296,0,0
2004-03-02,11.12837,0.08005286,0,0
2004-03-03,7.500364,0.05395451,0,0
2004-03-04,16.52834,0.1188981,0,0
2004-03-05,22.25013,0.1600582,0,0
2004-03-06,20.63814,0.1484623,0,0
2004-03-07,29.20026,0.2100546,0,0
2004-03-08,21.30157,0.1532346,0,0
2004-03-09,20.65343,0.1485722,0,0
2004-03-10,18.22904,0.1311322,0,0
2004-03-11,33.96593,0.2443369,0,0
2004-03-12,40.44559,0.2909488,0.32697,0.021798
2004-03-13,44.09704,0.3172158,0.68796,0.0662088
2004-03-14,46.36413,0.3335244,0.90269,0.1219742
2004-03-15,53.64283,0.3858843,1.55193,0.2173046
2004-03-16,58.74827,0.4226107,1.97734,0.3346403
2004-03-17,65.13883,0.4685818,2.48229,0.4778169
2004-03-18,64.51703,0.4641088,2.43434,0.6082518
2004-03-19,56.17291,0.4040846,1.76546,0.685399
2004-03-20,36.16867,0.2601824,0,0.6397058
2004-03-21,42.47255,0.3055299,0.52981,0.6323794
2004-03-22,49.5621,0.3565292,1.19491,0.6698814
2004-03-23,41.44304,0.2981241,0.42758,0.653728
2004-03-24,10.52707,0.07572741,0,0.6101461
2004-03-25,16.55061,0.1190583,0,0.5694697
2004-03-26,24.34546,0.1751312,0,0.5315051
2004-03-27,26.11049,0.1878281,0,0.4960714
2004-03-28,39.38489,0.2833186,0.2182,0.4775466
2004-03-29,55.09723,0.3963467,1.67536,0.5574009
2004-03-30,63.50791,0.4568496,2.35601,0.6773081
2004-03-31,65.87703,0.4738921,2.53892,0.8014156
2004-04-01,61.43508,0.4419385,2.19303,0.8941899
2004-04-02,79.36536,0.5709215,3.13431,1.043531
2004-04-03,74.99767,0.5395022,3.13431,1.182916
2004-04-04,67.61232,0.486375,2.67076,1.282106
2004-04-05,64.32443,0.4627233,2.41944,1.357928
2004-04-06,47.6227,0.3425779,1.01911,1.33534
2004-04-07,57.56893,0.414127,1.88097,1.371716
2004-04-08,49.29911,0.3546374,1.17132,1.358356
2004-04-09,39.84826,0.2866519,0.26595,1.285529
2004-04-10,56.92614,0.409503,1.82798,1.321692
2004-04-11,60.88222,0.4379614,2.14907,1.376851
2004-04-12,63.6924,0.4581768,2.37038,1.443086
2004-04-13,32.30824,0.2324121,0,1.34688
2004-04-14,79.93991,0.5750546,3.13431,1.466042
2004-04-15,93.39856,0.6718706,3.13431,1.57726
2004-04-16,89.07097,0.6407397,3.13431,1.681064
2004-04-17,84.92511,0.6109161,3.13431,1.777947
2004-04-18,89.5827,0.6444208,3.13431,1.868371
2004-04-19,26.04102,0.1873283,0,1.743813
2004-04-20,72.99197,0.525074,3.06914,1.832168
2004-04-21,91.16522,0.6558048,3.13431,1.918977
2004-04-22,100.6647,0.7241404,3.13431,2
2004-04-23,80.39971,0.5783622,3.13431,2.07562
2004-04-24,29.70965,0.2137189,0,1.937246
2004-04-25,59.92786,0.4310962,2.07268,1.946275
2004-04-26,62.50789,0.4496559,2.27774,1.968372
2004-04-27,74.19993,0.5337636,3.13431,2.046101
2004-04-28,97.78528,0.7034268,3.13431,2.118649
2004-04-29,103.9464,0.7477471,3.13431,2.186359
2004-04-30,102.2463,0.7355175,3.13431,2.249556
2004-05-01,88.63186,0.6375809,3.13431,2.30854
2004-05-02,33.50802,0.2410428,0,2.154637
2004-05-03,101.6673,0.7313527,3.13431,2.219949
2004-05-04,81.00457,0.5827133,3.13431,2.280906
2004-05-05,77.91429,0.5604831,3.13431,2.3378
2004-05-06,42.46899,0.3055043,0.52946,2.217244
2004-05-07,47.17539,0.3393602,0.97795,2.134624
2004-05-08,70.5896,0.5077924,2.89308,2.185188
2004-05-09,57.19203,0.4114158,1.84994,2.162838
2004-05-10,56.67258,0.4076791,1.80699,2.139115
2004-05-11,80.56535,0.5795538,3.13431,2.205461
2004-05-12,43.47435,0.3127365,0.62778,2.100282
2004-05-13,30.03905,0.2160885,0,1.960264
2004-05-14,69.87728,0.5026682,2.84032,2.018934
2004-05-15,55.27554,0.3976293,1.69036,1.997029
2004-05-16,67.97903,0.489013,2.6984,2.043787
2004-05-17,62.02761,0.4462009,2.23991,2.056862
2004-05-18,76.33197,0.5491005,3.13431,2.128692
2004-05-19,87.76552,0.6313488,3.13431,2.195733
2004-05-20,80.31114,0.5777251,3.13431,2.258305
2004-05-21,45.18638,0.3250521,0.79197,2.160549
2004-05-22,61.06041,0.4392433,2.16326,2.16073
2004-05-23,42.59822,0.3064339,0.54218,2.052827
2004-05-24,63.13162,0.4541428,2.32664,2.071081
2004-05-25,64.45514,0.4636636,2.42956,2.094979
2004-05-26,45.37941,0.3264407,0.81024,2.00933
2004-05-27,73.27918,0.5271401,3.09001,2.081375
2004-05-28,80.72421,0.5806966,3.13431,2.151571
2004-05-29,89.23086,0.6418898,3.13431,2.217087
2004-05-30,98.3925,0.7077949,3.13431,2.278235
2004-05-31,99.35621,0.7147274,3.13431,2.335307
2004-06-01,49.34196,0.3549456,1.17516,2.257964
2004-06-02,36.71656,0.2641237,0,2.107433
2004-06-03,80.21414,0.5770273,3.13431,2.175891
2004-06-04,80.63682,0.5800679,3.13431,2.239786
2004-06-05,60.8162,0.4374865,2.14381,2.233387
2004-06-06,89.76419,0.6457264,3.13431,2.293449
2004-06-07,102.8181,0.739631,3.13431,2.349506
2004-06-08,108.3114,0.7791476,3.13431,2.401827
2004-06-09,102.8263,0.7396895,3.13431,2.450659
2004-06-10,104.0407,0.7484258,3.13431,2.496236
2004-06-11,92.25384,0.6636359,3.13431,2.538774
2004-06-12,76.65802,0.5514461,3.13431,2.578476
2004-06-13,81.41448,0.585662,3.13431,2.615532
2004-06-14,90.21658,0.6489807,3.13431,2.650117
2004-06-15,103.0463,0.7412726,3.13431,2.682397
2004-06-16,80.87198,0.5817595,3.13431,2.712524
2004-06-17,98.99963,0.7121623,3.13431,2.740643
2004-06-18,89.90998,0.6467751,3.13431,2.766888
2004-06-19,75.68945,0.5444785,3.13431,2.791383
2004-06-20,82.36202,0.5924782,3.13431,2.814244
2004-06-21,83.93207,0.6037725,3.13431,2.835582
2004-06-22,88.70062,0.6380755,3.13431,2.855497
2004-06-23,90.41643,0.6504183,3.13431,2.874085
2004-06-24,90.29516,0.649546,3.13431,2.891433
2004-06-25,79.62034,0.5727557,3.13431,2.907625
2004-06-26,87.24986,0.6276393,3.13431,2.922737
2004-06-27,90.80409,0.653207,3.13431,2.936842
2004-06-28,79.44653,0.5715054,3.13431,2.950007
2004-06-29,69.44924,0.499589,2.80848,2.940572
2004-06-30,70.1647,0.5047358,2.86164,2.935309
2004-07-01,69.64806,0.5010193,2.82328,2.927841
2004-07-02,76.23691,0.5484168,3.13431,2.941605
2004-07-03,79.75703,0.573739,3.13431,2.954452
2004-07-04,89.01937,0.6403685,3.13431,2.966443
2004-07-05,88.021,0.6331866,3.13431,2.977634
2004-07-06,87.17788,0.6271216,3.13431,2.988079
2004-07-07,95.19822,0.6848165,3.13431,2.997828
2004-07-08,104.4041,0.75104,3.13431,3.006927
2004-07-09,80.85111,0.5816094,3.13431,3.015419
2004-07-10,82.54081,0.5937644,3.13431,3.023345
2004-07-11,84.11898,0.6051171,3.13431,3.030743
2004-07-12,69.71957,0.5015337,2.8286,3.017266
2004-07-13,47.77848,0.3436986,1.03339,2.885008
2004-07-14,76.6804,0.551607,3.13431,2.901628
2004-07-15,57.98663,0.4171318,1.91522,2.835868
2004-07-16,80.31292,0.5777379,3.13431,2.855764
2004-07-17,95.17182,0.6846266,3.13431,2.874333
2004-07-18,95.86902,0.689642,3.13431,2.891665
2004-07-19,91.28997,0.6567022,3.13431,2.907842
2004-07-20,95.39682,0.6862452,3.13431,2.922939
2004-07-21,101.6832,0.731467,3.13431,2.937031
2004-07-22,45.83249,0.3296999,0.85293,2.798091
2004-07-23,95.07552,0.6839339,3.13431,2.820505
2004-07-24,55.97638,0.4026709,1.74907,2.749076
2004-07-25,90.51716,0.6511429,3.13431,2.774759
2004-07-26,59.70492,0.4294925,2.05474,2.726757
2004-07-27,60.4331,0.4347307,2.1132,2.685854
2004-07-28,84.61439,0.6086808,3.13431,2.715751
2004-07-29,91.24,0.6563428,3.13431,2.743655
2004-07-30,97.99873,0.7049622,3.13431,2.769698
2004-07-31,102.577,0.7378967,3.13431,2.794006
2004-08-01,94.39129,0.6790119,3.13431,2.816693
2004-08-02,92.37403,0.6645005,3.13431,2.837867
2004-08-03,97.14781,0.6988411,3.13431,2.85763
2004-08-04,97.67537,0.7026362,3.13431,2.876075
2004-08-05,104.6597,0.7528782,3.13431,2.893291
2004-08-06,102.1609,0.7349029,3.13431,2.909359
2004-08-07,100.2592,0.7212235,3.13431,2.924356
2004-08-08,98.50896,0.7086326,3.13431,2.938353
2004-08-09,97.15088,0.6988632,3.13431,2.951416
2004-08-10,97.01028,0.6978518,3.13431,2.963609
2004-08-11,85.67962,0.6163437,3.13431,2.974989
2004-08-12,94.1387,0.6771948,3.13431,2.985611
2004-08-13,79.47098,0.5716813,3.13431,2.995524
2004-08-14,57.15352,0.4111387,1.84676,2.91894
2004-08-15,85.19909,0.6128869,3.13431,2.933298
2004-08-16,88.15472,0.6341485,3.13431,2.946699
2004-08-17,76.18873,0.5480702,3.13431,2.959206
2004-08-18,73.52567,0.5289132,3.10788,2.969118
2004-08-19,35.90914,0.2583154,0,2.771176
2004-08-20,46.37805,0.3336245,0.90398,2.646697
2004-08-21,58.84106,0.4232782,1.98488,2.602576
2004-08-22,58.05699,0.4176379,1.92098,2.557136
2004-08-23,65.14252,0.4686083,2.48258,2.552165
2004-08-24,43.46718,0.3126849,0.62708,2.423826
2004-08-25,60.67592,0.4364775,2.13261,2.404412
2004-08-26,48.93962,0.3520514,1.13894,2.320047
2004-08-27,51.29345,0.3689838,1.34841,2.255271
2004-08-28,45.45559,0.3269887,0.81743,2.159415
2004-08-29,56.55512,0.4068341,1.79724,2.13527
2004-08-30,41.61195,0.2993391,0.44446,2.02255
2004-08-31,55.79612,0.4013742,1.73401,2.003314
2004-09-01,56.89204,0.4092577,1.82516,1.991437
2004-09-02,61.93971,0.4455686,2.23297,2.007539
2004-09-03,66.23051,0.4764348,2.56591,2.044764
2004-09-04,66.38782,0.4775665,2.57791,2.080307
2004-09-05,64.36503,0.4630153,2.42259,2.103126
2004-09-06,66.07341,0.4753047,2.55393,2.133179
2004-09-07,66.34249,0.4772404,2.57445,2.162597
2004-09-08,60.75987,0.4370814,2.13931,2.161045
2004-09-09,54.99917,0.3956412,1.6671,2.128115
2004-09-10,63.52473,0.4569706,2.35732,2.143395
2004-09-11,44.94664,0.3233275,0.76922,2.051784
2004-09-12,32.69468,0.235192,0,1.914998
2004-09-13,52.15129,0.3751548,1.42334,1.882221
2004-09-14,52.95048,0.3809038,1.49251,1.85624
2004-09-15,53.90574,0.3877756,1.57439,1.83745
2004-09-16,40.55278,0.2917199,0.33786,1.737478
2004-09-17,53.24746,0.3830402,1.51805,1.722849
2004-09-18,58.60154,0.4215552,1.96541,1.73902
2004-09-19,52.99195,0.3812022,1.49608,1.722824
2004-09-20,47.21927,0.3396759,0.982,1.673436
2004-09-21,37.84474,0.2722393,0.05679,1.565659
2004-09-22,30.14399,0.2168434,0,1.461282
2004-09-23,21.93283,0.1577757,0,1.363863
2004-09-24,24.77235,0.1782021,0,1.272939
2004-09-25,30.36087,0.2184035,0,1.188076
2004-09-26,14.74666,0.1060813,0,1.108871
2004-09-27,24.8682,0.1788915,0,1.034946
2004-09-28,28.26295,0.2033119,0,0.96595
2004-09-29,28.33212,0.2038095,0,0.9015534
2004-09-30,31.94768,0.2298184,0,0.8414498
2004-10-01,37.81654,0.2720365,0.05379,0.7889392
2004-10-02,28.31785,0.2037069,0,0.7363432
2004-10-03,40.06124,0.288184,0.28777,0.7064383
2004-10-04,43.16602,0.3105184,0.59778,0.6991944
2004-10-05,48.69218,0.3502714,1.11657,0.7270195
2004-10-06,33.18316,0.2387059,0,0.6785515
2004-10-07,37.83392,0.2721616,0.05564,0.6370241
2004-10-08,19.29655,0.1388114,0,0.5945558
2004-10-09,29.4777,0.2120504,0,0.5549188
2004-10-10,29.55382,0.212598,0,0.5179242
2004-10-11,30.36896,0.2184617,0,0.4833959
2004-10-12,35.75889,0.2572346,0,0.4511695
2004-10-13,38.28459,0.2754035,0.10332,0.4279795
2004-10-14,38.44037,0.2765241,0.11972,0.4074289
2004-10-15,18.6009,0.1338072,0,0.380267
2004-10-16,20.91963,0.1504872,0,0.3549158
2004-10-17,27.26248,0.196115,0,0.3312548
2004-10-18,28.95288,0.208275,0,0.3091711
2004-10-19,41.8643,0.3011544,0.46961,0.3198671
2004-10-20,38.36321,0.2759691,0.1116,0.3059826
2004-10-21,49.49192,0.3560244,1.18862,0.3648251
2004-10-22,47.86004,0.3442853,1.04085,0.4098934
2004-10-23,48.1957,0.3466999,1.07149,0.4539998
2004-10-24,51.42962,0.3699634,1.36036,0.5144239
2004-10-25,34.64195,0.2491999,0,0.4801289
2004-10-26,5.203669,0.03743304,0,0.4481203
2004-10-27,22.15549,0.1593774,0,0.4182456
2004-10-28,21.97121,0.1580518,0,0.3903626
2004-10-29,32.27636,0.2321827,0,0.3643384
2004-10-30,20.40241,0.1467665,0,0.3400492
2004-10-31,25.78357,0.1854763,0,0.3173793
2004-11-01,14.60507,0.1050628,0,0.2962206
2004-11-02,8.052512,0.05792644,0,0.2764726
2004-11-03,27.87048,0.2004887,0,0.2580411
2004-11-04,22.58985,0.162502,0,0.2408384
2004-11-05,15.20298,0.1093639,0,0.2247825
2004-11-06,10.8875,0.07832016,0,0.209797
2004-11-07,11.39178,0.08194775,0,0.1958105
2004-11-08,8.428566,0.06063161,0,0.1827565
2004-11-09,2.422572,0.01742698,0,0.1705727
2004-11-10,14.78169,0.1063333,0,0.1592012
2004-11-11,15.23403,0.1095873,0,0.1485878
2004-11-12,12.92156,0.09295235,0,0.1386819
2004-11-13,12.42746,0.08939802,0,0.1294365
2004-11-14,12.62021,0.09078455,0,0.1208074
2004-11-15,16.18265,0.1164113,0,0.1127535
2004-11-16,5.012348,0.03605675,0,0.1052366
2004-11-17,9.17493,0.06600065,0,0.09822086
2004-11-18,7.845562,0.05643773,0,0.0916728
2004-11-19,2.512873,0.01807657,0,0.08556128
2004-11-20,4.188929,0.03013342,0,0.0798572
2004-11-21,4.428397,0.03185605,0,0.07453339
2004-11-22,7.348663,0.05286324,0,0.06956449
2004-11-23,8.55733,0.06155789,0,0.06492686
2004-11-24,9.337868,0.06717275,0,0.0605984
2004-11-25,14.22175,0.1023054,0,0.05655851
2004-11-26,12.24236,0.08806649,0,0.05278794
2004-11-27,4.896413,0.03522276,0,0.04926875
2004-11-28,7.223077,0.05195982,0,0.04598416
2004-11-29,7.295045,0.05247753,0,0.04291855
2004-11-30,13.37112,0.0961863,0,0.04005732
2004-12-01,9.150881,0.06582765,0,0.03738683
2004-12-02,6.952024,0.05000998,0,0.03489437
2004-12-03,10.73168,0.07719926,0,0.03256808
2004-12-04,11.49365,0.08268057,0,0.03039688
2004-12-05,12.11111,0.08712228,0,0.02837042
2004-12-06,9.482309,0.0682118,0,0.02647906
2004-12-07,6.823143,0.04908286,0,0.02471379
2004-12-08,12.32271,0.0886445,0,0.0230662
2004-12-09,10.60061,0.07625638,0,0.02152845
2004-12-10,12.94648,0.09313162,0,0.02009322
2004-12-11,13.06436,0.09397959,0,0.01875367
2004-12-12,4.828073,0.03473116,0,0.01750343
2004-12-13,9.670703,0.06956703,0,0.01633653
2004-12-14,9.286848,0.06680574,0,0.01524743
2004-12-15,16.37745,0.1178126,0,0.01423094
2004-12-16,15.21219,0.1094302,0,0.01328221
2004-12-17,13.85148,0.09964181,0,0.01239673
2004-12-18,5.476795,0.03939779,0,0.01157028
2004-12-19,3.513416,0.02527406,0,0.01079893
2004-12-20,9.045697,0.06507099,0,0.010079
2004-12-21,9.630299,0.06927638,0,0.009407065
2004-12-22,7.540353,0.05424218,0,0.008779927
2004-12-23,6.839798,0.04920267,0,0.008194599
2004-12-24,9.765778,0.07025096,0,0.007648292
2004-12-25,11.70392,0.08419318,0,0.007138406
2004-12-26,1.634008,0.01175437,0,0.006662512
2004-12-27,1.683381,0.01210955,0,0.006218345
2004-12-28,8.162092,0.05871471,0,0.005803789
2004-12-29,7.619671,0.05481276,0,0.005416869
2004-12-30,11.14469,0.08017029,0,0.005055745
2004-12-31,8.661627,0.06230816,0,0.004718695
2005-01-01,5.49658,0.03954012,0,0.004404115
2005-01-02,9.923067,0.07138244,0,0.004110508
2005-01-03,3.026687,0.02177273,0,0.003836474
2005-01-04,4.092766,0.02944166,0,0.003580709
2005-01-05,5.992301,0.04310613,0,0.003341995
2005-01-06,9.986809,0.07184097,0,0.003119195
2005-01-07,11.30123,0.0812964,0,0.002911249
2005-01-08,15.12839,0.1088274,0,0.002717166
2005-01-09,13.06279,0.09396832,0,0.002536021
2005-01-10,16.81644,0.1209705,0,0.002366953
2005-01-11,10.93102,0.07863325,0,0.002209156
2005-01-12,10.39832,0.07480118,0,0.002061879
2005-01-13,10.42819,0.07501609,0,0.001924421
2005-01-14,8.421289,0.06057926,0,0.001796126
2005-01-15,6.548969,0.04711057,0,0.001676384
2005-01-16,11.278,0.08112926,0,0.001564625
2005-01-17,14.57165,0.1048224,0,0.001460317
2005-01-18,10.6312,0.07647647,0,0.001362962
2005-01-19,9.789533,0.07042185,0,0.001272098
2005-01-20,5.505284,0.03960274,0,0.001187292
2005-01-21,7.579082,0.05452078,0,0.001108139
2005-01-22,9.13469,0.06571118,0,0.001034263
2005-01-23,8.985729,0.06463961,0,0.0009653122
2005-01-24,9.027695,0.0649415,0,0.000900958
2005-01-25,7.988134,0.05746333,0,0.0008408941
2005-01-26,6.715437,0.04830807,0,0.0007848345
2005-01-27,5.872853,0.04224687,0,0.0007325122
2005-01-28,3.902253,0.02807119,0,0.0006836781
2005-01-29,2.883685,0.02074404,0,0.0006380995
2005-01-30,4.188021,0.03012689,0,0.0005955596
2005-01-31,5.229223,0.03761687,0,0.0005558556
2005-02-01,7.051651,0.05072666,0,0.0005187986
2005-02-02,6.306217,0.04536431,0,0.000484212
2005-02-03,8.562456,0.06159476,0,0.0004519312
2005-02-04,9.121697,0.06561771,0,0.0004218024
2005-02-05,8.732428,0.06281747,0,0.0003936823
2005-02-06,11.42335,0.08217488,0,0.0003674368
2005-02-07,12.87708,0.09263238,0,0.000342941
2005-02-08,13.79611,0.09924347,0,0.0003200783
2005-02-09,21.60229,0.1553979,0,0.0002987397
2005-02-10,21.17283,0.1523086,0,0.0002788237
2005-02-11,12.2857,0.08837827,0,0.0002602355
2005-02-12,13.06711,0.09399938,0,0.0002428865
2005-02-13,19.01986,0.136821,0,0.000226694
2005-02-14,8.828235,0.06350666,0,0.0002115811
2005-02-15,6.409622,0.04610816,0,0.0001974757
2005-02-16,6.69189,0.04813869,0,0.0001843106
2005-02-17,6.318468,0.04545244,0,0.0001720233
2005-02-18,10.86191,0.07813606,0,0.000160555
2005-02-19,13.28394,0.09555913,0,0.0001498514
2005-02-20,21.10513,0.1518215,0,0.0001398613
2005-02-21,16.74465,0.1204541,0,0.0001305372
2005-02-22,5.208381,0.03746694,0,0.0001218347
2005-02-23,16.17529,0.1163584,0,0.0001137124
2005-02-24,14.08071,0.1012908,0,0.0001061316
2005-02-25,12.51132,0.09000122,0,9.905614e-05
2005-02-26,12.32438,0.0886565,0,9.24524e-05
2005-02-27,7.280619,0.05237376,0,8.62889e-05
2005-02-28,9.336534,0.06716316,0,8.053631e-05
2005-03-01,15.23586,0.1096005,0,7.516722e-05
2005-03-02,20.83412,0.149872,0,7.015608e-05
2005-03-03,25.80035,0.185597,0,6.5479e-05
2005-03-04,22.73566,0.1635509,0,6.111374e-05
2005-03-05,23.61031,0.1698428,0,5.703949e-05
2005-03-06,13.45687,0.09680318,0,5.323686e-05
2005-03-07,17.55745,0.126301,0,4.968773e-05
2005-03-08,16.48802,0.118608,0,4.637522e-05
2005-03-09,20.65937,0.148615,0,4.328354e-05
2005-03-10,24.52052,0.1763905,0,4.039797e-05
2005-03-11,20.88766,0.1502572,0,3.770477e-05
2005-03-12,28.52965,0.2052305,0,3.519112e-05
2005-03-13,26.06079,0.1874705,0,3.284504e-05
2005-03-14,35.63515,0.2563445,0,3.065537e-05
2005-03-15,49.32463,0.3548209,0.91049,0.06072795
2005-03-16,56.30789,0.4050557,1.49883,0.1566014
2005-03-17,45.00869,0.3237739,0.52105,0.180898
2005-03-18,43.76791,0.3148482,0.40475,0.1958215
2005-03-19,35.21043,0.2532893,0,0.1827667
2005-03-20,47.77481,0.3436722,0.77319,0.2221282
2005-03-21,55.28665,0.3977093,1.4156,0.301693
2005-03-22,65.72478,0.4727969,2.22917,0.4301915
2005-03-23,28.98807,0.2085282,0,0.4015121
2005-03-24,83.20872,0.5985691,3.31429,0.5956973
2005-03-25,78.39437,0.5639366,3.12935,0.7646074
2005-03-26,37.89763,0.2726198,0,0.7136336
2005-03-27,79.80943,0.574116,3.2253,0.881078
2005-03-28,39.11151,0.281352,0,0.8223395
2005-03-29,65.05823,0.4680019,2.17944,0.9128129
2005-03-30,68.06004,0.4895957,2.40132,1.012047
2005-03-31,65.06365,0.468041,2.17985,1.0899
2005-04-01,71.03789,0.5110171,2.61645,1.19167
2005-04-02,80.86465,0.5817068,3.29634,1.331982
2005-04-03,91.07742,0.6551732,3.31429,1.464135
2005-04-04,95.22152,0.6849842,3.31429,1.587479
2005-04-05,67.85798,0.4881422,2.38655,1.64075
2005-04-06,88.34565,0.635522,3.31429,1.75232
2005-04-07,57.7331,0.415308,1.61354,1.743068
2005-04-08,48.9504,0.3521289,0.87759,1.685369
2005-04-09,30.90134,0.2222914,0,1.573011
2005-04-10,50.79754,0.3654164,1.03855,1.537381
2005-04-11,61.6177,0.4432522,1.91828,1.562774
2005-04-12,69.63416,0.5009193,2.51563,1.626298
2005-04-13,59.80778,0.4302324,1.77768,1.63639
2005-04-14,76.92184,0.5533438,3.02862,1.729205
2005-04-15,77.02973,0.5541199,3.03603,1.816327
2005-04-16,88.62037,0.6374983,3.31429,1.916191
2005-04-17,65.54792,0.4715246,2.216,1.936178
2005-04-18,80.72516,0.5807034,3.28698,2.026232
2005-04-19,76.23484,0.5484018,2.98131,2.089904
2005-04-20,63.93472,0.4599199,2.095,2.090243
2005-04-21,60.81763,0.4374968,1.85642,2.074655
2005-04-22,79.42557,0.5713547,3.19935,2.149635
2005-04-23,88.42235,0.6360737,3.31429,2.227278
2005-04-24,52.25455,0.3758976,1.16303,2.156329
2005-04-25,34.14656,0.2456362,0,2.012573
2005-04-26,69.28877,0.4984347,2.49066,2.044446
2005-04-27,58.72599,0.4224504,1.6925,2.020983
2005-04-28,87.92445,0.6324921,3.31429,2.107203
2005-04-29,86.03861,0.6189261,3.31429,2.187676
2005-04-30,96.38911,0.6933833,3.31429,2.262783
2005-05-01,107.5496,0.7736669,3.31429,2.332884
2005-05-02,103.6674,0.74574,3.31429,2.398311
2005-05-03,69.59302,0.5006234,2.51266,2.405934
2005-05-04,85.39271,0.6142797,3.31429,2.466491
2005-05-05,55.76275,0.4011341,1.45451,2.399026
2005-05-06,48.81763,0.3511738,0.86588,2.296816
2005-05-07,60.4746,0.4350292,1.82975,2.265678
2005-05-08,56.76589,0.4083503,1.53587,2.217024
2005-05-09,67.09009,0.4826183,2.3302,2.224569
2005-05-10,80.12603,0.5763934,3.24666,2.292709
2005-05-11,68.83059,0.4951387,2.45745,2.303692
2005-05-12,77.14375,0.5549402,3.04386,2.353036
2005-05-13,105.4566,0.7586113,3.31429,2.41712
2005-05-14,62.13343,0.4469621,1.95793,2.386507
2005-05-15,61.55056,0.4427692,1.91311,2.354947
2005-05-16,97.60929,0.7021608,3.31429,2.418903
2005-05-17,28.56729,0.2055012,0,2.257643
2005-05-18,33.74297,0.2427329,0,2.107134
2005-05-19,82.84074,0.595922,3.31429,2.187611
2005-05-20,104.7354,0.7534228,3.31429,2.262723
2005-05-21,82.64931,0.5945449,3.31429,2.332827
2005-05-22,77.02576,0.5540914,3.03576,2.379689
2005-05-23,44.58327,0.3207136,0.48141,2.253137
2005-05-24,96.58234,0.6947734,3.31429,2.323881
2005-05-25,110.9172,0.7978923,3.31429,2.389908
2005-05-26,118.3917,0.8516605,3.31429,2.451534
2005-05-27,115.9675,0.8342222,3.31429,2.509051
2005-05-28,118.6518,0.8535323,3.31429,2.562733
2005-05-29,128.9107,0.9273302,3.31429,2.612837
2005-05-30,111.4411,0.8016613,3.31429,2.659601
2005-05-31,84.07578,0.6048063,3.31429,2.703247
2005-06-01,94.54033,0.680084,3.31429,2.743983
2005-06-02,97.15935,0.6989241,3.31429,2.782003
2005-06-03,124.9684,0.8989709,3.31429,2.817489
2005-06-04,89.76462,0.6457295,3.31429,2.850609
2005-06-05,91.55731,0.6586253,3.31429,2.881521
2005-06-06,54.81694,0.3943304,1.37701,2.78122
2005-06-07,63.94085,0.459964,2.09546,2.735503
2005-06-08,79.99897,0.5754794,3.23809,2.769009
2005-06-09,94.35041,0.6787177,3.31429,2.805361
2005-06-10,97.39829,0.700643,3.31429,2.83929
2005-06-11,80.68267,0.5803977,3.28412,2.868945
2005-06-12,86.71323,0.623779,3.31429,2.898635
2005-06-13,112.4188,0.8086946,3.31429,2.926345
2005-06-14,90.24443,0.649181,3.31429,2.952208
2005-06-15,99.00275,0.7121848,3.31429,2.976347
2005-06-16,107.8167,0.7755886,3.31429,2.998876
2005-06-17,94.34109,0.6786507,3.31429,3.019904
2005-06-18,112.6035,0.8100226,3.31429,3.03953
2005-06-19,116.9075,0.8409838,3.31429,3.057847
2005-06-20,118.156,0.8499653,3.31429,3.074943
2005-06-21,112.8346,0.8116855,3.31429,3.0909
2005-06-22,100.458,0.7226535,3.31429,3.105792
2005-06-23,113.2713,0.8148272,3.31429,3.119692
2005-06-24,111.0439,0.7988035,3.31429,3.132665
2005-06-25,96.21646,0.6921414,3.31429,3.144774
2005-06-26,83.32015,0.5993706,3.31429,3.156075
2005-06-27,102.5115,0.7374251,3.31429,3.166622
2005-06-28,100.3108,0.7215946,3.31429,3.176467
2005-06-29,82.44988,0.5931103,3.31429,3.185655
2005-06-30,56.10757,0.4036146,1.48257,3.072116
2005-07-01,49.83058,0.3584605,0.95474,2.930958
2005-07-02,64.80199,0.4661587,2.16025,2.879577
2005-07-03,105.5129,0.7590164,3.31429,2.908558
2005-07-04,114.3831,0.8228247,3.31429,2.935607
2005-07-05,28.77794,0.2070165,0,2.7399
2005-07-06,89.86804,0.6464735,3.31429,2.778192
2005-07-07,73.89894,0.5315983,2.81889,2.780906
2005-07-08,43.53186,0.3131502,0.38238,2.621004
2005-07-09,51.91784,0.3734754,1.13445,2.5219
2005-07-10,87.77824,0.6314403,3.31429,2.574726
2005-07-11,103.0295,0.7411518,3.31429,2.624031
2005-07-12,105.7323,0.760594,3.31429,2.670048
2005-07-13,101.2371,0.7282576,3.31429,2.712997
2005-07-14,97.93114,0.7044761,3.31429,2.753083
2005-07-15,99.21881,0.713739,3.31429,2.790497
2005-07-16,96.63445,0.6951482,3.31429,2.825417
2005-07-17,94.23452,0.6778841,3.31429,2.858008
2005-07-18,105.5923,0.7595875,3.31429,2.888427
2005-07-19,64.47819,0.4638294,2.13595,2.838262
2005-07-20,83.13139,0.5980128,3.31429,2.869997
2005-07-21,59.0733,0.4249488,1.71994,2.793327
2005-07-22,42.22832,0.303773,0.25744,2.624268
2005-07-23,64.55743,0.4643994,2.1419,2.59211
2005-07-24,90.13922,0.6484242,3.31429,2.640255
2005-07-25,84.81409,0.6101175,3.31429,2.685191
2005-07-26,90.98571,0.6545135,3.31429,2.727131
2005-07-27,95.95578,0.6902661,3.31429,2.766275
2005-07-28,92.07842,0.662374,3.31429,2.802809
2005-07-29,95.73969,0.6887117,3.31429,2.836908
2005-07-30,90.36882,0.6500758,3.31429,2.868733
2005-07-31,95.81589,0.6892598,3.31429,2.898437
2005-08-01,96.45987,0.6938924,3.31429,2.926161
2005-08-02,84.2452,0.6060251,3.31429,2.952036
2005-08-03,16.75413,0.1205223,0,2.755233
2005-08-04,69.71814,0.5015234,2.52169,2.739664
2005-08-05,87.5709,0.6299488,3.31429,2.777972
2005-08-06,65.96361,0.4745149,2.24692,2.742569
2005-08-07,64.71885,0.4655606,2.15402,2.703332
2005-08-08,76.11513,0.5475407,2.97305,2.721313
2005-08-09,65.98576,0.4746742,2.24857,2.689797
2005-08-10,66.41906,0.4777912,2.28068,2.662523
2005-08-11,57.79564,0.4157579,1.61853,2.592923
2005-08-12,83.5196,0.6008054,3.31429,2.641014
2005-08-13,40.54441,0.2916597,0.09227,2.471098
2005-08-14,54.75099,0.3938559,1.37158,2.397797
2005-08-15,39.75082,0.2859509,0.01285,2.2388
2005-08-16,79.71964,0.57347,3.21924,2.304163
2005-08-17,71.89855,0.5172084,2.67777,2.32907
2005-08-18,81.45034,0.58592,3.31429,2.394751
2005-08-19,82.04955,0.5902305,3.31429,2.456054
2005-08-20,69.14498,0.4974003,2.48025,2.457667
2005-08-21,78.21001,0.5626104,3.11678,2.501608
2005-08-22,68.98466,0.4962471,2.46863,2.499409
2005-08-23,17.83912,0.1283273,0,2.332782
2005-08-24,39.56425,0.2846088,0,2.177263
2005-08-25,50.33101,0.3620604,0.99824,2.098662
2005-08-26,62.75441,0.4514292,2.00542,2.092446
2005-08-27,67.88491,0.4883359,2.38852,2.112184
2005-08-28,73.49996,0.5287283,2.79089,2.157431
2005-08-29,78.01529,0.5612097,3.1035,2.220502
2005-08-30,80.20426,0.5769562,3.25193,2.289264
2005-08-31,81.72104,0.5878673,3.31429,2.357599
2005-09-01,82.17588,0.5911392,3.31429,2.421379
2005-09-02,52.90241,0.3805581,1.21771,2.341134
2005-09-03,21.95352,0.1579245,0,2.185058
2005-09-04,70.5977,0.5078506,2.58495,2.211718
2005-09-05,73.58814,0.5293626,2.79709,2.250743
2005-09-06,75.41739,0.5425215,2.92475,2.295676
2005-09-07,76.77403,0.5522805,3.01846,2.343862
2005-09-08,75.94935,0.5463482,2.96159,2.385044
2005-09-09,80.61965,0.5799444,3.27989,2.4447
2005-09-10,83.51608,0.6007801,3.31429,2.502673
2005-09-11,50.87331,0.3659616,1.04508,2.4055
2005-09-12,27.05152,0.1945974,0,2.245133
2005-09-13,49.56727,0.3565664,0.93175,2.157575
2005-09-14,64.7562,0.4658293,2.15682,2.157524
2005-09-15,62.26648,0.4479193,1.96813,2.144898
2005-09-16,31.78568,0.228653,0,2.001905
2005-09-17,36.03197,0.2591991,0,1.868444
2005-09-18,52.64335,0.3786944,1.19589,1.823607
2005-09-19,57.96101,0.4169475,1.63173,1.810816
2005-09-20,61.2572,0.4406589,1.89046,1.816125
2005-09-21,66.96274,0.4817022,2.32082,1.849772
2005-09-22,68.97259,0.4961602,2.46775,1.89097
2005-09-23,75.47747,0.5429537,2.92892,1.960167
2005-09-24,66.31721,0.4770585,2.27314,1.981032
2005-09-25,76.07176,0.5472287,2.97005,2.046966
2005-09-26,47.76935,0.3436329,0.7727,1.962015
2005-09-27,68.8131,0.4950129,2.45618,1.994959
2005-09-28,32.34498,0.2326764,0,1.861962
2005-09-29,43.20619,0.3108074,0.3514,1.761258
2005-09-30,42.35489,0.3046836,0.26968,1.661819
2005-10-01,35.82593,0.2577169,0,1.551032
2005-10-02,22.48616,0.1617561,0,1.447629
2005-10-03,14.60512,0.1050632,0,1.351121
2005-10-04,44.55879,0.3205375,0.47912,1.292987
2005-10-05,47.60201,0.3424291,0.75771,1.257302
2005-10-06,56.87614,0.4091434,1.54476,1.276466
2005-10-07,55.27486,0.3976245,1.41463,1.285677
2005-10-08,56.43176,0.4059467,1.50886,1.300556
2005-10-09,53.92968,0.3879478,1.3036,1.300759
2005-10-10,55.83296,0.4016392,1.46023,1.31139
2005-10-11,55.53479,0.3994943,1.4359,1.319691
2005-10-12,53.13263,0.3822141,1.23704,1.314181
2005-10-13,52.16073,0.3752227,1.15508,1.303574
2005-10-14,52.75665,0.3795095,1.20544,1.297032
2005-10-15,52.92775,0.3807403,1.21984,1.291886
2005-10-16,35.09284,0.2524434,0,1.20576
2005-10-17,27.42949,0.1973164,0,1.125376
2005-10-18,26.46422,0.1903726,0,1.050351
2005-10-19,43.33129,0.3117073,0.36332,1.004549
2005-10-20,47.11677,0.3389385,0.71406,0.9851829
2005-10-21,33.54638,0.2413188,0,0.9195041
2005-10-22,38.10786,0.2741321,0,0.8582038
2005-10-23,24.90212,0.1791356,0,0.8009902
2005-10-24,22.46721,0.1616198,0,0.7475909
2005-10-25,32.74127,0.2355271,0,0.6977515
2005-10-26,44.06657,0.3169967,0.43293,0.6800967
2005-10-27,38.43363,0.2764756,0,0.6347569
2005-10-28,44.97675,0.3235441,0.51808,0.6269785
2005-10-29,43.76777,0.3148472,0.40473,0.6121619
2005-10-30,44.4984,0.3201031,0.47347,0.6029158
2005-10-31,36.32699,0.2613213,0,0.5627214
2005-11-01,29.37759,0.2113302,0,0.5252066
2005-11-02,37.1216,0.2670374,0,0.4901929
2005-11-03,32.71442,0.235334,0,0.4575133
2005-11-04,36.28427,0.261014,0,0.4270124
2005-11-05,12.23373,0.08800441,0,0.398545
2005-11-06,30.14652,0.2168615,0,0.3719753
2005-11-07,32.40343,0.2330968,0,0.3471769
2005-11-08,35.35328,0.2543168,0,0.3240318
2005-11-09,33.77535,0.2429659,0,0.3024297
2005-11-10,19.84771,0.1427762,0,0.2822677
2005-11-11,23.92234,0.1720874,0,0.2634499
2005-11-12,28.39651,0.2042727,0,0.2458865
2005-11-13,30.73672,0.2211072,0,0.2294941
2005-11-14,25.08064,0.1804197,0,0.2141945
2005-11-15,26.77981,0.1926428,0,0.1999149
2005-11-16,5.79198,0.04166511,0,0.1865872
2005-11-17,8.259097,0.05941252,0,0.1741481
2005-11-18,4.935808,0.03550616,0,0.1625382
2005-11-19,4.522216,0.03253095,0,0.1517023
2005-11-20,2.237582,0.01609624,0,0.1415888
2005-11-21,7.043522,0.05066818,0,0.1321496
2005-11-22,2.785756,0.02003957,0,0.1233396
2005-11-23,4.360136,0.03136501,0,0.115117
2005-11-24,10.19534,0.07334105,0,0.1074425
2005-11-25,9.813903,0.07059715,0,0.1002797
2005-11-26,13.13349,0.09447692,0,0.09359435
2005-11-27,10.10969,0.0727249,0,0.08735472
2005-11-28,9.444601,0.06794055,0,0.08153108
2005-11-29,13.98485,0.1006012,0,0.07609567
2005-11-30,11.80792,0.08494129,0,0.07102263
2005-12-01,12.97264,0.09331978,0,0.06628778
2005-12-02,12.00864,0.08638518,0,0.0618686
2005-12-03,7.635221,0.05492461,0,0.05774403
2005-12-04,10.94345,0.07872263,0,0.05389442
2005-12-05,12.98899,0.09343742,0,0.05030146
2005-12-06,13.09978,0.0942344,0,0.04694803
2005-12-07,8.547607,0.06148795,0,0.04381816
2005-12-08,11.91286,0.0856962,0,0.04089695
2005-12-09,5.884473,0.04233046,0,0.03817049
2005-12-10,10.43806,0.07508711,0,0.03562579
2005-12-11,6.36538,0.0457899,0,0.03325074
2005-12-12,7.678889,0.05523875,0,0.03103402
2005-12-13,5.388567,0.03876312,0,0.02896509
2005-12-14,4.426996,0.03184597,0,0.02703408
2005-12-15,3.145112,0.02262463,0,0.02523181
2005-12-16,3.028775,0.02178775,0,0.02354969
2005-12-17,0.9963777,0.007167528,0,0.02197971
2005-12-18,1.792666,0.0128957,0,0.02051439
2005-12-19,5.825312,0.04190488,0,0.01914677
2005-12-20,3.580209,0.02575454,0,0.01787032
2005-12-21,5.796657,0.04169875,0,0.01667896
2005-12-22,5.443263,0.03915658,0,0.01556703
2005-12-23,4.62281,0.03325458,0,0.01452923
2005-12-24,4.530366,0.03258957,0,0.01356061
2005-12-25,7.439595,0.05351737,0,0.01265657
2005-12-26,7.050405,0.05071769,0,0.0118128
2005-12-27,5.375596,0.03866981,0,0.01102528
2005-12-28,1.081039,0.007776546,0,0.01029026
2005-12-29,3.279107,0.02358854,0,0.009604245
2005-12-30,5.324553,0.03830263,0,0.008963962
2005-12-31,8.058769,0.05797145,0,0.008366365
2006-01-01,10.12434,0.07283033,0,0.007808607
2006-01-02,6.767624,0.04868349,0,0.007288033
2006-01-03,3.341384,0.02403653,0,0.006802165
2006-01-04,2.598923,0.01869557,0,0.006348687
2006-01-05,4.084048,0.02937895,0,0.005925441
2006-01-06,4.823084,0.03469527,0,0.005530412
2006-01-07,7.905368,0.05686795,0,0.005161718
2006-01-08,7.71319,0.05548549,0,0.004817603
2006-01-09,7.149901,0.05143343,0,0.00449643
2006-01-10,9.131762,0.06569011,0,0.004196668
2006-01-11,13.899,0.09998363,0,0.00391689
2006-01-12,6.016219,0.04327819,0,0.003655764
2006-01-13,13.04535,0.09384285,0,0.003412046
2006-01-14,13.46796,0.09688289,0,0.003184576
2006-01-15,11.4811,0.08259025,0,0.002972271
2006-01-16,11.25853,0.08098918,0,0.00277412
2006-01-17,12.09736,0.08702343,0,0.002589179
2006-01-18,2.093866,0.0150624,0,0.002416567
2006-01-19,5.418806,0.03898065,0,0.002255462
2006-01-20,8.846354,0.063637,0,0.002105098
2006-01-21,5.671042,0.04079513,0,0.001964758
2006-01-22,1.219324,0.008771314,0,0.001833774
2006-01-23,1.352969,0.009732697,0,0.001711523
2006-01-24,8.169676,0.05876926,0,0.001597421
2006-01-25,9.062544,0.06519219,0,0.001490926
2006-01-26,8.160707,0.05870474,0,0.001391531
2006-01-27,9.046304,0.06507537,0,0.001298763
2006-01-28,11.88443,0.08549164,0,0.001212178
2006-01-29,15.72578,0.1131247,0,0.001131367
2006-01-30,15.81775,0.1137863,0,0.001055942
2006-01-31,8.892142,0.06396639,0,0.000985546
2006-02-01,20.03651,0.1441343,0,0.0009198429
2006-02-02,19.84232,0.1427374,0,0.00085852
2006-02-03,4.78933,0.03445246,0,0.0008012854
2006-02-04,5.052642,0.03634661,0,0.0007478663
2006-02-05,8.680497,0.0624439,0,0.0006980086
2006-02-06,13.25208,0.09533,0,0.0006514747
2006-02-07,5.097229,0.03666735,0,0.000608043
2006-02-08,12.2198,0.08790419,0,0.0005675068
2006-02-09,12.00202,0.08633756,0,0.000529673
2006-02-10,4.227429,0.03041037,0,0.0004943615
2006-02-11,9.926712,0.07140866,0,0.0004614041
2006-02-12,13.13993,0.0945232,0,0.0004306438
2006-02-13,17.06438,0.1227541,0,0.0004019342
2006-02-14,17.44099,0.1254633,0,0.0003751386
2006-02-15,19.98107,0.1437356,0,0.0003501294
2006-02-16,20.05905,0.1442965,0,0.0003267874
2006-02-17,23.70646,0.1705345,0,0.0003050016
2006-02-18,25.88408,0.1861993,0,0.0002846681
2006-02-19,23.79756,0.1711898,0,0.0002656903
2006-02-20,15.00862,0.1079658,0,0.0002479776
2006-02-21,7.0364,0.05061695,0,0.0002314457
2006-02-22,7.994034,0.05750577,0,0.000216016
2006-02-23,17.18013,0.1235867,0,0.000201615
2006-02-24,20.38376,0.1466323,0,0.000188174
2006-02-25,12.76094,0.09179688,0,0.000175629
2006-02-26,11.38922,0.08192932,0,0.0001639204
2006-02-27,19.29145,0.1387747,0,0.0001529924
2006-02-28,25.04416,0.1801573,0,0.0001427929
2006-03-01,13.73309,0.09879019,0,0.0001332734
2006-03-02,26.01482,0.1871398,0,0.0001243885
2006-03-03,26.76632,0.1925458,0,0.0001160959
2006-03-04,24.7487,0.1780319,0,0.0001083562
2006-03-05,30.85352,0.2219474,0,0.0001011324
2006-03-06,30.8871,0.222189,0,9.439028e-05
2006-03-07,19.53942,0.1405585,0,8.80976e-05
2006-03-08,30.54921,0.2197584,0,8.222442e-05
2006-03-09,17.39163,0.1251082,0,7.67428e-05
2006-03-10,38.32066,0.2756629,0,7.162661e-05
2006-03-11,11.38386,0.08189079,0,6.68515e-05
2006-03-12,9.802854,0.07051767,0,6.239473e-05
2006-03-13,20.12785,0.1447914,0,5.823509e-05
2006-03-14,22.19425,0.1596562,0,5.435275e-05
2006-03-15,12.18844,0.0876786,0,5.072923e-05
2006-03-16,28.44452,0.2046181,0,4.734728e-05
2006-03-17,7.081792,0.05094348,0,4.41908e-05
2006-03-18,12.84858,0.09242737,0,4.124474e-05
2006-03-19,33.50738,0.2410382,0,3.849509e-05
2006-03-20,35.9198,0.2583921,0,3.592875e-05
2006-03-21,38.47127,0.2767464,0.01513,0.0010422
2006-03-22,40.51476,0.2914464,0.22424,0.01592205
2006-03-23,41.64435,0.2995722,0.33687,0.03731858
2006-03-24,52.50495,0.3776989,1.33285,0.1236873
2006-03-25,38.18055,0.2746551,0,0.1154415
2006-03-26,29.45613,0.2118952,0,0.1077454
2006-03-27,71.18927,0.5121061,2.79785,0.2870857
2006-03-28,47.11769,0.3389451,0.8566,0.3250533
2006-03-29,52.57338,0.3781911,1.33871,0.3926305
2006-03-30,46.45428,0.3341728,0.7957,0.4195018
2006-03-31,61.68791,0.4437572,2.08301,0.5304023
2006-04-01,62.69665,0.4510138,2.16152,0.6391435
2006-04-02,63.57977,0.4573665,2.2297,0.7451806
2006-04-03,47.9782,0.3451353,0.93481,0.7578225
2006-04-04,43.91351,0.3158956,0.5573,0.7444544
2006-04-05,44.78664,0.3221765,0.64018,0.7375028
2006-04-06,50.42727,0.3627529,1.15283,0.7651912
2006-04-07,60.97864,0.4386551,2.02739,0.8493378
2006-04-08,75.06339,0.5399749,3.07541,0.9977426
2006-04-09,62.01411,0.4461038,2.10847,1.071791
2006-04-10,30.17474,0.2170646,0,1.000338
2006-04-11,39.47618,0.2839753,0.11885,0.9415725
2006-04-12,35.29785,0.2539181,0,0.878801
2006-04-13,50.60707,0.3640463,1.16858,0.8981196
2006-04-14,50.34729,0.3621776,1.14581,0.9146323
2006-04-15,74.9816,0.5393866,3.06962,1.058298
2006-04-16,35.84287,0.2578388,0,0.9877449
2006-04-17,56.73082,0.408098,1.68657,1.034333
2006-04-18,65.82634,0.4735274,2.40092,1.125439
2006-04-19,70.16296,0.5047233,2.72309,1.231949
2006-04-20,87.19067,0.6272136,3.16359,1.360725
2006-04-21,84.50493,0.6078935,3.16359,1.480916
2006-04-22,76.42344,0.5497585,3.16359,1.593094
2006-04-23,68.69862,0.4941894,2.61546,1.661252
2006-04-24,82.23393,0.5915569,3.16359,1.761408
2006-04-25,87.26051,0.6277159,3.16359,1.854887
2006-04-26,62.62011,0.4504631,2.15559,1.874934
2006-04-27,78.76955,0.5666355,3.16359,1.960844
2006-04-28,46.16903,0.3321209,0.76934,1.88141
2006-04-29,29.06419,0.2090757,0,1.755983
2006-04-30,61.37609,0.4415142,2.0586,1.776158
2006-05-01,75.96117,0.5464332,3.13874,1.866996
2006-05-02,78.47057,0.5644847,3.16359,1.953436
2006-05-03,97.59096,0.702029,3.16359,2.034113
2006-05-04,99.43452,0.7152907,3.16359,2.109411
2006-05-05,101.307,0.7287607,3.16359,2.17969
2006-05-06,97.53299,0.7016119,3.16359,2.245283
2006-05-07,99.76413,0.7176618,3.16359,2.306504
2006-05-08,104.3258,0.7504763,3.16359,2.363643
2006-05-09,99.80125,0.7179288,3.16359,2.416973
2006-05-10,102.6747,0.7385991,3.16359,2.466747
2006-05-11,109.9591,0.7910001,3.16359,2.513203
2006-05-12,111.1804,0.7997856,3.16359,2.556562
2006-05-13,72.43532,0.5210697,2.88791,2.578652
2006-05-14,77.63292,0.5584591,3.16359,2.617648
2006-05-15,91.4436,0.6578074,3.16359,2.654044
2006-05-16,94.51928,0.6799326,3.16359,2.688014
2006-05-17,77.96074,0.5608172,3.16359,2.719719
2006-05-18,58.91724,0.4238262,1.8637,2.662651
2006-05-19,88.62259,0.6375142,3.16359,2.696047
2006-05-20,80.91529,0.5820711,3.16359,2.727217
2006-05-21,80.98623,0.5825814,3.16359,2.756308
2006-05-22,99.42745,0.7152399,3.16359,2.78346
2006-05-23,88.81952,0.6389308,3.16359,2.808802
2006-05-24,94.39986,0.6790735,3.16359,2.832455
2006-05-25,65.12337,0.4684705,2.34768,2.800136
2006-05-26,79.48044,0.5717494,3.16359,2.824367
2006-05-27,76.01784,0.5468409,3.14273,2.845591
2006-05-28,92.87346,0.6680932,3.16359,2.866791
2006-05-29,84.2954,0.6063862,3.16359,2.886577
2006-05-30,68.65528,0.4938777,2.61226,2.86829
2006-05-31,43.57397,0.3134531,0.52478,2.712056
2006-06-01,64.97032,0.4673696,2.33605,2.686989
2006-06-02,93.28311,0.67104,3.16359,2.718762
2006-06-03,96.65834,0.69532,3.16359,2.748417
2006-06-04,62.20804,0.4474989,2.12358,2.706761
2006-06-05,68.40144,0.4920517,2.59348,2.699209
2006-06-06,77.69967,0.5589393,3.16359,2.730168
2006-06-07,99.17731,0.7134405,3.16359,2.759063
2006-06-08,107.6899,0.7746767,3.16359,2.786031
2006-06-09,117.075,0.8421888,3.16359,2.811202
2006-06-10,120.7809,0.8688475,3.16359,2.834694
2006-06-11,120.1739,0.8644812,3.16359,2.856621
2006-06-12,127.9247,0.9202373,3.16359,2.877085
2006-06-13,122.9144,0.8841955,3.16359,2.896186
2006-06-14,125.2665,0.9011151,3.16359,2.914013
2006-06-15,116.496,0.8380241,3.16359,2.930651
2006-06-16,96.00939,0.6906518,3.16359,2.94618
2006-06-17,95.71817,0.6885569,3.16359,2.960674
2006-06-18,133.7094,0.9618503,3.16359,2.974202
2006-06-19,101.835,0.7325589,3.16359,2.986828
2006-06-20,126.0986,0.907101,3.16359,2.998612
2006-06-21,104.7678,0.7536561,3.16359,3.009611
2006-06-22,108.9201,0.7835259,3.16359,3.019876
2006-06-23,101.5007,0.7301541,3.16359,3.029457
2006-06-24,118.1825,0.8501562,3.16359,3.038399
2006-06-25,117.8805,0.8479835,3.16359,3.046745
2006-06-26,121.4626,0.8737513,3.16359,3.054535
2006-06-27,95.66615,0.6881827,3.16359,3.061805
2006-06-28,83.15777,0.5982025,3.16359,3.068591
2006-06-29,88.21406,0.6345754,3.16359,3.074924
2006-06-30,51.35307,0.3694127,1.23358,2.952168
2006-07-01,98.97494,0.7119847,3.16359,2.966263
2006-07-02,100.1556,0.7204777,3.16359,2.979418
2006-07-03,97.8272,0.7037284,3.16359,2.991696
2006-07-04,92.82721,0.6677605,3.16359,3.003156
2006-07-05,92.93068,0.6685048,3.16359,3.013851
2006-07-06,78.69163,0.566075,3.16359,3.023834
2006-07-07,79.378,0.5710125,3.16359,3.033151
2006-07-08,49.71779,0.3576492,1.09034,2.90363
2006-07-09,73.58526,0.5293418,2.97035,2.908078
2006-07-10,74.68561,0.5372573,3.04865,2.91745
2006-07-11,71.18889,0.5121034,2.79782,2.909474
2006-07-12,68.29749,0.4913038,2.58578,2.887895
2006-07-13,60.3786,0.4343386,1.98006,2.827372
2006-07-14,44.81856,0.3224061,0.64319,2.68176
2006-07-15,59.11984,0.4252836,1.87993,2.628305
2006-07-16,62.22531,0.4476231,2.12492,2.594746
2006-07-17,66.3509,0.4773009,2.44046,2.58446
2006-07-18,66.31523,0.4770443,2.43777,2.574681
2006-07-19,63.97909,0.4602391,2.26037,2.553727
2006-07-20,60.58659,0.4358348,1.9965,2.516578
2006-07-21,61.76567,0.4443166,2.08909,2.488079
2006-07-22,62.18346,0.447322,2.12166,2.463651
2006-07-23,39.40033,0.2834297,0.11109,2.306814
2006-07-24,60.62049,0.4360787,1.99917,2.286304
2006-07-25,56.3155,0.4051103,1.6525,2.244051
2006-07-26,51.28456,0.3689199,1.22763,2.176289
2006-07-27,54.19992,0.3898918,1.47664,2.129646
2006-07-28,39.43964,0.2837124,0.11511,1.995343
2006-07-29,38.40482,0.2762684,0.00821,1.862868
2006-07-30,50.803,0.3654557,1.18571,1.817724
2006-07-31,41.42242,0.2979757,0.3149,1.717536
2006-08-01,43.22013,0.3109077,0.49073,1.635749
2006-08-02,46.16898,0.3321205,0.76934,1.577988
2006-08-03,43.40996,0.3122733,0.50902,1.506724
2006-08-04,40.44025,0.2909104,0.21674,1.420725
2006-08-05,37.09601,0.2668533,0,1.32601
2006-08-06,27.93775,0.2009726,0,1.237609
2006-08-07,24.53007,0.1764592,0,1.155102
2006-08-08,37.59844,0.2704676,0,1.078095
2006-08-09,48.46489,0.3486364,0.97866,1.071466
2006-08-10,43.90793,0.3158554,0.55676,1.037152
2006-08-11,50.83644,0.3656963,1.18862,1.04725
2006-08-12,49.36854,0.3551368,1.05938,1.048059
2006-08-13,53.94838,0.3880823,1.45547,1.07522
2006-08-14,57.82928,0.4159999,1.77603,1.12194
2006-08-15,45.38956,0.3265137,0.69682,1.093599
2006-08-16,68.23696,0.4908684,2.58129,1.192778
2006-08-17,73.84728,0.5312268,2.98905,1.31253
2006-08-18,68.14905,0.490236,2.57477,1.396679
2006-08-19,84.63528,0.6088311,3.16359,1.514473
2006-08-20,76.36959,0.5493712,3.16359,1.624414
2006-08-21,66.88872,0.4811697,2.48082,1.681508
2006-08-22,57.5282,0.413834,1.75161,1.686181
2006-08-23,51.01417,0.3669748,1.20412,1.654044
2006-08-24,73.23891,0.5268504,2.94558,1.740146
2006-08-25,59.39019,0.4272284,1.90153,1.750905
2006-08-26,61.0912,0.4394648,2.03624,1.769928
2006-08-27,59.55349,0.4284031,1.91456,1.77957
2006-08-28,47.89796,0.3445581,0.92755,1.722768
2006-08-29,39.68783,0.2854978,0.14048,1.617283
2006-08-30,55.49777,0.399228,1.58498,1.615129
2006-08-31,54.41543,0.3914421,1.49473,1.607102
2006-09-01,64.41012,0.4633397,2.29335,1.652852
2006-09-02,62.39762,0.4488626,2.13832,1.685217
2006-09-03,55.29822,0.3977925,1.56842,1.67743
2006-09-04,65.55708,0.4715905,2.38056,1.724306
2006-09-05,64.04056,0.4606812,2.26508,1.760357
2006-09-06,61.23536,0.4405018,2.04756,1.779504
2006-09-07,73.24975,0.5269283,2.94636,1.857295
2006-09-08,53.01607,0.3813757,1.37649,1.825241
2006-09-09,52.97273,0.3810639,1.3728,1.795078
2006-09-10,67.5881,0.4862008,2.53307,1.844278
2006-09-11,67.40345,0.4848725,2.5193,1.889279
2006-09-12,68.39247,0.4919871,2.59282,1.936182
2006-09-13,65.74652,0.4729532,2.39489,1.966762
2006-09-14,64.40495,0.4633025,2.29296,1.988509
2006-09-15,64.16339,0.4615649,2.27448,2.007574
2006-09-16,45.23788,0.3254225,0.68261,1.919243
2006-09-17,56.44041,0.4060089,1.66276,1.902144
2006-09-18,58.31337,0.4194822,1.81515,1.896344
2006-09-19,21.70278,0.1561208,0,1.769921
2006-09-20,37.98505,0.2732487,0,1.651927
2006-09-21,50.02936,0.3598905,1.11785,1.616321
2006-09-22,50.13623,0.3606593,1.12726,1.583717
2006-09-23,47.92482,0.3447513,0.92998,1.540135
2006-09-24,49.19557,0.3538926,1.044,1.507059
2006-09-25,47.74408,0.3434511,0.91361,1.467496
2006-09-26,44.97519,0.3235329,0.65794,1.413526
2006-09-27,13.42753,0.09659208,0,1.319291
2006-09-28,39.18334,0.2818687,0.08881,1.237258
2006-09-29,42.54627,0.3060602,0.42538,1.183133
2006-09-30,40.23349,0.2894231,0.19587,1.117316
2006-10-01,33.00517,0.2374255,0,1.042828
2006-10-02,21.53592,0.1549205,0,0.9733061
2006-10-03,10.67592,0.07679817,0,0.908419
2006-10-04,22.88357,0.1646149,0,0.8478578
2006-10-05,20.019,0.1440084,0,0.7913339
2006-10-06,28.47246,0.2048191,0,0.7385783
2006-10-07,23.23492,0.1671424,0,0.6893398
2006-10-08,35.93388,0.2584934,0,0.6433838
2006-10-09,39.3112,0.2827885,0.10195,0.6072882
2006-10-10,41.62443,0.2994289,0.3349,0.589129
2006-10-11,44.67058,0.3213417,0.62922,0.5918017
2006-10-12,45.20259,0.3251687,0.6793,0.5976349
2006-10-13,17.14678,0.1233468,0,0.5577926
2006-10-14,29.02885,0.2088215,0,0.5206064
2006-10-15,24.41525,0.1756332,0,0.4858993
2006-10-16,36.38607,0.2617463,0,0.4535061
2006-10-17,43.33798,0.3117555,0.50209,0.456745
2006-10-18,47.05599,0.3385013,0.85095,0.4830253
2006-10-19,47.18058,0.3393975,0.86234,0.508313
2006-10-20,35.43822,0.2549278,0,0.4744254
2006-10-21,31.42614,0.2260666,0,0.4427971
2006-10-22,48.55982,0.3493192,0.98719,0.4790899
2006-10-23,32.67479,0.2350489,0,0.4471506
2006-10-24,34.78744,0.2502464,0,0.4173406
2006-10-25,47.63639,0.3426765,0.90385,0.4497745
2006-10-26,49.05179,0.3528582,1.03119,0.4885356
2006-10-27,38.6074,0.2777256,0.02929,0.4579192
2006-10-28,31.46172,0.2263226,0,0.4273912
2006-10-29,20.01773,0.1439993,0,0.3988985
2006-10-30,32.90718,0.2367206,0,0.3723053
2006-10-31,33.86171,0.2435871,0,0.3474849
2006-11-01,23.49228,0.1689937,0,0.3243192
2006-11-02,20.10639,0.144637,0,0.302698
2006-11-03,21.25522,0.1529012,0,0.2825181
2006-11-04,8.725231,0.0627657,0,0.2636836
2006-11-05,5.081403,0.03655351,0,0.2461047
2006-11-06,19.67397,0.1415264,0,0.2296977
2006-11-07,25.69667,0.1848512,0,0.2143845
2006-11-08,32.00551,0.2302344,0,0.2000922
2006-11-09,22.34654,0.1607518,0,0.1867527
2006-11-10,18.93992,0.1362459,0,0.1743025
2006-11-11,12.31942,0.08862079,0,0.1626824
2006-11-12,15.86372,0.1141171,0,0.1518369
2006-11-13,12.22201,0.08792006,0,0.1417144
2006-11-14,21.8367,0.1570842,0,0.1322668
2006-11-15,33.54653,0.2413199,0,0.123449
2006-11-16,36.73065,0.2642251,0,0.1152191
2006-11-17,19.39643,0.1395299,0,0.1075378
2006-11-18,23.82992,0.1714226,0,0.1003686
2006-11-19,24.32654,0.1749951,0,0.09367737
2006-11-20,13.93553,0.1002465,0,0.08743221
2006-11-21,11.00637,0.07917524,0,0.0816034
2006-11-22,18.09409,0.1301614,0,0.07616317
2006-11-23,17.29404,0.1244062,0,0.07108563
2006-11-24,26.60223,0.1913655,0,0.06634659
2006-11-25,20.01218,0.1439593,0,0.06192348
2006-11-26,26.49642,0.1906043,0,0.05779525
2006-11-27,27.40528,0.1971422,0,0.05394223
2006-11-28,22.10224,0.1589943,0,0.05034608
2006-11-29,10.68351,0.07685275,0,0.04698968
2006-11-30,21.54292,0.1549708,0,0.04385703
2006-12-01,23.52437,0.1692245,0,0.04093323
2006-12-02,21.62871,0.155588,0,0.03820435
2006-12-03,22.34165,0.1607166,0,0.03565739
2006-12-04,20.87355,0.1501557,0,0.03328023
2006-12-05,24.17121,0.1738777,0,0.03106155
2006-12-06,23.05352,0.1658374,0,0.02899078
2006-12-07,19.78283,0.1423095,0,0.02705806
2006-12-08,21.85717,0.1572314,0,0.02525419
2006-12-09,7.072616,0.05087747,0,0.02357058
2006-12-10,5.418364,0.03897746,0,0.02199921
2006-12-11,5.020897,0.03611825,0,0.02053259
2006-12-12,5.398916,0.03883757,0,0.01916375
2006-12-13,12.87136,0.09259125,0,0.01788617
2006-12-14,19.32846,0.139041,0,0.01669376
2006-12-15,22.70008,0.163295,0,0.01558084
2006-12-16,19.287,0.1387427,0,0.01454212
2006-12-17,12.79269,0.09202533,0,0.01357264
2006-12-18,7.181847,0.05166323,0,0.0126678
2006-12-19,9.29599,0.0668715,0,0.01182328
2006-12-20,4.173218,0.0300204,0,0.01103506
2006-12-21,11.15083,0.08021445,0,0.01029939
2006-12-22,5.205493,0.03744616,0,0.009612765
2006-12-23,8.337945,0.05997972,0,0.008971914
2006-12-24,13.01298,0.09361,0,0.008373787
2006-12-25,9.584554,0.06894731,0,0.007815534
2006-12-26,13.24987,0.09531404,0,0.007294498
2006-12-27,13.55412,0.09750272,0,0.006808199
2006-12-28,5.516943,0.0396866,0,0.006354319
2006-12-29,11.89935,0.085599,0,0.005930697
2006-12-30,15.87613,0.1142063,0,0.005535318
2006-12-31,12.82738,0.09227484,0,0.005166296
2007-01-01,16.21345,0.1166328,0,0.004821877
2007-01-02,11.91296,0.08569691,0,0.004500418
2007-01-03,11.72724,0.08436088,0,0.00420039
2007-01-04,10.94857,0.07875944,0,0.003920364
2007-01-05,11.00214,0.07914487,0,0.003659007
2007-01-06,14.37848,0.1034328,0,0.003415073
2007-01-07,4.819044,0.0346662,0,0.003187401
2007-01-08,12.67951,0.09121112,0,0.002974908
2007-01-09,13.25403,0.09534402,0,0.002776581
2007-01-10,19.29301,0.1387859,0,0.002591475
2007-01-11,7.447089,0.05357127,0,0.00241871
2007-01-12,12.05653,0.08672966,0,0.002257463
2007-01-13,11.80989,0.08495543,0,0.002106965
2007-01-14,15.54042,0.1117914,0,0.001966501
2007-01-15,15.58666,0.112124,0,0.001835401
2007-01-16,16.02077,0.1152468,0,0.001713041
2007-01-17,17.63356,0.1268485,0,0.001598838
2007-01-18,12.0739,0.08685464,0,0.001492249
2007-01-19,12.28328,0.0883608,0,0.001392766
2007-01-20,18.12644,0.1303941,0,0.001299915
2007-01-21,15.69862,0.1129294,0,0.001213254
2007-01-22,14.77098,0.1062563,0,0.00113237
2007-01-23,6.714122,0.04829861,0,0.001056879
2007-01-24,4.195098,0.0301778,0,0.0009864202
2007-01-25,7.721761,0.05554715,0,0.0009206589
2007-01-26,8.154434,0.05865962,0,0.0008592816
2007-01-27,12.48326,0.08979939,0,0.0008019962
2007-01-28,7.10153,0.05108546,0,0.0007485297
2007-01-29,9.790414,0.07042818,0,0.0006986278
2007-01-30,12.65401,0.09102771,0,0.0006520526
2007-01-31,15.16605,0.1090983,0,0.0006085824
2007-02-01,17.4106,0.1252447,0,0.0005680102
2007-02-02,10.38956,0.07473816,0,0.0005301429
2007-02-03,16.72492,0.1203121,0,0.0004948
2007-02-04,11.59937,0.08344107,0,0.0004618134
2007-02-05,12.4941,0.0898774,0,0.0004310258
2007-02-06,16.3908,0.1179086,0,0.0004022908
2007-02-07,14.35423,0.1032584,0,0.0003754714
2007-02-08,13.39062,0.0963266,0,0.0003504399
2007-02-09,20.19472,0.1452725,0,0.0003270773
2007-02-10,8.368061,0.06019637,0,0.0003052721
2007-02-11,20.38265,0.1466243,0,0.0002849207
2007-02-12,21.98388,0.1581429,0,0.0002659259
2007-02-13,21.42529,0.1541247,0,0.0002481976
2007-02-14,27.4398,0.1973906,0,0.000231651
2007-02-15,2.979301,0.02143186,0,0.0002162076
2007-02-16,13.93231,0.1002233,0,0.0002017938
2007-02-17,27.64408,0.19886,0,0.0001883409
2007-02-18,31.54939,0.2269533,0,0.0001757848
2007-02-19,13.61442,0.09793651,0,0.0001640658
2007-02-20,14.4898,0.1042336,0,0.0001531281
2007-02-21,15.01167,0.1079878,0,0.0001429196
2007-02-22,15.28846,0.1099789,0,0.0001333916
2007-02-23,20.50975,0.1475387,0,0.0001244988
2007-02-24,27.9699,0.2012039,0,0.0001161989
2007-02-25,19.63746,0.1412638,0,0.0001084523
2007-02-26,25.84203,0.1858969,0,0.0001012222
2007-02-27,17.92219,0.1289248,0,9.447401e-05
2007-02-28,17.05532,0.1226889,0,8.817575e-05
2007-03-01,16.53272,0.1189295,0,8.229736e-05
2007-03-02,14.43556,0.1038434,0,7.681087e-05
2007-03-03,18.80777,0.1352953,0,7.169015e-05
2007-03-04,26.09981,0.1877512,0,6.69108e-05
2007-03-05,27.40199,0.1971185,0,6.245008e-05
2007-03-06,32.2436,0.2319471,0,5.828674e-05
2007-03-07,36.82039,0.2648706,0,5.440096e-05
2007-03-08,23.91394,0.172027,0,5.077423e-05
2007-03-09,35.22244,0.2533756,0,4.738928e-05
2007-03-10,27.44943,0.1974599,0,4.423e-05
2007-03-11,44.96564,0.3234642,0.75539,0.05040061
2007-03-12,53.67569,0.3861207,1.53796,0.1495712
2007-03-13,58.85325,0.4233659,1.9684,0.2708265
2007-03-14,49.31121,0.3547244,1.1562,0.3298514
2007-03-15,47.87147,0.3443675,1.02588,0.3762533
2007-03-16,56.30328,0.4050224,1.75919,0.4684491
2007-03-17,15.06399,0.1083641,0,0.4372191
2007-03-18,35.85499,0.257926,0,0.4080712
2007-03-19,37.7036,0.2712241,0.0271,0.3826731
2007-03-20,26.56413,0.1910913,0,0.3571616
2007-03-21,17.21807,0.1238596,0,0.3333508
2007-03-22,21.44709,0.1542815,0,0.3111274
2007-03-23,33.08402,0.2379928,0,0.2903856
2007-03-24,40.12505,0.288643,0.2793,0.2896466
2007-03-25,60.22165,0.4332096,2.07861,0.4089108
2007-03-26,61.49516,0.4423707,2.17997,0.5269814
2007-03-27,64.207,0.4618786,2.39215,0.651326
2007-03-28,69.15625,0.4974814,2.76777,0.7924222
2007-03-29,69.48452,0.4998429,2.79219,0.9257401
2007-03-30,66.40795,0.4777113,2.56095,1.034754
2007-03-31,75.38415,0.5422824,3.222,1.18057
2007-04-01,82.27267,0.5918355,3.65328,1.345418
2007-04-02,89.09875,0.6409395,3.65328,1.499275
2007-04-03,66.54627,0.4787063,2.57146,1.570754
2007-04-04,64.78125,0.4660095,2.43648,1.628469
2007-04-05,84.96872,0.6112298,3.65328,1.763457
2007-04-06,68.60581,0.4935218,2.72668,1.827672
2007-04-07,73.36043,0.5277245,3.07645,1.910923
2007-04-08,32.21231,0.231722,0,1.783529
2007-04-09,82.8668,0.5961095,3.65328,1.908179
2007-04-10,62.60511,0.4503552,2.2674,1.932127
2007-04-11,71.56897,0.5148375,2.94599,1.999718
2007-04-12,108.1157,0.7777393,3.65328,2.109955
2007-04-13,114.5396,0.8239502,3.65328,2.212843
2007-04-14,116.136,0.835434,3.65328,2.308873
2007-04-15,115.8018,0.8330302,3.65328,2.3985
2007-04-16,120.9798,0.8702784,3.65328,2.482152
2007-04-17,122.8317,0.8836005,3.65328,2.560227
2007-04-18,96.5577,0.6945961,3.65328,2.633097
2007-04-19,105.9801,0.7623768,3.65328,2.701109
2007-04-20,98.38117,0.7077134,3.65328,2.764587
2007-04-21,102.4866,0.7372459,3.65328,2.823834
2007-04-22,120.911,0.8697838,3.65328,2.87913
2007-04-23,136.5421,0.9822272,3.65328,2.93074
2007-04-24,140.8453,1.013183,3.65328,2.978909
2007-04-25,144.6907,1.040845,3.65328,3.023867
2007-04-26,144.2376,1.037585,3.65328,3.065828
2007-04-27,143.6784,1.033563,3.65328,3.104992
2007-04-28,140.4155,1.010091,3.65328,3.141544
2007-04-29,112.7673,0.8112009,3.65328,3.17566
2007-04-30,125.2468,0.9009739,3.65328,3.207501
2007-05-01,117.626,0.8461528,3.65328,3.23722
2007-05-02,138.5236,0.9964812,3.65328,3.264957
2007-05-03,148.7558,1.070088,3.65328,3.290845
2007-05-04,149.392,1.074664,3.65328,3.315008
2007-05-05,142.9715,1.028478,3.65328,3.337559
2007-05-06,134.1925,0.9653249,3.65328,3.358607
2007-05-07,81.65148,0.5873669,3.65328,3.378252
2007-05-08,87.41207,0.6288062,3.65328,3.396587
2007-05-09,120.376,0.8659348,3.65328,3.4137
2007-05-10,86.12866,0.6195739,3.65328,3.429672
2007-05-11,120.3691,0.8658853,3.65328,3.444579
2007-05-12,112.1481,0.8067471,3.65328,3.458493
2007-05-13,138.6354,0.9972859,3.65328,3.471479
2007-05-14,126.4295,0.9094812,3.65328,3.483599
2007-05-15,84.52762,0.6080567,3.65328,3.494911
2007-05-16,119.0764,0.8565862,3.65328,3.505469
2007-05-17,100.416,0.7223511,3.65328,3.515323
2007-05-18,136.8816,0.9846694,3.65328,3.52452
2007-05-19,161.7717,1.163719,3.65328,3.533104
2007-05-20,161.5842,1.16237,3.65328,3.541116
2007-05-21,164.9882,1.186856,3.65328,3.548593
2007-05-22,148.2663,1.066566,3.65328,3.555572
2007-05-23,121.3454,0.8729086,3.65328,3.562086
2007-05-24,140.189,1.008461,3.65328,3.568166
2007-05-25,121.2332,0.8721012,3.65328,3.57384
2007-05-26,109.0196,0.7842419,3.65328,3.579136
2007-05-27,110.1314,0.7922399,3.65328,3.584079
2007-05-28,72.70053,0.5229775,3.02857,3.547045
2007-05-29,86.32476,0.6209846,3.65328,3.554127
2007-05-30,76.24436,0.5484704,3.28332,3.536074
2007-05-31,83.65851,0.6018047,3.65328,3.543887
2007-06-01,102.1413,0.7347621,3.65328,3.55118
2007-06-02,115.9703,0.834242,3.65328,3.557987
2007-06-03,116.312,0.8367002,3.65328,3.56434
2007-06-04,116.2816,0.8364817,3.65328,3.570269
2007-06-05,112.6263,0.810187,3.65328,3.575803
2007-06-06,127.2467,0.91536,3.65328,3.580968
2007-06-07,131.679,0.9472441,3.65328,3.585789
2007-06-08,138.8263,0.9986587,3.65328,3.590288
2007-06-09,122.1326,0.8785716,3.65328,3.594488
2007-06-10,137.8619,0.9917213,3.65328,3.598407
2007-06-11,138.8798,0.9990434,3.65328,3.602066
2007-06-12,110.5092,0.7949576,3.65328,3.60548
2007-06-13,101.866,0.7327818,3.65328,3.608667
2007-06-14,127.3669,0.9162248,3.65328,3.611641
2007-06-15,93.58696,0.6732258,3.65328,3.614417
2007-06-16,109.864,0.7903162,3.65328,3.617008
2007-06-17,129.3996,0.9308468,3.65328,3.619426
2007-06-18,93.79622,0.6747311,3.65328,3.621683
2007-06-19,135.1105,0.9719292,3.65328,3.623789
2007-06-20,119.7449,0.8613952,3.65328,3.625755
2007-06-21,52.22443,0.3756809,1.41311,3.478246
2007-06-22,95.87559,0.6896893,3.65328,3.489915
2007-06-23,105.3149,0.7575919,3.65328,3.500806
2007-06-24,112.1889,0.8070401,3.65328,3.510971
2007-06-25,104.5911,0.7523848,3.65328,3.520458
2007-06-26,94.51488,0.6799009,3.65328,3.529313
2007-06-27,98.40826,0.7079083,3.65328,3.537577
2007-06-28,95.46354,0.6867252,3.65328,3.545291
2007-06-29,104.1967,0.7495475,3.65328,3.55249
2007-06-30,118.1182,0.8496933,3.65328,3.559209
2007-07-01,129.3451,0.9304551,3.65328,3.565481
2007-07-02,57.09908,0.4107472,1.82503,3.449451
2007-07-03,95.67315,0.688233,3.65328,3.463039
2007-07-04,93.36927,0.6716599,3.65328,3.475722
2007-07-05,74.5858,0.5365394,3.16481,3.454994
2007-07-06,90.05604,0.6478258,3.65328,3.468214
2007-07-07,118.0388,0.8491219,3.65328,3.480551
2007-07-08,125.3617,0.9017999,3.65328,3.492067
2007-07-09,46.74925,0.3362947,0.92265,3.320772
2007-07-10,75.26299,0.5414108,3.21334,3.31361
2007-07-11,89.66478,0.6450113,3.65328,3.336255
2007-07-12,79.10881,0.569076,3.48524,3.346187
2007-07-13,107.8069,0.7755182,3.65328,3.36666
2007-07-14,121.6503,0.8751019,3.65328,3.385768
2007-07-15,121.3008,0.8725874,3.65328,3.403602
2007-07-16,116.2289,0.8361025,3.65328,3.420247
2007-07-17,128.3204,0.9230837,3.65328,3.435783
2007-07-18,89.68768,0.645176,3.65328,3.450283
2007-07-19,103.7329,0.7462116,3.65328,3.463816
2007-07-20,112.8723,0.8119564,3.65328,3.476447
2007-07-21,105.7851,0.7609743,3.65328,3.488236
2007-07-22,74.45366,0.5355888,3.15531,3.466041
2007-07-23,109.8197,0.7899975,3.65328,3.478523
2007-07-24,85.58233,0.6156438,3.65328,3.490174
2007-07-25,98.32876,0.7073364,3.65328,3.501047
2007-07-26,118.0472,0.8491825,3.65328,3.511196
2007-07-27,103.2909,0.7430317,3.65328,3.520668
2007-07-28,72.93793,0.5246852,3.04582,3.489012
2007-07-29,50.76463,0.3651797,1.28546,3.342108
2007-07-30,69.54618,0.5002864,2.79678,3.305753
2007-07-31,46.1269,0.3318178,0.86474,3.143019
2007-08-01,96.87982,0.6969133,3.65328,3.177036
2007-08-02,94.86763,0.6824384,3.65328,3.208786
2007-08-03,74.91903,0.5389365,3.18871,3.207448
2007-08-04,97.69321,0.7027645,3.65328,3.23717
2007-08-05,109.6605,0.7888525,3.65328,3.26491
2007-08-06,112.2068,0.8071694,3.65328,3.290802
2007-08-07,105.754,0.7607506,3.65328,3.314967
2007-08-08,83.1737,0.5983172,3.65328,3.337521
2007-08-09,68.79681,0.4948958,2.74096,3.29775
2007-08-10,40.8714,0.2940119,0.35502,3.101568
2007-08-11,43.24528,0.3110886,0.5901,2.934137
2007-08-12,88.93942,0.6397934,3.65328,2.98208
2007-08-13,91.21054,0.6561308,3.65328,3.026827
2007-08-14,105.5129,0.7590159,3.65328,3.06859
2007-08-15,99.49972,0.7157597,3.65328,3.10757
2007-08-16,39.24885,0.28234,0.18923,2.913014
2007-08-17,73.79289,0.5308355,3.10771,2.925993
2007-08-18,90.48279,0.6508957,3.65328,2.974479
2007-08-19,90.03592,0.6476811,3.65328,3.019733
2007-08-20,64.33776,0.4628192,2.40226,2.978568
2007-08-21,71.75437,0.5161712,2.95957,2.977301
2007-08-22,76.07419,0.5472462,3.27122,2.996896
2007-08-23,81.2209,0.5842695,3.63203,3.039238
2007-08-24,94.70236,0.6812495,3.65328,3.080174
2007-08-25,100.153,0.7204589,3.65328,3.118381
2007-08-26,95.44722,0.6866078,3.65328,3.154041
2007-08-27,75.35423,0.5420671,3.21987,3.15843
2007-08-28,62.68913,0.4509597,2.27399,3.099467
2007-08-29,74.49128,0.5358594,3.15801,3.10337
2007-08-30,85.23261,0.6131281,3.65328,3.140031
2007-08-31,57.87001,0.4162929,1.88833,3.056584
2007-09-01,64.75975,0.4658548,2.43482,3.015133
2007-09-02,82.18582,0.5912108,3.65328,3.057676
2007-09-03,48.87213,0.3515658,1.1167,2.928278
2007-09-04,52.56662,0.3781425,1.44273,2.829241
2007-09-05,56.42118,0.4058706,1.76897,2.758556
2007-09-06,72.75731,0.5233859,3.0327,2.776833
2007-09-07,38.90216,0.279846,0.15323,2.601926
2007-09-08,30.76036,0.2212773,0,2.428464
2007-09-09,53.20542,0.3827378,1.49772,2.366415
2007-09-10,29.58882,0.2128497,0,2.208654
2007-09-11,45.99573,0.3308742,0.85248,2.118242
2007-09-12,51.62548,0.3713723,1.36099,2.067759
2007-09-13,63.09478,0.4538777,2.30571,2.083622
2007-09-14,77.99015,0.5610288,3.40679,2.171833
2007-09-15,71.96813,0.5177089,2.9752,2.225391
2007-09-16,83.22017,0.5986515,3.65328,2.320584
2007-09-17,85.23591,0.6131518,3.65328,2.40943
2007-09-18,22.53499,0.1621074,0,2.248801
2007-09-19,51.90892,0.3734113,1.3857,2.191261
2007-09-20,74.09667,0.5330208,3.12962,2.253818
2007-09-21,81.80669,0.5884834,3.65328,2.347116
2007-09-22,85.20042,0.6128965,3.65328,2.434194
2007-09-23,82.98626,0.5969688,3.65328,2.515466
2007-09-24,87.97961,0.6328889,3.65328,2.59132
2007-09-25,36.50857,0.2626275,0,2.418566
2007-09-26,42.82485,0.3080643,0.54908,2.293933
2007-09-27,9.169096,0.06595868,0,2.141004
2007-09-28,17.2965,0.1244239,0,1.998271
2007-09-29,37.05129,0.2665316,0,1.865053
2007-09-30,53.12842,0.3821839,1.49111,1.840123
2007-10-01,65.33762,0.4700117,2.47923,1.88273
2007-10-02,20.7334,0.1491475,0,1.757215
2007-10-03,46.08665,0.3315282,0.86098,1.697466
2007-10-04,53.68625,0.3861966,1.53887,1.686893
2007-10-05,34.90416,0.2510861,0,1.574433
2007-10-06,29.76956,0.2141499,0,1.469471
2007-10-07,38.45864,0.2766555,0.10686,1.37863
2007-10-08,52.46181,0.3773885,1.43367,1.3823
2007-10-09,38.53961,0.277238,0.11535,1.297836
2007-10-10,40.00649,0.2877901,0.26719,1.229127
2007-10-11,34.33704,0.2470064,0,1.147185
2007-10-12,20.10397,0.1446196,0,1.070706
2007-10-13,36.07165,0.2594845,0,0.9993254
2007-10-14,46.11374,0.3317231,0.86351,0.9902711
2007-10-15,54.98642,0.3955495,1.64907,1.034191
2007-10-16,58.94019,0.4239913,1.97544,1.096941
2007-10-17,58.84803,0.4233284,1.96797,1.15501
2007-10-18,24.72112,0.1778335,0,1.078009
2007-10-19,28.05683,0.2018292,0,1.006142
2007-10-20,26.22027,0.1886177,0,0.9390655
2007-10-21,16.53871,0.1189726,0,0.8764612
2007-10-22,21.64232,0.1556859,0,0.8180304
2007-10-23,7.376168,0.0530611,0,0.7634951
2007-10-24,5.701483,0.0410141,0,0.7125954
2007-10-25,7.136789,0.0513391,0,0.665089
2007-10-26,7.324633,0.05269037,0,0.6207498
2007-10-27,14.23635,0.1024104,0,0.5793664
2007-10-28,31.9683,0.2299667,0,0.540742
2007-10-29,35.64193,0.2563932,0,0.5046925
2007-10-30,12.41141,0.08928253,0,0.4710464
2007-10-31,25.4635,0.1831739,0,0.4396433
2007-11-01,24.56018,0.1766758,0,0.4103337
2007-11-02,9.863439,0.0709535,0,0.3829782
2007-11-03,11.77621,0.08471317,0,0.3574463
2007-11-04,14.28642,0.1027706,0,0.3336165
2007-11-05,23.08035,0.1660304,0,0.3113754
2007-11-06,13.57514,0.09765393,0,0.2906171
2007-11-07,5.677355,0.04084054,0,0.2712426
2007-11-08,19.82913,0.1426426,0,0.2531598
2007-11-09,13.00644,0.09356293,0,0.2362824
2007-11-10,9.663572,0.06951574,0,0.2205303
2007-11-11,5.179319,0.03725788,0,0.2058283
2007-11-12,6.19398,0.04455693,0,0.1921064
2007-11-13,7.839017,0.05639064,0,0.1792993
2007-11-14,6.382122,0.04591034,0,0.167346
2007-11-15,8.114136,0.05836973,0,0.1561896
2007-11-16,9.177994,0.06602268,0,0.145777
2007-11-17,5.778689,0.04156949,0,0.1360585
2007-11-18,10.12006,0.07279954,0,0.1269879
2007-11-19,14.85023,0.1068264,0,0.1185221
2007-11-20,13.91903,0.1001278,0,0.1106206
2007-11-21,17.14425,0.1233286,0,0.1032459
2007-11-22,14.85901,0.1068896,0,0.09636283
2007-11-23,14.69851,0.105735,0,0.08993864
2007-11-24,5.724385,0.04117885,0,0.08394273
2007-11-25,5.897607,0.04242494,0,0.07834655
2007-11-26,9.395345,0.06758622,0,0.07312344
2007-11-27,12.24445,0.08808152,0,0.06824855
2007-11-28,15.18884,0.1092622,0,0.06369864
2007-11-29,15.55901,0.1119251,0,0.05945207
2007-11-30,13.73701,0.09881834,0,0.0554886
2007-12-01,10.74008,0.07725967,0,0.05178936
2007-12-02,15.84618,0.1139909,0,0.04833673
2007-12-03,10.87927,0.07826098,0,0.04511428
2007-12-04,8.321984,0.0598649,0,0.04210667
2007-12-05,10.89263,0.07835704,0,0.03929955
2007-12-06,16.22055,0.1166839,0,0.03667958
2007-12-07,14.77071,0.1062544,0,0.03423428
2007-12-08,15.45451,0.1111733,0,0.03195199
2007-12-09,9.809564,0.07056594,0,0.02982186
2007-12-10,16.21818,0.1166669,0,0.02783374
2007-12-11,2.47124,0.01777707,0,0.02597815
2007-12-12,2.036293,0.01464825,0,0.02424628
2007-12-13,9.151044,0.06582882,0,0.02262986
2007-12-14,3.484741,0.02506778,0,0.0211212
2007-12-15,7.629447,0.05488308,0,0.01971312
2007-12-16,3.749255,0.02697059,0,0.01839891
2007-12-17,3.456437,0.02486418,0,0.01717232
2007-12-18,7.903397,0.05685377,0,0.0160275
2007-12-19,4.455531,0.03205124,0,0.014959
2007-12-20,10.08903,0.07257628,0,0.01396173
2007-12-21,12.34603,0.08881223,0,0.01303095
2007-12-22,13.24789,0.0952998,0,0.01216222
2007-12-23,12.74907,0.09171151,0,0.0113514
2007-12-24,6.790867,0.04885069,0,0.01059464
2007-12-25,13.67441,0.09836805,0,0.009888335
2007-12-26,14.9286,0.1073901,0,0.009229112
2007-12-27,18.12676,0.1303964,0,0.008613838
2007-12-28,13.30065,0.09567938,0,0.008039582
2007-12-29,15.91878,0.1145131,0,0.00750361
2007-12-30,16.40388,0.1180027,0,0.00700337
2007-12-31,6.246067,0.04493162,0,0.006536478
2008-01-01,5.053338,0.03635162,0,0.006100713
2008-01-02,9.15575,0.06586268,0,0.005693999
2008-01-03,3.65054,0.02626047,0,0.005314399
2008-01-04,10.33727,0.07436204,0,0.004960106
2008-01-05,9.399577,0.06761666,0,0.004629432
2008-01-06,5.616937,0.04040592,0,0.004320803
2008-01-07,7.21729,0.0519182,0,0.00403275
2008-01-08,16.08029,0.1156749,0,0.0037639
2008-01-09,15.26166,0.1097861,0,0.003512973
2008-01-10,19.12548,0.1375808,0,0.003278775
2008-01-11,21.65254,0.1557594,0,0.00306019
2008-01-12,14.30404,0.1028974,0,0.002856177
2008-01-13,20.00951,0.1439401,0,0.002665765
2008-01-14,22.88601,0.1646325,0,0.002488048
2008-01-15,21.58359,0.1552634,0,0.002322178
2008-01-16,8.769516,0.06308426,0,0.002167366
2008-01-17,21.12821,0.1519876,0,0.002022875
2008-01-18,14.83353,0.1067063,0,0.001888017
2008-01-19,9.386243,0.06752075,0,0.001762149
2008-01-20,13.2581,0.09537326,0,0.001644672
2008-01-21,10.2968,0.07407092,0,0.001535027
2008-01-22,7.851013,0.05647693,0,0.001432692
2008-01-23,18.6003,0.1338029,0,0.001337179
2008-01-24,21.28712,0.1531307,0,0.001248034
2008-01-25,22.94407,0.1650501,0,0.001164832
2008-01-26,23.65584,0.1701703,0,0.001087176
2008-01-27,4.412723,0.0317433,0,0.001014698
2008-01-28,11.64723,0.08378537,0,0.0009470514
2008-01-29,19.9396,0.1434372,0,0.0008839147
2008-01-30,15.83872,0.1139372,0,0.000824987
2008-01-31,19.90335,0.1431765,0,0.0007699879
2008-02-01,15.65982,0.1126503,0,0.0007186554
2008-02-02,12.43332,0.08944015,0,0.000670745
2008-02-03,21.38795,0.1538561,0,0.0006260287
2008-02-04,26.40834,0.1899707,0,0.0005842934
2008-02-05,25.71469,0.1849808,0,0.0005453405
2008-02-06,17.8938,0.1287206,0,0.0005089845
2008-02-07,24.28552,0.1746999,0,0.0004750522
2008-02-08,22.49054,0.1617876,0,0.0004433821
2008-02-09,28.45642,0.2047037,0,0.0004138232
2008-02-10,35.56171,0.2558162,0.33273,0.02256824
2008-02-11,30.52458,0.2195812,0,0.02106369
2008-02-12,13.96094,0.1004292,0,0.01965944
2008-02-13,24.70781,0.1777377,0,0.01834881
2008-02-14,7.590767,0.05460483,0,0.01712556
2008-02-15,20.1354,0.1448457,0,0.01598385
2008-02-16,17.89594,0.128736,0,0.01491826
2008-02-17,24.95983,0.1795507,0,0.01392371
2008-02-18,9.092685,0.06540901,0,0.01299546
2008-02-19,22.35949,0.1608449,0,0.0121291
2008-02-20,33.95755,0.2442765,0.14436,0.02094449
2008-02-21,31.53576,0.2268552,0,0.01954819
2008-02-22,20.59631,0.1481613,0,0.01824498
2008-02-23,40.55313,0.2917224,0.88616,0.07610598
2008-02-24,53.35427,0.3838085,2.13986,0.2136896
2008-02-25,30.69212,0.2207864,0,0.1994436
2008-02-26,42.70882,0.3072295,1.11206,0.2602847
2008-02-27,39.82489,0.2864838,0.80819,0.2968117
2008-02-28,39.88686,0.2869296,0.81486,0.3313483
2008-02-29,28.91437,0.207998,0,0.3092584
2008-03-01,17.67346,0.1271356,0,0.2886412
2008-03-02,16.10063,0.1158212,0,0.2693984
2008-03-03,26.96944,0.194007,0,0.2514385
2008-03-04,30.13555,0.2167827,0,0.234676
2008-03-05,28.80984,0.2072461,0,0.2190309
2008-03-06,36.78898,0.2646447,0.47316,0.2359728
2008-03-07,28.31332,0.2036743,0,0.2202413
2008-03-08,24.61411,0.1770637,0,0.2055586
2008-03-09,44.46228,0.3198432,1.29079,0.2779073
2008-03-10,55.19574,0.3970553,2.30569,0.4130928
2008-03-11,42.52769,0.3059266,1.09335,0.4584433
2008-03-12,45.23588,0.3254082,1.36832,0.5191018
2008-03-13,32.77747,0.2357875,0.00201,0.484629
2008-03-14,25.93091,0.1865363,0,0.4523204
2008-03-15,50.8372,0.3657017,1.90813,0.5493743
2008-03-16,37.7868,0.2718225,0.58514,0.5517587
2008-03-17,24.37422,0.175338,0,0.5149748
2008-03-18,29.31773,0.2108996,0,0.4806432
2008-03-19,32.03298,0.230432,0,0.4486003
2008-03-20,35.24001,0.253502,0.29541,0.4383876
2008-03-21,40.36904,0.2903981,0.86653,0.4669304
2008-03-22,40.79925,0.2934929,0.91232,0.4966231
2008-03-23,28.82483,0.2073539,0,0.4635149
2008-03-24,43.13826,0.3103187,1.15623,0.5096959
2008-03-25,34.83481,0.2505872,0.24808,0.4922548
2008-03-26,49.11553,0.3533167,1.74596,0.5758352
2008-03-27,57.45401,0.4133004,2.50513,0.7044548
2008-03-28,79.23283,0.5699682,3.33533,0.8798465
2008-03-29,70.78013,0.5091629,3.33533,1.043545
2008-03-30,83.54155,0.6009633,3.33533,1.196331
2008-03-31,89.06369,0.6406873,3.33533,1.338931
2008-04-01,79.82279,0.5742121,3.33533,1.472024
2008-04-02,52.81069,0.3798982,2.09033,1.513245
2008-04-03,48.0982,0.3459985,1.64864,1.522271
2008-04-04,49.00909,0.3525511,1.73583,1.536508
2008-04-05,82.29345,0.591985,3.33533,1.65643
2008-04-06,38.36519,0.2759833,0.64919,1.58928
2008-04-07,30.92981,0.2224962,0,1.483328
2008-04-08,58.31883,0.4195215,2.58044,1.556469
2008-04-09,51.85236,0.3730044,2.00233,1.586193
2008-04-10,39.2123,0.2820771,0.74191,1.529908
2008-04-11,65.6392,0.4721812,3.19685,1.641037
2008-04-12,74.87001,0.5385838,3.33533,1.75399
2008-04-13,86.31268,0.6208977,3.33533,1.859413
2008-04-14,78.68924,0.5660578,3.33533,1.957807
2008-04-15,20.92965,0.1505592,0,1.827287
2008-04-16,57.72572,0.4152549,2.52885,1.874058
2008-04-17,70.01918,0.5036889,3.33533,1.971476
2008-04-18,53.19754,0.3826811,2.12561,1.981751
2008-04-19,17.58659,0.1265106,0,1.849635
2008-04-20,31.09983,0.2237193,0,1.726326
2008-04-21,76.19632,0.5481248,3.33533,1.833593
2008-04-22,46.70428,0.3359713,1.51336,1.812244
2008-04-23,90.30677,0.6496295,3.33533,1.913783
2008-04-24,87.69043,0.6308086,3.33533,2.008553
2008-04-25,46.22347,0.3325125,1.46616,1.972393
2008-04-26,92.0082,0.6618689,3.33533,2.063256
2008-04-27,98.61498,0.7093953,3.33533,2.148061
2008-04-28,106.512,0.7662031,3.33533,2.227212
2008-04-29,46.02365,0.3310751,1.44647,2.175162
2008-04-30,93.72342,0.6742075,3.33533,2.252507
2008-05-01,84.25273,0.6060792,3.33533,2.324695
2008-05-02,82.48265,0.593346,3.33533,2.392071
2008-05-03,94.96126,0.683112,3.33533,2.454955
2008-05-04,107.0179,0.7698422,3.33533,2.513646
2008-05-05,59.89466,0.4308574,2.71621,2.527151
2008-05-06,104.7146,0.7532738,3.33533,2.581029
2008-05-07,108.888,0.7832949,3.33533,2.631316
2008-05-08,123.3756,0.8875128,3.33533,2.67825
2008-05-09,127.9631,0.9205135,3.33533,2.722056
2008-05-10,127.6621,0.9183483,3.33533,2.762941
2008-05-11,127.6039,0.9179295,3.33533,2.8011
2008-05-12,134.6858,0.9688739,3.33533,2.836715
2008-05-13,134.0894,0.9645839,3.33533,2.869956
2008-05-14,135.2026,0.9725917,3.33533,2.900981
2008-05-15,129.1756,0.9292358,3.33533,2.929938
2008-05-16,92.52832,0.6656104,3.33533,2.956964
2008-05-17,114.8726,0.8263462,3.33533,2.982188
2008-05-18,45.97171,0.3307015,1.44134,2.879465
2008-05-19,79.75646,0.5737349,3.33533,2.909856
2008-05-20,100.1458,0.7204076,3.33533,2.938221
2008-05-21,81.7987,0.5884259,3.33533,2.964695
2008-05-22,66.27897,0.4767834,3.24911,2.983656
2008-05-23,81.37751,0.5853961,3.33533,3.007101
2008-05-24,94.0496,0.6765539,3.33533,3.028983
2008-05-25,129.8648,0.9341936,3.33533,3.049406
2008-05-26,98.16638,0.7061682,3.33533,3.068468
2008-05-27,101.5088,0.7302124,3.33533,3.086258
2008-05-28,126.5052,0.9100259,3.33533,3.102863
2008-05-29,120.7755,0.8688089,3.33533,3.118361
2008-05-30,129.4658,0.9313235,3.33533,3.132826
2008-05-31,106.2398,0.7642453,3.33533,3.146326
2008-06-01,130.1893,0.9365276,3.33533,3.158926
2008-06-02,134.1194,0.9647992,3.33533,3.170686
2008-06-03,107.312,0.7719583,3.33533,3.181663
2008-06-04,98.73384,0.7102503,3.33533,3.191907
2008-06-05,124.2897,0.8940889,3.33533,3.201469
2008-06-06,125.9485,0.9060211,3.33533,3.210393
2008-06-07,125.2629,0.9010896,3.33533,3.218722
2008-06-08,127.2852,0.9156369,3.33533,3.226496
2008-06-09,133.5037,0.9603701,3.33533,3.233751
2008-06-10,144.0983,1.036584,3.33533,3.240523
2008-06-11,73.21354,0.5266678,3.33533,3.246844
2008-06-12,73.49504,0.5286929,3.33533,3.252743
2008-06-13,71.01572,0.5108577,3.33533,3.258249
2008-06-14,109.6546,0.7888098,3.33533,3.263387
2008-06-15,95.2893,0.6854717,3.33533,3.268184
2008-06-16,67.88561,0.4883409,3.33533,3.27266
2008-06-17,108.548,0.7808497,3.33533,3.276838
2008-06-18,90.55098,0.6513862,3.33533,3.280737
2008-06-19,100.7407,0.7246865,3.33533,3.284377
2008-06-20,84.75195,0.6096704,3.33533,3.287774
2008-06-21,57.60344,0.4143753,2.51819,3.236468
2008-06-22,91.40505,0.6575301,3.33533,3.243059
2008-06-23,84.96688,0.6112165,3.33533,3.24921
2008-06-24,88.54251,0.6369381,3.33533,3.254952
2008-06-25,64.43575,0.4635241,3.09788,3.24448
2008-06-26,77.07031,0.5544119,3.33533,3.250537
2008-06-27,69.19128,0.4977334,3.33533,3.25619
2008-06-28,68.90853,0.4956994,3.33533,3.261466
2008-06-29,81.8538,0.5888223,3.33533,3.26639
2008-06-30,73.70471,0.5302012,3.33533,3.270986
2008-07-01,81.66557,0.5874683,3.33533,3.275276
2008-07-02,87.94699,0.6326542,3.33533,3.279279
2008-07-03,91.26597,0.6565296,3.33533,3.283016
2008-07-04,85.92694,0.6181228,3.33533,3.286504
2008-07-05,83.95601,0.6039448,3.33533,3.289759
2008-07-06,83.03992,0.5973548,3.33533,3.292797
2008-07-07,70.97829,0.5105884,3.33533,3.295632
2008-07-08,70.27299,0.5055148,3.33533,3.298279
2008-07-09,68.0362,0.4894242,3.33533,3.300749
2008-07-10,71.68403,0.5156652,3.33533,3.303054
2008-07-11,71.89473,0.5171809,3.33533,3.305206
2008-07-12,41.1499,0.2960153,0.94942,3.148154
2008-07-13,34.46892,0.2479551,0.20503,2.951945
2008-07-14,73.35567,0.5276903,3.33533,2.977504
2008-07-15,78.14138,0.5621167,3.33533,3.001359
2008-07-16,66.83067,0.4807522,3.29399,3.020868
2008-07-17,61.67942,0.4436962,2.86785,3.010667
2008-07-18,65.85087,0.4737039,3.21416,3.024233
2008-07-19,72.39294,0.5207648,3.33533,3.044973
2008-07-20,80.99831,0.5826683,3.33533,3.06433
2008-07-21,53.95386,0.3881217,2.19419,3.006321
2008-07-22,52.57939,0.3782343,2.06917,2.943844
2008-07-23,70.91566,0.5101379,3.33533,2.969943
2008-07-24,58.83596,0.4232416,2.62519,2.94696
2008-07-25,68.50229,0.4927771,3.33533,2.972851
2008-07-26,89.97185,0.6472202,3.33533,2.997016
2008-07-27,90.42446,0.6504761,3.33533,3.01957
2008-07-28,90.54108,0.651315,3.33533,3.040621
2008-07-29,87.88663,0.63222,3.33533,3.060268
2008-07-30,78.98702,0.5681999,3.33533,3.078606
2008-07-31,93.29221,0.6711055,3.33533,3.095721
2008-08-01,78.65447,0.5658077,3.33533,3.111695
2008-08-02,54.04893,0.3888056,2.20277,3.0511
2008-08-03,73.52921,0.5289387,3.33533,3.070048
2008-08-04,71.37276,0.5134261,3.33533,3.087734
2008-08-05,79.97902,0.5753359,3.33533,3.10424
2008-08-06,83.88611,0.6034419,3.33533,3.119646
2008-08-07,87.23693,0.6275464,3.33533,3.134025
2008-08-08,77.13033,0.5548437,3.33533,3.147445
2008-08-09,64.31199,0.4626338,3.08766,3.14346
2008-08-10,67.35659,0.4845354,3.33533,3.156251
2008-08-11,80.02594,0.5756735,3.33533,3.16819
2008-08-12,56.89475,0.4092772,2.45613,3.120719
2008-08-13,76.92794,0.5533877,3.33533,3.135026
2008-08-14,75.85026,0.5456354,3.33533,3.14838
2008-08-15,11.66696,0.0839273,0,2.938488
2008-08-16,28.69375,0.206411,0,2.742589
2008-08-17,70.27992,0.5055646,3.33533,2.782105
2008-08-18,72.04922,0.5182922,3.33533,2.818987
2008-08-19,55.63618,0.4002236,2.34492,2.787382
2008-08-20,70.03363,0.5037929,3.33533,2.823912
2008-08-21,73.65379,0.5298349,3.33533,2.858007
2008-08-22,68.99322,0.4963087,3.33533,2.889828
2008-08-23,61.47155,0.4422009,2.8503,2.887193
2008-08-24,48.7659,0.3508017,1.71265,2.80889
2008-08-25,57.76509,0.4155382,2.53229,2.79045
2008-08-26,70.85097,0.5096725,3.33533,2.826775
2008-08-27,76.12645,0.5476221,3.33533,2.860679
2008-08-28,36.97162,0.2659585,0.4938,2.702887
2008-08-29,37.32561,0.268505,0.53362,2.558269
2008-08-30,68.52545,0.4929437,3.33533,2.610073
2008-08-31,77.5841,0.5581079,3.33533,2.658424
2008-09-01,56.31912,0.4051364,2.40542,2.641557
2008-09-02,64.52211,0.4641453,3.10501,2.672454
2008-09-03,69.99422,0.5035094,3.33533,2.716645
2008-09-04,53.60406,0.3856054,2.16254,2.679705
2008-09-05,58.54048,0.4211159,2.59965,2.674368
2008-09-06,56.17423,0.4040942,2.39262,2.655585
2008-09-07,34.76,0.2500491,0.2393,2.494499
2008-09-08,55.55673,0.3996521,2.33786,2.484057
2008-09-09,66.51805,0.4785033,3.26858,2.536358
2008-09-10,59.40932,0.427366,2.67459,2.545574
2008-09-11,65.0339,0.467827,3.14718,2.585681
2008-09-12,45.83527,0.3297199,1.42785,2.508492
2008-09-13,50.49754,0.3632584,1.87638,2.466351
2008-09-14,31.55774,0.2270133,0,2.301928
2008-09-15,14.22813,0.1023513,0,2.148466
2008-09-16,18.29728,0.131623,0,2.005235
2008-09-17,32.11498,0.2310218,0,1.871553
2008-09-18,42.02088,0.3022808,1.04074,1.816165
2008-09-19,32.11152,0.2309969,0,1.695087
2008-09-20,27.34582,0.1967145,0,1.582082
2008-09-21,35.74175,0.2571113,0.35353,1.500178
2008-09-22,29.45786,0.2119076,0,1.400166
2008-09-23,34.58438,0.2487857,0.21864,1.321398
2008-09-24,21.71452,0.1562052,0,1.233305
2008-09-25,24.70915,0.1777474,0,1.151084
2008-09-26,49.54239,0.3563874,1.78646,1.193443
2008-09-27,49.24512,0.354249,1.75828,1.231099
2008-09-28,57.5857,0.4142477,2.51664,1.316801
2008-09-29,48.79251,0.3509931,1.71519,1.343361
2008-09-30,40.49745,0.2913219,0.88023,1.312485
2008-10-01,43.57916,0.3134904,1.20131,1.305073
2008-10-02,49.16607,0.3536804,1.75077,1.334787
2008-10-03,38.40127,0.2762428,0.65317,1.289345
2008-10-04,41.27947,0.2969474,0.96308,1.267594
2008-10-05,49.28408,0.3545293,1.76198,1.300553
2008-10-06,18.24202,0.1312255,0,1.21385
2008-10-07,42.3118,0.3043736,1.07099,1.204326
2008-10-08,61.20003,0.4402477,2.82733,1.312526
2008-10-09,16.85469,0.1212456,0,1.225024
2008-10-10,44.31763,0.3188027,1.27621,1.228437
2008-10-11,59.5312,0.4282428,2.68505,1.325544
2008-10-12,58.62372,0.4217148,2.60685,1.410965
2008-10-13,55.53788,0.3995165,2.33618,1.472646
2008-10-14,15.80957,0.1137275,0,1.374469
2008-10-15,40.45728,0.2910329,0.87595,1.341235
2008-10-16,25.27304,0.1818038,0,1.251819
2008-10-17,33.32198,0.2397045,0.06811,1.172905
2008-10-18,39.38353,0.2833088,0.7605,1.145411
2008-10-19,37.54575,0.2700886,0.55826,1.106268
2008-10-20,47.24398,0.3398536,1.56601,1.136918
2008-10-21,51.51406,0.3705708,1.97105,1.192526
2008-10-22,7.721366,0.05554431,0,1.113025
2008-10-23,34.50161,0.2481903,0.20889,1.052749
2008-10-24,35.15912,0.2529201,0.28599,1.001632
2008-10-25,40.93805,0.2944914,0.92703,0.9966582
2008-10-26,42.80475,0.3079196,1.12195,1.005011
2008-10-27,15.13017,0.1088402,0,0.9380103
2008-10-28,12.52088,0.09007003,0,0.8754763
2008-10-29,6.930449,0.04985478,0,0.8171112
2008-10-30,15.93147,0.1146044,0,0.7626371
2008-10-31,26.44107,0.1902061,0,0.7117946
2008-11-01,33.03311,0.2376265,0.03313,0.6665503
2008-11-02,35.70924,0.2568775,0.34978,0.6454323
2008-11-03,22.64046,0.1628661,0,0.6024035
2008-11-04,22.48998,0.1617836,0,0.5622433
2008-11-05,27.19916,0.1956595,0,0.5247604
2008-11-06,17.39306,0.1251185,0,0.4897763
2008-11-07,11.61545,0.08355677,0,0.4571246
2008-11-08,12.57707,0.09047424,0,0.4266496
2008-11-09,26.72102,0.19222,0,0.3982063
2008-11-10,23.74365,0.170802,0,0.3716592
2008-11-11,26.03713,0.1873003,0,0.3468819
2008-11-12,20.36802,0.1465191,0,0.3237565
2008-11-13,21.71319,0.1561957,0,0.3021727
2008-11-14,22.83211,0.1642447,0,0.2820279
2008-11-15,29.19041,0.2099837,0,0.263226
2008-11-16,16.97172,0.1220875,0,0.2456776
2008-11-17,18.61599,0.1339157,0,0.2292991
2008-11-18,18.56473,0.133547,0,0.2140125
2008-11-19,8.878848,0.06387076,0,0.199745
2008-11-20,4.558212,0.03278989,0,0.1864287
2008-11-21,7.377209,0.05306858,0,0.1740001
2008-11-22,9.382497,0.06749379,0,0.1624001
2008-11-23,9.026633,0.06493386,0,0.1515734
2008-11-24,7.853734,0.05649651,0,0.1414685
2008-11-25,8.953316,0.06440644,0,0.1320373
2008-11-26,12.68325,0.09123803,0,0.1232348
2008-11-27,15.29643,0.1100362,0,0.1150191
2008-11-28,16.11308,0.1159108,0,0.1073512
2008-11-29,8.179091,0.05883699,0,0.1001945
2008-11-30,12.57147,0.09043398,0,0.09351482
2008-12-01,8.297881,0.05969152,0,0.0872805
2008-12-02,12.2706,0.08826959,0,0.0814618
2008-12-03,13.357,0.09608473,0,0.07603101
2008-12-04,14.15355,0.1018148,0,0.07096228
2008-12-05,15.01772,0.1080312,0,0.06623146
2008-12-06,6.718291,0.0483286,0,0.06181603
2008-12-07,2.511095,0.01806378,0,0.05769496
2008-12-08,12.73931,0.09164129,0,0.05384863
2008-12-09,15.41438,0.1108847,0,0.05025872
2008-12-10,6.664627,0.04794257,0,0.04690814
2008-12-11,5.465998,0.03932013,0,0.04378093
2008-12-12,3.230333,0.02323767,0,0.0408622
2008-12-13,11.03836,0.07940538,0,0.03813805
2008-12-14,11.37857,0.08185271,0,0.03559552
2008-12-15,13.68506,0.09844465,0,0.03322248
2008-12-16,3.339506,0.02402303,0,0.03100765
2008-12-17,3.195226,0.02298513,0,0.02894047
2008-12-18,5.94378,0.04275709,0,0.02701111
2008-12-19,4.410792,0.03172941,0,0.02521037
2008-12-20,4.473919,0.03218352,0,0.02352968
2008-12-21,9.962632,0.07166705,0,0.02196103
2008-12-22,9.301452,0.06691079,0,0.02049696
2008-12-23,9.031071,0.06496578,0,0.0191305
2008-12-24,2.835305,0.02039601,0,0.01785513
2008-12-25,7.149552,0.05143092,0,0.01666479
2008-12-26,6.413088,0.0461331,0,0.0155538
2008-12-27,4.304603,0.03096553,0,0.01451688
2008-12-28,8.480946,0.06100841,0,0.01354909
2008-12-29,9.70375,0.06980475,0,0.01264582
2008-12-30,12.38622,0.08910136,0,0.01180276
2008-12-31,14.12391,0.1016015,0,0.01101591
2009-01-01,2.05898,0.01481145,0,0.01028152
2009-01-02,6.078623,0.0437271,0,0.009596085
2009-01-03,9.157179,0.06587295,0,0.008956346
2009-01-04,8.05987,0.05797937,0,0.008359256
2009-01-05,2.946038,0.02119258,0,0.007801972
2009-01-06,2.031962,0.01461709,0,0.007281841
2009-01-07,5.848228,0.04206973,0,0.006796385
2009-01-08,10.24685,0.07371163,0,0.006343292
2009-01-09,10.96103,0.07884914,0,0.005920406
2009-01-10,15.73114,0.1131633,0,0.005525712
2009-01-11,15.92522,0.1145594,0,0.005157332
2009-01-12,19.98636,0.1437736,0,0.00481351
2009-01-13,21.68379,0.1559842,0,0.004492609
2009-01-14,16.29138,0.1171934,0,0.004193102
2009-01-15,10.08679,0.07256018,0,0.003913562
2009-01-16,19.8333,0.1426726,0,0.003652657
2009-01-17,15.61314,0.1123145,0,0.003409147
2009-01-18,17.67344,0.1271354,0,0.00318187
2009-01-19,18.61193,0.1338865,0,0.002969746
2009-01-20,11.25365,0.08095411,0,0.002771763
2009-01-21,8.150708,0.05863282,0,0.002586979
2009-01-22,23.10272,0.1661914,0,0.002414513
2009-01-23,13.60118,0.09784126,0,0.002253546
2009-01-24,19.68076,0.1415752,0,0.002103309
2009-01-25,15.29294,0.1100111,0,0.001963089
2009-01-26,18.3024,0.1316599,0,0.001832216
2009-01-27,7.510854,0.05402998,0,0.001710068
2009-01-28,6.32105,0.04547102,0,0.001596064
2009-01-29,6.570143,0.04726289,0,0.00148966
2009-01-30,6.405934,0.04608164,0,0.001390349
2009-01-31,8.374936,0.06024582,0,0.001297659
2009-02-01,13.21643,0.09507356,0,0.001211148
2009-02-02,10.19543,0.07334169,0,0.001130405
2009-02-03,18.88188,0.1358284,0,0.001055045
2009-02-04,24.52525,0.1764245,0,0.0009847085
2009-02-05,26.79293,0.1927372,0,0.0009190613
2009-02-06,27.33552,0.1966404,0,0.0008577905
2009-02-07,30.98893,0.2229216,0,0.0008006045
2009-02-08,14.42791,0.1037884,0,0.0007472309
2009-02-09,23.68978,0.1704144,0,0.0006974155
2009-02-10,24.2317,0.1743128,0,0.0006509211
2009-02-11,8.020123,0.05769344,0,0.0006075264
2009-02-12,17.23072,0.1239506,0,0.0005670246
2009-02-13,20.51186,0.1475538,0,0.000529223
2009-02-14,11.7191,0.08430231,0,0.0004939414
2009-02-15,17.37247,0.1249704,0,0.000461012
2009-02-16,12.57081,0.09042917,0,0.0004302779
2009-02-17,17.4456,0.1254964,0,0.0004015927
2009-02-18,15.03719,0.1081713,0,0.0003748198
2009-02-19,18.72224,0.13468,0,0.0003498319
2009-02-20,15.06717,0.108387,0,0.0003265097
2009-02-21,14.63942,0.1053099,0,0.0003047424
2009-02-22,14.59687,0.1050038,0,0.0002844263
2009-02-23,17.86656,0.1285246,0,0.0002654645
2009-02-24,12.34445,0.08880089,0,0.0002477669
2009-02-25,31.77927,0.2286069,0,0.0002312491
2009-02-26,21.46145,0.1543848,0,0.0002158325
2009-02-27,27.73698,0.1995284,0,0.0002014436
2009-02-28,20.24779,0.1456542,0,0.0001880141
2009-03-01,40.82034,0.2936446,0.50469,0.03382148
2009-03-02,30.76917,0.2213407,0,0.03156671
2009-03-03,34.44369,0.2477737,0,0.02946227
2009-03-04,39.59511,0.2848308,0.37814,0.05270745
2009-03-05,37.7067,0.2712464,0.17803,0.06106229
2009-03-06,12.93936,0.09308042,0,0.05699147
2009-03-07,12.2748,0.08829979,0,0.05319204
2009-03-08,29.80559,0.214409,0,0.0496459
2009-03-09,33.17012,0.2386121,0,0.04633617
2009-03-10,31.87109,0.2292674,0,0.0432471
2009-03-11,21.02175,0.1512218,0,0.04036396
2009-03-12,24.86676,0.1788812,0,0.03767303
2009-03-13,26.25323,0.1888548,0,0.03516149
2009-03-14,45.12719,0.3246263,0.93138,0.09490939
2009-03-15,23.89089,0.1718612,0,0.0885821
2009-03-16,33.5287,0.2411916,0,0.08267662
2009-03-17,28.5935,0.2056898,0,0.07716485
2009-03-18,32.27241,0.2321544,0,0.07202053
2009-03-19,31.80782,0.2288123,0,0.06721916
2009-03-20,26.8036,0.192814,0,0.06273788
2009-03-21,45.31797,0.3259987,0.94969,0.121868
2009-03-22,23.92631,0.1721159,0,0.1137435
2009-03-23,23.75721,0.1708996,0,0.1061606
2009-03-24,26.09915,0.1877464,0,0.09908322
2009-03-25,38.53781,0.277225,0.26689,0.1102703
2009-03-26,30.93524,0.2225353,0,0.102919
2009-03-27,44.16739,0.3177219,0.83857,0.1519624
2009-03-28,37.98129,0.2732216,0.20753,0.1556669
2009-03-29,43.80156,0.3150902,0.80286,0.1988131
2009-03-30,46.98847,0.3380156,1.10799,0.2594249
2009-03-31,68.72041,0.4943461,2.92877,0.4373812
2009-04-01,76.40027,0.5495919,3.41335,0.6357791
2009-04-02,85.28277,0.6134889,3.41335,0.8209505
2009-04-03,95.18827,0.684745,3.41335,0.9937772
2009-04-04,95.60461,0.6877399,3.41335,1.155082
2009-04-05,68.90675,0.4956866,2.94296,1.274274
2009-04-06,78.09893,0.5618113,3.41335,1.416879
2009-04-07,94.31935,0.6784943,3.41335,1.549977
2009-04-08,87.17266,0.627084,3.41335,1.674202
2009-04-09,86.59743,0.6229461,3.41335,1.790145
2009-04-10,104.495,0.7516938,3.41335,1.898359
2009-04-11,109.425,0.7871578,3.41335,1.999358
2009-04-12,109.8817,0.7904435,3.41335,2.093624
2009-04-13,111.0292,0.7986979,3.41335,2.181606
2009-04-14,110.2131,0.7928272,3.41335,2.263722
2009-04-15,114.7782,0.8256669,3.41335,2.340364
2009-04-16,112.7617,0.811161,3.41335,2.411897
2009-04-17,34.27845,0.246585,0,2.251103
2009-04-18,59.279,0.4264286,2.18301,2.246564
2009-04-19,92.69663,0.6668211,3.41335,2.32435
2009-04-20,106.8963,0.7689679,3.41335,2.39695
2009-04-21,107.3332,0.7721106,3.41335,2.46471
2009-04-22,102.3119,0.7359893,3.41335,2.527952
2009-04-23,54.4099,0.3914023,1.7738,2.477676
2009-04-24,109.9519,0.7909482,3.41335,2.540054
2009-04-25,120.4311,0.8663316,3.41335,2.598274
2009-04-26,111.0218,0.798645,3.41335,2.652612
2009-04-27,118.2085,0.8503426,3.41335,2.703328
2009-04-28,115.0941,0.8279391,3.41335,2.750663
2009-04-29,99.80035,0.7179224,3.41335,2.794842
2009-04-30,100.3253,0.7216989,3.41335,2.836076
2009-05-01,117.0587,0.8420716,3.41335,2.874561
2009-05-02,130.7279,0.9404021,3.41335,2.91048
2009-05-03,131.722,0.9475534,3.41335,2.944005
2009-05-04,77.6817,0.55881,3.41335,2.975294
2009-05-05,67.83646,0.4879874,2.86124,2.967691
2009-05-06,48.32094,0.3476008,1.23185,2.851968
2009-05-07,107.89,0.7761161,3.41335,2.889393
2009-05-08,108.0851,0.7775194,3.41335,2.924324
2009-05-09,113.1543,0.8139851,3.41335,2.956926
2009-05-10,87.19399,0.6272375,3.41335,2.987354
2009-05-11,32.82137,0.2361033,0,2.788197
2009-05-12,105.5286,0.7591292,3.41335,2.829874
2009-05-13,114.9623,0.8269909,3.41335,2.868772
2009-05-14,113.6018,0.8172044,3.41335,2.905077
2009-05-15,115.5989,0.8315705,3.41335,2.938962
2009-05-16,102.6445,0.7383819,3.41335,2.970588
2009-05-17,139.7566,1.005351,3.41335,3.000106
2009-05-18,112.5948,0.8099602,3.41335,3.027655
2009-05-19,121.8259,0.8763648,3.41335,3.053368
2009-05-20,131.0204,0.9425066,3.41335,3.077367
2009-05-21,116.344,0.8369306,3.41335,3.099766
2009-05-22,66.77261,0.4803345,2.77938,3.078407
2009-05-23,132.3832,0.9523098,3.41335,3.100736
2009-05-24,136.7286,0.9835686,3.41335,3.121577
2009-05-25,151.2411,1.087966,3.41335,3.141029
2009-05-26,89.89116,0.6466398,3.41335,3.159184
2009-05-27,108.3115,0.7791479,3.41335,3.176128
2009-05-28,74.92819,0.5390024,3.39185,3.190509
2009-05-29,47.48859,0.3416132,1.15472,3.05479
2009-05-30,25.20455,0.1813111,0,2.851137
2009-05-31,66.20305,0.4762373,2.73529,2.843414
2009-06-01,104.6314,0.7526748,3.41335,2.88141
2009-06-02,125.0263,0.8993876,3.41335,2.916873
2009-06-03,70.21177,0.5050744,3.04177,2.925199
2009-06-04,82.16698,0.5910752,3.41335,2.957743
2009-06-05,86.94614,0.6254545,3.41335,2.988116
2009-06-06,69.12069,0.4972256,2.95922,2.98619
2009-06-07,114.6585,0.8248058,3.41335,3.014667
2009-06-08,115.3073,0.8294729,3.41335,3.041246
2009-06-09,114.5721,0.8241846,3.41335,3.066053
2009-06-10,123.5949,0.8890902,3.41335,3.089206
2009-06-11,83.86817,0.6033129,3.41335,3.110816
2009-06-12,86.66653,0.6234431,3.41335,3.130985
2009-06-13,128.5854,0.9249903,3.41335,3.149809
2009-06-14,130.5879,0.9393955,3.41335,3.167378
2009-06-15,107.1166,0.7705521,3.41335,3.183777
2009-06-16,92.21607,0.6633642,3.41335,3.199081
2009-06-17,126.5801,0.9105651,3.41335,3.213366
2009-06-18,109.2682,0.7860303,3.41335,3.226698
2009-06-19,103.3762,0.7436453,3.41335,3.239142
2009-06-20,118.2473,0.8506222,3.41335,3.250756
2009-06-21,87.96076,0.6327532,3.41335,3.261595
2009-06-22,71.326,0.5130897,3.12545,3.252519
2009-06-23,30.34347,0.2182784,0,3.035684
2009-06-24,36.86939,0.2652232,0.08721,2.839119
2009-06-25,50.53392,0.3635201,1.43316,2.745389
2009-06-26,62.76659,0.4515169,2.46512,2.726704
2009-06-27,33.30132,0.2395559,0,2.544924
2009-06-28,91.92597,0.6612774,3.41335,2.602819
2009-06-29,80.24344,0.5772381,3.41335,2.656854
2009-06-30,95.7526,0.6888045,3.41335,2.707287
2009-07-01,90.13187,0.6483713,3.41335,2.754358
2009-07-02,72.4717,0.5213314,3.21084,2.78479
2009-07-03,117.3912,0.844464,3.41335,2.826694
2009-07-04,107.7591,0.7751744,3.41335,2.865805
2009-07-05,109.347,0.7865967,3.41335,2.902308
2009-07-06,86.42276,0.6216895,3.41335,2.936377
2009-07-07,94.45782,0.6794904,3.41335,2.968175
2009-07-08,92.36831,0.6644594,3.41335,2.997854
2009-07-09,88.06188,0.6334807,3.41335,3.025553
2009-07-10,80.35632,0.5780501,3.41335,3.051407
2009-07-11,79.96363,0.5752253,3.41335,3.075536
2009-07-12,108.1646,0.7780916,3.41335,3.098057
2009-07-13,123.2406,0.8865416,3.41335,3.119077
2009-07-14,101.4145,0.729534,3.41335,3.138695
2009-07-15,93.37001,0.6716652,3.41335,3.157005
2009-07-16,121.4747,0.8738385,3.41335,3.174095
2009-07-17,101.7154,0.7316983,3.41335,3.190045
2009-07-18,52.88624,0.3804417,1.6416,3.086815
2009-07-19,98.33826,0.7074047,3.41335,3.108584
2009-07-20,97.32526,0.7001176,3.41335,3.128902
2009-07-21,104.0002,0.7481341,3.41335,3.147865
2009-07-22,83.53647,0.6009267,3.41335,3.165564
2009-07-23,75.26792,0.5414462,3.41335,3.182083
2009-07-24,98.61541,0.7093984,3.41335,3.197501
2009-07-25,76.15421,0.5478218,3.41335,3.211891
2009-07-26,99.26295,0.7140566,3.41335,3.225322
2009-07-27,113.8721,0.819149,3.41335,3.237857
2009-07-28,83.53801,0.6009378,3.41335,3.249556
2009-07-29,114.3203,0.8223729,3.41335,3.260476
2009-07-30,105.933,0.7620384,3.41335,3.270668
2009-07-31,103.2513,0.7427473,3.41335,3.28018
2009-08-01,115.8831,0.8336152,3.41335,3.289058
2009-08-02,96.84919,0.6966929,3.41335,3.297344
2009-08-03,54.74392,0.3938051,1.8025,3.197688
2009-08-04,96.14764,0.6916463,3.41335,3.212065
2009-08-05,106.7195,0.767696,3.41335,3.225484
2009-08-06,113.5327,0.816707,3.41335,3.238009
2009-08-07,102.3269,0.7360975,3.41335,3.249698
2009-08-08,105.1667,0.7565258,3.41335,3.260608
2009-08-09,98.60532,0.7093258,3.41335,3.270791
2009-08-10,72.08207,0.5185286,3.18187,3.264863
2009-08-11,69.29338,0.4984679,2.97233,3.245361
2009-08-12,65.41855,0.4705939,2.67425,3.207287
2009-08-13,71.89497,0.5171826,3.16794,3.204663
2009-08-14,70.75409,0.5089756,3.08258,3.196525
2009-08-15,84.19871,0.6056906,3.41335,3.21098
2009-08-16,83.38537,0.5998398,3.41335,3.224471
2009-08-17,76.02891,0.5469204,3.41335,3.237063
2009-08-18,72.38332,0.5206956,3.20428,3.234877
2009-08-19,78.75862,0.5665569,3.41335,3.246776
2009-08-20,79.40263,0.5711896,3.41335,3.257881
2009-08-21,41.43737,0.2980833,0.5675,3.078522
2009-08-22,56.26145,0.4047216,1.93168,3.002066
2009-08-23,69.54497,0.5002777,2.99139,3.001354
2009-08-24,69.23582,0.4980538,2.96796,2.999128
2009-08-25,68.90085,0.4956442,2.94251,2.995353
2009-08-26,35.59648,0.2560663,0,2.795663
2009-08-27,67.68814,0.4869204,2.84986,2.799276
2009-08-28,60.37174,0.4342893,2.27232,2.764146
2009-08-29,51.8767,0.3731795,1.55281,2.68339
2009-08-30,55.84852,0.4017511,1.89672,2.630945
2009-08-31,63.28424,0.4552406,2.50629,2.622635
2009-09-01,63.91138,0.459752,2.55594,2.618189
2009-09-02,54.73223,0.393721,1.80149,2.563742
2009-09-03,37.79334,0.2718696,0.18736,2.405317
2009-09-04,36.13581,0.259946,0.0065,2.245395
2009-09-05,26.45104,0.1902778,0,2.095702
2009-09-06,33.88739,0.2437719,0,1.955989
2009-09-07,43.63925,0.3139227,0.78696,1.878054
2009-09-08,49.40689,0.3554127,1.3313,1.841603
2009-09-09,49.48085,0.3559448,1.33803,1.808032
2009-09-10,48.09798,0.3459969,1.21127,1.768248
2009-09-11,37.50217,0.2697751,0.15597,1.660763
2009-09-12,39.79304,0.2862547,0.39875,1.576628
2009-09-13,29.16698,0.2098152,0,1.47152
2009-09-14,20.00404,0.1439008,0,1.373419
2009-09-15,32.43117,0.2332964,0,1.281857
2009-09-16,43.61031,0.3137145,0.78412,1.248675
2009-09-17,11.61279,0.08353762,0,1.16543
2009-09-18,41.3648,0.2975612,0.56015,1.125078
2009-09-19,42.46406,0.3054689,0.67072,1.094787
2009-09-20,42.64481,0.3067691,0.68873,1.067717
2009-09-21,43.28311,0.3113607,0.75194,1.046665
2009-09-22,38.7887,0.2790299,0.29347,0.996452
2009-09-23,43.1645,0.3105075,0.74024,0.9793712
2009-09-24,14.01829,0.1008418,0,0.9140798
2009-09-25,28.76265,0.2069066,0,0.8531412
2009-09-26,37.27325,0.2681284,0.13118,0.8050104
2009-09-27,39.58812,0.2847806,0.37741,0.7765037
2009-09-28,32.73474,0.2354802,0,0.7247368
2009-09-29,11.36496,0.08175478,0,0.676421
2009-09-30,24.44969,0.175881,0,0.6313263
2009-10-01,19.85794,0.1428498,0,0.5892379
2009-10-02,20.99354,0.1510188,0,0.5499553
2009-10-03,35.65803,0.2565091,0,0.5132917
2009-10-04,21.61862,0.1555154,0,0.4790722
2009-10-05,31.43486,0.2261294,0,0.4471341
2009-10-06,26.83587,0.1930461,0,0.4173251
2009-10-07,45.32505,0.3260496,0.95036,0.4528608
2009-10-08,28.91449,0.2079989,0,0.4226701
2009-10-09,38.9217,0.2799866,0.30751,0.4149927
2009-10-10,26.9298,0.1937218,0,0.3873265
2009-10-11,20.93416,0.1505917,0,0.3615048
2009-10-12,12.14372,0.08735689,0,0.3374045
2009-10-13,22.67178,0.1630914,0,0.3149108
2009-10-14,15.45186,0.1111543,0,0.2939168
2009-10-15,13.07318,0.09404301,0,0.2743223
2009-10-16,16.93885,0.121851,0,0.2560342
2009-10-17,17.2835,0.1243304,0,0.2389652
2009-10-18,19.04466,0.1369994,0,0.2230342
2009-10-19,29.54711,0.2125497,0,0.2081653
2009-10-20,28.8343,0.207422,0,0.1942876
2009-10-21,28.77502,0.2069956,0,0.1813351
2009-10-22,28.42514,0.2044787,0,0.1692461
2009-10-23,12.29735,0.08846207,0,0.157963
2009-10-24,31.41326,0.2259739,0,0.1474321
2009-10-25,23.0407,0.1657452,0,0.1376033
2009-10-26,39.58179,0.284735,0.37675,0.1535464
2009-10-27,17.23579,0.1239871,0,0.14331
2009-10-28,26.27668,0.1890235,0,0.133756
2009-10-29,23.04001,0.1657403,0,0.1248389
2009-10-30,29.06904,0.2091106,0,0.1165163
2009-10-31,29.01416,0.2087159,0,0.1087486
2009-11-01,27.49423,0.1977821,0,0.1014987
2009-11-02,7.034318,0.05060197,0,0.0947321
2009-11-03,10.49703,0.07551127,0,0.08841663
2009-11-04,13.78494,0.09916318,0,0.08252218
2009-11-05,32.94864,0.2370189,0,0.07702071
2009-11-06,31.96658,0.2299544,0,0.07188599
2009-11-07,32.40447,0.2331043,0,0.06709359
2009-11-08,16.70866,0.1201952,0,0.06262069
2009-11-09,5.300868,0.03813225,0,0.05844597
2009-11-10,11.76413,0.08462626,0,0.05454958
2009-11-11,8.482611,0.06102039,0,0.05091294
2009-11-12,27.40633,0.1971498,0,0.04751874
2009-11-13,26.48638,0.1905321,0,0.04435083
2009-11-14,25.98028,0.1868914,0,0.0413941
2009-11-15,29.65619,0.2133343,0,0.0386345
2009-11-16,16.70356,0.1201585,0,0.03605886
2009-11-17,10.79891,0.0776829,0,0.03365494
2009-11-18,25.20851,0.1813395,0,0.03141128
2009-11-19,29.41415,0.2115932,0,0.02931719
2009-11-20,26.56793,0.1911187,0,0.02736271
2009-11-21,20.34567,0.1463583,0,0.02553853
2009-11-22,19.8768,0.1429855,0,0.02383596
2009-11-23,21.96727,0.1580234,0,0.0222469
2009-11-24,21.96977,0.1580414,0,0.02076377
2009-11-25,25.4498,0.1830753,0,0.01937952
2009-11-26,26.0974,0.1877339,0,0.01808755
2009-11-27,22.46334,0.161592,0,0.01688172
2009-11-28,20.42343,0.1469177,0,0.01575627
2009-11-29,17.12195,0.1231682,0,0.01470585
2009-11-30,14.79454,0.1064258,0,0.01372546
2009-12-01,2.341588,0.01684442,0,0.01281043
2009-12-02,17.79225,0.1279901,0,0.0119564
2009-12-03,19.79365,0.1423873,0,0.01115931
2009-12-04,12.52974,0.09013375,0,0.01041535
2009-12-05,14.87633,0.1070142,0,0.009720997
2009-12-06,12.65677,0.09104759,0,0.00907293
2009-12-07,23.04626,0.1657853,0,0.008468068
2009-12-08,5.915724,0.04255527,0,0.00790353
2009-12-09,3.627166,0.02609233,0,0.007376628
2009-12-10,4.803062,0.03455124,0,0.006884853
2009-12-11,0.9623339,0.006922631,0,0.006425863
2009-12-12,5.745903,0.04133364,0,0.005997472
2009-12-13,3.682659,0.02649152,0,0.005597641
2009-12-14,5.016254,0.03608485,0,0.005224464
2009-12-15,4.827002,0.03472345,0,0.004876167
2009-12-16,4.35756,0.03134648,0,0.004551089
2009-12-17,4.859907,0.03496016,0,0.004247683
2009-12-18,0.3468868,0.00249536,0,0.003964504
2009-12-19,1.373321,0.009879105,0,0.003700204
2009-12-20,3.043765,0.02189558,0,0.003453524
2009-12-21,9.268996,0.06667731,0,0.003223289
2009-12-22,12.49392,0.08987608,0,0.003008403
2009-12-23,8.62633,0.06205425,0,0.002807843
2009-12-24,10.99574,0.0790988,0,0.002620653
2009-12-25,10.98117,0.07899402,0,0.002445943
2009-12-26,14.38916,0.1035097,0,0.00228288
2009-12-27,11.34682,0.08162431,0,0.002130688
2009-12-28,11.84312,0.08519451,0,0.001988642
2009-12-29,11.18762,0.08047907,0,0.001856066
2009-12-30,10.70955,0.07704004,0,0.001732328
2009-12-31,4.811391,0.03461115,0,0.00161684
2010-01-01,4.908313,0.03530837,0,0.00150905
2010-01-02,6.501773,0.04677106,0,0.001408447
2010-01-03,8.759313,0.06301087,0,0.001314551
2010-01-04,6.784291,0.04880338,0,0.001226914
2010-01-05,8.126952,0.05846193,0,0.00114512
2010-01-06,5.190533,0.03733854,0,0.001068778
2010-01-07,7.401423,0.05324277,0,0.0009975265
2010-01-08,6.078931,0.04372931,0,0.0009310247
2010-01-09,4.517674,0.03249827,0,0.0008689564
2010-01-10,4.559067,0.03279604,0,0.0008110259
2010-01-11,4.398588,0.03164162,0,0.0007569576
2010-01-12,7.041246,0.0506518,0,0.0007064937
2010-01-13,8.505984,0.06118852,0,0.0006593941
2010-01-14,7.297547,0.05249553,0,0.0006154345
2010-01-15,4.022086,0.02893322,0,0.0005744056
2010-01-16,9.051622,0.06511362,0,0.0005361119
2010-01-17,8.926716,0.06421509,0,0.0005003711
2010-01-18,8.37923,0.06027671,0,0.000467013
2010-01-19,10.02205,0.07209449,0,0.0004358788
2010-01-20,11.25442,0.08095961,0,0.0004068202
2010-01-21,3.730037,0.02683234,0,0.0003796989
2010-01-22,6.034329,0.04340846,0,0.0003543856
2010-01-23,6.952871,0.05001607,0,0.0003307599
2010-01-24,9.003771,0.0647694,0,0.0003087092
2010-01-25,7.911156,0.05690958,0,0.0002881286
2010-01-26,10.09074,0.07258858,0,0.00026892
2010-01-27,9.636559,0.06932142,0,0.000250992
2010-01-28,9.463852,0.06807903,0,0.0002342592
2010-01-29,14.67179,0.1055428,0,0.000218642
2010-01-30,15.00298,0.1079252,0,0.0002040658
2010-01-31,14.84673,0.1068012,0,0.0001904614
2010-02-01,18.3743,0.1321771,0,0.000177764
2010-02-02,19.10211,0.1374127,0,0.0001659131
2010-02-03,19.68031,0.141572,0,0.0001548522
2010-02-04,23.94031,0.1722167,0,0.0001445287
2010-02-05,24.58679,0.1768672,0,0.0001348935
2010-02-06,15.22967,0.1095559,0,0.0001259006
2010-02-07,10.8555,0.07808998,0,0.0001175072
2010-02-08,12.89592,0.09276788,0,0.0001096734
2010-02-09,15.60994,0.1122915,0,0.0001023618
2010-02-10,14.2527,0.1025281,0,9.553771e-05
2010-02-11,9.218081,0.06631106,0,8.916853e-05
2010-02-12,17.69357,0.1272802,0,8.322396e-05
2010-02-13,14.33196,0.1030982,0,7.76757e-05
2010-02-14,21.00384,0.1510929,0,7.249732e-05
2010-02-15,21.82355,0.1569896,0,6.766416e-05
2010-02-16,12.95602,0.09320028,0,6.315322e-05
2010-02-17,28.84673,0.2075114,0,5.8943e-05
2010-02-18,37.8112,0.2719981,0,5.501347e-05
2010-02-19,33.01496,0.2374959,0,5.134591e-05
2010-02-20,33.85346,0.2435278,0,4.792284e-05
2010-02-21,24.33116,0.1750283,0,4.472799e-05
2010-02-22,37.20145,0.2676118,0,4.174612e-05
2010-02-23,34.76912,0.2501146,0,3.896305e-05
2010-02-24,35.28441,0.2538214,0,3.636551e-05
2010-02-25,47.35623,0.3406611,0.40443,0.02699594
2010-02-26,31.82929,0.2289667,0,0.02519621
2010-02-27,47.68177,0.3430029,0.43282,0.05237113
2010-02-28,35.50743,0.2554257,0,0.04887972
2010-03-01,27.72946,0.1994742,0,0.04562107
2010-03-02,34.58178,0.248767,0,0.04257967
2010-03-03,33.9965,0.2445568,0,0.03974102
2010-03-04,33.95116,0.2442306,0,0.03709162
2010-03-05,19.94466,0.1434736,0,0.03461885
2010-03-06,20.88444,0.150234,0,0.03231092
2010-03-07,29.94409,0.2154054,0,0.03015686
2010-03-08,29.28316,0.2106509,0,0.02814641
2010-03-09,31.93248,0.2297091,0,0.02626998
2010-03-10,41.27425,0.2969098,0,0.02451865
2010-03-11,46.13914,0.3319059,0.29715,0.04269407
2010-03-12,21.97343,0.1580677,0,0.0398478
2010-03-13,18.54126,0.1333782,0,0.03719128
2010-03-14,21.29222,0.1531674,0,0.03471186
2010-03-15,35.33417,0.2541794,0,0.03239774
2010-03-16,29.22072,0.2102017,0,0.03023789
2010-03-17,51.17457,0.3681286,0.72997,0.07688669
2010-03-18,77.71149,0.5590242,2.67202,0.2498956
2010-03-19,76.69122,0.5516848,2.60479,0.4068885
2010-03-20,52.81159,0.3799047,0.86486,0.43742
2010-03-21,41.62408,0.2994264,0,0.4082586
2010-03-22,80.47063,0.5788724,2.85166,0.5711521
2010-03-23,70.68365,0.5084689,2.19921,0.6796893
2010-03-24,83.11643,0.5979051,3.02111,0.835784
2010-03-25,94.55487,0.6801886,3.41582,1.007786
2010-03-26,93.21954,0.6705828,3.41582,1.168322
2010-03-27,57.03665,0.410298,1.20158,1.170539
2010-03-28,67.17097,0.4832001,1.95356,1.222741
2010-03-29,61.14747,0.4398695,1.51518,1.242237
2010-03-30,87.88438,0.6322038,3.3201,1.380761
2010-03-31,44.72876,0.3217601,0.1705,1.300077
2010-04-01,67.31382,0.4842278,1.96368,1.344317
2010-04-02,67.97566,0.4889887,2.01044,1.388725
2010-04-03,64.28823,0.4624629,1.74665,1.412587
2010-04-04,51.52008,0.3706141,0.75866,1.368992
2010-04-05,47.08019,0.3386754,0.38026,1.303076
2010-04-06,70.76621,0.5090628,2.2049,1.363198
2010-04-07,86.716,0.623799,3.24755,1.488821
2010-04-08,96.28293,0.6926195,3.41582,1.617288
2010-04-09,60.71049,0.4367261,1.48244,1.608298
2010-04-10,51.7666,0.3723875,0.77906,1.553015
2010-04-11,23.38515,0.1682231,0,1.449481
2010-04-12,42.60622,0.3064915,0,1.352849
2010-04-13,80.50651,0.5791305,2.85398,1.452924
2010-04-14,30.0007,0.2158126,0,1.356063
2010-04-15,17.81542,0.1281567,0,1.265659
2010-04-16,52.29354,0.3761781,0.82246,1.236112
2010-04-17,77.52556,0.5576867,2.6598,1.331025
2010-04-18,85.27773,0.6134527,3.15761,1.452797
2010-04-19,96.48188,0.6940507,3.41582,1.583665
2010-04-20,79.44912,0.571524,2.78552,1.663789
2010-04-21,63.82623,0.4591394,1.71301,1.66707
2010-04-22,78.60486,0.5654508,2.73053,1.737968
2010-04-23,99.98445,0.7192467,3.41582,1.849824
2010-04-24,108.3736,0.7795949,3.41582,1.954224
2010-04-25,120.1084,0.8640101,3.41582,2.051664
2010-04-26,92.31093,0.6640466,3.41582,2.142608
2010-04-27,59.23148,0.4260867,1.37061,2.091141
2010-04-28,111.1867,0.7998311,3.41582,2.179453
2010-04-29,113.7557,0.8183115,3.41582,2.261877
2010-04-30,113.9953,0.8200353,3.41582,2.338807
2010-05-01,65.83538,0.4735924,1.85832,2.306774
2010-05-02,48.00591,0.3453346,0.46097,2.183721
2010-05-03,53.09526,0.3819453,0.88798,2.097338
2010-05-04,52.42055,0.3770917,0.83288,2.013041
2010-05-05,69.84738,0.5024531,2.14134,2.021594
2010-05-06,19.80583,0.1424749,0,1.886821
2010-05-07,80.25123,0.5772941,2.83749,1.950199
2010-05-08,95.25107,0.6851967,3.41582,2.047907
2010-05-09,86.29759,0.6207891,3.22146,2.126144
2010-05-10,76.71154,0.551831,2.60613,2.158143
2010-05-11,59.76854,0.4299501,1.4114,2.10836
2010-05-12,101.4852,0.7300423,3.41582,2.195524
2010-05-13,53.63683,0.3858411,0.93189,2.111282
2010-05-14,36.568,0.2630551,0,1.97053
2010-05-15,27.06177,0.1946712,0,1.839161
2010-05-16,77.31731,0.5561887,2.6461,1.892957
2010-05-17,81.89202,0.5890973,2.94302,1.962961
2010-05-18,61.04914,0.4391622,1.50783,1.932619
2010-05-19,25.20124,0.1812873,0,1.803778
2010-05-20,47.2603,0.339971,0.39604,1.709929
2010-05-21,71.94264,0.5175255,2.28565,1.74831
2010-05-22,107.2322,0.7713843,3.41582,1.859477
2010-05-23,90.18348,0.6487426,3.41582,1.963234
2010-05-24,82.21089,0.5913911,2.96341,2.029912
2010-05-25,84.25793,0.6061166,3.09341,2.100812
2010-05-26,74.57737,0.5364787,2.46402,2.125026
2010-05-27,69.04958,0.496714,2.08578,2.122409
2010-05-28,91.21327,0.6561505,3.41582,2.208637
2010-05-29,100.0842,0.7199644,3.41582,2.289116
2010-05-30,88.04172,0.6333357,3.32983,2.358497
2010-05-31,41.63118,0.2994774,0,2.201264
2010-06-01,40.37796,0.2904623,0,2.054513
2010-06-02,20.96752,0.1508317,0,1.917545
2010-06-03,34.09705,0.2452801,0,1.789709
2010-06-04,98.62356,0.709457,3.41582,1.898116
2010-06-05,107.4085,0.7726525,3.41582,1.999296
2010-06-06,106.4493,0.7657523,3.41582,2.093731
2010-06-07,104.3537,0.7506774,3.41582,2.181871
2010-06-08,90.58832,0.6516548,3.41582,2.264134
2010-06-09,93.85285,0.6751385,3.41582,2.340913
2010-06-10,114.257,0.8219175,3.41582,2.412573
2010-06-11,124.6208,0.8964701,3.41582,2.479457
2010-06-12,67.66644,0.4867644,1.98863,2.446735
2010-06-13,96.59502,0.6948645,3.41582,2.51134
2010-06-14,84.87456,0.6105524,3.13227,2.552736
2010-06-15,104.7504,0.753531,3.41582,2.610275
2010-06-16,115.0032,0.8272852,3.41582,2.663978
2010-06-17,127.3385,0.9160203,3.41582,2.714101
2010-06-18,86.18419,0.6199734,3.21438,2.747452
2010-06-19,98.02103,0.7051227,3.41582,2.79201
2010-06-20,96.28742,0.6926518,3.41582,2.833598
2010-06-21,85.35146,0.613983,3.16224,2.855507
2010-06-22,120.4475,0.8664492,3.41582,2.892861
2010-06-23,110.9044,0.7978004,3.41582,2.927725
2010-06-24,130.0617,0.9356097,3.41582,2.960265
2010-06-25,132.2539,0.9513795,3.41582,2.990635
2010-06-26,123.0801,0.8853869,3.41582,3.018981
2010-06-27,138.7545,0.9981425,3.41582,3.045437
2010-06-28,139.0865,1.000531,3.41582,3.070129
2010-06-29,141.2485,1.016083,3.41582,3.093175
2010-06-30,132.6124,0.953959,3.41582,3.114685
2010-07-01,126.3818,0.909138,3.41582,3.13476
2010-07-02,134.864,0.9701555,3.41582,3.153498
2010-07-03,134.1684,0.9651517,3.41582,3.170986
2010-07-04,131.0035,0.9423848,3.41582,3.187308
2010-07-05,115.9403,0.8340267,3.41582,3.202542
2010-07-06,72.28347,0.5199774,2.30892,3.142967
2010-07-07,125.9307,0.905893,3.41582,3.161158
2010-07-08,135.0619,0.9715791,3.41582,3.178135
2010-07-09,134.2824,0.9659717,3.41582,3.193981
2010-07-10,125.1971,0.900616,3.41582,3.20877
2010-07-11,129.4419,0.9311517,3.41582,3.222573
2010-07-12,125.0067,0.8992462,3.41582,3.235457
2010-07-13,109.5567,0.7881052,3.41582,3.247481
2010-07-14,123.7895,0.8904905,3.41582,3.258703
2010-07-15,86.2268,0.6202799,3.21704,3.255926
2010-07-16,109.9957,0.7912632,3.41582,3.266585
2010-07-17,77.98633,0.5610013,2.69006,3.22815
2010-07-18,71.60299,0.5150823,2.26241,3.163768
2010-07-19,108.5905,0.7811549,3.41582,3.180571
2010-07-20,116.64,0.83906,3.41582,3.196254
2010-07-21,118.3207,0.8511499,3.41582,3.210892
2010-07-22,90.17979,0.6487161,3.41582,3.224554
2010-07-23,39.51197,0.2842328,0,3.009584
2010-07-24,55.41548,0.398636,1.07423,2.88056
2010-07-25,67.34388,0.4844439,1.96581,2.819577
2010-07-26,91.47875,0.6580602,3.41582,2.859326
2010-07-27,98.94807,0.7117914,3.41582,2.896426
2010-07-28,80.10901,0.576271,2.82829,2.891884
2010-07-29,80.79735,0.5812227,2.87273,2.890607
2010-07-30,81.70467,0.5877495,2.93103,2.893302
2010-07-31,97.15085,0.6988629,3.41582,2.928136
2010-08-01,99.77911,0.7177695,3.41582,2.960648
2010-08-02,72.63896,0.5225346,2.33312,2.918813
2010-08-03,40.52689,0.2915337,0,2.724226
2010-08-04,88.70889,0.638135,3.37103,2.767346
2010-08-05,88.69803,0.6380569,3.37036,2.807547
2010-08-06,24.38826,0.1754391,0,2.620377
2010-08-07,29.2917,0.2107124,0,2.445685
2010-08-08,82.11371,0.590692,2.9572,2.479786
2010-08-09,68.14275,0.4901907,2.0222,2.44928
2010-08-10,90.23701,0.6491277,3.41582,2.513716
2010-08-11,81.19754,0.5841015,2.89848,2.539367
2010-08-12,65.90331,0.4740811,1.86319,2.494289
2010-08-13,56.43369,0.4059606,1.15447,2.404968
2010-08-14,42.4467,0.305344,0,2.244636
2010-08-15,68.1783,0.4904464,2.0247,2.229974
2010-08-16,79.60554,0.5726493,2.79567,2.267687
2010-08-17,53.41215,0.3842249,0.9137,2.177421
2010-08-18,64.6308,0.4649272,1.7715,2.15036
2010-08-19,74.65175,0.5370138,2.46901,2.171603
2010-08-20,94.79152,0.6818909,3.41582,2.254551
2010-08-21,97.54632,0.7017078,3.41582,2.331969
2010-08-22,97.85646,0.7039388,3.41582,2.404226
2010-08-23,86.78573,0.6243006,3.25189,2.460737
2010-08-24,85.65576,0.616172,3.18132,2.508775
2010-08-25,86.47672,0.6220777,3.23263,2.557032
2010-08-26,60.29053,0.4337051,1.45085,2.483287
2010-08-27,69.95094,0.5031981,2.14852,2.460969
2010-08-28,55.18381,0.3969695,1.05585,2.367295
2010-08-29,57.90634,0.4165542,1.26901,2.294076
2010-08-30,42.00455,0.3021633,0,2.141137
2010-08-31,47.09936,0.3388133,0.38194,2.023857
2010-09-01,40.35036,0.2902638,0,1.888934
2010-09-02,42.8385,0.3081624,0,1.763005
2010-09-03,67.52288,0.4857316,1.97848,1.77737
2010-09-04,59.23867,0.4261385,1.37115,1.750288
2010-09-05,61.53951,0.4426897,1.54444,1.736565
2010-09-06,71.71765,0.5159071,2.27027,1.772145
2010-09-07,71.03883,0.5110239,2.22368,1.802248
2010-09-08,49.47268,0.3558859,0.58685,1.721221
2010-09-09,51.05825,0.3672919,0.72029,1.654493
2010-09-10,66.4007,0.4776591,1.89876,1.670777
2010-09-11,78.52095,0.5648472,2.72505,1.741062
2010-09-12,82.92502,0.5965282,3.00894,1.825587
2010-09-13,26.99103,0.1941623,0,1.703881
2010-09-14,37.32695,0.2685146,0,1.590289
2010-09-15,45.03204,0.3239418,0.19795,1.497467
2010-09-16,58.50391,0.4208529,1.31499,1.485301
2010-09-17,57.00502,0.4100705,1.19911,1.466222
2010-09-18,59.04003,0.4247095,1.35601,1.458875
2010-09-19,63.40046,0.4560767,1.68189,1.473742
2010-09-20,63.85774,0.4593662,1.71531,1.489847
2010-09-21,74.67102,0.5371524,2.4703,1.55521
2010-09-22,77.02268,0.5540692,2.62668,1.626642
2010-09-23,78.22514,0.5627192,2.7057,1.698579
2010-09-24,77.83384,0.5599044,2.68005,1.76401
2010-09-25,17.98707,0.1293916,0,1.64641
2010-09-26,14.57008,0.1048111,0,1.536649
2010-09-27,14.18465,0.1020385,0,1.434206
2010-09-28,5.804294,0.04175369,0,1.338592
2010-09-29,23.8677,0.1716944,0,1.249353
2010-09-30,39.62147,0.2850205,0,1.166062
2010-10-01,48.43407,0.3484146,0.49796,1.121522
2010-10-02,46.09059,0.3315566,0.29283,1.066276
2010-10-03,55.49439,0.3992036,1.08048,1.067223
2010-10-04,43.55076,0.3132861,0.0627,1.000255
2010-10-05,51.85701,0.3730378,0.78653,0.9860065
2010-10-06,48.36817,0.3479405,0.49228,0.9530914
2010-10-07,41.57199,0.2990517,0,0.8895519
2010-10-08,55.63474,0.4002133,1.09158,0.9030205
2010-10-09,61.4517,0.4420581,1.5379,0.9453458
2010-10-10,55.56522,0.3997132,1.08608,0.9547281
2010-10-11,54.86568,0.394681,1.03053,0.9597815
2010-10-12,20.09184,0.1445324,0,0.8957961
2010-10-13,41.99039,0.3020615,0,0.8360763
2010-10-14,30.42284,0.2188493,0,0.7803379
2010-10-15,23.56588,0.1695232,0,0.7283154
2010-10-16,28.93569,0.2081514,0,0.679761
2010-10-17,41.04752,0.2952788,0,0.6344436
2010-10-18,42.23639,0.3038311,0,0.5921474
2010-10-19,24.90031,0.1791225,0,0.5526709
2010-10-20,24.85944,0.1788285,0,0.5158262
2010-10-21,31.78697,0.2286623,0,0.4814378
2010-10-22,38.93862,0.2801083,0,0.4493419
2010-10-23,44.7979,0.3222576,0.17677,0.4311704
2010-10-24,36.90747,0.265497,0,0.4024258
2010-10-25,25.09973,0.1805571,0,0.3755974
2010-10-26,30.13458,0.2167757,0,0.3505575
2010-10-27,41.1073,0.2957089,0,0.327187
2010-10-28,38.21836,0.2749271,0,0.3053746
2010-10-29,49.23011,0.354141,0.56619,0.3227623
2010-10-30,51.26144,0.3687536,0.7372,0.3503914
2010-10-31,39.38472,0.2833174,0,0.327032
2010-11-01,42.41889,0.3051439,0,0.3052299
2010-11-02,23.07114,0.1659642,0,0.2848812
2010-11-03,27.15103,0.1953132,0,0.2658891
2010-11-04,23.91123,0.1720075,0,0.2481632
2010-11-05,18.71411,0.1346215,0,0.231619
2010-11-06,10.90608,0.07845383,0,0.2161777
2010-11-07,9.824274,0.07067176,0,0.2017659
2010-11-08,13.83857,0.09954893,0,0.1883148
2010-11-09,27.11423,0.1950485,0,0.1757605
2010-11-10,28.96126,0.2083353,0,0.1640431
2010-11-11,24.11083,0.1734433,0,0.1531069
2010-11-12,26.91024,0.1935811,0,0.1428998
2010-11-13,35.97347,0.2587783,0,0.1333731
2010-11-14,32.68298,0.2351078,0,0.1244816
2010-11-15,14.84417,0.1067828,0,0.1161828
2010-11-16,4.293484,0.03088554,0,0.1084373
2010-11-17,4.370951,0.03144281,0,0.1012081
2010-11-18,4.363036,0.03138588,0,0.09446094
2010-11-19,16.26752,0.1170218,0,0.08816354
2010-11-20,14.74057,0.1060376,0,0.08228597
2010-11-21,14.78419,0.1063513,0,0.07680024
2010-11-22,6.329723,0.0455334,0,0.07168023
2010-11-23,5.071405,0.03648159,0,0.06690154
2010-11-24,7.513905,0.05405192,0,0.06244144
2010-11-25,12.95621,0.0932016,0,0.05827868
2010-11-26,6.98765,0.05026626,0,0.05439343
2010-11-27,10.98378,0.07901279,0,0.0507672
2010-11-28,13.41363,0.09649213,0,0.04738272
2010-11-29,6.748923,0.04854896,0,0.04422388
2010-11-30,7.091089,0.05101035,0,0.04127562
2010-12-01,2.635072,0.01895561,0,0.03852391
2010-12-02,3.304753,0.02377303,0,0.03595565
2010-12-03,7.061775,0.05079948,0,0.03355861
2010-12-04,9.325482,0.06708365,0,0.03132136
2010-12-05,9.730098,0.06999429,0,0.02923327
2010-12-06,10.42962,0.07502637,0,0.02728439
2010-12-07,7.655775,0.05507247,0,0.02546543
2010-12-08,6.897432,0.04961727,0,0.02376773
2010-12-09,7.042543,0.05066114,0,0.02218322
2010-12-10,6.871399,0.04943,0,0.02070434
2010-12-11,5.623623,0.04045401,0,0.01932405
2010-12-12,5.960016,0.04287389,0,0.01803578
2010-12-13,3.513694,0.02527606,0,0.01683339
2010-12-14,6.053802,0.04354855,0,0.01571117
2010-12-15,3.780743,0.0271971,0,0.01466376
2010-12-16,7.161351,0.05151579,0,0.01368617
2010-12-17,5.562901,0.04001721,0,0.01277376
2010-12-18,6.754598,0.04858978,0,0.01192218
2010-12-19,8.090977,0.05820314,0,0.01112736
2010-12-20,8.72341,0.0627526,0,0.01038554
2010-12-21,7.794012,0.0560669,0,0.009693171
2010-12-22,9.532679,0.06857414,0,0.00904696
2010-12-23,12.05226,0.08669893,0,0.008443829
2010-12-24,2.929849,0.02107612,0,0.007880907
2010-12-25,4.55286,0.03275139,0,0.007355513
2010-12-26,5.097392,0.03666853,0,0.006865146
2010-12-27,7.887198,0.05673724,0,0.006407469
2010-12-28,4.3871,0.03155898,0,0.005980305
2010-12-29,5.067818,0.03645578,0,0.005581618
2010-12-30,7.93597,0.05708808,0,0.00520951
2010-12-31,6.808421,0.04897696,0,0.004862209
2011-01-01,6.55421,0.04714827,0,0.004538062
2011-01-02,7.806219,0.05615471,0,0.004235525
2011-01-03,7.764888,0.05585739,0,0.003953156
2011-01-04,9.455333,0.06801775,0,0.003689612
2011-01-05,7.145388,0.05140096,0,0.003443638
2011-01-06,8.525748,0.0613307,0,0.003214062
2011-01-07,9.347306,0.06724065,0,0.002999792
2011-01-08,16.24253,0.1168421,0,0.002799805
2011-01-09,14.82521,0.1066464,0,0.002613152
2011-01-10,16.20723,0.1165881,0,0.002438942
2011-01-11,16.55125,0.1190629,0,0.002276346
2011-01-12,13.52748,0.09731107,0,0.002124589
2011-01-13,7.704486,0.05542288,0,0.00198295
2011-01-14,15.21458,0.1094474,0,0.001850753
2011-01-15,15.89892,0.1143702,0,0.00172737
2011-01-16,22.08336,0.1588586,0,0.001612212
2011-01-17,22.68609,0.1631944,0,0.001504731
2011-01-18,17.13895,0.1232905,0,0.001404416
2011-01-19,9.261448,0.06662302,0,0.001310788
2011-01-20,8.823853,0.06347514,0,0.001223402
2011-01-21,4.460774,0.03208896,0,0.001141842
2011-01-22,13.99509,0.1006749,0,0.001065719
2011-01-23,8.374512,0.06024277,0,0.0009946711
2011-01-24,13.64968,0.09819012,0,0.0009283597
2011-01-25,10.78953,0.07761538,0,0.0008664691
2011-01-26,10.61654,0.076371,0,0.0008087045
2011-01-27,5.720129,0.04114824,0,0.0007547908
2011-01-28,14.13252,0.1016635,0,0.0007044714
2011-01-29,16.901,0.1215788,0,0.0006575067
2011-01-30,14.51549,0.1044184,0,0.0006136729
2011-01-31,16.97582,0.122117,0,0.0005727614
2011-02-01,18.39082,0.132296,0,0.0005345773
2011-02-02,16.92016,0.1217166,0,0.0004989388
2011-02-03,12.62003,0.09078327,0,0.0004656762
2011-02-04,16.231,0.1167591,0,0.0004346311
2011-02-05,28.61851,0.2058697,0,0.0004056557
2011-02-06,25.4075,0.182771,0,0.000378612
2011-02-07,31.3407,0.225452,0,0.0003533712
2011-02-08,29.20781,0.2101089,0,0.0003298131
2011-02-09,33.17308,0.2386334,0,0.0003078256
2011-02-10,33.5151,0.2410937,0,0.0002873039
2011-02-11,12.22029,0.0879077,0,0.0002681503
2011-02-12,22.30198,0.1604312,0,0.0002502736
2011-02-13,9.507755,0.06839485,0,0.0002335887
2011-02-14,24.65785,0.1773784,0,0.0002180161
2011-02-15,28.56617,0.2054932,0,0.0002034817
2011-02-16,28.18899,0.2027799,0,0.0001899163
2011-02-17,7.368836,0.05300835,0,0.0001772552
2011-02-18,10.05508,0.07233209,0,0.0001654382
2011-02-19,8.915578,0.06413498,0,0.000154409
2011-02-20,12.13213,0.08727353,0,0.000144115
2011-02-21,13.19757,0.09493789,0,0.0001345074
2011-02-22,14.32268,0.1030314,0,0.0001255402
2011-02-23,17.49499,0.1258517,0,0.0001171709
2011-02-24,31.46131,0.2263196,0,0.0001093595
2011-02-25,37.28657,0.2682241,0,0.0001020688
2011-02-26,45.9679,0.330674,0.46431,0.03104926
2011-02-27,39.46001,0.283859,0,0.02897931
2011-02-28,57.63579,0.414608,1.447,0.123514
2011-03-01,42.26398,0.3040295,0.1199,0.1232731
2011-03-02,48.93442,0.352014,0.72751,0.1635556
2011-03-03,49.31833,0.3547756,0.76083,0.2033738
2011-03-04,60.63418,0.4361772,1.67989,0.3018083
2011-03-05,52.76203,0.3795482,1.0528,0.3518744
2011-03-06,41.78865,0.3006103,0.07429,0.3333687
2011-03-07,53.61116,0.3856565,1.123,0.3860108
2011-03-08,69.29639,0.4984895,2.31868,0.5148554
2011-03-09,78.70097,0.5661422,2.96631,0.6782857
2011-03-10,50.10801,0.3604562,0.82887,0.6883247
2011-03-11,25.09628,0.1805323,0,0.6424364
2011-03-12,76.04558,0.5470404,2.78758,0.785446
2011-03-13,70.62456,0.5080438,2.41275,0.8939329
2011-03-14,57.37704,0.4127467,1.42657,0.929442
2011-03-15,70.2223,0.5051501,2.38436,1.026437
2011-03-16,25.51215,0.1835238,0,0.9580075
2011-03-17,13.38842,0.09631073,0,0.8941403
2011-03-18,6.432977,0.04627617,0,0.8345309
2011-03-19,42.1554,0.3032485,0.10951,0.7861962
2011-03-20,51.53102,0.3706928,0.94981,0.7971038
2011-03-21,69.30948,0.4985837,2.31962,0.8986049
2011-03-22,79.10194,0.5690266,2.99304,1.038234
2011-03-23,77.98564,0.5609964,2.91845,1.163582
2011-03-24,81.39708,0.5855368,3.14482,1.295664
2011-03-25,61.7789,0.4444118,1.76708,1.327092
2011-03-26,29.12549,0.2095167,0,1.238619
2011-03-27,66.40776,0.4777099,2.11076,1.296762
2011-03-28,77.84623,0.5599935,2.9091,1.404251
2011-03-29,86.29297,0.6207559,3.46205,1.541438
2011-03-30,96.53496,0.6944325,3.66604,1.683078
2011-03-31,71.33223,0.5131345,2.4625,1.735039
2011-04-01,87.51768,0.6295659,3.54011,1.855377
2011-04-02,106.2677,0.764446,3.66604,1.976088
2011-04-03,110.8964,0.7977427,3.66604,2.088752
2011-04-04,42.83814,0.3081598,0.17454,1.961138
2011-04-05,88.11488,0.633862,3.578,2.068928
2011-04-06,84.02776,0.6044609,3.31634,2.152089
2011-04-07,97.64898,0.7024463,3.66604,2.253019
2011-04-08,74.61358,0.5367392,2.68991,2.282145
2011-04-09,74.47154,0.5357174,2.68018,2.308681
2011-04-10,101.6429,0.7311768,3.66604,2.399172
2011-04-11,105.5338,0.7591663,3.66604,2.483629
2011-04-12,53.9524,0.3881112,1.15102,2.394789
2011-04-13,22.97259,0.1652553,0,2.235136
2011-04-14,30.49184,0.2193456,0,2.086127
2011-04-15,57.13779,0.4110256,1.40764,2.040895
2011-04-16,78.33175,0.5634862,2.94163,2.100944
2011-04-17,75.48093,0.5429786,2.74918,2.144159
2011-04-18,102.4545,0.7370153,3.66604,2.245618
2011-04-19,110.8327,0.7972843,3.66604,2.340313
2011-04-20,116.1562,0.8355793,3.66604,2.428695
2011-04-21,120.6913,0.8682035,3.66604,2.511184
2011-04-22,123.8573,0.8909784,3.66604,2.588175
2011-04-23,125.3266,0.9015475,3.66604,2.660032
2011-04-24,123.0899,0.8854577,3.66604,2.7271
2011-04-25,68.82476,0.4950968,2.28505,2.69763
2011-04-26,60.25421,0.4334438,1.65075,2.627838
2011-04-27,72.49769,0.5215183,2.54387,2.62224
2011-04-28,88.35522,0.6355909,3.59321,2.686971
2011-04-29,89.59413,0.6445031,3.66604,2.752242
2011-04-30,109.1902,0.7854692,3.66604,2.813162
2011-05-01,105.0368,0.7555916,3.66604,2.870021
2011-05-02,49.59781,0.3567861,0.78499,2.731019
2011-05-03,46.38807,0.3336966,0.50223,2.582433
2011-05-04,76.43436,0.5498371,2.81393,2.597866
2011-05-05,101.0316,0.7267792,3.66604,2.669078
2011-05-06,120.2142,0.8647713,3.66604,2.735542
2011-05-07,131.8041,0.9481439,3.66604,2.797575
2011-05-08,133.9393,0.9635041,3.66604,2.855473
2011-05-09,139.743,1.005254,3.66604,2.90951
2011-05-10,142.4364,1.024628,3.66604,2.959946
2011-05-11,129.1916,0.9293511,3.66604,3.007019
2011-05-12,102.5954,0.7380287,3.66604,3.050953
2011-05-13,119.3636,0.8586525,3.66604,3.091959
2011-05-14,115.4174,0.8302651,3.66604,3.130231
2011-05-15,86.71823,0.623815,3.48921,3.154163
2011-05-16,84.96807,0.6112251,3.37704,3.169022
2011-05-17,98.32622,0.7073181,3.66604,3.202156
2011-05-18,136.0738,0.9788585,3.66604,3.233082
2011-05-19,119.2478,0.8578194,3.66604,3.261946
2011-05-20,111.5752,0.8026261,3.66604,3.288885
2011-05-21,117.5031,0.8452686,3.66604,3.314029
2011-05-22,118.581,0.8530223,3.66604,3.337496
2011-05-23,127.1582,0.9147233,3.66604,3.359399
2011-05-24,122.563,0.8816676,3.66604,3.379842
2011-05-25,120.7413,0.8685632,3.66604,3.398922
2011-05-26,122.6363,0.8821948,3.66604,3.41673
2011-05-27,91.47309,0.6580195,3.66604,3.43335
2011-05-28,101.3496,0.7290669,3.66604,3.448863
2011-05-29,114.2293,0.8217184,3.66604,3.463342
2011-05-30,117.9253,0.8483055,3.66604,3.476855
2011-05-31,97.77598,0.7033599,3.66604,3.489467
2011-06-01,25.30613,0.1820418,0,3.256836
2011-06-02,80.21819,0.5770564,3.06712,3.244188
2011-06-03,103.3185,0.7432302,3.66604,3.272312
2011-06-04,104.4803,0.7515883,3.66604,3.29856
2011-06-05,103.1471,0.7419972,3.66604,3.323059
2011-06-06,78.16513,0.5622876,2.93048,3.296887
2011-06-07,81.5419,0.5865786,3.15433,3.287383
2011-06-08,75.67184,0.5443518,2.76218,3.25237
2011-06-09,88.00716,0.633087,3.57117,3.273623
2011-06-10,82.78606,0.5955286,3.2357,3.271095
2011-06-11,79.89691,0.5747452,3.04585,3.256078
2011-06-12,82.81521,0.5957383,3.2376,3.254847
2011-06-13,57.71786,0.4151984,1.45346,3.134754
2011-06-14,77.53931,0.5577856,2.88849,3.118337
2011-06-15,79.70605,0.5733723,3.03319,3.11266
2011-06-16,77.62963,0.5584354,2.89456,3.09812
2011-06-17,79.7319,0.5735582,3.03491,3.093906
2011-06-18,47.16013,0.3392504,0.57134,2.925735
2011-06-19,64.48209,0.4638574,1.96943,2.861981
2011-06-20,57.77619,0.415618,1.45806,2.768387
2011-06-21,57.47451,0.4134478,1.43427,2.679445
2011-06-22,65.09758,0.468285,2.01485,2.635139
2011-06-23,65.23394,0.4692659,2.02488,2.594455
2011-06-24,60.67413,0.4364646,1.68295,2.533688
2011-06-25,54.98551,0.395543,1.23521,2.447123
2011-06-26,50.43495,0.3628081,0.85684,2.341104
2011-06-27,84.98057,0.611315,3.37784,2.41022
2011-06-28,85.94465,0.6182502,3.43976,2.478856
2011-06-29,84.71816,0.6094274,3.36093,2.537661
2011-06-30,23.68815,0.1704028,0,2.368483
2011-07-01,57.12439,0.4109292,1.40658,2.304356
2011-07-02,47.09926,0.3388126,0.56592,2.188461
2011-07-03,23.69928,0.1704828,0,2.042563
2011-07-04,36.90917,0.2655092,0,1.906392
2011-07-05,90.69256,0.6524047,3.66604,2.023702
2011-07-06,112.6972,0.8106967,3.66604,2.133191
2011-07-07,120.8013,0.8689946,3.66604,2.235381
2011-07-08,100.7302,0.7246111,3.66604,2.330759
2011-07-09,128.7078,0.9258705,3.66604,2.419777
2011-07-10,120.4886,0.866745,3.66604,2.502862
2011-07-11,93.80203,0.674773,3.66604,2.580407
2011-07-12,129.2831,0.9300091,3.66604,2.652782
2011-07-13,98.06789,0.7054598,3.66604,2.720333
2011-07-14,93.23494,0.6706935,3.66604,2.78338
2011-07-15,115.3619,0.8298656,3.66604,2.842224
2011-07-16,130.154,0.9362741,3.66604,2.897145
2011-07-17,106.8894,0.7689184,3.66604,2.948405
2011-07-18,102.2517,0.7355561,3.66604,2.996247
2011-07-19,130.0896,0.9358107,3.66604,3.0409
2011-07-20,29.63025,0.2131478,0,2.838173
2011-07-21,47.60102,0.342422,0.61049,2.689661
2011-07-22,48.86564,0.3515191,0.72152,2.558452
2011-07-23,96.31583,0.6928562,3.66604,2.632291
2011-07-24,108.2623,0.7787941,3.66604,2.701207
2011-07-25,97.94745,0.7045933,3.66604,2.76553
2011-07-26,109.7771,0.7896908,3.66604,2.825564
2011-07-27,111.4037,0.8013922,3.66604,2.881595
2011-07-28,105.9265,0.7619914,3.66604,2.933892
2011-07-29,72.32342,0.5202647,2.53174,2.907082
2011-07-30,29.13202,0.2095637,0,2.713276
2011-07-31,46.54254,0.3348078,0.51612,2.566799
2011-08-01,59.09028,0.425071,1.56082,2.499734
2011-08-02,97.06347,0.6982344,3.66604,2.577488
2011-08-03,106.9628,0.769446,3.66604,2.650058
2011-08-04,68.7461,0.494531,2.27943,2.625349
2011-08-05,97.86548,0.7040037,3.66604,2.694729
2011-08-06,96.6377,0.6951716,3.66604,2.759483
2011-08-07,59.40263,0.4273179,1.58505,2.681187
2011-08-08,88.7165,0.6381898,3.61605,2.743511
2011-08-09,84.42093,0.6072892,3.34175,2.783394
2011-08-10,76.31639,0.5489885,2.80594,2.784897
2011-08-11,91.83372,0.6606137,3.66604,2.84364
2011-08-12,85.295,0.6135769,3.39807,2.880602
2011-08-13,81.65362,0.5873823,3.16166,2.899339
2011-08-14,91.6772,0.6594878,3.66604,2.950452
2011-08-15,67.311,0.4842074,2.17628,2.898841
2011-08-16,81.34651,0.5851731,3.1415,2.915018
2011-08-17,99.98573,0.7192559,3.66604,2.965086
2011-08-18,94.25097,0.6780025,3.66604,3.011817
2011-08-19,68.31724,0.4914459,2.24873,2.960944
2011-08-20,98.50712,0.7086194,3.66604,3.007951
2011-08-21,94.14542,0.6772431,3.66604,3.051823
2011-08-22,105.5686,0.7594167,3.66604,3.092771
2011-08-23,109.3955,0.7869457,3.66604,3.130989
2011-08-24,92.91177,0.6683688,3.66604,3.166659
2011-08-25,106.0641,0.7629812,3.66604,3.199951
2011-08-26,108.1446,0.7779473,3.66604,3.231024
2011-08-27,20.44827,0.1470964,0,3.015622
2011-08-28,81.25302,0.5845006,3.13536,3.023605
2011-08-29,75.08035,0.5400969,2.72185,3.003488
2011-08-30,79.42509,0.5713512,3.01454,3.004224
2011-08-31,79.08299,0.5688903,2.99178,3.003395
2011-09-01,86.90907,0.6251878,3.50138,3.036594
2011-09-02,95.58683,0.687612,3.66604,3.078557
2011-09-03,97.16406,0.698958,3.66604,3.117722
2011-09-04,98.34721,0.7074691,3.66604,3.154277
2011-09-05,41.44264,0.2981212,0.04087,2.946716
2011-09-06,87.24344,0.6275931,3.52267,2.985113
2011-09-07,52.04298,0.3743757,0.99282,2.852294
2011-09-08,38.22799,0.2749963,0,2.662141
2011-09-09,66.07509,0.4753168,2.0865,2.623765
2011-09-10,79.10149,0.5690233,2.99301,2.648381
2011-09-11,94.56212,0.6802407,3.66604,2.716225
2011-09-12,83.08025,0.5976449,3.25485,2.752133
2011-09-13,67.02503,0.4821503,2.15559,2.712364
2011-09-14,81.13255,0.5836339,3.12743,2.740035
2011-09-15,79.5954,0.5725763,3.02585,2.759089
2011-09-16,77.11159,0.5547088,2.85969,2.765796
2011-09-17,75.26127,0.5413984,2.7342,2.76369
2011-09-18,30.26659,0.2177253,0,2.579444
2011-09-19,53.08647,0.381882,1.0797,2.479461
2011-09-20,66.13521,0.4757493,2.09089,2.453556
2011-09-21,70.86198,0.5097517,2.42947,2.45195
2011-09-22,60.25567,0.4334543,1.65086,2.398544
2011-09-23,67.22627,0.4835979,2.17016,2.383319
2011-09-24,79.0222,0.568453,2.98773,2.423613
2011-09-25,83.96896,0.6040379,3.31253,2.482874
2011-09-26,85.80854,0.6172711,3.43103,2.546084
2011-09-27,76.78496,0.5523592,2.83765,2.565522
2011-09-28,77.68128,0.558807,2.89803,2.587689
2011-09-29,85.23634,0.6131549,3.3943,2.641463
2011-09-30,85.71871,0.6166249,3.42527,2.693717
2011-10-01,84.93822,0.6110104,3.37511,2.739143
2011-10-02,84.42078,0.6072881,3.34174,2.779316
2011-10-03,81.95571,0.5895554,3.18146,2.806126
2011-10-04,81.40863,0.58562,3.14558,2.828756
2011-10-05,32.45166,0.2334438,0,2.640172
2011-10-06,68.72642,0.4943894,2.27803,2.61603
2011-10-07,42.70118,0.3071746,0.16155,2.452398
2011-10-08,34.04291,0.2448906,0,2.288904
2011-10-09,40.90175,0.2942303,0,2.136311
2011-10-10,25.06882,0.1803347,0,1.99389
2011-10-11,22.89046,0.1646645,0,1.860964
2011-10-12,26.828,0.1929895,0,1.7369
2011-10-13,44.43772,0.3196665,0.32429,1.642726
2011-10-14,40.04307,0.2880533,0,1.533211
2011-10-15,50.16467,0.3608638,0.83372,1.486578
2011-10-16,55.56533,0.399714,1.28205,1.472943
2011-10-17,59.83091,0.4303988,1.61816,1.482624
2011-10-18,60.84514,0.4376948,1.69603,1.496851
2011-10-19,33.56121,0.2414255,0,1.397061
2011-10-20,32.58252,0.2343851,0,1.303924
2011-10-21,44.63447,0.3210819,0.34247,1.239827
2011-10-22,47.52766,0.3418943,0.60399,1.197438
2011-10-23,48.15783,0.3464275,0.6596,1.161582
2011-10-24,28.23527,0.2031128,0,1.084143
2011-10-25,16.07706,0.1156517,0,1.011867
2011-10-26,25.2659,0.1817524,0,0.944409
2011-10-27,20.8954,0.1503129,0,0.8814484
2011-10-28,41.93014,0.3016281,0.0879,0.8285452
2011-10-29,54.32437,0.390787,1.18144,0.8520715
2011-10-30,37.37709,0.2688753,0,0.7952667
2011-10-31,49.53238,0.3563154,0.77934,0.7942049
2011-11-01,48.32272,0.3476137,0.67408,0.7861966
2011-11-02,48.66832,0.3500997,0.70432,0.7807382
2011-11-03,46.60337,0.3352454,0.52158,0.763461
2011-11-04,37.12248,0.2670438,0,0.7125636
2011-11-05,43.84162,0.3153784,0.2689,0.682986
2011-11-06,46.49106,0.3344374,0.51149,0.6715529
2011-11-07,43.46681,0.3126822,0.23383,0.6423714
2011-11-08,42.2552,0.3039664,0.11906,0.607484
2011-11-09,42.17398,0.3033821,0.11129,0.5744044
2011-11-10,10.05755,0.07234985,0,0.5361107
2011-11-11,21.07904,0.1516339,0,0.50037
2011-11-12,30.32636,0.2181553,0,0.467012
2011-11-13,38.28109,0.2753783,0,0.4358779
2011-11-14,34.28056,0.2466002,0,0.4068194
2011-11-15,12.52692,0.09011344,0,0.3796981
2011-11-16,15.05901,0.1083283,0,0.3543849
2011-11-17,20.71434,0.1490104,0,0.3307592
2011-11-18,12.81542,0.09218883,0,0.3087086
2011-11-19,20.59675,0.1481645,0,0.288128
2011-11-20,22.95681,0.1651418,0,0.2689195
2011-11-21,20.4352,0.1470024,0,0.2509915
2011-11-22,31.93994,0.2297627,0,0.2342588
2011-11-23,32.89849,0.2366581,0,0.2186415
2011-11-24,26.00241,0.1870506,0,0.2040654
2011-11-25,32.66468,0.2349762,0,0.190461
2011-11-26,19.03913,0.1369596,0,0.1777636
2011-11-27,30.00191,0.2158213,0,0.1659127
2011-11-28,23.30743,0.167664,0,0.1548519
2011-11-29,29.30813,0.2108306,0,0.1445284
2011-11-30,14.40475,0.1036218,0,0.1348932
2011-12-01,17.77834,0.12789,0,0.1259003
2011-12-02,19.15904,0.1378222,0,0.117507
2011-12-03,18.61095,0.1338795,0,0.1096732
2011-12-04,7.048108,0.05070117,0,0.1023616
2011-12-05,11.3149,0.08139471,0,0.09553751
2011-12-06,17.34801,0.1247944,0,0.08916834
2011-12-07,7.575326,0.05449376,0,0.08322379
2011-12-08,8.67499,0.06240428,0,0.07767554
2011-12-09,11.43469,0.08225645,0,0.07249717
2011-12-10,10.78147,0.07755742,0,0.06766402
2011-12-11,16.41114,0.118055,0,0.06315309
2011-12-12,15.73349,0.1131802,0,0.05894288
2011-12-13,6.581498,0.04734457,0,0.05501336
2011-12-14,16.31501,0.1173634,0,0.0513458
2011-12-15,12.84519,0.09240295,0,0.04792275
2011-12-16,4.841481,0.03482761,0,0.0447279
2011-12-17,6.724637,0.04837425,0,0.04174604
2011-12-18,5.933791,0.04268523,0,0.03896297
2011-12-19,9.773383,0.07030567,0,0.03636544
2011-12-20,9.66502,0.06952615,0,0.03394107
2011-12-21,5.910243,0.04251584,0,0.03167834
2011-12-22,10.48593,0.07543145,0,0.02956645
2011-12-23,6.618258,0.04760901,0,0.02759535
2011-12-24,7.575333,0.05449381,0,0.02575566
2011-12-25,8.48703,0.06105218,0,0.02403862
2011-12-26,8.14962,0.05862499,0,0.02243604
2011-12-27,6.217181,0.04472383,0,0.02094031
2011-12-28,15.31123,0.1101426,0,0.01954429
2011-12-29,10.48549,0.07542829,0,0.01824133
2011-12-30,6.045775,0.0434908,0,0.01702524
2011-12-31,12.73732,0.09162703,0,0.01589023
2012-01-01,9.447202,0.06795926,0,0.01483088
2012-01-02,8.609383,0.06193233,0,0.01384215
2012-01-03,13.98528,0.1006043,0,0.01291934
2012-01-04,9.704958,0.06981345,0,0.01205805
2012-01-05,5.080344,0.03654589,0,0.01125418
2012-01-06,6.979097,0.05020473,0,0.0105039
2012-01-07,6.175623,0.04442488,0,0.009803644
2012-01-08,5.777513,0.04156103,0,0.009150068
2012-01-09,6.461486,0.04648125,0,0.008540064
2012-01-10,9.509914,0.06841038,0,0.007970726
2012-01-11,9.465204,0.06808876,0,0.007439344
2012-01-12,12.24364,0.08807567,0,0.006943388
2012-01-13,6.864719,0.04938194,0,0.006480496
2012-01-14,9.409,0.06768445,0,0.006048462
2012-01-15,7.915586,0.05694145,0,0.005645232
2012-01-16,7.541135,0.0542478,0,0.005268883
2012-01-17,5.279404,0.03797785,0,0.004917624
2012-01-18,12.77428,0.09189291,0,0.004589782
2012-01-19,7.386758,0.05313728,0,0.004283797
2012-01-20,7.477255,0.05378827,0,0.00399821
2012-01-21,7.805489,0.05614945,0,0.003731663
2012-01-22,10.90654,0.07845713,0,0.003482886
2012-01-23,12.38762,0.08911138,0,0.003250693
2012-01-24,9.309704,0.06697015,0,0.00303398
2012-01-25,12.06048,0.08675811,0,0.002831715
2012-01-26,11.39492,0.08197032,0,0.002642934
2012-01-27,12.85797,0.09249488,0,0.002466738
2012-01-28,13.52004,0.09725755,0,0.002302289
2012-01-29,13.71317,0.09864684,0,0.002148803
2012-01-30,16.71926,0.1202714,0,0.00200555
2012-01-31,12.86689,0.09255907,0,0.001871846
2012-02-01,8.050759,0.05791382,0,0.001747057
2012-02-02,5.749091,0.04135658,0,0.001630586
2012-02-03,9.314828,0.06700701,0,0.00152188
2012-02-04,6.374688,0.04585687,0,0.001420422
2012-02-05,7.384342,0.05311989,0,0.001325727
2012-02-06,3.131607,0.02252749,0,0.001237345
2012-02-07,0.3441679,0.002475802,0,0.001154855
2012-02-08,10.084,0.07254014,0,0.001077865
2012-02-09,7.287613,0.05242407,0,0.001006007
2012-02-10,5.830758,0.04194405,0,0.0009389403
2012-02-11,4.512523,0.03246122,0,0.0008763442
2012-02-12,11.5592,0.0831521,0,0.0008179213
2012-02-13,9.451889,0.06799298,0,0.0007633932
2012-02-14,14.73235,0.1059784,0,0.0007125003
2012-02-15,17.07401,0.1228233,0,0.0006650003
2012-02-16,15.41547,0.1108925,0,0.0006206669
2012-02-17,27.43922,0.1973864,0,0.0005792892
2012-02-18,25.9331,0.186552,0,0.0005406699
2012-02-19,25.63521,0.1844091,0,0.0005046252
2012-02-20,21.60216,0.155397,0,0.0004709835
2012-02-21,22.71806,0.1634243,0,0.0004395846
2012-02-22,38.98379,0.2804333,0,0.000410279
2012-02-23,14.93396,0.1074287,0,0.0003829271
2012-02-24,20.48865,0.1473869,0,0.0003573986
2012-02-25,34.06875,0.2450765,0,0.000333572
2012-02-26,24.42359,0.1756932,0,0.0003113339
2012-02-27,31.04201,0.2233034,0,0.0002905783
2012-02-28,11.07713,0.07968425,0,0.0002712064
2012-02-29,17.25762,0.1241442,0,0.000253126
2012-03-01,21.89528,0.1575056,0,0.0002362509
2012-03-02,28.63118,0.2059609,0,0.0002205009
2012-03-03,42.5659,0.3062015,0.29423,0.01982113
2012-03-04,29.61879,0.2130653,0,0.01849973
2012-03-05,44.91916,0.3231298,0.51699,0.05173241
2012-03-06,44.39868,0.3193857,0.46838,0.07950892
2012-03-07,48.41077,0.3482471,0.83425,0.129825
2012-03-08,19.60273,0.1410139,0,0.12117
2012-03-09,48.10684,0.3460607,0.80722,0.1669067
2012-03-10,37.08314,0.2667607,0,0.1557795
2012-03-11,17.59522,0.1265727,0,0.1453942
2012-03-12,17.20529,0.1237677,0,0.1357013
2012-03-13,22.90028,0.1647351,0,0.1266545
2012-03-14,12.90455,0.09282999,0,0.1182109
2012-03-15,45.60208,0.3280425,0.58024,0.1490128
2012-03-16,67.54572,0.4858959,2.36874,0.2969947
2012-03-17,71.93983,0.5175053,2.68592,0.4562563
2012-03-18,64.27522,0.4623693,2.12562,0.5675473
2012-03-19,56.51976,0.4065797,1.52066,0.6310881
2012-03-20,68.15423,0.4902733,2.41328,0.7499009
2012-03-21,73.02784,0.525332,2.76293,0.8841028
2012-03-22,66.33015,0.4771516,2.27912,0.977104
2012-03-23,84.54129,0.608155,3.54629,1.148383
2012-03-24,89.76103,0.6457037,3.57512,1.310166
2012-03-25,88.89432,0.6394689,3.57512,1.461162
2012-03-26,82.30105,0.5920397,3.39796,1.590282
2012-03-27,87.64404,0.6304749,3.57512,1.722605
2012-03-28,98.96822,0.7119364,3.57512,1.846106
2012-03-29,22.1539,0.159366,0,1.723032
2012-03-30,37.42118,0.2691925,0,1.608163
2012-03-31,34.84678,0.2506733,0,1.500952
2012-04-01,61.23151,0.4404741,1.89331,1.52711
2012-04-02,27.6382,0.1988177,0,1.425302
2012-04-03,80.28206,0.5775159,3.2627,1.547795
2012-04-04,60.19882,0.4330454,1.81306,1.56548
2012-04-05,21.24905,0.1528568,0,1.461114
2012-04-06,16.48941,0.118618,0,1.363707
2012-04-07,30.30923,0.218032,0,1.272793
2012-04-08,40.14767,0.2888057,0.0568,1.191727
2012-04-09,68.50962,0.4928298,2.43921,1.274892
2012-04-10,86.56261,0.6226955,3.57512,1.428241
2012-04-11,61.73334,0.444084,1.93204,1.461827
2012-04-12,60.53902,0.4354927,1.83958,1.487011
2012-04-13,70.72288,0.5087511,2.59909,1.56115
2012-04-14,84.37473,0.6069568,3.53532,1.692761
2012-04-15,36.69527,0.2639706,0,1.57991
2012-04-16,59.45222,0.4276746,1.75455,1.591553
2012-04-17,75.61105,0.5439146,2.94353,1.681685
2012-04-18,77.05556,0.5543058,3.04321,1.772453
2012-04-19,91.88312,0.6609691,3.57512,1.892631
2012-04-20,100.7073,0.7244466,3.57512,2.004797
2012-04-21,90.55663,0.6514269,3.57512,2.109485
2012-04-22,93.27997,0.6710175,3.57512,2.207194
2012-04-23,92.03185,0.662039,3.57512,2.298389
2012-04-24,89.70592,0.6453073,3.57512,2.383504
2012-04-25,98.87145,0.7112402,3.57512,2.462945
2012-04-26,115.3404,0.829711,3.57512,2.53709
2012-04-27,125.4083,0.9021353,3.57512,2.606292
2012-04-28,139.936,1.006642,3.57512,2.670881
2012-04-29,119.2232,0.857642,3.57512,2.731164
2012-04-30,127.4179,0.9165917,3.57512,2.787427
2012-05-01,145.4609,1.046385,3.57512,2.83994
2012-05-02,135.1229,0.9720185,3.57512,2.888952
2012-05-03,90.82477,0.6533558,3.57512,2.934697
2012-05-04,130.8616,0.9413641,3.57512,2.977392
2012-05-05,78.3969,0.5639548,3.13497,2.987897
2012-05-06,44.13353,0.3174783,0.44348,2.818269
2012-05-07,80.54864,0.5794336,3.28065,2.849094
2012-05-08,119.7693,0.8615709,3.57512,2.897496
2012-05-09,96.53769,0.6944521,3.57512,2.942671
2012-05-10,135.304,0.9733212,3.57512,2.984834
2012-05-11,118.5428,0.8527479,3.57512,3.024187
2012-05-12,79.94899,0.5751199,3.24024,3.03859
2012-05-13,73.2439,0.5268862,2.77816,3.021228
2012-05-14,113.5804,0.8170502,3.57512,3.058154
2012-05-15,92.92764,0.668483,3.57512,3.092619
2012-05-16,79.54806,0.5722358,3.21314,3.100653
2012-05-17,99.45979,0.7154725,3.57512,3.132285
2012-05-18,112.2111,0.8072003,3.57512,3.161807
2012-05-19,145.2336,1.04475,3.57512,3.189361
2012-05-20,151.4517,1.089481,3.57512,3.215078
2012-05-21,112.0572,0.806093,3.57512,3.239081
2012-05-22,133.0276,0.9569452,3.57512,3.261484
2012-05-23,150.79,1.08472,3.57512,3.282393
2012-05-24,147.0066,1.057505,3.57512,3.301908
2012-05-25,139.6047,1.004258,3.57512,3.320122
2012-05-26,139.417,1.002908,3.57512,3.337122
2012-05-27,124.9054,0.8985175,3.57512,3.352989
2012-05-28,130.6546,0.9398748,3.57512,3.367797
2012-05-29,135.1701,0.9723575,3.57512,3.381619
2012-05-30,139.0023,0.9999253,3.57512,3.394519
2012-05-31,102.9993,0.7409346,3.57512,3.406559
2012-06-01,66.54002,0.4786613,2.29466,3.332432
2012-06-02,104.2637,0.75003,3.57512,3.348612
2012-06-03,61.90189,0.4452965,1.94501,3.255038
2012-06-04,85.29017,0.6135421,3.57512,3.276377
2012-06-05,65.80126,0.473347,2.23986,3.207276
2012-06-06,96.51262,0.6942718,3.57512,3.231799
2012-06-07,126.0279,0.9065927,3.57512,3.254687
2012-06-08,122.1011,0.878345,3.57512,3.276049
2012-06-09,120.9688,0.8701992,3.57512,3.295987
2012-06-10,97.72883,0.7030207,3.57512,3.314596
2012-06-11,71.07637,0.5112939,2.62439,3.268582
2012-06-12,135.6054,0.9754892,3.57512,3.289018
2012-06-13,68.16473,0.4903488,2.41405,3.230687
2012-06-14,72.73223,0.5232055,2.74207,3.198112
2012-06-15,120.153,0.8643309,3.57512,3.223246
2012-06-16,133.9126,0.9633118,3.57512,3.246704
2012-06-17,121.9582,0.8773168,3.57512,3.268599
2012-06-18,126.1164,0.9072289,3.57512,3.289034
2012-06-19,115.1427,0.8282886,3.57512,3.308106
2012-06-20,80.99923,0.5826749,3.31092,3.308294
2012-06-21,51.311,0.3691101,1.08715,3.160217
2012-06-22,120.5236,0.866997,3.57512,3.187878
2012-06-23,119.8226,0.861954,3.57512,3.213694
2012-06-24,111.0192,0.7986263,3.57512,3.237789
2012-06-25,96.93909,0.6973396,3.57512,3.260278
2012-06-26,83.86127,0.6032632,3.50145,3.276356
2012-06-27,105.8078,0.7611373,3.57512,3.296273
2012-06-28,113.2061,0.814358,3.57512,3.314863
2012-06-29,122.3745,0.8803111,3.57512,3.332214
2012-06-30,115.097,0.8279599,3.57512,3.348407
2012-07-01,80.96859,0.5824545,3.30887,3.345772
2012-07-02,91.83168,0.6605991,3.57512,3.361061
2012-07-03,70.14452,0.5045906,2.55756,3.307495
2012-07-04,101.4287,0.7296357,3.57512,3.325336
2012-07-05,105.0423,0.7556308,3.57512,3.341989
2012-07-06,90.4143,0.650403,3.57512,3.357531
2012-07-07,84.41266,0.6072297,3.53782,3.36955
2012-07-08,126.8813,0.9127315,3.57512,3.383255
2012-07-09,118.7867,0.8545021,3.57512,3.396046
2012-07-10,119.6397,0.8606382,3.57512,3.407984
2012-07-11,117.018,0.8417793,3.57512,3.419126
2012-07-12,95.30097,0.6855557,3.57512,3.429526
2012-07-13,89.11736,0.6410734,3.57512,3.439232
2012-07-14,109.4007,0.7869831,3.57512,3.448291
2012-07-15,97.03409,0.6980231,3.57512,3.456747
2012-07-16,86.45103,0.6218929,3.57512,3.464638
2012-07-17,86.37791,0.6213669,3.57512,3.472004
2012-07-18,101.0228,0.726716,3.57512,3.478878
2012-07-19,113.6036,0.8172173,3.57512,3.485294
2012-07-20,90.20822,0.6489205,3.57512,3.491283
2012-07-21,90.52121,0.6511721,3.57512,3.496872
2012-07-22,99.79919,0.717914,3.57512,3.502088
2012-07-23,131.7415,0.9476939,3.57512,3.506957
2012-07-24,137.8739,0.9918078,3.57512,3.511501
2012-07-25,127.348,0.9160885,3.57512,3.515743
2012-07-26,136.8475,0.9844245,3.57512,3.519701
2012-07-27,124.4845,0.8954903,3.57512,3.523396
2012-07-28,100.8877,0.725744,3.57512,3.526844
2012-07-29,95.76642,0.688904,3.57512,3.530062
2012-07-30,113.7854,0.8185248,3.57512,3.533066
2012-07-31,104.9571,0.7550178,3.57512,3.53587
2012-08-01,125.8676,0.9054391,3.57512,3.538486
2012-08-02,115.9654,0.8342069,3.57512,3.540929
2012-08-03,102.5971,0.7380409,3.57512,3.543208
2012-08-04,103.3664,0.743575,3.57512,3.545336
2012-08-05,103.3563,0.743502,3.57512,3.547321
2012-08-06,70.78231,0.5091786,2.60335,3.48439
2012-08-07,91.04166,0.654916,3.57512,3.490438
2012-08-08,89.09353,0.640902,3.57512,3.496084
2012-08-09,88.60376,0.6373788,3.57512,3.501353
2012-08-10,74.00112,0.5323334,2.83134,3.456685
2012-08-11,76.6135,0.5511258,3.0128,3.427093
2012-08-12,92.66843,0.6666183,3.57512,3.436962
2012-08-13,93.06488,0.6694702,3.57512,3.446172
2012-08-14,97.33255,0.7001701,3.57512,3.454769
2012-08-15,99.64288,0.7167896,3.57512,3.462792
2012-08-16,54.77581,0.3940345,1.37824,3.323822
2012-08-17,88.97129,0.6400226,3.57512,3.340575
2012-08-18,91.29879,0.6567656,3.57512,3.356211
2012-08-19,89.41572,0.6432196,3.57512,3.370805
2012-08-20,77.68003,0.5587979,3.08602,3.35182
2012-08-21,79.38254,0.5710451,3.20193,3.341827
2012-08-22,71.21985,0.5123261,2.63464,3.294681
2012-08-23,80.03256,0.5757211,3.24588,3.291428
2012-08-24,59.89923,0.4308902,1.78963,3.191308
2012-08-25,71.04574,0.5110736,2.6222,3.153367
2012-08-26,61.2132,0.4403424,1.8919,3.06927
2012-08-27,63.11542,0.4540262,2.03782,3.000506
2012-08-28,69.15286,0.497457,2.48594,2.966202
2012-08-29,73.41792,0.5281381,2.7904,2.954482
2012-08-30,39.90334,0.2870481,0.03229,2.759669
2012-08-31,27.23307,0.1959034,0,2.575691
2012-09-01,29.85548,0.2147679,0,2.403978
2012-09-02,44.86292,0.3227253,0.51176,2.27783
2012-09-03,60.6863,0.4365521,1.85104,2.249378
2012-09-04,61.1397,0.4398137,1.88621,2.225167
2012-09-05,39.99498,0.2877073,0.04149,2.079588
2012-09-06,48.94598,0.3520971,0.88161,1.999723
2012-09-07,46.31677,0.3331837,0.64578,1.90946
2012-09-08,54.47317,0.3918575,1.35325,1.872379
2012-09-09,64.04262,0.4606961,2.10808,1.888093
2012-09-10,59.20434,0.4258915,1.73504,1.877889
2012-09-11,48.75175,0.3506999,0.86446,1.810327
2012-09-12,21.30952,0.1532918,0,1.689639
2012-09-13,37.25114,0.2679693,0,1.576996
2012-09-14,48.04393,0.3456081,0.80161,1.525304
2012-09-15,34.60455,0.2489308,0,1.423617
2012-09-16,54.23264,0.3901272,1.33334,1.417598
2012-09-17,53.98013,0.3883107,1.31238,1.410584
2012-09-18,57.7293,0.4152806,1.61795,1.424408
2012-09-19,36.44752,0.2621883,0,1.329448
2012-09-20,41.64774,0.2995966,0.20515,1.254495
2012-09-21,45.78507,0.3293588,0.59708,1.210667
2012-09-22,38.43573,0.2764907,0,1.129956
2012-09-23,45.62949,0.3282397,0.58276,1.093476
2012-09-24,49.6646,0.3572665,0.94469,1.083557
2012-09-25,54.52485,0.3922292,1.35753,1.101822
2012-09-26,51.72901,0.372117,1.12288,1.103226
2012-09-27,45.84371,0.3297806,0.60247,1.069842
2012-09-28,44.19136,0.3178944,0.44892,1.028447
2012-09-29,47.60757,0.3424691,0.76257,1.010722
2012-09-30,52.72093,0.3792526,1.20697,1.023805
2012-10-01,39.93033,0.2872422,0.035,0.9578849
2012-10-02,53.02968,0.3814735,1.23295,0.9762226
2012-10-03,52.00187,0.3740799,1.14611,0.9875484
2012-10-04,31.51287,0.2266905,0,0.9217118
2012-10-05,36.74807,0.2643504,0,0.8602644
2012-10-06,45.33794,0.3261423,0.55585,0.8399701
2012-10-07,29.54615,0.2125427,0,0.7839721
2012-10-08,35.03671,0.2520396,0,0.7317073
2012-10-09,37.79108,0.2718534,0,0.6829268
2012-10-10,25.89193,0.1862558,0,0.6373983
2012-10-11,35.77543,0.2573536,0,0.5949051
2012-10-12,36.05376,0.2593558,0,0.5552448
2012-10-13,44.44981,0.3197535,0.47317,0.5497731
2012-10-14,36.77089,0.2645145,0,0.5131216
2012-10-15,16.24562,0.1168643,0,0.4789135
2012-10-16,44.34437,0.318995,0.46329,0.4778719
2012-10-17,48.34282,0.3477582,0.82822,0.5012285
2012-10-18,58.5871,0.4214513,1.68625,0.5802299
2012-10-19,61.12014,0.439673,1.88469,0.6671939
2012-10-20,63.40277,0.4560933,2.05966,0.760025
2012-10-21,61.79355,0.4445172,1.93668,0.8384686
2012-10-22,23.13885,0.1664513,0,0.7825707
2012-10-23,15.74575,0.1132684,0,0.7303993
2012-10-24,15.44889,0.1111329,0,0.6817061
2012-10-25,12.70086,0.09136472,0,0.636259
2012-10-26,26.04389,0.187349,0,0.5938417
2012-10-27,9.738701,0.07005618,0,0.5542523
2012-10-28,21.22776,0.1527037,0,0.5173021
2012-10-29,22.57253,0.1623774,0,0.4828153
2012-10-30,19.69414,0.1416715,0,0.4506276
2012-10-31,33.7053,0.242462,0,0.4205858
2012-11-01,14.93228,0.1074167,0,0.3925467
2012-11-02,29.39155,0.2114306,0,0.366377
2012-11-03,18.95996,0.1363901,0,0.3419518
2012-11-04,15.36169,0.1105056,0,0.319155
2012-11-05,25.75744,0.1852884,0,0.297878
2012-11-06,13.48976,0.09703972,0,0.2780195
2012-11-07,7.980555,0.0574088,0,0.2594849
2012-11-08,17.04586,0.1226209,0,0.2421859
2012-11-09,21.8176,0.1569468,0,0.2260401
2012-11-10,20.5005,0.1474721,0,0.2109708
2012-11-11,10.07764,0.07249435,0,0.1969061
2012-11-12,15.88309,0.1142564,0,0.183779
2012-11-13,24.22305,0.1742506,0,0.1715271
2012-11-14,24.73146,0.1779079,0,0.1600919
2012-11-15,22.62457,0.1627518,0,0.1494191
2012-11-16,19.76515,0.1421823,0,0.1394579
2012-11-17,26.19048,0.1884035,0,0.1301607
2012-11-18,11.31551,0.08139911,0,0.1214833
2012-11-19,23.68558,0.1703842,0,0.1133844
2012-11-20,8.19501,0.05895151,0,0.1058254
2012-11-21,21.47665,0.1544941,0,0.09877042
2012-11-22,19.07435,0.137213,0,0.09218573
2012-11-23,22.72451,0.1634707,0,0.08604001
2012-11-24,12.57587,0.09046558,0,0.08030401
2012-11-25,19.74503,0.1420376,0,0.07495041
2012-11-26,13.71098,0.09863113,0,0.06995371
2012-11-27,9.756207,0.07018211,0,0.06529013
2012-11-28,2.585859,0.0186016,0,0.06093746
2012-11-29,2.384088,0.01715014,0,0.05687496
2012-11-30,7.688345,0.05530677,0,0.0530833
2012-12-01,8.85127,0.06367237,0,0.04954441
2012-12-02,8.565742,0.0616184,0,0.04624145
2012-12-03,8.296249,0.05967978,0,0.04315869
2012-12-04,10.76522,0.0774405,0,0.04028144
2012-12-05,8.132292,0.05850034,0,0.03759601
2012-12-06,6.102501,0.04389886,0,0.03508961
2012-12-07,8.44236,0.06073084,0,0.0327503
2012-12-08,7.187249,0.05170209,0,0.03056695
2012-12-09,7.888687,0.05674795,0,0.02852915
2012-12-10,6.992861,0.05030374,0,0.02662721
2012-12-11,4.172762,0.03001712,0,0.02485206
2012-12-12,6.466401,0.04651661,0,0.02319526
2012-12-13,10.14667,0.07299092,0,0.02164891
2012-12-14,11.55808,0.083144,0,0.02020565
2012-12-15,9.928941,0.07142469,0,0.0188586
2012-12-16,13.33074,0.09589583,0,0.01760136
2012-12-17,10.06351,0.07239273,0,0.01642794
2012-12-18,7.309544,0.05258183,0,0.01533274
2012-12-19,5.629336,0.04049511,0,0.01431056
2012-12-20,9.728039,0.06997948,0,0.01335652
2012-12-21,8.946949,0.06436064,0,0.01246609
2012-12-22,4.148657,0.02984372,0,0.01163502
2012-12-23,3.801629,0.02734734,0,0.01085935
2012-12-24,8.558226,0.06156433,0,0.01013539
2012-12-25,16.59344,0.1193663,0,0.009459699
2012-12-26,11.13732,0.08011728,0,0.008829052
2012-12-27,12.10428,0.08707319,0,0.008240449
2012-12-28,9.446217,0.06795217,0,0.007691085
2012-12-29,17.86356,0.1285031,0,0.007178346
2012-12-30,12.05707,0.08673357,0,0.00669979
2012-12-31,15.75922,0.1133653,0,0.006253137
2013-01-01,8.56061,0.06158148,0,0.005836261
2013-01-02,9.283652,0.06678275,0,0.005447177
2013-01-03,5.26138,0.03784818,0,0.005084032
2013-01-04,8.467775,0.06091366,0,0.004745097
2013-01-05,6.745158,0.04852187,0,0.004428757
2013-01-06,4.621462,0.03324488,0,0.004133506
2013-01-07,6.269271,0.04509854,0,0.003857939
2013-01-08,4.494651,0.03233266,0,0.003600743
2013-01-09,7.52928,0.05416252,0,0.003360694
2013-01-10,8.156698,0.0586759,0,0.003136648
2013-01-11,5.530186,0.03978187,0,0.002927538
2013-01-12,6.602083,0.04749265,0,0.002732369
2013-01-13,6.653947,0.04786574,0,0.002550211
2013-01-14,6.937603,0.04990624,0,0.002380197
2013-01-15,7.682057,0.05526154,0,0.002221517
2013-01-16,4.543013,0.03268055,0,0.002073416
2013-01-17,4.225895,0.03039934,0,0.001935188
2013-01-18,4.384518,0.03154041,0,0.001806175
2013-01-19,3.917047,0.02817762,0,0.001685764
2013-01-20,5.993199,0.04311259,0,0.00157338
2013-01-21,4.63415,0.03333615,0,0.001468488
2013-01-22,4.032094,0.02900522,0,0.001370588
2013-01-23,5.178123,0.03724927,0,0.001279216
2013-01-24,4.637947,0.03336347,0,0.001193935
2013-01-25,4.932487,0.03548227,0,0.001114339
2013-01-26,7.747718,0.05573387,0,0.00104005
2013-01-27,11.60281,0.0834658,0,0.0009707132
2013-01-28,17.62537,0.1267896,0,0.000905999
2013-01-29,10.69293,0.07692051,0,0.0008455991
2013-01-30,20.32494,0.1462092,0,0.0007892258
2013-01-31,19.29713,0.1388155,0,0.0007366107
2013-02-01,16.60046,0.1194168,0,0.0006875033
2013-02-02,6.660897,0.04791573,0,0.0006416698
2013-02-03,12.53371,0.0901623,0,0.0005988918
2013-02-04,10.59999,0.07625194,0,0.0005589657
2013-02-05,16.47916,0.1185442,0,0.0005217013
2013-02-06,17.46451,0.1256325,0,0.0004869212
2013-02-07,16.59117,0.11935,0,0.0004544598
2013-02-08,15.54286,0.1118089,0,0.0004241625
2013-02-09,16.01534,0.1152077,0,0.000395885
2013-02-10,18.36426,0.1321049,0,0.0003694927
2013-02-11,13.95825,0.1004099,0,0.0003448598
2013-02-12,7.449891,0.05359143,0,0.0003218692
2013-02-13,8.265233,0.05945666,0,0.0003004112
2013-02-14,13.43771,0.09666532,0,0.0002803838
2013-02-15,14.26293,0.1026016,0,0.0002616915
2013-02-16,13.74467,0.09887347,0,0.0002442454
2013-02-17,12.88207,0.09266825,0,0.0002279624
2013-02-18,15.70408,0.1129686,0,0.0002127649
2013-02-19,12.75856,0.09177982,0,0.0001985806
2013-02-20,13.63517,0.09808579,0,0.0001853419
2013-02-21,10.58872,0.0761709,0,0.0001729858
2013-02-22,8.505322,0.06118377,0,0.0001614534
2013-02-23,10.53718,0.07580012,0,0.0001506898
2013-02-24,15.84139,0.1139564,0,0.0001406438
2013-02-25,17.89675,0.1287418,0,0.0001312676
2013-02-26,13.94536,0.1003171,0,0.0001225164
2013-02-27,12.19445,0.08772184,0,0.0001143486
2013-02-28,17.33834,0.1247248,0,0.0001067254
2013-03-01,15.47204,0.1112994,0,9.961037e-05
2013-03-02,23.595,0.1697327,0,9.296968e-05
2013-03-03,19.96348,0.143609,0,8.67717e-05
2013-03-04,34.59583,0.2488681,0,8.098692e-05
2013-03-05,42.07225,0.3026504,0.08659,0.005848254
2013-03-06,50.80458,0.3654671,0.87232,0.06361304
2013-03-07,40.9477,0.2945608,0,0.05937217
2013-03-08,21.159,0.1522091,0,0.05541402
2013-03-09,16.14681,0.1161535,0,0.05171976
2013-03-10,34.48008,0.2480354,0,0.04827177
2013-03-11,7.984523,0.05743735,0,0.04505365
2013-03-12,13.83178,0.09950008,0,0.04205008
2013-03-13,14.20782,0.1022052,0,0.03924674
2013-03-14,22.11116,0.1590585,0,0.03663029
2013-03-15,24.45666,0.1759311,0,0.03418827
2013-03-16,35.7472,0.2571505,0,0.03190905
2013-03-17,42.42065,0.3051566,0.11986,0.03777245
2013-03-18,35.2031,0.2532365,0,0.03525429
2013-03-19,21.89631,0.1575129,0,0.032904
2013-03-20,45.20787,0.3252067,0.37981,0.05603107
2013-03-21,23.49573,0.1690185,0,0.05229566
2013-03-22,19.51703,0.1403975,0,0.04880928
2013-03-23,25.55708,0.1838471,0,0.04555533
2013-03-24,33.96469,0.2443279,0,0.04251831
2013-03-25,36.33799,0.2614005,0,0.03968376
2013-03-26,42.9091,0.3086703,0.16621,0.04811884
2013-03-27,43.90635,0.3158441,0.25977,0.06222892
2013-03-28,26.60968,0.191419,0,0.05808032
2013-03-29,29.85921,0.2147948,0,0.0542083
2013-03-30,44.75018,0.3219142,0.33786,0.07311841
2013-03-31,31.26082,0.2248774,0,0.06824385
2013-04-01,37.64403,0.2707956,0,0.06369426
2013-04-02,46.50421,0.334532,0.49719,0.09259398
2013-04-03,23.62404,0.1699415,0,0.08642105
2013-04-04,18.46177,0.1328063,0,0.08065964
2013-04-05,19.87379,0.1429638,0,0.07528233
2013-04-06,22.25458,0.1600902,0,0.07026351
2013-04-07,58.84805,0.4233285,1.52499,0.1672453
2013-04-08,71.43778,0.5138938,2.45134,0.3195183
2013-04-09,72.45291,0.5211962,2.52208,0.4663557
2013-04-10,60.10292,0.4323555,1.62198,0.5433973
2013-04-11,75.38271,0.542272,2.72344,0.6887335
2013-04-12,58.39212,0.4200487,1.48946,0.7421153
2013-04-13,82.57598,0.5940174,3.20203,0.9061096
2013-04-14,88.76049,0.6385062,3.40207,1.072507
2013-04-15,113.3689,0.8155287,3.40207,1.227811
2013-04-16,94.19061,0.6775682,3.40207,1.372762
2013-04-17,115.5429,0.8311681,3.40207,1.508049
2013-04-18,101.6591,0.7312931,3.40207,1.634317
2013-04-19,69.47392,0.4997666,2.31301,1.679563
2013-04-20,53.50204,0.3848715,1.09768,1.640771
2013-04-21,96.86848,0.6968317,3.40207,1.758191
2013-04-22,88.03806,0.6333094,3.40207,1.867783
2013-04-23,109.0641,0.7845617,3.40207,1.970069
2013-04-24,116.3826,0.837208,3.40207,2.065535
2013-04-25,113.1357,0.8138514,3.40207,2.154638
2013-04-26,112.5556,0.8096783,3.40207,2.2378
2013-04-27,29.82849,0.2145738,0,2.088613
2013-04-28,58.2965,0.4193608,1.48198,2.048171
2013-04-29,70.60136,0.5078769,2.39267,2.071138
2013-04-30,49.13997,0.3534926,0.72956,1.981699
2013-05-01,48.40236,0.3481866,0.66534,1.893942
2013-05-02,43.5684,0.313413,0.22822,1.782894
2013-05-03,52.72557,0.3792859,1.03353,1.732936
2013-05-04,73.213,0.526664,2.57471,1.789054
2013-05-05,104.5309,0.7519517,3.40207,1.896589
2013-05-06,89.91542,0.6468143,3.40207,1.996954
2013-05-07,71.35785,0.5133188,2.44575,2.026874
2013-05-08,112.0153,0.8057914,3.40207,2.118554
2013-05-09,99.0429,0.7124736,3.40207,2.204121
2013-05-10,55.73478,0.4009329,1.27907,2.142451
2013-05-11,71.02223,0.5109045,2.42224,2.161104
2013-05-12,89.47392,0.6436383,3.40207,2.243835
2013-05-13,85.198,0.6128791,3.37153,2.319015
2013-05-14,101.6806,0.731448,3.40207,2.391218
2013-05-15,127.959,0.920484,3.40207,2.458608
2013-05-16,122.3018,0.8797885,3.40207,2.521506
2013-05-17,122.4763,0.8810439,3.40207,2.58021
2013-05-18,80.8615,0.5816841,3.08984,2.614185
2013-05-19,135.0424,0.9714388,3.40207,2.666711
2013-05-20,121.7393,0.8757421,3.40207,2.715735
2013-05-21,105.1211,0.7561976,3.40207,2.761491
2013-05-22,58.51041,0.4208996,1.49869,2.677304
2013-05-23,85.90217,0.6179446,3.40207,2.725622
2013-05-24,62.36332,0.4486159,1.79381,2.663501
2013-05-25,69.5187,0.5000887,2.31619,2.640347
2013-05-26,41.36515,0.2975638,0.01849,2.465556
2013-05-27,42.92317,0.3087715,0.16754,2.312355
2013-05-28,56.97984,0.4098893,1.37836,2.250089
2013-05-29,90.95029,0.6542587,3.40207,2.326888
2013-05-30,22.63565,0.1628315,0,2.171762
2013-05-31,57.91044,0.4165837,1.45174,2.12376
2013-06-01,20.23778,0.1455822,0,1.982176
2013-06-02,21.04134,0.1513627,0,1.850031
2013-06-03,24.01592,0.1727606,0,1.726696
2013-06-04,49.65005,0.3571619,0.77362,1.663157
2013-06-05,92.44963,0.6650444,3.40207,1.779085
2013-06-06,95.493,0.6869371,3.40207,1.887284
2013-06-07,100.5179,0.7230845,3.40207,1.98827
2013-06-08,84.24586,0.6060298,3.31026,2.076402
2013-06-09,74.12915,0.5332544,2.63778,2.113828
2013-06-10,64.85109,0.4665119,1.97896,2.104836
2013-06-11,100.1469,0.7204154,3.40207,2.191319
2013-06-12,101.6244,0.7310439,3.40207,2.272035
2013-06-13,109.2122,0.7856276,3.40207,2.347371
2013-06-14,92.5425,0.6657124,3.40207,2.417684
2013-06-15,110.3326,0.7936867,3.40207,2.48331
2013-06-16,116.2007,0.8358996,3.40207,2.544561
2013-06-17,121.0374,0.8706926,3.40207,2.601728
2013-06-18,130.8347,0.9411708,3.40207,2.655084
2013-06-19,130.0464,0.9355001,3.40207,2.704883
2013-06-20,118.2462,0.8506143,3.40207,2.751362
2013-06-21,118.8536,0.8549836,3.40207,2.794743
2013-06-22,124.3889,0.8948023,3.40207,2.835231
2013-06-23,110.5951,0.7955755,3.40207,2.873021
2013-06-24,87.7866,0.6315004,3.40207,2.90829
2013-06-25,41.99975,0.3021288,0.07964,2.719714
2013-06-26,59.82107,0.430328,1.60029,2.645086
2013-06-27,73.29814,0.5272764,2.58058,2.640785
2013-06-28,92.24173,0.6635488,3.40207,2.691537
2013-06-29,72.82871,0.5238996,2.54813,2.681977
2013-06-30,93.56603,0.6730753,3.40207,2.729983
2013-07-01,122.8346,0.8836213,3.40207,2.774789
2013-07-02,130.4686,0.938537,3.40207,2.816608
2013-07-03,91.08422,0.6552221,3.40207,2.855639
2013-07-04,99.17274,0.7134076,3.40207,2.892067
2013-07-05,85.0626,0.6119051,3.36284,2.923452
2013-07-06,121.5462,0.874353,3.40207,2.95536
2013-07-07,126.7661,0.9119028,3.40207,2.985141
2013-07-08,125.6395,0.9037987,3.40207,3.012936
2013-07-09,129.1162,0.9288085,3.40207,3.038878
2013-07-10,119.4971,0.8596129,3.40207,3.063091
2013-07-11,63.30993,0.4554254,1.86474,2.983201
2013-07-12,105.6624,0.7600917,3.40207,3.011126
2013-07-13,110.4814,0.7947577,3.40207,3.037189
2013-07-14,111.38,0.8012214,3.40207,3.061514
2013-07-15,112.346,0.8081709,3.40207,3.084218
2013-07-16,133.5315,0.9605699,3.40207,3.105408
2013-07-17,135.5305,0.97495,3.40207,3.125185
2013-07-18,136.3438,0.9808007,3.40207,3.143644
2013-07-19,136.1781,0.9796085,3.40207,3.160873
2013-07-20,115.9791,0.8343055,3.40207,3.176952
2013-07-21,139.6562,1.004629,3.40207,3.19196
2013-07-22,140.4316,1.010207,3.40207,3.205968
2013-07-23,142.6296,1.026018,3.40207,3.219041
2013-07-24,128.2709,0.9227278,3.40207,3.231243
2013-07-25,105.6549,0.7600378,3.40207,3.242632
2013-07-26,134.0649,0.9644072,3.40207,3.253261
2013-07-27,127.6387,0.9181801,3.40207,3.263181
2013-07-28,118.5877,0.8530711,3.40207,3.272441
2013-07-29,85.36824,0.6141037,3.38245,3.279775
2013-07-30,108.6975,0.7819245,3.40207,3.287928
2013-07-31,87.64744,0.6304994,3.40207,3.295537
2013-08-01,122.8464,0.8837062,3.40207,3.302639
2013-08-02,120.4845,0.8667158,3.40207,3.309268
2013-08-03,111.2632,0.8003813,3.40207,3.315455
2013-08-04,79.9747,0.5753049,3.03137,3.296516
2013-08-05,99.87853,0.7184848,3.40207,3.303553
2013-08-06,77.58192,0.5580922,2.87203,3.274785
2013-08-07,100.1834,0.7206777,3.40207,3.28327
2013-08-08,81.09708,0.5833788,3.10532,3.271407
2013-08-09,39.19008,0.2819172,0,3.053313
2013-08-10,81.42152,0.5857127,3.12661,3.0582
2013-08-11,79.59119,0.5725461,3.00599,3.054719
2013-08-12,85.44238,0.6146371,3.3872,3.076884
2013-08-13,67.0628,0.482422,2.14032,3.014447
2013-08-14,85.35808,0.6140307,3.3818,3.038937
2013-08-15,91.87621,0.6609194,3.40207,3.063146
2013-08-16,102.4529,0.7370038,3.40207,3.085741
2013-08-17,90.76203,0.6529044,3.40207,3.106829
2013-08-18,88.20439,0.6345058,3.40207,3.126512
2013-08-19,46.35287,0.3334434,0.48359,2.950317
2013-08-20,53.18156,0.3825661,1.07127,2.825047
2013-08-21,74.2149,0.5338712,2.64366,2.812955
2013-08-22,88.36616,0.6356696,3.40207,2.852229
2013-08-23,54.21813,0.3900228,1.15634,2.73917
2013-08-24,80.75142,0.5808923,3.0826,2.762065
2013-08-25,62.50137,0.4496089,1.80419,2.698207
2013-08-26,71.28198,0.512773,2.44044,2.681023
2013-08-27,62.66491,0.4507854,1.81648,2.623386
2013-08-28,63.05,0.4535556,1.84532,2.571515
2013-08-29,87.96379,0.632775,3.40207,2.626886
2013-08-30,83.03406,0.5973126,3.23182,2.667215
2013-08-31,75.82665,0.5454655,2.7536,2.672974
2013-09-01,65.25871,0.4694442,2.00892,2.628703
2013-09-02,36.00317,0.2589919,0,2.453456
2013-09-03,21.72077,0.1562503,0,2.289893
2013-09-04,55.44592,0.3988549,1.25585,2.220957
2013-09-05,92.89491,0.6682475,3.40207,2.299697
2013-09-06,93.41925,0.6720194,3.40207,2.373189
2013-09-07,96.32732,0.6929388,3.40207,2.441781
2013-09-08,80.19987,0.5769247,3.04625,2.482079
2013-09-09,40.62198,0.2922177,0,2.316607
2013-09-10,51.44983,0.3701088,0.92688,2.223959
2013-09-11,47.41864,0.3411101,0.57873,2.114277
2013-09-12,43.15273,0.3104229,0.18919,1.985938
2013-09-13,52.99332,0.381212,1.05571,1.923922
2013-09-14,71.31903,0.5130396,2.44304,1.95853
2013-09-15,29.22943,0.2102644,0,1.827962
2013-09-16,40.99606,0.2949087,0,1.706097
2013-09-17,51.67927,0.3717593,0.94618,1.655436
2013-09-18,36.13267,0.2599235,0,1.545074
2013-09-19,46.73809,0.3362145,0.51814,1.476612
2013-09-20,38.08077,0.2739373,0,1.378171
2013-09-21,40.30785,0.289958,0,1.286293
2013-09-22,45.03318,0.32395,0.36383,1.224795
2013-09-23,30.67016,0.2206284,0,1.143142
2013-09-24,34.51866,0.2483129,0,1.066933
2013-09-25,32.27949,0.2322053,0,0.9958039
2013-09-26,22.84595,0.1643443,0,0.929417
2013-09-27,46.45439,0.3341737,0.49271,0.9003032
2013-09-28,55.44109,0.3988202,1.25546,0.9239803
2013-09-29,57.09691,0.4107315,1.38763,0.9548903
2013-09-30,58.61801,0.4216736,1.50708,0.9917029
2013-10-01,53.26161,0.383142,1.07787,0.9974474
2013-10-02,59.79763,0.4301594,1.59849,1.037517
2013-10-03,59.79367,0.4301309,1.59818,1.074894
2013-10-04,66.92333,0.4814187,2.13023,1.14525
2013-10-05,64.50457,0.4640192,1.95341,1.199127
2013-10-06,24.15551,0.1737647,0,1.119186
2013-10-07,35.96516,0.2587185,0,1.044573
2013-10-08,72.45034,0.5211777,2.5219,1.143062
2013-10-09,30.6346,0.2203726,0,1.066858
2013-10-10,26.20483,0.1885067,0,0.9957338
2013-10-11,9.61845,0.06919114,0,0.9293515
2013-10-12,29.15496,0.2097287,0,0.8673947
2013-10-13,48.50218,0.3489046,0.67407,0.8545064
2013-10-14,48.00069,0.3452971,0.63011,0.8395467
2013-10-15,30.14391,0.2168428,0,0.7835769
2013-10-16,22.20102,0.1597049,0,0.7313384
2013-10-17,40.53751,0.29161,0,0.6825825
2013-10-18,25.05838,0.1802596,0,0.637077
2013-10-19,49.02001,0.3526296,0.71916,0.6425492
2013-10-20,40.98354,0.2948186,0,0.5997126
2013-10-21,43.17409,0.3105765,0.1912,0.5724784
2013-10-22,54.9487,0.3952782,1.21571,0.6153605
2013-10-23,38.69771,0.2783753,0,0.5743365
2013-10-24,49.11593,0.3533197,0.72748,0.5845461
2013-10-25,39.85025,0.2866662,0,0.5455763
2013-10-26,48.96526,0.3522358,0.71441,0.5568319
2013-10-27,39.37185,0.2832248,0,0.5197098
2013-10-28,38.29696,0.2754925,0,0.4850625
2013-10-29,36.14578,0.2600178,0,0.452725
2013-10-30,35.97969,0.258823,0,0.4225433
2013-10-31,40.74587,0.2931089,0,0.3943737
2013-11-01,28.92641,0.2080846,0,0.3680822
2013-11-02,20.36199,0.1464757,0,0.3435434
2013-11-03,15.05869,0.108326,0,0.3206405
2013-11-04,25.09346,0.1805119,0,0.2992644
2013-11-05,22.05148,0.1586292,0,0.2793135
2013-11-06,21.82032,0.1569663,0,0.2606926
2013-11-07,19.88783,0.1430648,0,0.2433131
2013-11-08,17.30892,0.1245132,0,0.2270922
2013-11-09,22.70082,0.1633003,0,0.2119527
2013-11-10,15.96394,0.114838,0,0.1978225
2013-11-11,17.01963,0.1224322,0,0.1846344
2013-11-12,26.56207,0.1910765,0,0.1723254
2013-11-13,14.42573,0.1037727,0,0.160837
2013-11-14,22.59599,0.1625462,0,0.1501146
2013-11-15,12.75847,0.09177913,0,0.1401069
2013-11-16,16.043,0.1154067,0,0.1307665
2013-11-17,13.80591,0.09931401,0,0.1220487
2013-11-18,11.42793,0.08220778,0,0.1139121
2013-11-19,22.63415,0.1628207,0,0.106318
2013-11-20,4.277702,0.03077201,0,0.09923012
2013-11-21,5.782896,0.04159976,0,0.09261478
2013-11-22,6.746594,0.0485322,0,0.08644046
2013-11-23,4.335125,0.03118509,0,0.08067777
2013-11-24,8.967189,0.06450625,0,0.07529925
2013-11-25,11.02662,0.07932095,0,0.0702793
2013-11-26,8.172319,0.05878828,0,0.06559401
2013-11-27,12.30588,0.08852342,0,0.06122108
2013-11-28,6.924192,0.04980977,0,0.05713967
2013-11-29,9.251542,0.06655176,0,0.05333036
2013-11-30,6.436015,0.04629802,0,0.049775
2013-12-01,11.85523,0.08528165,0,0.04645667
2013-12-02,17.15426,0.1234006,0,0.04335956
2013-12-03,17.12885,0.1232178,0,0.04046892
2013-12-04,6.139444,0.04416462,0,0.03777099
2013-12-05,11.88904,0.08552486,0,0.03525293
2013-12-06,8.31266,0.05979783,0,0.03290273
2013-12-07,9.614675,0.06916399,0,0.03070922
2013-12-08,8.684876,0.0624754,0,0.02866194
2013-12-09,3.428524,0.02466338,0,0.02675114
2013-12-10,10.38502,0.07470552,0,0.02496773
2013-12-11,19.32357,0.1390058,0,0.02330321
2013-12-12,17.36191,0.1248944,0,0.02174967
2013-12-13,20.34577,0.1463591,0,0.02029969
2013-12-14,15.20489,0.1093777,0,0.01894638
2013-12-15,11.57924,0.08329624,0,0.01768329
2013-12-16,23.16093,0.1666101,0,0.0165044
2013-12-17,22.87155,0.1645284,0,0.01540411
2013-12-18,15.7511,0.1133069,0,0.01437717
2013-12-19,9.708474,0.06983874,0,0.01341869
2013-12-20,5.485946,0.03946362,0,0.01252411
2013-12-21,16.34328,0.1175668,0,0.01168917
2013-12-22,16.82895,0.1210605,0,0.01090989
2013-12-23,15.98173,0.114966,0,0.01018256
2013-12-24,12.49864,0.08991007,0,0.009503727
2013-12-25,7.267875,0.05228208,0,0.008870145
2013-12-26,14.80319,0.106488,0,0.008278802
2013-12-27,15.91947,0.1145181,0,0.007726882
2013-12-28,8.874645,0.06384052,0,0.007211756
2013-12-29,14.45693,0.1039971,0,0.006730973
2013-12-30,16.9438,0.1218866,0,0.006282241
2013-12-31,16.85756,0.1212663,0,0.005863425
2014-01-01,13.13686,0.0945011,0,0.00547253
2014-01-02,11.88898,0.0855244,0,0.005107695
2014-01-03,18.59841,0.1337892,0,0.004767182
2014-01-04,14.88941,0.1071083,0,0.00444937
2014-01-05,9.371601,0.06741541,0,0.004152745
2014-01-06,16.3731,0.1177813,0,0.003875895
2014-01-07,23.66942,0.170268,0,0.003617502
2014-01-08,25.0571,0.1802504,0,0.003376335
2014-01-09,15.30206,0.1100767,0,0.003151246
2014-01-10,13.22764,0.09515416,0,0.002941163
2014-01-11,14.85971,0.1068946,0,0.002745086
2014-01-12,15.71687,0.1130607,0,0.00256208
2014-01-13,15.76589,0.1134133,0,0.002391275
2014-01-14,6.543363,0.04707024,0,0.002231856
2014-01-15,9.683528,0.06965929,0,0.002083066
2014-01-16,14.36727,0.1033522,0,0.001944195
2014-01-17,14.19783,0.1021333,0,0.001814582
2014-01-18,19.55174,0.1406471,0,0.00169361
2014-01-19,7.60633,0.05471679,0,0.001580702
2014-01-20,3.458559,0.02487944,0,0.001475322
2014-01-21,3.233385,0.02325963,0,0.001376967
2014-01-22,6.001297,0.04317085,0,0.00128517
2014-01-23,6.092566,0.04382739,0,0.001199492
2014-01-24,8.700993,0.06259134,0,0.001119526
2014-01-25,3.122339,0.02246081,0,0.001044891
2014-01-26,6.449947,0.04639825,0,0.0009752312
2014-01-27,10.55498,0.07592819,0,0.0009102157
2014-01-28,11.5606,0.08316217,0,0.0008495347
2014-01-29,7.940982,0.05712414,0,0.000792899
2014-01-30,13.98536,0.1006049,0,0.0007400391
2014-01-31,17.52337,0.1260558,0,0.0006907032
2014-02-01,19.97536,0.1436945,0,0.0006446563
2014-02-02,7.752608,0.05576905,0,0.0006016792
2014-02-03,17.1567,0.1234182,0,0.0005615673
2014-02-04,19.42907,0.1397647,0,0.0005241294
2014-02-05,22.98897,0.1653731,0,0.0004891875
2014-02-06,29.58793,0.2128433,0,0.000456575
2014-02-07,26.88073,0.1933688,0,0.0004261366
2014-02-08,30.9752,0.2228228,0,0.0003977275
2014-02-09,22.29415,0.1603749,0,0.0003712124
2014-02-10,29.82478,0.2145471,0,0.0003464649
2014-02-11,27.07696,0.1947804,0,0.0003233672
2014-02-12,30.83542,0.2218172,0,0.0003018094
2014-02-13,29.97318,0.2156146,0,0.0002816888
2014-02-14,34.72272,0.2497809,0,0.0002629095
2014-02-15,11.27784,0.08112813,0,0.0002453822
2014-02-16,33.02381,0.2375596,0,0.0002290234
2014-02-17,40.35723,0.2903132,0.29648,0.01997909
2014-02-18,33.06356,0.2378455,0,0.01864715
2014-02-19,25.92004,0.186458,0,0.01740401
2014-02-20,31.62747,0.2275149,0,0.01624374
2014-02-21,29.14673,0.2096695,0,0.01516082
2014-02-22,39.2092,0.2820547,0.17871,0.0260641
2014-02-23,47.55273,0.3420746,0.98984,0.09031583
2014-02-24,49.79678,0.3582174,1.19263,0.1638034
2014-02-25,53.94943,0.3880899,1.55405,0.2564865
2014-02-26,56.70129,0.4078856,1.78478,0.3583728
2014-02-27,44.67223,0.3213535,0.72077,0.3825326
2014-02-28,31.16191,0.2241658,0,0.3570304
2014-03-01,52.96414,0.3810021,1.46981,0.4312157
2014-03-02,52.66228,0.3788306,1.44382,0.4987227
2014-03-03,48.83864,0.3513249,1.10673,0.5392565
2014-03-04,34.64915,0.2492516,0,0.5033061
2014-03-05,40.55995,0.2917715,0.31705,0.490889
2014-03-06,15.95372,0.1147645,0,0.4581631
2014-03-07,54.33013,0.3908285,1.58637,0.5333769
2014-03-08,45.18687,0.3250556,0.76961,0.5491257
2014-03-09,70.84809,0.5096518,2.88483,0.7048393
2014-03-10,70.53114,0.5073718,2.86149,0.8486161
2014-03-11,69.14677,0.4974132,2.75894,0.975971
2014-03-12,68.69329,0.494151,2.72512,1.092581
2014-03-13,79.23018,0.5699491,3.485,1.252076
2014-03-14,78.0569,0.561509,3.40283,1.395459
2014-03-15,26.32846,0.189396,0,1.302429
2014-03-16,8.827435,0.06350091,0,1.2156
2014-03-17,42.49776,0.3057113,0.51039,1.168586
2014-03-18,53.38855,0.3840551,1.50621,1.191094
2014-03-19,39.51073,0.2842238,0.20986,1.125679
2014-03-20,84.54462,0.6081789,3.67658,1.295739
2014-03-21,88.66104,0.6377908,3.67658,1.454461
2014-03-22,44.62577,0.3210193,0.71634,1.405253
2014-03-23,31.04064,0.2232935,0,1.31157
2014-03-24,30.13172,0.2167551,0,1.224132
2014-03-25,39.63385,0.2851095,0.22253,1.157358
2014-03-26,59.91322,0.4309909,2.0463,1.216621
2014-03-27,71.76283,0.5162321,2.95191,1.332307
2014-03-28,37.91593,0.2727515,0.0433,1.246373
2014-03-29,86.2693,0.6205856,3.67658,1.408387
2014-03-30,89.34758,0.6427295,3.67658,1.5596
2014-03-31,72.53498,0.5217866,3.0082,1.656173
2014-04-01,83.69187,0.6020446,3.67658,1.790867
2014-04-02,93.32277,0.6713254,3.67658,1.916581
2014-04-03,98.02752,0.7051694,3.67658,2.033914
2014-04-04,91.50985,0.6582839,3.67658,2.143426
2014-04-05,68.50207,0.4927755,2.71083,2.181252
2014-04-06,71.04202,0.5110468,2.89908,2.229108
2014-04-07,93.27153,0.6709567,3.67658,2.325606
2014-04-08,77.64495,0.5585456,3.37384,2.395488
2014-04-09,55.4152,0.398634,1.67776,2.34764
2014-04-10,44.0241,0.3166911,0.65875,2.235047
2014-04-11,79.55175,0.5722623,3.50742,2.319872
2014-04-12,80.24605,0.5772568,3.5557,2.40226
2014-04-13,82.93806,0.596622,3.67658,2.487215
2014-04-14,52.10708,0.3748368,1.39579,2.414453
2014-04-15,48.47752,0.3487272,1.07409,2.325096
2014-04-16,60.75443,0.4370422,2.11352,2.310991
2014-04-17,92.16351,0.6629861,3.67658,2.40203
2014-04-18,50.95137,0.3665231,1.29484,2.328217
2014-04-19,92.43816,0.6649618,3.67658,2.418108
2014-04-20,112.6215,0.8101521,3.67658,2.502006
2014-04-21,89.75945,0.6456923,3.67658,2.580311
2014-04-22,100.9327,0.7260678,3.67658,2.653396
2014-04-23,109.445,0.787302,3.67658,2.721608
2014-04-24,105.8577,0.7614964,3.67658,2.785273
2014-04-25,103.4906,0.7444685,3.67658,2.844693
2014-04-26,94.70977,0.6813029,3.67658,2.900152
2014-04-27,118.1474,0.8499035,3.67658,2.951914
2014-04-28,57.43708,0.4131786,1.8454,2.878147
2014-04-29,97.1263,0.6986863,3.67658,2.931376
2014-04-30,113.3697,0.8155347,3.67658,2.981056
2014-05-01,90.47216,0.6508192,3.67658,3.027424
2014-05-02,26.60581,0.1913912,0,2.825596
2014-05-03,37.04063,0.266455,0,2.637223
2014-05-04,69.74269,0.5017,2.8032,2.648288
2014-05-05,92.74938,0.6672006,3.67658,2.716841
2014-05-06,105.0526,0.7557052,3.67658,2.780823
2014-05-07,86.56519,0.6227141,3.67658,2.84054
2014-05-08,95.08155,0.6839773,3.67658,2.896276
2014-05-09,101.0834,0.7271523,3.67658,2.948297
2014-05-10,95.88687,0.6897704,3.67658,2.996849
2014-05-11,94.83626,0.6822128,3.67658,3.042164
2014-05-12,102.4327,0.7368584,3.67658,3.084459
2014-05-13,68.88006,0.4954946,2.73906,3.061432
2014-05-14,81.12303,0.5835655,3.61642,3.098431
2014-05-15,64.02094,0.4605401,2.36992,3.049864
2014-05-16,93.20684,0.6704914,3.67658,3.091645
2014-05-17,52.68823,0.3790173,1.44606,2.981939
2014-05-18,40.21952,0.2893225,0.28247,2.801975
2014-05-19,100.5887,0.7235931,3.67658,2.860282
2014-05-20,123.1066,0.8855778,3.67658,2.914702
2014-05-21,127.921,0.920211,3.67658,2.965493
2014-05-22,136.0791,0.9788965,3.67658,3.012899
2014-05-23,98.52461,0.7087452,3.67658,3.057145
2014-05-24,73.53081,0.5289502,3.08039,3.058694
2014-05-25,133.6542,0.9614533,3.67658,3.099887
2014-05-26,143.3247,1.031018,3.67658,3.138333
2014-05-27,73.71531,0.5302774,3.09371,3.135358
2014-05-28,40.52414,0.2915139,0.31342,2.947229
2014-05-29,30.16022,0.2169601,0,2.750747
2014-05-30,76.51071,0.5503863,3.29368,2.786942
2014-05-31,112.1711,0.8069126,3.67658,2.846252
2014-06-01,106.7406,0.7678474,3.67658,2.901607
2014-06-02,106.7194,0.7676953,3.67658,2.953272
2014-06-03,116.8442,0.8405287,3.67658,3.001492
2014-06-04,122.6758,0.8824791,3.67658,3.046498
2014-06-05,110.1615,0.792456,3.67658,3.088504
2014-06-06,122.0215,0.8777723,3.67658,3.127709
2014-06-07,126.4915,0.9099272,3.67658,3.1643
2014-06-08,127.8607,0.9197769,3.67658,3.198452
2014-06-09,138.0161,0.9928305,3.67658,3.230327
2014-06-10,134.0781,0.9645022,3.67658,3.260077
2014-06-11,133.7089,0.9618465,3.67658,3.287844
2014-06-12,124.896,0.8984498,3.67658,3.31376
2014-06-13,97.37327,0.7004629,3.67658,3.337948
2014-06-14,82.36686,0.592513,3.67658,3.360523
2014-06-15,115.542,0.8311611,3.67658,3.381594
2014-06-16,114.7727,0.8256273,3.67658,3.40126
2014-06-17,110.1002,0.7920149,3.67658,3.419614
2014-06-18,135.3591,0.9737174,3.67658,3.436745
2014-06-19,87.52422,0.629613,3.67658,3.452734
2014-06-20,87.60032,0.6301604,3.67658,3.467657
2014-06-21,76.62375,0.5511995,3.30169,3.456593
2014-06-22,93.62122,0.6734723,3.67658,3.471259
2014-06-23,121.0417,0.8707236,3.67658,3.484947
2014-06-24,119.1983,0.8574629,3.67658,3.497722
2014-06-25,65.35622,0.4701456,2.47275,3.429391
2014-06-26,84.38586,0.6070369,3.67658,3.44587
2014-06-27,126.0125,0.9064819,3.67658,3.461251
2014-06-28,103.5375,0.7448062,3.67658,3.475606
2014-06-29,63.33485,0.4556046,2.31665,3.398342
2014-06-30,84.48966,0.6077836,3.67658,3.416892
2014-07-01,110.3392,0.7937342,3.67658,3.434204
2014-07-02,130.0692,0.9356637,3.67658,3.450362
2014-07-03,139.7672,1.005428,3.67658,3.465444
2014-07-04,141.3935,1.017126,3.67658,3.479519
2014-07-05,97.29342,0.6998886,3.67658,3.492657
2014-07-06,141.3469,1.016791,3.67658,3.504918
2014-07-07,139.8952,1.006348,3.67658,3.516362
2014-07-08,80.58835,0.5797192,3.57944,3.520568
2014-07-09,75.77961,0.5451271,3.24171,3.501977
2014-07-10,54.50174,0.392063,1.60089,3.375238
2014-07-11,96.46068,0.6938981,3.67658,3.395327
2014-07-12,98.09552,0.7056586,3.67658,3.414078
2014-07-13,108.2373,0.7786143,3.67658,3.431578
2014-07-14,115.5085,0.8309205,3.67658,3.447911
2014-07-15,130.7739,0.9407333,3.67658,3.463156
2014-07-16,130.5756,0.9393069,3.67658,3.477384
2014-07-17,111.3808,0.8012272,3.67658,3.490664
2014-07-18,135.5126,0.9748218,3.67658,3.503058
2014-07-19,136.7129,0.9834563,3.67658,3.514626
2014-07-20,133.5895,0.9609874,3.67658,3.525423
2014-07-21,89.43961,0.6433915,3.67658,3.5355
2014-07-22,132.8233,0.9554756,3.67658,3.544906
2014-07-23,131.1661,0.9435543,3.67658,3.553684
2014-07-24,69.94804,0.5031772,2.81842,3.504666
2014-07-25,81.32509,0.585019,3.63037,3.513047
2014-07-26,123.8987,0.8912756,3.67658,3.523949
2014-07-27,89.51637,0.6439437,3.67658,3.534124
2014-07-28,106.0052,0.7625578,3.67658,3.543621
2014-07-29,89.62482,0.6447238,3.67658,3.552485
2014-07-30,67.6805,0.4868655,2.6492,3.492266
2014-07-31,97.61794,0.702223,3.67658,3.504554
2014-08-01,100.628,0.7238764,3.67658,3.516022
2014-08-02,119.7997,0.8617896,3.67658,3.526726
2014-08-03,102.5135,0.7374398,3.67658,3.536716
2014-08-04,80.33264,0.5778798,3.56171,3.538383
2014-08-05,92.46022,0.6651205,3.67658,3.547596
2014-08-06,97.94585,0.7045819,3.67658,3.556195
2014-08-07,99.88649,0.718542,3.67658,3.56422
2014-08-08,113.8878,0.8192613,3.67658,3.571711
2014-08-09,110.5463,0.7952245,3.67658,3.578702
2014-08-10,116.0757,0.8350002,3.67658,3.585227
2014-08-11,86.28538,0.6207013,3.67658,3.591318
2014-08-12,92.50063,0.6654112,3.67658,3.597002
2014-08-13,70.26614,0.5054655,2.84194,3.546664
2014-08-14,86.74866,0.6240339,3.67658,3.555325
2014-08-15,86.69432,0.623643,3.67658,3.563409
2014-08-16,74.40518,0.5352401,3.14339,3.535408
2014-08-17,92.43587,0.6649453,3.67658,3.544819
2014-08-18,93.55801,0.6730175,3.67658,3.553603
2014-08-19,95.44439,0.6865874,3.67658,3.561802
2014-08-20,88.42181,0.6360699,3.67658,3.569454
2014-08-21,86.64628,0.6232975,3.67658,3.576595
2014-08-22,86.01827,0.6187798,3.67658,3.583261
2014-08-23,70.48041,0.5070069,2.85775,3.534894
2014-08-24,78.54244,0.5650017,3.4369,3.528361
2014-08-25,84.67812,0.6091393,3.67658,3.538242
2014-08-26,45.42738,0.3267858,0.79232,3.355181
2014-08-27,90.76632,0.6529353,3.67658,3.376607
2014-08-28,100.5614,0.7233972,3.67658,3.396605
2014-08-29,68.35497,0.4917174,2.69982,3.350153
2014-08-30,89.88321,0.6465826,3.67658,3.371915
2014-08-31,52.28578,0.3761223,1.41128,3.241206
2014-09-01,46.07799,0.3314659,0.85338,3.082017
2014-09-02,26.91914,0.1936451,0,2.87655
2014-09-03,51.70063,0.3719129,1.36044,2.775476
2014-09-04,67.90495,0.4884801,2.66607,2.768182
2014-09-05,91.49423,0.6581716,3.67658,2.828742
2014-09-06,74.68996,0.5372886,3.16383,2.851081
2014-09-07,75.5136,0.5432135,3.22275,2.875859
2014-09-08,59.88019,0.4307533,2.04365,2.820378
2014-09-09,73.76474,0.530633,3.09728,2.838838
2014-09-10,45.79526,0.3294321,0.82691,2.70471
2014-09-11,60.74751,0.4369924,2.11297,2.665261
2014-09-12,14.91301,0.107278,0,2.487577
2014-09-13,34.94107,0.2513516,0,2.321738
2014-09-14,15.87484,0.1141971,0,2.166956
2014-09-15,66.91995,0.4813944,2.5918,2.195279
2014-09-16,69.46077,0.499672,2.78228,2.234412
2014-09-17,76.97104,0.5536978,3.32628,2.307203
2014-09-18,74.42296,0.535368,3.14466,2.363034
2014-09-19,55.7166,0.4008022,1.70297,2.319029
2014-09-20,67.38648,0.4847504,2.62705,2.339564
2014-09-21,31.1368,0.2239852,0,2.183593
2014-09-22,38.74181,0.2786925,0.13012,2.046695
2014-09-23,40.5659,0.2918142,0.31765,1.931425
2014-09-24,50.99134,0.3668105,1.29835,1.88922
2014-09-25,36.6414,0.2635831,0,1.763272
2014-09-26,23.88957,0.1718517,0,1.645721
2014-09-27,56.9978,0.4100186,1.80926,1.656623
2014-09-28,66.31832,0.4770665,2.54617,1.715926
2014-09-29,72.01886,0.5180739,2.97061,1.799572
2014-09-30,43.97433,0.3163331,0.65397,1.723199
2014-10-01,58.91869,0.4238367,1.96617,1.739397
2014-10-02,58.44644,0.4204395,1.92786,1.751961
2014-10-03,66.87416,0.481065,2.58834,1.807719
2014-10-04,60.33306,0.434011,2.07991,1.825866
2014-10-05,45.15969,0.3248601,0.76704,1.755277
2014-10-06,62.71754,0.451164,2.26846,1.789489
2014-10-07,49.19819,0.3539114,1.13908,1.746129
2014-10-08,33.82675,0.2433356,0,1.62972
2014-10-09,66.80644,0.4805778,2.58321,1.693286
2014-10-10,45.59914,0.3280213,0.80849,1.6343
2014-10-11,45.05678,0.3241198,0.7573,1.575833
2014-10-12,57.51462,0.4137364,1.85176,1.594228
2014-10-13,56.66582,0.4076304,1.78185,1.606736
2014-10-14,49.71085,0.3575992,1.18497,1.578619
2014-10-15,40.95575,0.2946187,0.35702,1.497179
2014-10-16,38.95809,0.2802484,0.15266,1.407544
2014-10-17,32.52783,0.2339917,0,1.313708
2014-10-18,54.27456,0.3904287,1.58166,1.331571
2014-10-19,62.22452,0.4476174,2.2298,1.391453
2014-10-20,51.97816,0.3739093,1.38459,1.390996
2014-10-21,41.56677,0.2990141,0.41823,1.326145
2014-10-22,9.465214,0.06808883,0,1.237735
2014-10-23,7.301569,0.05252447,0,1.155219
2014-10-24,36.52737,0.2627628,0,1.078205
2014-10-25,38.87901,0.2796795,0.14443,1.015953
2014-10-26,33.70573,0.242465,0,0.9482228
2014-10-27,42.95415,0.3089944,0.5551,0.9220147
2014-10-28,43.74931,0.3147144,0.63229,0.9026997
2014-10-29,34.60368,0.2489245,0,0.8425197
2014-10-30,17.66251,0.1270568,0,0.7863517
2014-10-31,35.36602,0.2544085,0,0.7339283
2014-11-01,47.77267,0.3436568,1.00996,0.7523304
2014-11-02,45.01276,0.3238031,0.75313,0.7523837
2014-11-03,41.54923,0.2988879,0.41648,0.7299901
2014-11-04,39.09686,0.2812466,0.16707,0.6924621
2014-11-05,23.29617,0.167583,0,0.646298
2014-11-06,18.28925,0.1315653,0,0.6032114
2014-11-07,17.23486,0.1239804,0,0.5629973
2014-11-08,33.52664,0.2411768,0,0.5254642
2014-11-09,32.23424,0.2318798,0,0.4904332
2014-11-10,22.15031,0.1593402,0,0.4577377
2014-11-11,28.12836,0.2023438,0,0.4272218
2014-11-12,31.69119,0.2279733,0,0.3987404
2014-11-13,10.25312,0.0737567,0,0.3721577
2014-11-14,33.33494,0.2397978,0,0.3473472
2014-11-15,21.2641,0.1529651,0,0.3241907
2014-11-16,9.894207,0.07117482,0,0.302578
2014-11-17,21.85349,0.1572049,0,0.2824061
2014-11-18,6.099967,0.04388063,0,0.263579
2014-11-19,3.905586,0.02809516,0,0.2460071
2014-11-20,5.899158,0.0424361,0,0.2296066
2014-11-21,7.202815,0.05181407,0,0.2142995
2014-11-22,18.17459,0.1307405,0,0.2000129
2014-11-23,25.9619,0.1867592,0,0.1866787
2014-11-24,6.225829,0.04478603,0,0.1742335
2014-11-25,18.35102,0.1320096,0,0.1626179
2014-11-26,14.02417,0.1008841,0,0.1517767
2014-11-27,14.81796,0.1065943,0,0.1416583
2014-11-28,6.293684,0.04527416,0,0.1322144
2014-11-29,7.603752,0.05469824,0,0.1234001
2014-11-30,10.51086,0.07561077,0,0.1151734
2014-12-01,5.914958,0.04254976,0,0.1074952
2014-12-02,5.999623,0.04315881,0,0.1003288
2014-12-03,4.0982,0.02948075,0,0.09364024
2014-12-04,6.91502,0.04974379,0,0.08739756
2014-12-05,4.935599,0.03550465,0,0.08157106
2014-12-06,6.624632,0.04765486,0,0.07613299
2014-12-07,6.419025,0.04617581,0,0.07105745
2014-12-08,11.43797,0.08228005,0,0.06632029
2014-12-09,11.70854,0.08422639,0,0.06189894
2014-12-10,6.788513,0.04883375,0,0.05777234
2014-12-11,10.53323,0.07577173,0,0.05392085
2014-12-12,10.72871,0.07717792,0,0.05032613
2014-12-13,4.857604,0.03494359,0,0.04697105
2014-12-14,7.771165,0.05590254,0,0.04383965
2014-12-15,16.25395,0.1169241,0,0.04091701
2014-12-16,10.58536,0.07614673,0,0.03818921
2014-12-17,9.542116,0.06864203,0,0.03564326
2014-12-18,11.42599,0.08219382,0,0.03326704
2014-12-19,7.548184,0.05429851,0,0.03104924
2014-12-20,8.578626,0.06171108,0,0.02897929
2014-12-21,10.24974,0.07373236,0,0.02704734
2014-12-22,7.489686,0.0538777,0,0.02524418
2014-12-23,6.776307,0.04874595,0,0.02356124
2014-12-24,7.330475,0.0527324,0,0.02199049
2014-12-25,9.557381,0.06875184,0,0.02052445
2014-12-26,5.913038,0.04253595,0,0.01915616
2014-12-27,6.391108,0.04597498,0,0.01787908
2014-12-28,3.332631,0.02397356,0,0.01668714
2014-12-29,4.172865,0.03001787,0,0.01557467
2014-12-30,6.877529,0.04947409,0,0.01453635
2014-12-31,7.472938,0.05375722,0,0.01356726
