time,daily_gpp,daily_A0,annual_m,annual_lai_max,Ls_daily,Ls_daily_lagged
2004-01-01,13.92706,0.1001855,5.160127,4.374849,0,0
2004-01-02,14.03921,0.1009923,5.160127,4.374849,0,0
2004-01-03,14.15136,0.101799,5.160127,4.374849,0,0
2004-01-04,14.26351,0.1026058,5.160127,4.374849,0,0
2004-01-05,14.37566,0.1034125,5.160127,4.374849,0,0
2004-01-06,14.48781,0.1042193,5.160127,4.374849,0,0
2004-01-07,14.59996,0.105026,5.160127,4.374849,0,0
2004-01-08,14.71211,0.1058328,5.160127,4.374849,0,0
2004-01-09,14.82425,0.1066395,5.160127,4.374849,0,0
2004-01-10,14.9364,0.1074463,5.160127,4.374849,0,0
2004-01-11,15.04855,0.1082531,5.160127,4.374849,0,0
2004-01-12,15.1607,0.1090598,5.160127,4.374849,0,0
2004-01-13,15.27285,0.1098666,5.160127,4.374849,0,0
2004-01-14,15.385,0.1106733,5.160127,4.374849,0,0
2004-01-15,15.49715,0.1114801,5.160127,4.374849,0,0
2004-01-16,15.86844,0.114151,5.160127,4.374849,0,0
2004-01-17,16.23973,0.1168219,5.160127,4.374849,0,0
2004-01-18,16.61102,0.1194928,5.160127,4.374849,0,0
2004-01-19,16.98231,0.1221637,5.160127,4.374849,0,0
2004-01-20,17.3536,0.1248346,5.160127,4.374849,0,0
2004-01-21,17.72489,0.1275055,5.160127,4.374849,0,0
2004-01-22,18.09618,0.1301765,5.160127,4.374849,0,0
2004-01-23,18.46748,0.1328474,5.160127,4.374849,0,0
2004-01-24,18.83877,0.1355183,5.160127,4.374849,0,0
2004-01-25,19.21006,0.1381892,5.160127,4.374849,0,0
2004-01-26,19.58135,0.1408601,5.160127,4.374849,0,0
2004-01-27,19.95264,0.143531,5.160127,4.374849,0,0
2004-01-28,20.32393,0.1462019,5.160127,4.374849,0,0
2004-01-29,20.69522,0.1488728,5.160127,4.374849,0,0
2004-01-30,21.28531,0.1531177,5.160127,4.374849,0,0
2004-01-31,21.8754,0.1573626,5.160127,4.374849,0,0
2004-02-01,22.46549,0.1616074,5.160127,4.374849,0,0
2004-02-02,23.05558,0.1658523,5.160127,4.374849,0,0
2004-02-03,23.64567,0.1700972,5.160127,4.374849,0,0
2004-02-04,24.23576,0.174342,5.160127,4.374849,0,0
2004-02-05,24.82585,0.1785869,5.160127,4.374849,0,0
2004-02-06,25.41594,0.1828318,5.160127,4.374849,0,0
2004-02-07,26.00603,0.1870766,5.160127,4.374849,0,0
2004-02-08,26.59612,0.1913215,5.160127,4.374849,0,0
2004-02-09,27.18621,0.1955663,5.160127,4.374849,0,0
2004-02-10,27.7763,0.1998112,5.160127,4.374849,0,0
2004-02-11,28.36639,0.2040561,5.160127,4.374849,0,0
2004-02-12,28.95648,0.2083009,5.160127,4.374849,0,0
2004-02-13,29.30935,0.2108393,5.160127,4.374849,0,0
2004-02-14,29.66223,0.2133778,5.160127,4.374849,0,0
2004-02-15,30.0151,0.2159162,5.160127,4.374849,0,0
2004-02-16,30.36797,0.2184546,5.160127,4.374849,0,0
2004-02-17,30.72084,0.220993,5.160127,4.374849,0,0
2004-02-18,31.07371,0.2235314,5.160127,4.374849,0,0
2004-02-19,31.42658,0.2260698,5.160127,4.374849,0,0
2004-02-20,31.77946,0.2286082,5.160127,4.374849,0,0
2004-02-21,32.13233,0.2311467,5.160127,4.374849,0,0
2004-02-22,32.4852,0.2336851,5.160127,4.374849,0,0
2004-02-23,32.83807,0.2362235,5.160127,4.374849,0,0
2004-02-24,33.19094,0.2387619,5.160127,4.374849,0,0
2004-02-25,33.54381,0.2413003,5.160127,4.374849,0,0
2004-02-26,33.89669,0.2438387,5.160127,4.374849,0,0
2004-02-27,37.36614,0.2687965,5.160127,4.374849,0,0
2004-02-28,40.83559,0.2937543,5.160127,4.374849,0,0
2004-02-29,44.30504,0.3187121,5.160127,4.374849,0,0
2004-03-01,47.77449,0.3436699,5.160127,4.374849,0,0
2004-03-02,51.24394,0.3686277,5.160127,4.374849,0,0
2004-03-03,54.71339,0.3935855,5.160127,4.374849,0.06159,0.004106
2004-03-04,58.18284,0.4185433,5.160127,4.374849,0.3114,0.02459227
2004-03-05,61.65229,0.4435011,5.160127,4.374849,0.55171,0.05973345
2004-03-06,65.12174,0.4684588,5.160127,4.374849,0.78358,0.1079899
2004-03-07,68.59119,0.4934166,5.160127,4.374849,1.00789,0.1679832
2004-03-08,72.06065,0.5183744,5.160127,4.374849,1.2254,0.2384777
2004-03-09,75.5301,0.5433322,5.160127,4.374849,1.43676,0.3183632
2004-03-10,78.99955,0.56829,5.160127,4.374849,1.64255,0.4066423
2004-03-11,82.469,0.5932478,5.160127,4.374849,1.84326,0.5024168
2004-03-12,83.57492,0.6012034,5.160127,4.374849,1.90625,0.5960057
2004-03-13,84.68084,0.6091589,5.160127,4.374849,1.96877,0.6875233
2004-03-14,85.78676,0.6171144,5.160127,4.374849,2.03085,0.7770784
2004-03-15,86.89269,0.62507,5.160127,4.374849,2.09249,0.8647725
2004-03-16,87.99861,0.6330255,5.160127,4.374849,2.15371,0.9507017
2004-03-17,89.10453,0.6409811,5.160127,4.374849,2.21453,1.034957
2004-03-18,90.21045,0.6489366,5.160127,4.374849,2.27494,1.117622
2004-03-19,91.31638,0.6568922,5.160127,4.374849,2.33496,1.198778
2004-03-20,92.4223,0.6648477,5.160127,4.374849,2.3946,1.2785
2004-03-21,93.52822,0.6728033,5.160127,4.374849,2.45387,1.356858
2004-03-22,94.63414,0.6807588,5.160127,4.374849,2.51278,1.433919
2004-03-23,95.74006,0.6887144,5.160127,4.374849,2.57133,1.509747
2004-03-24,96.84599,0.6966699,5.160127,4.374849,2.62955,1.5844
2004-03-25,97.95191,0.7046255,5.160127,4.374849,2.68743,1.657935
2004-03-26,99.20224,0.7136198,5.160127,4.374849,2.75247,1.730904
2004-03-27,100.4526,0.7226142,5.160127,4.374849,2.81711,1.803318
2004-03-28,101.7029,0.7316086,5.160127,4.374849,2.88135,1.875187
2004-03-29,102.9532,0.740603,5.160127,4.374849,2.9452,1.946521
2004-03-30,104.2036,0.7495974,5.160127,4.374849,3.00869,2.017332
2004-03-31,105.4539,0.7585917,5.160127,4.374849,3.0718,2.08763
2004-04-01,106.7042,0.7675861,5.160127,4.374849,3.13457,2.157426
2004-04-02,107.9546,0.7765805,5.160127,4.374849,3.19698,2.22673
2004-04-03,109.2049,0.7855749,5.160127,4.374849,3.25906,2.295552
2004-04-04,110.4552,0.7945693,5.160127,4.374849,3.32081,2.363902
2004-04-05,111.7056,0.8035636,5.160127,4.374849,3.38224,2.431792
2004-04-06,112.9559,0.812558,5.160127,4.374849,3.44335,2.499229
2004-04-07,114.2062,0.8215524,5.160127,4.374849,3.50417,2.566225
2004-04-08,115.4566,0.8305468,5.160127,4.374849,3.56468,2.632789
2004-04-09,116.6781,0.8393339,5.160127,4.374849,3.62352,2.698837
2004-04-10,117.8996,0.8481211,5.160127,4.374849,3.68209,2.764387
2004-04-11,119.1212,0.8569082,5.160127,4.374849,3.74039,2.829454
2004-04-12,120.3427,0.8656954,5.160127,4.374849,3.79844,2.894053
2004-04-13,121.5642,0.8744825,5.160127,4.374849,3.85623,2.958198
2004-04-14,122.7857,0.8832697,5.160127,4.374849,3.91378,3.021904
2004-04-15,124.0073,0.8920568,5.160127,4.374849,3.97109,3.085183
2004-04-16,125.2288,0.900844,5.160127,4.374849,4.02816,3.148048
2004-04-17,126.4503,0.9096311,5.160127,4.374849,4.08501,3.210512
2004-04-18,127.6718,0.9184183,5.160127,4.374849,4.14163,3.272587
2004-04-19,128.8934,0.9272054,5.160127,4.374849,4.19803,3.334283
2004-04-20,130.1149,0.9359926,5.160127,4.374849,4.25421,3.395611
2004-04-21,131.3364,0.9447797,5.160127,4.374849,4.31019,3.456583
2004-04-22,132.5579,0.9535669,5.160127,4.374849,4.36596,3.517208
2004-04-23,130.6229,0.939647,5.160127,4.374849,4.27752,3.567896
2004-04-24,128.6879,0.9257271,5.160127,4.374849,4.18855,3.609273
2004-04-25,126.7528,0.9118073,5.160127,4.374849,4.09905,3.641925
2004-04-26,124.8178,0.8978874,5.160127,4.374849,4.00899,3.666396
2004-04-27,122.8827,0.8839675,5.160127,4.374849,3.91834,3.683192
2004-04-28,120.9477,0.8700477,5.160127,4.374849,3.8271,3.692786
2004-04-29,119.0127,0.8561278,5.160127,4.374849,3.73522,3.695615
2004-04-30,117.0776,0.8422079,5.160127,4.374849,3.6427,3.692087
2004-05-01,115.1426,0.828288,5.160127,4.374849,3.54951,3.682582
2004-05-02,113.2075,0.8143682,5.160127,4.374849,3.45562,3.667451
2004-05-03,111.2725,0.8004483,5.160127,4.374849,3.361,3.647021
2004-05-04,109.3375,0.7865284,5.160127,4.374849,3.26562,3.621594
2004-05-05,107.4024,0.7726086,5.160127,4.374849,3.16946,3.591452
2004-05-06,105.4674,0.7586887,5.160127,4.374849,3.07248,3.556854
2004-05-07,106.9258,0.7691801,5.160127,4.374849,3.14565,3.52944
2004-05-08,108.3843,0.7796714,5.160127,4.374849,3.21835,3.508701
2004-05-09,109.8427,0.7901628,5.160127,4.374849,3.2906,3.494161
2004-05-10,111.3011,0.8006542,5.160127,4.374849,3.3624,3.485377
2004-05-11,112.7596,0.8111456,5.160127,4.374849,3.43378,3.481937
2004-05-12,114.218,0.821637,5.160127,4.374849,3.50474,3.483457
2004-05-13,115.6764,0.8321283,5.160127,4.374849,3.57529,3.489579
2004-05-14,117.1349,0.8426197,5.160127,4.374849,3.64545,3.499971
2004-05-15,118.5933,0.8531111,5.160127,4.374849,3.71523,3.514321
2004-05-16,120.0517,0.8636025,5.160127,4.374849,3.78464,3.532343
2004-05-17,121.5102,0.8740939,5.160127,4.374849,3.85368,3.553765
2004-05-18,122.9686,0.8845853,5.160127,4.374849,3.92238,3.578339
2004-05-19,124.427,0.8950766,5.160127,4.374849,3.99073,3.605832
2004-05-20,125.8855,0.905568,5.160127,4.374849,4.05875,3.636027
2004-05-21,128.6151,0.9252034,5.160127,4.374849,4.1852,3.672638
2004-05-22,131.3446,0.9448388,5.160127,4.374849,4.31056,3.715166
2004-05-23,134.0742,0.9644741,5.160127,4.374849,4.37485,3.759145
2004-05-24,136.8038,0.9841095,5.160127,4.374849,4.37485,3.800192
2004-05-25,139.5333,1.003745,5.160127,4.374849,4.37485,3.838503
2004-05-26,142.2629,1.02338,5.160127,4.374849,4.37485,3.874259
2004-05-27,144.9925,1.043016,5.160127,4.374849,4.37485,3.907632
2004-05-28,147.722,1.062651,5.160127,4.374849,4.37485,3.93878
2004-05-29,150.4516,1.082286,5.160127,4.374849,4.37485,3.967851
2004-05-30,153.1812,1.101922,5.160127,4.374849,4.37485,3.994984
2004-05-31,155.9107,1.121557,5.160127,4.374849,4.37485,4.020309
2004-06-01,158.6403,1.141193,5.160127,4.374849,4.37485,4.043945
2004-06-02,161.3699,1.160828,5.160127,4.374849,4.37485,4.066005
2004-06-03,164.0994,1.180463,5.160127,4.374849,4.37485,4.086595
2004-06-04,161.1965,1.159581,5.160127,4.374849,4.37485,4.105812
2004-06-05,158.2936,1.138699,5.160127,4.374849,4.37485,4.123748
2004-06-06,155.3907,1.117817,5.160127,4.374849,4.37485,4.140488
2004-06-07,152.4878,1.096934,5.160127,4.374849,4.37485,4.156112
2004-06-08,149.5849,1.076052,5.160127,4.374849,4.37485,4.170695
2004-06-09,146.682,1.05517,5.160127,4.374849,4.37485,4.184305
2004-06-10,143.7791,1.034287,5.160127,4.374849,4.37485,4.197008
2004-06-11,140.8762,1.013405,5.160127,4.374849,4.37485,4.208864
2004-06-12,137.9733,0.9925229,5.160127,4.374849,4.37485,4.21993
2004-06-13,135.0704,0.9716406,5.160127,4.374849,4.37485,4.230258
2004-06-14,132.1675,0.9507584,5.160127,4.374849,4.34815,4.238117
2004-06-15,129.2646,0.9298761,5.160127,4.374849,4.21513,4.236585
2004-06-16,126.3617,0.9089938,5.160127,4.374849,4.08089,4.226205
2004-06-17,123.4588,0.8881116,5.160127,4.374849,3.94539,4.207484
2004-06-18,125.8163,0.9050704,5.160127,4.374849,4.05553,4.197354
2004-06-19,128.1738,0.9220292,5.160127,4.374849,4.16483,4.195186
2004-06-20,130.5313,0.9389881,5.160127,4.374849,4.27332,4.200395
2004-06-21,132.8888,0.9559469,5.160127,4.374849,4.37485,4.212025
2004-06-22,135.2463,0.9729058,5.160127,4.374849,4.37485,4.22288
2004-06-23,137.6038,0.9898646,5.160127,4.374849,4.37485,4.233011
2004-06-24,139.9613,1.006823,5.160127,4.374849,4.37485,4.242467
2004-06-25,142.3188,1.023782,5.160127,4.374849,4.37485,4.251293
2004-06-26,144.6763,1.040741,5.160127,4.374849,4.37485,4.25953
2004-06-27,147.0338,1.0577,5.160127,4.374849,4.37485,4.267218
2004-06-28,149.3913,1.074659,5.160127,4.374849,4.37485,4.274393
2004-06-29,151.7488,1.091618,5.160127,4.374849,4.37485,4.28109
2004-06-30,154.1062,1.108576,5.160127,4.374849,4.37485,4.287341
2004-07-01,156.4637,1.125535,5.160127,4.374849,4.37485,4.293175
2004-07-02,156.1123,1.123007,5.160127,4.374849,4.37485,4.29862
2004-07-03,155.7608,1.120479,5.160127,4.374849,4.37485,4.303702
2004-07-04,155.4093,1.11795,5.160127,4.374849,4.37485,4.308445
2004-07-05,155.0579,1.115422,5.160127,4.374849,4.37485,4.312872
2004-07-06,154.7064,1.112894,5.160127,4.374849,4.37485,4.317004
2004-07-07,154.3549,1.110365,5.160127,4.374849,4.37485,4.32086
2004-07-08,154.0034,1.107837,5.160127,4.374849,4.37485,4.32446
2004-07-09,153.652,1.105309,5.160127,4.374849,4.37485,4.327819
2004-07-10,153.3005,1.10278,5.160127,4.374849,4.37485,4.330954
2004-07-11,152.949,1.100252,5.160127,4.374849,4.37485,4.333881
2004-07-12,152.5976,1.097724,5.160127,4.374849,4.37485,4.336612
2004-07-13,152.2461,1.095195,5.160127,4.374849,4.37485,4.339161
2004-07-14,151.8946,1.092667,5.160127,4.374849,4.37485,4.341541
2004-07-15,151.5432,1.090139,5.160127,4.374849,4.37485,4.343761
2004-07-16,154.2389,1.10953,5.160127,4.374849,4.37485,4.345834
2004-07-17,156.9346,1.128922,5.160127,4.374849,4.37485,4.347768
2004-07-18,159.6303,1.148314,5.160127,4.374849,4.37485,4.349574
2004-07-19,162.326,1.167706,5.160127,4.374849,4.37485,4.351259
2004-07-20,165.0217,1.187098,5.160127,4.374849,4.37485,4.352831
2004-07-21,167.7174,1.206489,5.160127,4.374849,4.37485,4.354299
2004-07-22,170.4131,1.225881,5.160127,4.374849,4.37485,4.355669
2004-07-23,173.1088,1.245273,5.160127,4.374849,4.37485,4.356948
2004-07-24,175.8045,1.264665,5.160127,4.374849,4.37485,4.358142
2004-07-25,178.5002,1.284056,5.160127,4.374849,4.37485,4.359255
2004-07-26,181.1959,1.303448,5.160127,4.374849,4.37485,4.360295
2004-07-27,183.8916,1.32284,5.160127,4.374849,4.37485,4.361265
2004-07-28,186.5873,1.342232,5.160127,4.374849,4.37485,4.362171
2004-07-29,189.283,1.361623,5.160127,4.374849,4.37485,4.363016
2004-07-30,184.5616,1.32766,5.160127,4.374849,4.37485,4.363805
2004-07-31,179.8402,1.293696,5.160127,4.374849,4.37485,4.364542
2004-08-01,175.1188,1.259732,5.160127,4.374849,4.37485,4.365229
2004-08-02,170.3975,1.225769,5.160127,4.374849,4.37485,4.36587
2004-08-03,165.6761,1.191805,5.160127,4.374849,4.37485,4.366469
2004-08-04,160.9547,1.157841,5.160127,4.374849,4.37485,4.367028
2004-08-05,156.2333,1.123878,5.160127,4.374849,4.37485,4.367549
2004-08-06,151.5119,1.089914,5.160127,4.374849,4.37485,4.368036
2004-08-07,146.7906,1.05595,5.160127,4.374849,4.37485,4.36849
2004-08-08,142.0692,1.021987,5.160127,4.374849,4.37485,4.368914
2004-08-09,137.3478,0.9880232,5.160127,4.374849,4.37485,4.36931
2004-08-10,132.6264,0.9540595,5.160127,4.374849,4.36908,4.369295
2004-08-11,127.905,0.9200958,5.160127,4.374849,4.15241,4.354836
2004-08-12,123.1837,0.8861322,5.160127,4.374849,3.93248,4.326679
2004-08-13,124.0617,0.8924485,5.160127,4.374849,3.97364,4.303143
2004-08-14,124.9397,0.8987648,5.160127,4.374849,4.01468,4.283912
2004-08-15,125.8178,0.9050811,5.160127,4.374849,4.0556,4.268691
2004-08-16,126.6958,0.9113974,5.160127,4.374849,4.09641,4.257206
2004-08-17,127.5739,0.9177137,5.160127,4.374849,4.1371,4.249199
2004-08-18,128.4519,0.92403,5.160127,4.374849,4.17767,4.24443
2004-08-19,129.33,0.9303463,5.160127,4.374849,4.21813,4.242677
2004-08-20,130.208,0.9366626,5.160127,4.374849,4.25849,4.243731
2004-08-21,131.0861,0.9429789,5.160127,4.374849,4.29873,4.247397
2004-08-22,131.9641,0.9492952,5.160127,4.374849,4.33887,4.253496
2004-08-23,132.8422,0.9556115,5.160127,4.374849,4.37485,4.261586
2004-08-24,133.7202,0.9619278,5.160127,4.374849,4.37485,4.269137
2004-08-25,134.5983,0.9682441,5.160127,4.374849,4.37485,4.276184
2004-08-26,135.4763,0.9745604,5.160127,4.374849,4.37485,4.282762
2004-08-27,133.5542,0.9607338,5.160127,4.374849,4.37485,4.288901
2004-08-28,131.6322,0.9469072,5.160127,4.374849,4.32371,4.291222
2004-08-29,129.7101,0.9330806,5.160127,4.374849,4.23562,4.287515
2004-08-30,127.788,0.9192541,5.160127,4.374849,4.147,4.278147
2004-08-31,125.8659,0.9054275,5.160127,4.374849,4.05784,4.26346
2004-09-01,123.9439,0.8916009,5.160127,4.374849,3.96812,4.243771
2004-09-02,122.0218,0.8777743,5.160127,4.374849,3.87782,4.219374
2004-09-03,120.0997,0.8639477,5.160127,4.374849,3.78691,4.190543
2004-09-04,118.1777,0.8501211,5.160127,4.374849,3.69538,4.157532
2004-09-05,116.2556,0.8362945,5.160127,4.374849,3.6032,4.120577
2004-09-06,114.3335,0.8224679,5.160127,4.374849,3.51034,4.079894
2004-09-07,112.4114,0.8086413,5.160127,4.374849,3.41678,4.035687
2004-09-08,110.4894,0.7948147,5.160127,4.374849,3.32249,3.98814
2004-09-09,108.5673,0.7809881,5.160127,4.374849,3.22744,3.937427
2004-09-10,105.2813,0.7573503,5.160127,4.374849,3.06311,3.879139
2004-09-11,101.9954,0.7337125,5.160127,4.374849,2.89632,3.813618
2004-09-12,98.70943,0.7100747,5.160127,4.374849,2.72688,3.741169
2004-09-13,95.42347,0.6864369,5.160127,4.374849,2.55461,3.662065
2004-09-14,92.13752,0.6627991,5.160127,4.374849,2.37927,3.576545
2004-09-15,88.85156,0.6391613,5.160127,4.374849,2.20065,3.484819
2004-09-16,85.56561,0.6155235,5.160127,4.374849,2.01847,3.387062
2004-09-17,82.27965,0.5918857,5.160127,4.374849,1.83243,3.28342
2004-09-18,78.9937,0.5682479,5.160127,4.374849,1.64221,3.174006
2004-09-19,75.70774,0.5446101,5.160127,4.374849,1.44743,3.058901
2004-09-20,72.42179,0.5209723,5.160127,4.374849,1.24768,2.938153
2004-09-21,69.13583,0.4973345,5.160127,4.374849,1.04247,2.811774
2004-09-22,65.84988,0.4736967,5.160127,4.374849,0.83125,2.679739
2004-09-23,62.56392,0.4500589,5.160127,4.374849,0.61342,2.541985
2004-09-24,62.68953,0.4509625,5.160127,4.374849,0.62187,2.413977
2004-09-25,62.81513,0.451866,5.160127,4.374849,0.63032,2.295066
2004-09-26,62.94074,0.4527696,5.160127,4.374849,0.63875,2.184645
2004-09-27,63.06635,0.4536732,5.160127,4.374849,0.64718,2.082148
2004-09-28,63.19195,0.4545767,5.160127,4.374849,0.65559,1.987044
2004-09-29,63.31756,0.4554803,5.160127,4.374849,0.664,1.898841
2004-09-30,63.44316,0.4563838,5.160127,4.374849,0.67239,1.817077
2004-10-01,63.56877,0.4572874,5.160127,4.374849,0.68078,1.741324
2004-10-02,63.69438,0.4581909,5.160127,4.374849,0.68915,1.671179
2004-10-03,63.81998,0.4590945,5.160127,4.374849,0.69751,1.606268
2004-10-04,63.94559,0.4599981,5.160127,4.374849,0.70586,1.546241
2004-10-05,64.07119,0.4609016,5.160127,4.374849,0.7142,1.490771
2004-10-06,64.1968,0.4618052,5.160127,4.374849,0.72254,1.439556
2004-10-07,64.32241,0.4627087,5.160127,4.374849,0.73086,1.39231
2004-10-08,62.84333,0.4520689,5.160127,4.374849,0.63221,1.341636
2004-10-09,61.36426,0.441429,5.160127,4.374849,0.53209,1.287667
2004-10-10,59.88518,0.4307892,5.160127,4.374849,0.43043,1.230517
2004-10-11,58.40611,0.4201494,5.160127,4.374849,0.32713,1.170292
2004-10-12,56.92704,0.4095095,5.160127,4.374849,0.22213,1.107081
2004-10-13,55.44796,0.3988697,5.160127,4.374849,0.11533,1.040964
2004-10-14,53.96889,0.3882298,5.160127,4.374849,0.00663,0.9720085
2004-10-15,52.48981,0.37759,5.160127,4.374849,0,0.907208
2004-10-16,51.01074,0.3669501,5.160127,4.374849,0,0.8467274
2004-10-17,49.53167,0.3563103,5.160127,4.374849,0,0.7902789
2004-10-18,48.05259,0.3456704,5.160127,4.374849,0,0.7375937
2004-10-19,46.57352,0.3350306,5.160127,4.374849,0,0.6884208
2004-10-20,45.09444,0.3243908,5.160127,4.374849,0,0.642526
2004-10-21,43.61537,0.3137509,5.160127,4.374849,0,0.599691
2004-10-22,41.87759,0.30125,5.160127,4.374849,0,0.5597116
2004-10-23,40.13981,0.2887491,5.160127,4.374849,0,0.5223975
2004-10-24,38.40203,0.2762483,5.160127,4.374849,0,0.487571
2004-10-25,36.66424,0.2637474,5.160127,4.374849,0,0.4550662
2004-10-26,34.92646,0.2512465,5.160127,4.374849,0,0.4247285
2004-10-27,33.18868,0.2387456,5.160127,4.374849,0,0.3964133
2004-10-28,31.4509,0.2262447,5.160127,4.374849,0,0.3699857
2004-10-29,29.71312,0.2137439,5.160127,4.374849,0,0.34532
2004-10-30,27.97534,0.201243,5.160127,4.374849,0,0.3222987
2004-10-31,26.23756,0.1887421,5.160127,4.374849,0,0.3008121
2004-11-01,24.49977,0.1762412,5.160127,4.374849,0,0.2807579
2004-11-02,22.76199,0.1637403,5.160127,4.374849,0,0.2620407
2004-11-03,21.02421,0.1512395,5.160127,4.374849,0,0.2445714
2004-11-04,19.28643,0.1387386,5.160127,4.374849,0,0.2282666
2004-11-05,18.97489,0.1364975,5.160127,4.374849,0,0.2130488
2004-11-06,18.66336,0.1342564,5.160127,4.374849,0,0.1988456
2004-11-07,18.35182,0.1320154,5.160127,4.374849,0,0.1855892
2004-11-08,18.04028,0.1297743,5.160127,4.374849,0,0.1732166
2004-11-09,17.72875,0.1275333,5.160127,4.374849,0,0.1616688
2004-11-10,17.41721,0.1252922,5.160127,4.374849,0,0.1508909
2004-11-11,17.10567,0.1230511,5.160127,4.374849,0,0.1408315
2004-11-12,16.79414,0.1208101,5.160127,4.374849,0,0.1314427
2004-11-13,16.4826,0.118569,5.160127,4.374849,0,0.1226799
2004-11-14,16.17106,0.1163279,5.160127,4.374849,0,0.1145012
2004-11-15,15.85953,0.1140869,5.160127,4.374849,0,0.1068678
2004-11-16,15.54799,0.1118458,5.160127,4.374849,0,0.09974329
2004-11-17,15.23645,0.1096047,5.160127,4.374849,0,0.09309374
2004-11-18,14.92492,0.1073637,5.160127,4.374849,0,0.08688749
2004-11-19,15.24346,0.1096551,5.160127,4.374849,0,0.08109499
2004-11-20,15.56201,0.1119466,5.160127,4.374849,0,0.07568866
2004-11-21,15.88055,0.1142381,5.160127,4.374849,0,0.07064275
2004-11-22,16.1991,0.1165296,5.160127,4.374849,0,0.06593323
2004-11-23,16.51764,0.1188211,5.160127,4.374849,0,0.06153768
2004-11-24,16.83619,0.1211126,5.160127,4.374849,0,0.05743517
2004-11-25,17.15473,0.123404,5.160127,4.374849,0,0.05360616
2004-11-26,17.47328,0.1256955,5.160127,4.374849,0,0.05003242
2004-11-27,17.79182,0.127987,5.160127,4.374849,0,0.04669692
2004-11-28,18.11037,0.1302785,5.160127,4.374849,0,0.04358379
2004-11-29,18.42892,0.13257,5.160127,4.374849,0,0.04067821
2004-11-30,18.74746,0.1348615,5.160127,4.374849,0,0.03796633
2004-12-01,19.06601,0.137153,5.160127,4.374849,0,0.03543524
2004-12-02,19.38455,0.1394444,5.160127,4.374849,0,0.03307289
2004-12-03,18.91113,0.1360388,5.160127,4.374849,0,0.03086803
2004-12-04,18.43771,0.1326332,5.160127,4.374849,0,0.02881016
2004-12-05,17.96428,0.1292276,5.160127,4.374849,0,0.02688948
2004-12-06,17.49086,0.125822,5.160127,4.374849,0,0.02509685
2004-12-07,17.01744,0.1224164,5.160127,4.374849,0,0.02342373
2004-12-08,16.54402,0.1190108,5.160127,4.374849,0,0.02186215
2004-12-09,16.0706,0.1156052,5.160127,4.374849,0,0.02040467
2004-12-10,15.59717,0.1121996,5.160127,4.374849,0,0.01904436
2004-12-11,15.12375,0.108794,5.160127,4.374849,0,0.01777473
2004-12-12,14.65033,0.1053884,5.160127,4.374849,0,0.01658975
2004-12-13,14.17691,0.1019828,5.160127,4.374849,0,0.01548377
2004-12-14,13.70348,0.09857719,5.160127,4.374849,0,0.01445152
2004-12-15,13.23006,0.09517159,5.160127,4.374849,0,0.01348808
2004-12-16,12.75664,0.09176599,5.160127,4.374849,0,0.01258888
2004-12-17,13.01384,0.09361619,5.160127,4.374849,0,0.01174962
2004-12-18,13.27104,0.09546639,5.160127,4.374849,0,0.01096631
2004-12-19,13.52825,0.0973166,5.160127,4.374849,0,0.01023522
2004-12-20,13.78545,0.0991668,5.160127,4.374849,0,0.009552875
2004-12-21,14.04265,0.101017,5.160127,4.374849,0,0.008916017
2004-12-22,14.29985,0.1028672,5.160127,4.374849,0,0.008321616
2004-12-23,14.55705,0.1047174,5.160127,4.374849,0,0.007766841
2004-12-24,14.81426,0.1065676,5.160127,4.374849,0,0.007249052
2004-12-25,15.07146,0.1084178,5.160127,4.374849,0,0.006765782
2004-12-26,15.32866,0.110268,5.160127,4.374849,0,0.00631473
2004-12-27,15.58586,0.1121182,5.160127,4.374849,0,0.005893748
2004-12-28,15.84306,0.1139684,5.160127,4.374849,0,0.005500831
2004-12-29,16.10027,0.1158186,5.160127,4.374849,0,0.005134109
2004-12-30,16.35747,0.1176689,5.160127,4.374849,0,0.004791835
2004-12-31,16.5324,0.1189272,5.160127,4.374849,0,0.00447238
2005-01-01,16.70733,0.1201856,4.610998,4.523069,0,0.004174221
2005-01-02,16.88226,0.121444,4.610998,4.523069,0,0.00389594
2005-01-03,17.05719,0.1227024,4.610998,4.523069,0,0.00363621
2005-01-04,17.23212,0.1239607,4.610998,4.523069,0,0.003393796
2005-01-05,17.40705,0.1252191,4.610998,4.523069,0,0.003167543
2005-01-06,17.58198,0.1264775,4.610998,4.523069,0,0.002956374
2005-01-07,17.75691,0.1277359,4.610998,4.523069,0,0.002759282
2005-01-08,17.93184,0.1289942,4.610998,4.523069,0,0.00257533
2005-01-09,18.10677,0.1302526,4.610998,4.523069,0,0.002403641
2005-01-10,18.2817,0.131511,4.610998,4.523069,0,0.002243398
2005-01-11,18.45663,0.1327694,4.610998,4.523069,0,0.002093839
2005-01-12,18.63156,0.1340278,4.610998,4.523069,0,0.001954249
2005-01-13,18.80649,0.1352861,4.610998,4.523069,0,0.001823966
2005-01-14,18.8759,0.1357854,4.610998,4.523069,0,0.001702368
2005-01-15,18.94531,0.1362847,4.610998,4.523069,0,0.001588877
2005-01-16,19.01471,0.136784,4.610998,4.523069,0,0.001482952
2005-01-17,19.08412,0.1372832,4.610998,4.523069,0,0.001384088
2005-01-18,19.15352,0.1377825,4.610998,4.523069,0,0.001291816
2005-01-19,19.22293,0.1382818,4.610998,4.523069,0,0.001205695
2005-01-20,19.29233,0.1387811,4.610998,4.523069,0,0.001125315
2005-01-21,19.36174,0.1392803,4.610998,4.523069,0,0.001050294
2005-01-22,19.43115,0.1397796,4.610998,4.523069,0,0.0009802746
2005-01-23,19.50055,0.1402789,4.610998,4.523069,0,0.0009149229
2005-01-24,19.56996,0.1407782,4.610998,4.523069,0,0.0008539281
2005-01-25,19.63936,0.1412774,4.610998,4.523069,0,0.0007969995
2005-01-26,19.70877,0.1417767,4.610998,4.523069,0,0.0007438662
2005-01-27,19.77817,0.142276,4.610998,4.523069,0,0.0006942752
2005-01-28,19.9092,0.1432185,4.610998,4.523069,0,0.0006479901
2005-01-29,20.04022,0.1441611,4.610998,4.523069,0,0.0006047908
2005-01-30,20.17124,0.1451036,4.610998,4.523069,0,0.0005644714
2005-01-31,20.30227,0.1460461,4.610998,4.523069,0,0.00052684
2005-02-01,20.43329,0.1469886,4.610998,4.523069,0,0.0004917173
2005-02-02,20.56432,0.1479312,4.610998,4.523069,0,0.0004589362
2005-02-03,20.69534,0.1488737,4.610998,4.523069,0,0.0004283404
2005-02-04,20.82636,0.1498162,4.610998,4.523069,0,0.0003997844
2005-02-05,20.95739,0.1507588,4.610998,4.523069,0,0.0003731321
2005-02-06,21.08841,0.1517013,4.610998,4.523069,0,0.0003482566
2005-02-07,21.21943,0.1526438,4.610998,4.523069,0,0.0003250395
2005-02-08,21.35046,0.1535863,4.610998,4.523069,0,0.0003033702
2005-02-09,21.48148,0.1545289,4.610998,4.523069,0,0.0002831455
2005-02-10,21.6125,0.1554714,4.610998,4.523069,0,0.0002642692
2005-02-11,22.30007,0.1604174,4.610998,4.523069,0,0.0002466512
2005-02-12,22.98763,0.1653635,4.610998,4.523069,0,0.0002302078
2005-02-13,23.67519,0.1703095,4.610998,4.523069,0,0.0002148606
2005-02-14,24.36275,0.1752556,4.610998,4.523069,0,0.0002005366
2005-02-15,25.05032,0.1802016,4.610998,4.523069,0,0.0001871675
2005-02-16,25.73788,0.1851476,4.610998,4.523069,0,0.0001746896
2005-02-17,26.42544,0.1900937,4.610998,4.523069,0,0.0001630437
2005-02-18,27.113,0.1950397,4.610998,4.523069,0,0.0001521741
2005-02-19,27.80057,0.1999858,4.610998,4.523069,0,0.0001420291
2005-02-20,28.48813,0.2049318,4.610998,4.523069,0,0.0001325605
2005-02-21,29.17569,0.2098778,4.610998,4.523069,0,0.0001237232
2005-02-22,29.86325,0.2148239,4.610998,4.523069,0,0.000115475
2005-02-23,30.55082,0.2197699,4.610998,4.523069,0,0.0001077766
2005-02-24,31.23838,0.224716,4.610998,4.523069,0,0.0001005915
2005-02-25,34.59335,0.2488502,4.610998,4.523069,0,9.388542e-05
2005-02-26,37.94832,0.2729845,4.610998,4.523069,0,8.762639e-05
2005-02-27,41.3033,0.2971188,4.610998,4.523069,0,8.178463e-05
2005-02-28,44.65827,0.3212531,4.610998,4.523069,0,7.633232e-05
2005-03-01,48.01324,0.3453874,4.610998,4.523069,0,7.12435e-05
2005-03-02,51.36821,0.3695216,4.610998,4.523069,0,6.649393e-05
2005-03-03,54.72319,0.3936559,4.610998,4.523069,0,6.2061e-05
2005-03-04,58.07816,0.4177902,4.610998,4.523069,0,5.79236e-05
2005-03-05,61.43313,0.4419245,4.610998,4.523069,0.07496,0.005051395
2005-03-06,64.7881,0.4660588,4.610998,4.523069,0.29094,0.02411064
2005-03-07,68.14308,0.4901931,4.610998,4.523069,0.49977,0.05582126
2005-03-08,71.49805,0.5143273,4.610998,4.523069,0.70213,0.09890851
2005-03-09,74.85302,0.5384616,4.610998,4.523069,0.89862,0.1522226
2005-03-10,78.20799,0.5625959,4.610998,4.523069,1.08978,0.2147264
2005-03-11,81.54694,0.5866149,4.610998,4.523069,1.27516,0.285422
2005-03-12,84.88588,0.6106338,4.610998,4.523069,1.45611,0.3634679
2005-03-13,88.22482,0.6346528,4.610998,4.523069,1.63298,0.448102
2005-03-14,91.56376,0.6586718,4.610998,4.523069,1.80607,0.5386332
2005-03-15,94.90271,0.6826908,4.610998,4.523069,1.97567,0.6344357
2005-03-16,98.24165,0.7067097,4.610998,4.523069,2.14203,0.734942
2005-03-17,101.5806,0.7307287,4.610998,4.523069,2.30538,0.8396378
2005-03-18,104.9195,0.7547477,4.610998,4.523069,2.46593,0.9480573
2005-03-19,108.2585,0.7787666,4.610998,4.523069,2.62387,1.059778
2005-03-20,111.5974,0.8027856,4.610998,4.523069,2.77936,1.174417
2005-03-21,114.9364,0.8268046,4.610998,4.523069,2.93256,1.291626
2005-03-22,118.2753,0.8508236,4.610998,4.523069,3.08362,1.411093
2005-03-23,121.6142,0.8748425,4.610998,4.523069,3.23266,1.532531
2005-03-24,124.9532,0.8988615,4.610998,4.523069,3.37981,1.655682
2005-03-25,123.4973,0.8883882,4.610998,4.523069,3.31587,1.766362
2005-03-26,122.0414,0.877915,4.610998,4.523069,3.25158,1.865376
2005-03-27,120.5854,0.8674417,4.610998,4.523069,3.18694,1.95348
2005-03-28,119.1295,0.8569685,4.610998,4.523069,3.12193,2.031377
2005-03-29,117.6736,0.8464952,4.610998,4.523069,3.05655,2.099722
2005-03-30,116.2177,0.8360219,4.610998,4.523069,2.99078,2.159126
2005-03-31,114.7618,0.8255487,4.610998,4.523069,2.9246,2.210157
2005-04-01,113.3059,0.8150754,4.610998,4.523069,2.85802,2.253348
2005-04-02,111.8499,0.8046022,4.610998,4.523069,2.79102,2.289193
2005-04-03,110.394,0.7941289,4.610998,4.523069,2.72359,2.318153
2005-04-04,108.9381,0.7836556,4.610998,4.523069,2.65571,2.340657
2005-04-05,107.4822,0.7731824,4.610998,4.523069,2.58737,2.357104
2005-04-06,106.0263,0.7627091,4.610998,4.523069,2.51857,2.367869
2005-04-07,104.5704,0.7522359,4.610998,4.523069,2.44927,2.373295
2005-04-08,107.1851,0.7710454,4.610998,4.523069,2.57337,2.386634
2005-04-09,109.7999,0.789855,4.610998,4.523069,2.69595,2.407255
2005-04-10,112.4147,0.8086646,4.610998,4.523069,2.81706,2.434575
2005-04-11,115.0294,0.8274742,4.610998,4.523069,2.9368,2.468057
2005-04-12,117.6442,0.8462838,4.610998,4.523069,3.05522,2.507201
2005-04-13,120.259,0.8650934,4.610998,4.523069,3.1724,2.551548
2005-04-14,122.8738,0.8839029,4.610998,4.523069,3.28838,2.60067
2005-04-15,125.4885,0.9027125,4.610998,4.523069,3.40323,2.654174
2005-04-16,128.1033,0.9215221,4.610998,4.523069,3.51699,2.711695
2005-04-17,130.7181,0.9403317,4.610998,4.523069,3.62973,2.772897
2005-04-18,133.3328,0.9591413,4.610998,4.523069,3.74147,2.837469
2005-04-19,135.9476,0.9779509,4.610998,4.523069,3.85228,2.905123
2005-04-20,138.5624,0.9967604,4.610998,4.523069,3.96218,2.975593
2005-04-21,141.1772,1.01557,4.610998,4.523069,4.07121,3.048634
2005-04-22,139.2704,1.001854,4.610998,4.523069,3.99179,3.111511
2005-04-23,137.3637,0.9881378,4.610998,4.523069,3.9119,3.164871
2005-04-24,135.457,0.9744217,4.610998,4.523069,3.83156,3.209317
2005-04-25,133.5503,0.9607056,4.610998,4.523069,3.75072,3.24541
2005-04-26,131.6436,0.9469895,4.610998,4.523069,3.66939,3.273676
2005-04-27,129.7369,0.9332733,4.610998,4.523069,3.58754,3.2946
2005-04-28,127.8302,0.9195572,4.610998,4.523069,3.50516,3.308637
2005-04-29,125.9234,0.9058411,4.610998,4.523069,3.42223,3.31621
2005-04-30,124.0167,0.892125,4.610998,4.523069,3.33872,3.317711
2005-05-01,122.11,0.8784089,4.610998,4.523069,3.25462,3.313505
2005-05-02,120.2033,0.8646928,4.610998,4.523069,3.16991,3.303932
2005-05-03,118.2966,0.8509767,4.610998,4.523069,3.08457,3.289308
2005-05-04,116.3899,0.8372606,4.610998,4.523069,2.99857,3.269925
2005-05-05,114.4832,0.8235445,4.610998,4.523069,2.9119,3.246057
2005-05-06,119.7219,0.8612301,4.610998,4.523069,3.14843,3.239548
2005-05-07,124.9607,0.8989158,4.610998,4.523069,3.38014,3.248921
2005-05-08,130.1995,0.9366014,4.610998,4.523069,3.60745,3.272823
2005-05-09,135.4383,0.974287,4.610998,4.523069,3.83076,3.310019
2005-05-10,140.6771,1.011973,4.610998,4.523069,4.05042,3.359379
2005-05-11,145.9159,1.049658,4.610998,4.523069,4.26674,3.41987
2005-05-12,151.1547,1.087344,4.610998,4.523069,4.47998,3.490544
2005-05-13,156.3934,1.12503,4.610998,4.523069,4.52307,3.559379
2005-05-14,161.6322,1.162715,4.610998,4.523069,4.52307,3.623625
2005-05-15,166.871,1.200401,4.610998,4.523069,4.52307,3.683588
2005-05-16,172.1098,1.238087,4.610998,4.523069,4.52307,3.739553
2005-05-17,177.3486,1.275772,4.610998,4.523069,4.52307,3.791788
2005-05-18,182.5874,1.313458,4.610998,4.523069,4.52307,3.84054
2005-05-19,187.8262,1.351144,4.610998,4.523069,4.52307,3.886042
2005-05-20,185.1644,1.331996,4.610998,4.523069,4.52307,3.92851
2005-05-21,182.5026,1.312848,4.610998,4.523069,4.52307,3.968148
2005-05-22,179.8408,1.2937,4.610998,4.523069,4.52307,4.005143
2005-05-23,177.179,1.274552,4.610998,4.523069,4.52307,4.039671
2005-05-24,174.5172,1.255405,4.610998,4.523069,4.52307,4.071898
2005-05-25,171.8554,1.236257,4.610998,4.523069,4.52307,4.101976
2005-05-26,169.1936,1.217109,4.610998,4.523069,4.52307,4.130049
2005-05-27,166.5319,1.197961,4.610998,4.523069,4.52307,4.15625
2005-05-28,163.8701,1.178813,4.610998,4.523069,4.52307,4.180705
2005-05-29,161.2083,1.159666,4.610998,4.523069,4.52307,4.203529
2005-05-30,158.5465,1.140518,4.610998,4.523069,4.52307,4.224832
2005-05-31,155.8847,1.12137,4.610998,4.523069,4.52307,4.244714
2005-06-01,153.2229,1.102222,4.610998,4.523069,4.52307,4.263271
2005-06-02,150.5611,1.083074,4.610998,4.523069,4.45597,4.276118
2005-06-03,154.7977,1.113551,4.610998,4.523069,4.52307,4.292582
2005-06-04,159.0344,1.144027,4.610998,4.523069,4.52307,4.307947
2005-06-05,163.271,1.174504,4.610998,4.523069,4.52307,4.322289
2005-06-06,167.5076,1.20498,4.610998,4.523069,4.52307,4.335674
2005-06-07,171.7442,1.235457,4.610998,4.523069,4.52307,4.348167
2005-06-08,175.9809,1.265933,4.610998,4.523069,4.52307,4.359828
2005-06-09,180.2175,1.29641,4.610998,4.523069,4.52307,4.37071
2005-06-10,184.4541,1.326886,4.610998,4.523069,4.52307,4.380868
2005-06-11,188.6907,1.357363,4.610998,4.523069,4.52307,4.390348
2005-06-12,192.9274,1.387839,4.610998,4.523069,4.52307,4.399196
2005-06-13,197.164,1.418316,4.610998,4.523069,4.52307,4.407454
2005-06-14,201.4006,1.448792,4.610998,4.523069,4.52307,4.415162
2005-06-15,205.6372,1.479269,4.610998,4.523069,4.52307,4.422356
2005-06-16,209.8738,1.509745,4.610998,4.523069,4.52307,4.42907
2005-06-17,204.6881,1.472442,4.610998,4.523069,4.52307,4.435337
2005-06-18,199.5024,1.435138,4.610998,4.523069,4.52307,4.441186
2005-06-19,194.3167,1.397834,4.610998,4.523069,4.52307,4.446645
2005-06-20,189.131,1.36053,4.610998,4.523069,4.52307,4.45174
2005-06-21,183.9453,1.323226,4.610998,4.523069,4.52307,4.456495
2005-06-22,178.7596,1.285923,4.610998,4.523069,4.52307,4.460933
2005-06-23,173.5739,1.248619,4.610998,4.523069,4.52307,4.465076
2005-06-24,168.3882,1.211315,4.610998,4.523069,4.52307,4.468942
2005-06-25,163.2025,1.174011,4.610998,4.523069,4.52307,4.472551
2005-06-26,158.0168,1.136707,4.610998,4.523069,4.52307,4.475919
2005-06-27,152.8311,1.099404,4.610998,4.523069,4.52307,4.479062
2005-06-28,147.6454,1.0621,4.610998,4.523069,4.33746,4.469622
2005-06-29,142.4597,1.024796,4.610998,4.523069,4.12439,4.446606
2005-06-30,137.274,0.9874922,4.610998,4.523069,3.90813,4.410708
2005-07-01,138.1916,0.9940929,4.610998,4.523069,3.94664,4.37977
2005-07-02,139.1091,1.000694,4.610998,4.523069,3.98505,4.353455
2005-07-03,140.0267,1.007294,4.610998,4.523069,4.02334,4.331448
2005-07-04,140.9443,1.013895,4.610998,4.523069,4.06154,4.313454
2005-07-05,141.8619,1.020496,4.610998,4.523069,4.09963,4.299199
2005-07-06,142.7795,1.027096,4.610998,4.523069,4.13762,4.288427
2005-07-07,143.697,1.033697,4.610998,4.523069,4.17551,4.280899
2005-07-08,144.6146,1.040298,4.610998,4.523069,4.2133,4.276393
2005-07-09,145.5322,1.046898,4.610998,4.523069,4.251,4.2747
2005-07-10,146.4498,1.053499,4.610998,4.523069,4.28861,4.275627
2005-07-11,147.3673,1.0601,4.610998,4.523069,4.32612,4.278993
2005-07-12,148.2849,1.0667,4.610998,4.523069,4.36353,4.284629
2005-07-13,149.2025,1.073301,4.610998,4.523069,4.40086,4.292378
2005-07-14,150.1201,1.079902,4.610998,4.523069,4.4381,4.302093
2005-07-15,150.0221,1.079197,4.610998,4.523069,4.43413,4.310895
2005-07-16,149.924,1.078491,4.610998,4.523069,4.43015,4.318845
2005-07-17,149.826,1.077786,4.610998,4.523069,4.42617,4.326
2005-07-18,149.728,1.077081,4.610998,4.523069,4.4222,4.332414
2005-07-19,149.63,1.076376,4.610998,4.523069,4.41822,4.338134
2005-07-20,149.532,1.075671,4.610998,4.523069,4.41424,4.343208
2005-07-21,149.434,1.074966,4.610998,4.523069,4.41026,4.347678
2005-07-22,149.3359,1.074261,4.610998,4.523069,4.40628,4.351585
2005-07-23,149.2379,1.073556,4.610998,4.523069,4.4023,4.354966
2005-07-24,149.1399,1.072851,4.610998,4.523069,4.39832,4.357856
2005-07-25,149.0419,1.072146,4.610998,4.523069,4.39433,4.360288
2005-07-26,148.9439,1.071441,4.610998,4.523069,4.39035,4.362292
2005-07-27,148.8459,1.070735,4.610998,4.523069,4.38636,4.363896
2005-07-28,148.7478,1.07003,4.610998,4.523069,4.38238,4.365129
2005-07-29,145.9639,1.050004,4.610998,4.523069,4.2687,4.3587
2005-07-30,143.1799,1.029977,4.610998,4.523069,4.15417,4.345065
2005-07-31,140.3959,1.00995,4.610998,4.523069,4.03872,4.324642
2005-08-01,137.612,0.9899234,4.610998,4.523069,3.92233,4.297821
2005-08-02,134.828,0.9698967,4.610998,4.523069,3.80494,4.264962
2005-08-03,132.044,0.94987,4.610998,4.523069,3.68651,4.226399
2005-08-04,129.26,0.9298432,4.610998,4.523069,3.56699,4.182438
2005-08-05,126.4761,0.9098165,4.610998,4.523069,3.44632,4.133364
2005-08-06,123.6921,0.8897897,4.610998,4.523069,3.32444,4.079435
2005-08-07,120.9081,0.869763,4.610998,4.523069,3.2013,4.020893
2005-08-08,118.1242,0.8497363,4.610998,4.523069,3.07682,3.957955
2005-08-09,115.3402,0.8297095,4.610998,4.523069,2.95094,3.89082
2005-08-10,112.5562,0.8096828,4.610998,4.523069,2.82358,3.819671
2005-08-11,109.7722,0.789656,4.610998,4.523069,2.69466,3.74467
2005-08-12,112.1469,0.8067385,4.610998,4.523069,2.80473,3.682008
2005-08-13,114.5216,0.823821,4.610998,4.523069,2.91365,3.630784
2005-08-14,116.8963,0.8409035,4.610998,4.523069,3.02148,3.590164
2005-08-15,119.271,0.857986,4.610998,4.523069,3.12827,3.559371
2005-08-16,121.6457,0.8750685,4.610998,4.523069,3.23405,3.537683
2005-08-17,124.0203,0.8921509,4.610998,4.523069,3.33888,3.524429
2005-08-18,126.395,0.9092334,4.610998,4.523069,3.44279,3.518987
2005-08-19,128.7697,0.9263159,4.610998,4.523069,3.54582,3.520775
2005-08-20,131.1444,0.9433984,4.610998,4.523069,3.64801,3.529258
2005-08-21,133.5191,0.9604809,4.610998,4.523069,3.74939,3.543933
2005-08-22,135.8938,0.9775634,4.610998,4.523069,3.85,3.564338
2005-08-23,138.2684,0.9946459,4.610998,4.523069,3.94986,3.590039
2005-08-24,140.6431,1.011728,4.610998,4.523069,4.04901,3.620637
2005-08-25,143.0178,1.028811,4.610998,4.523069,4.14747,3.655759
2005-08-26,140.8417,1.013157,4.610998,4.523069,4.05727,3.682527
2005-08-27,138.6657,0.9975035,4.610998,4.523069,3.9665,3.701458
2005-08-28,136.4896,0.9818498,4.610998,4.523069,3.87513,3.713036
2005-08-29,134.3136,0.9661961,4.610998,4.523069,3.78314,3.71771
2005-08-30,132.1375,0.9505424,4.610998,4.523069,3.69051,3.715897
2005-08-31,129.9614,0.9348888,4.610998,4.523069,3.59721,3.707984
2005-09-01,127.7854,0.9192351,4.610998,4.523069,3.50322,3.694333
2005-09-02,125.6093,0.9035814,4.610998,4.523069,3.40851,3.675278
2005-09-03,123.4333,0.8879277,4.610998,4.523069,3.31305,3.65113
2005-09-04,121.2572,0.872274,4.610998,4.523069,3.21681,3.622175
2005-09-05,119.0811,0.8566204,4.610998,4.523069,3.11977,3.588681
2005-09-06,116.9051,0.8409667,4.610998,4.523069,3.02188,3.550895
2005-09-07,114.729,0.825313,4.610998,4.523069,2.92311,3.509042
2005-09-08,112.553,0.8096593,4.610998,4.523069,2.82343,3.463335
2005-09-09,110.3454,0.7937789,4.610998,4.523069,2.72133,3.413868
2005-09-10,108.1378,0.7778984,4.610998,4.523069,2.6182,3.360823
2005-09-11,105.9302,0.762018,4.610998,4.523069,2.51401,3.304369
2005-09-12,103.7226,0.7461375,4.610998,4.523069,2.40869,3.244657
2005-09-13,101.515,0.7302571,4.610998,4.523069,2.3022,3.181827
2005-09-14,99.30745,0.7143767,4.610998,4.523069,2.19449,3.116004
2005-09-15,97.09987,0.6984962,4.610998,4.523069,2.08549,3.047303
2005-09-16,94.89228,0.6826158,4.610998,4.523069,1.97514,2.975826
2005-09-17,92.6847,0.6667353,4.610998,4.523069,1.86338,2.901663
2005-09-18,90.47712,0.6508549,4.610998,4.523069,1.75013,2.824894
2005-09-19,88.26953,0.6349745,4.610998,4.523069,1.63532,2.745589
2005-09-20,86.06195,0.619094,4.610998,4.523069,1.51886,2.663807
2005-09-21,83.85437,0.6032136,4.610998,4.523069,1.40067,2.579598
2005-09-22,81.64678,0.5873331,4.610998,4.523069,1.28064,2.493001
2005-09-23,82.26703,0.5917949,4.610998,4.523069,1.31455,2.414437
2005-09-24,82.88727,0.5962567,4.610998,4.523069,1.34832,2.343363
2005-09-25,83.50751,0.6007185,4.610998,4.523069,1.38193,2.279267
2005-09-26,84.12776,0.6051802,4.610998,4.523069,1.4154,2.221676
2005-09-27,84.748,0.609642,4.610998,4.523069,1.44873,2.170146
2005-09-28,85.36825,0.6141038,4.610998,4.523069,1.48191,2.124264
2005-09-29,85.98849,0.6185656,4.610998,4.523069,1.51496,2.083644
2005-09-30,86.60873,0.6230274,4.610998,4.523069,1.54786,2.047925
2005-10-01,87.22898,0.6274891,4.610998,4.523069,1.58064,2.016772
2005-10-02,87.84922,0.6319509,4.610998,4.523069,1.61328,1.989873
2005-10-03,88.46947,0.6364127,4.610998,4.523069,1.64578,1.966933
2005-10-04,89.08971,0.6408745,4.610998,4.523069,1.67816,1.947682
2005-10-05,89.70995,0.6453362,4.610998,4.523069,1.71042,1.931864
2005-10-06,90.3302,0.649798,4.610998,4.523069,1.74254,1.919243
2005-10-07,88.03946,0.6333194,4.610998,4.523069,1.62326,1.899511
2005-10-08,85.74873,0.6168408,4.610998,4.523069,1.5022,1.873023
2005-10-09,83.458,0.6003622,4.610998,4.523069,1.37925,1.840105
2005-10-10,81.16726,0.5838837,4.610998,4.523069,1.25431,1.801052
2005-10-11,78.87653,0.5674051,4.610998,4.523069,1.12727,1.756133
2005-10-12,76.58579,0.5509265,4.610998,4.523069,0.99799,1.70559
2005-10-13,74.29506,0.5344479,4.610998,4.523069,0.86633,1.64964
2005-10-14,72.00433,0.5179693,4.610998,4.523069,0.73214,1.588473
2005-10-15,69.71359,0.5014907,4.610998,4.523069,0.59526,1.522259
2005-10-16,67.42286,0.4850121,4.610998,4.523069,0.4555,1.451142
2005-10-17,65.13212,0.4685335,4.610998,4.523069,0.31267,1.375243
2005-10-18,62.84139,0.4520549,4.610998,4.523069,0.16654,1.294663
2005-10-19,60.55066,0.4355763,4.610998,4.523069,0.01686,1.209476
2005-10-20,58.25992,0.4190977,4.610998,4.523069,0,1.128845
2005-10-21,57.10744,0.4108073,4.610998,4.523069,0,1.053588
2005-10-22,55.95496,0.4025168,4.610998,4.523069,0,0.9833491
2005-10-23,54.80247,0.3942263,4.610998,4.523069,0,0.9177925
2005-10-24,53.64999,0.3859358,4.610998,4.523069,0,0.8566063
2005-10-25,52.49751,0.3776453,4.610998,4.523069,0,0.7994992
2005-10-26,51.34503,0.3693549,4.610998,4.523069,0,0.7461993
2005-10-27,50.19255,0.3610644,4.610998,4.523069,0,0.6964526
2005-10-28,49.04006,0.3527739,4.610998,4.523069,0,0.6500225
2005-10-29,47.88758,0.3444834,4.610998,4.523069,0,0.6066876
2005-10-30,46.7351,0.3361929,4.610998,4.523069,0,0.5662418
2005-10-31,45.58262,0.3279025,4.610998,4.523069,0,0.5284923
2005-11-01,44.43013,0.319612,4.610998,4.523069,0,0.4932595
2005-11-02,43.27765,0.3113215,4.610998,4.523069,0,0.4603755
2005-11-03,42.12517,0.303031,4.610998,4.523069,0,0.4296838
2005-11-04,40.13424,0.2887091,4.610998,4.523069,0,0.4010383
2005-11-05,38.14331,0.2743872,4.610998,4.523069,0,0.3743024
2005-11-06,36.15239,0.2600653,4.610998,4.523069,0,0.3493489
2005-11-07,34.16146,0.2457434,4.610998,4.523069,0,0.326059
2005-11-08,32.17053,0.2314215,4.610998,4.523069,0,0.3043217
2005-11-09,30.17961,0.2170996,4.610998,4.523069,0,0.2840336
2005-11-10,28.18868,0.2027777,4.610998,4.523069,0,0.265098
2005-11-11,26.19775,0.1884558,4.610998,4.523069,0,0.2474248
2005-11-12,24.20683,0.1741339,4.610998,4.523069,0,0.2309298
2005-11-13,22.2159,0.159812,4.610998,4.523069,0,0.2155345
2005-11-14,20.22497,0.1454901,4.610998,4.523069,0,0.2011655
2005-11-15,18.23404,0.1311682,4.610998,4.523069,0,0.1877545
2005-11-16,16.24312,0.1168463,4.610998,4.523069,0,0.1752375
2005-11-17,14.25219,0.1025244,4.610998,4.523069,0,0.163555
2005-11-18,14.32023,0.1030138,4.610998,4.523069,0,0.1526514
2005-11-19,14.38828,0.1035033,4.610998,4.523069,0,0.1424746
2005-11-20,14.45632,0.1039928,4.610998,4.523069,0,0.1329763
2005-11-21,14.52436,0.1044822,4.610998,4.523069,0,0.1241112
2005-11-22,14.5924,0.1049717,4.610998,4.523069,0,0.1158371
2005-11-23,14.66045,0.1054612,4.610998,4.523069,0,0.1081147
2005-11-24,14.72849,0.1059506,4.610998,4.523069,0,0.100907
2005-11-25,14.79653,0.1064401,4.610998,4.523069,0,0.09417988
2005-11-26,14.86457,0.1069296,4.610998,4.523069,0,0.08790122
2005-11-27,14.93262,0.1074191,4.610998,4.523069,0,0.08204114
2005-11-28,15.00066,0.1079085,4.610998,4.523069,0,0.07657173
2005-11-29,15.0687,0.108398,4.610998,4.523069,0,0.07146695
2005-11-30,15.13675,0.1088875,4.610998,4.523069,0,0.06670248
2005-12-01,15.20479,0.1093769,4.610998,4.523069,0,0.06225565
2005-12-02,14.61569,0.1051392,4.610998,4.523069,0,0.05810527
2005-12-03,14.02659,0.1009015,4.610998,4.523069,0,0.05423159
2005-12-04,13.43749,0.09666371,4.610998,4.523069,0,0.05061615
2005-12-05,12.84839,0.09242596,4.610998,4.523069,0,0.04724174
2005-12-06,12.25928,0.08818821,4.610998,4.523069,0,0.04409229
2005-12-07,11.67018,0.08395047,4.610998,4.523069,0,0.0411528
2005-12-08,11.08108,0.07971272,4.610998,4.523069,0,0.03840928
2005-12-09,10.49198,0.07547497,4.610998,4.523069,0,0.03584866
2005-12-10,9.902882,0.07123723,4.610998,4.523069,0,0.03345875
2005-12-11,9.313781,0.06699948,4.610998,4.523069,0,0.03122817
2005-12-12,8.72468,0.06276173,4.610998,4.523069,0,0.02914629
2005-12-13,8.135579,0.05852399,4.610998,4.523069,0,0.02720321
2005-12-14,7.546479,0.05428624,4.610998,4.523069,0,0.02538966
2005-12-15,6.957378,0.0500485,4.610998,4.523069,0,0.02369702
2005-12-16,7.502203,0.05396774,4.610998,4.523069,0,0.02211721
2005-12-17,8.047029,0.05788699,4.610998,4.523069,0,0.02064273
2005-12-18,8.591854,0.06180624,4.610998,4.523069,0,0.01926655
2005-12-19,9.13668,0.06572549,4.610998,4.523069,0,0.01798211
2005-12-20,9.681505,0.06964474,4.610998,4.523069,0,0.01678331
2005-12-21,10.22633,0.07356398,4.610998,4.523069,0,0.01566442
2005-12-22,10.77116,0.07748323,4.610998,4.523069,0,0.01462012
2005-12-23,11.31598,0.08140248,4.610998,4.523069,0,0.01364545
2005-12-24,11.86081,0.08532173,4.610998,4.523069,0,0.01273575
2005-12-25,12.40563,0.08924098,4.610998,4.523069,0,0.0118867
2005-12-26,12.95046,0.09316023,4.610998,4.523069,0,0.01109426
2005-12-27,13.49528,0.09707947,4.610998,4.523069,0,0.01035464
2005-12-28,14.04011,0.1009987,4.610998,4.523069,0,0.00966433
2005-12-29,14.58493,0.104918,4.610998,4.523069,0,0.009020041
2005-12-30,14.7175,0.1058716,4.610998,4.523069,0,0.008418705
2005-12-31,14.85007,0.1068252,4.610998,4.523069,0,0.007857458
2006-01-01,14.98264,0.1077789,4.659597,4.555287,0,0.007333627
2006-01-02,15.1152,0.1087325,4.659597,4.555287,0,0.006844719
2006-01-03,15.24777,0.1096862,4.659597,4.555287,0,0.006388404
2006-01-04,15.38034,0.1106398,4.659597,4.555287,0,0.005962511
2006-01-05,15.51291,0.1115934,4.659597,4.555287,0,0.00556501
2006-01-06,15.64548,0.1125471,4.659597,4.555287,0,0.005194009
2006-01-07,15.77804,0.1135007,4.659597,4.555287,0,0.004847742
2006-01-08,15.91061,0.1144543,4.659597,4.555287,0,0.004524559
2006-01-09,16.04318,0.115408,4.659597,4.555287,0,0.004222922
2006-01-10,16.17575,0.1163616,4.659597,4.555287,0,0.003941394
2006-01-11,16.30831,0.1173153,4.659597,4.555287,0,0.003678634
2006-01-12,16.44088,0.1182689,4.659597,4.555287,0,0.003433392
2006-01-13,16.67936,0.1199844,4.659597,4.555287,0,0.003204499
2006-01-14,16.91785,0.1217,4.659597,4.555287,0,0.002990866
2006-01-15,17.15633,0.1234155,4.659597,4.555287,0,0.002791475
2006-01-16,17.39481,0.1251311,4.659597,4.555287,0,0.002605377
2006-01-17,17.63329,0.1268466,4.659597,4.555287,0,0.002431685
2006-01-18,17.87177,0.1285621,4.659597,4.555287,0,0.002269572
2006-01-19,18.11025,0.1302777,4.659597,4.555287,0,0.002118268
2006-01-20,18.34874,0.1319932,4.659597,4.555287,0,0.00197705
2006-01-21,18.58722,0.1337087,4.659597,4.555287,0,0.001845246
2006-01-22,18.8257,0.1354243,4.659597,4.555287,0,0.00172223
2006-01-23,19.06418,0.1371398,4.659597,4.555287,0,0.001607415
2006-01-24,19.30266,0.1388554,4.659597,4.555287,0,0.001500254
2006-01-25,19.54114,0.1405709,4.659597,4.555287,0,0.001400237
2006-01-26,19.77963,0.1422864,4.659597,4.555287,0,0.001306888
2006-01-27,20.15258,0.1449693,4.659597,4.555287,0,0.001219762
2006-01-28,20.52553,0.1476522,4.659597,4.555287,0,0.001138444
2006-01-29,20.89848,0.150335,4.659597,4.555287,0,0.001062548
2006-01-30,21.27143,0.1530179,4.659597,4.555287,0,0.0009917115
2006-01-31,21.64438,0.1557007,4.659597,4.555287,0,0.0009255974
2006-02-01,22.01734,0.1583836,4.659597,4.555287,0,0.0008638909
2006-02-02,22.39029,0.1610665,4.659597,4.555287,0,0.0008062982
2006-02-03,22.76324,0.1637493,4.659597,4.555287,0,0.000752545
2006-02-04,23.13619,0.1664322,4.659597,4.555287,0,0.0007023753
2006-02-05,23.50914,0.169115,4.659597,4.555287,0,0.0006555503
2006-02-06,23.88209,0.1717979,4.659597,4.555287,0,0.000611847
2006-02-07,24.25505,0.1744808,4.659597,4.555287,0,0.0005710572
2006-02-08,24.628,0.1771636,4.659597,4.555287,0,0.0005329867
2006-02-09,25.00095,0.1798465,4.659597,4.555287,0,0.0004974542
2006-02-10,26.49375,0.190585,4.659597,4.555287,0,0.0004642906
2006-02-11,27.98655,0.2013236,4.659597,4.555287,0,0.0004333379
2006-02-12,29.47934,0.2120622,4.659597,4.555287,0,0.0004044487
2006-02-13,30.97214,0.2228008,4.659597,4.555287,0,0.0003774855
2006-02-14,32.46494,0.2335393,4.659597,4.555287,0,0.0003523198
2006-02-15,33.95774,0.2442779,4.659597,4.555287,0,0.0003288318
2006-02-16,35.45054,0.2550165,4.659597,4.555287,0,0.0003069097
2006-02-17,36.94334,0.2657551,4.659597,4.555287,0,0.000286449
2006-02-18,38.43614,0.2764936,4.659597,4.555287,0,0.0002673524
2006-02-19,39.92893,0.2872322,4.659597,4.555287,0,0.0002495289
2006-02-20,41.42173,0.2979708,4.659597,4.555287,0,0.0002328937
2006-02-21,42.91453,0.3087094,4.659597,4.555287,0,0.0002173674
2006-02-22,44.40733,0.3194479,4.659597,4.555287,0,0.0002028763
2006-02-23,45.90013,0.3301865,4.659597,4.555287,0,0.0001893512
2006-02-24,45.68015,0.3286041,4.659597,4.555287,0,0.0001767278
2006-02-25,45.46018,0.3270217,4.659597,4.555287,0,0.0001649459
2006-02-26,45.24021,0.3254393,4.659597,4.555287,0,0.0001539495
2006-02-27,45.02023,0.3238569,4.659597,4.555287,0,0.0001436862
2006-02-28,44.80026,0.3222745,4.659597,4.555287,0,0.0001341071
2006-03-01,44.58028,0.3206921,4.659597,4.555287,0,0.0001251667
2006-03-02,44.36031,0.3191097,4.659597,4.555287,0,0.0001168222
2006-03-03,44.14034,0.3175273,4.659597,4.555287,0,0.0001090341
2006-03-04,43.92036,0.3159449,4.659597,4.555287,0,0.0001017651
2006-03-05,43.70039,0.3143625,4.659597,4.555287,0,9.498079e-05
2006-03-06,43.48042,0.3127801,4.659597,4.555287,0,8.864874e-05
2006-03-07,43.26044,0.3111977,4.659597,4.555287,0,8.273882e-05
2006-03-08,43.04047,0.3096153,4.659597,4.555287,0,7.72229e-05
2006-03-09,42.82049,0.3080329,4.659597,4.555287,0,7.207471e-05
2006-03-10,45.82281,0.3296303,4.659597,4.555287,0,6.726973e-05
2006-03-11,48.82512,0.3512277,4.659597,4.555287,0,6.278508e-05
2006-03-12,51.82743,0.372825,4.659597,4.555287,0,5.859941e-05
2006-03-13,54.82974,0.3944224,4.659597,4.555287,0,5.469278e-05
2006-03-14,57.83205,0.4160198,4.659597,4.555287,0,5.104659e-05
2006-03-15,60.83436,0.4376172,4.659597,4.555287,0.07774,0.00523031
2006-03-16,63.83667,0.4592146,4.659597,4.555287,0.27329,0.02310096
2006-03-17,66.83898,0.4808119,4.659597,4.555287,0.46294,0.05242356
2006-03-18,69.84129,0.5024093,4.659597,4.555287,0.64721,0.09207599
2006-03-19,72.8436,0.5240067,4.659597,4.555287,0.82655,0.1410409
2006-03-20,75.84591,0.5456041,4.659597,4.555287,1.00138,0.1983969
2006-03-21,78.84823,0.5672015,4.659597,4.555287,1.17204,0.2633064
2006-03-22,81.85054,0.5887989,4.659597,4.555287,1.33886,0.33501
2006-03-23,84.85285,0.6103962,4.659597,4.555287,1.50212,0.4128173
2006-03-24,85.41064,0.6144088,4.659597,4.555287,1.53208,0.4874348
2006-03-25,85.96844,0.6184213,4.659597,4.555287,1.56193,0.5590678
2006-03-26,86.52623,0.6224339,4.659597,4.555287,1.59166,0.6279073
2006-03-27,87.08403,0.6264464,4.659597,4.555287,1.62129,0.6941328
2006-03-28,87.64182,0.6304589,4.659597,4.555287,1.65081,0.7579113
2006-03-29,88.19961,0.6344715,4.659597,4.555287,1.68022,0.8193986
2006-03-30,88.75741,0.638484,4.659597,4.555287,1.70953,0.8787406
2006-03-31,89.3152,0.6424966,4.659597,4.555287,1.73873,0.9360733
2006-04-01,89.873,0.6465091,4.659597,4.555287,1.76784,0.9915244
2006-04-02,90.43079,0.6505216,4.659597,4.555287,1.79684,1.045212
2006-04-03,90.98859,0.6545342,4.659597,4.555287,1.82574,1.097247
2006-04-04,91.54638,0.6585467,4.659597,4.555287,1.85454,1.147733
2006-04-05,92.10417,0.6625593,4.659597,4.555287,1.88325,1.196768
2006-04-06,92.66197,0.6665718,4.659597,4.555287,1.91185,1.24444
2006-04-07,95.5845,0.6875953,4.659597,4.555287,2.06023,1.298826
2006-04-08,98.50704,0.7086188,4.659597,4.555287,2.20616,1.359315
2006-04-09,101.4296,0.7296423,4.659597,4.555287,2.3498,1.425347
2006-04-10,104.3521,0.7506659,4.659597,4.555287,2.49129,1.49641
2006-04-11,107.2746,0.7716894,4.659597,4.555287,2.63076,1.572033
2006-04-12,110.1972,0.7927129,4.659597,4.555287,2.76832,1.651786
2006-04-13,113.1197,0.8137364,4.659597,4.555287,2.90408,1.735272
2006-04-14,116.0423,0.8347599,4.659597,4.555287,3.03814,1.82213
2006-04-15,118.9648,0.8557834,4.659597,4.555287,3.1706,1.912028
2006-04-16,121.8873,0.8768069,4.659597,4.555287,3.30154,2.004662
2006-04-17,124.8099,0.8978304,4.659597,4.555287,3.43103,2.099753
2006-04-18,127.7324,0.9188539,4.659597,4.555287,3.55917,2.197048
2006-04-19,130.6549,0.9398774,4.659597,4.555287,3.686,2.296311
2006-04-20,133.5775,0.9609009,4.659597,4.555287,3.81161,2.397331
2006-04-21,136.2704,0.9802729,4.659597,4.555287,3.92631,2.499263
2006-04-22,138.9634,0.9996449,4.659597,4.555287,4.04006,2.601983
2006-04-23,141.6563,1.019017,4.659597,4.555287,4.15291,2.705378
2006-04-24,144.3493,1.038389,4.659597,4.555287,4.26489,2.809346
2006-04-25,147.0422,1.057761,4.659597,4.555287,4.37604,2.913792
2006-04-26,149.7352,1.077133,4.659597,4.555287,4.48639,3.018632
2006-04-27,152.4281,1.096505,4.659597,4.555287,4.55529,3.121076
2006-04-28,155.1211,1.115877,4.659597,4.555287,4.55529,3.21669
2006-04-29,157.814,1.135249,4.659597,4.555287,4.55529,3.30593
2006-04-30,160.507,1.154621,4.659597,4.555287,4.55529,3.389221
2006-05-01,163.1999,1.173993,4.659597,4.555287,4.55529,3.466959
2006-05-02,165.8929,1.193364,4.659597,4.555287,4.55529,3.539514
2006-05-03,168.5858,1.212736,4.659597,4.555287,4.55529,3.607232
2006-05-04,171.2788,1.232108,4.659597,4.555287,4.55529,3.670436
2006-05-05,168.9368,1.215262,4.659597,4.555287,4.55529,3.729426
2006-05-06,166.5949,1.198415,4.659597,4.555287,4.55529,3.784484
2006-05-07,164.253,1.181568,4.659597,4.555287,4.55529,3.835871
2006-05-08,161.9111,1.164721,4.659597,4.555287,4.55529,3.883832
2006-05-09,159.5692,1.147875,4.659597,4.555287,4.55529,3.928596
2006-05-10,157.2273,1.131028,4.659597,4.555287,4.55529,3.970376
2006-05-11,154.8853,1.114181,4.659597,4.555287,4.55529,4.00937
2006-05-12,152.5434,1.097334,4.659597,4.555287,4.55529,4.045765
2006-05-13,150.2015,1.080487,4.659597,4.555287,4.50543,4.076409
2006-05-14,147.8596,1.063641,4.659597,4.555287,4.40962,4.098623
2006-05-15,145.5177,1.046794,4.659597,4.555287,4.31321,4.112929
2006-05-16,143.1758,1.029947,4.659597,4.555287,4.21619,4.119813
2006-05-17,140.8338,1.0131,4.659597,4.555287,4.11853,4.119727
2006-05-18,138.4919,0.9962535,4.659597,4.555287,4.02021,4.113093
2006-05-19,142.059,1.021913,4.659597,4.555287,4.1697,4.116867
2006-05-20,145.626,1.047573,4.659597,4.555287,4.31768,4.130254
2006-05-21,149.1931,1.073233,4.659597,4.555287,4.46424,4.15252
2006-05-22,152.7601,1.098893,4.659597,4.555287,4.55529,4.179371
2006-05-23,156.3272,1.124553,4.659597,4.555287,4.55529,4.204433
2006-05-24,159.8942,1.150213,4.659597,4.555287,4.55529,4.227823
2006-05-25,163.4613,1.175873,4.659597,4.555287,4.55529,4.249654
2006-05-26,167.0283,1.201532,4.659597,4.555287,4.55529,4.27003
2006-05-27,170.5954,1.227192,4.659597,4.555287,4.55529,4.289047
2006-05-28,174.1624,1.252852,4.659597,4.555287,4.55529,4.306797
2006-05-29,177.7295,1.278512,4.659597,4.555287,4.55529,4.323363
2006-05-30,181.2965,1.304172,4.659597,4.555287,4.55529,4.338825
2006-05-31,184.8636,1.329832,4.659597,4.555287,4.55529,4.353256
2006-06-01,188.4306,1.355492,4.659597,4.555287,4.55529,4.366725
2006-06-02,188.3877,1.355183,4.659597,4.555287,4.55529,4.379296
2006-06-03,188.3447,1.354874,4.659597,4.555287,4.55529,4.391029
2006-06-04,188.3018,1.354565,4.659597,4.555287,4.55529,4.401979
2006-06-05,188.2589,1.354256,4.659597,4.555287,4.55529,4.4122
2006-06-06,188.2159,1.353947,4.659597,4.555287,4.55529,4.42174
2006-06-07,188.173,1.353639,4.659597,4.555287,4.55529,4.430643
2006-06-08,188.1301,1.35333,4.659597,4.555287,4.55529,4.438953
2006-06-09,188.0871,1.353021,4.659597,4.555287,4.55529,4.446708
2006-06-10,188.0442,1.352712,4.659597,4.555287,4.55529,4.453947
2006-06-11,188.0013,1.352403,4.659597,4.555287,4.55529,4.460703
2006-06-12,187.9583,1.352094,4.659597,4.555287,4.55529,4.467009
2006-06-13,187.9154,1.351785,4.659597,4.555287,4.55529,4.472895
2006-06-14,187.8724,1.351477,4.659597,4.555287,4.55529,4.478388
2006-06-15,187.8295,1.351168,4.659597,4.555287,4.55529,4.483514
2006-06-16,188.4979,1.355976,4.659597,4.555287,4.55529,4.488299
2006-06-17,189.1663,1.360784,4.659597,4.555287,4.55529,4.492766
2006-06-18,189.8346,1.365592,4.659597,4.555287,4.55529,4.496934
2006-06-19,190.503,1.3704,4.659597,4.555287,4.55529,4.500824
2006-06-20,191.1714,1.375208,4.659597,4.555287,4.55529,4.504455
2006-06-21,191.8398,1.380016,4.659597,4.555287,4.55529,4.507844
2006-06-22,192.5082,1.384824,4.659597,4.555287,4.55529,4.511007
2006-06-23,193.1765,1.389632,4.659597,4.555287,4.55529,4.513959
2006-06-24,193.8449,1.39444,4.659597,4.555287,4.55529,4.516715
2006-06-25,194.5133,1.399248,4.659597,4.555287,4.55529,4.519287
2006-06-26,195.1817,1.404056,4.659597,4.555287,4.55529,4.521687
2006-06-27,195.8501,1.408864,4.659597,4.555287,4.55529,4.523927
2006-06-28,196.5184,1.413672,4.659597,4.555287,4.55529,4.526018
2006-06-29,197.1868,1.41848,4.659597,4.555287,4.55529,4.527969
2006-06-30,196.9422,1.416721,4.659597,4.555287,4.55529,4.529791
2006-07-01,196.6976,1.414961,4.659597,4.555287,4.55529,4.531491
2006-07-02,196.4531,1.413202,4.659597,4.555287,4.55529,4.533077
2006-07-03,196.2085,1.411442,4.659597,4.555287,4.55529,4.534558
2006-07-04,195.9639,1.409683,4.659597,4.555287,4.55529,4.53594
2006-07-05,195.7193,1.407924,4.659597,4.555287,4.55529,4.53723
2006-07-06,195.4747,1.406164,4.659597,4.555287,4.55529,4.538434
2006-07-07,195.2301,1.404405,4.659597,4.555287,4.55529,4.539558
2006-07-08,194.9855,1.402645,4.659597,4.555287,4.55529,4.540607
2006-07-09,194.741,1.400886,4.659597,4.555287,4.55529,4.541586
2006-07-10,194.4964,1.399126,4.659597,4.555287,4.55529,4.542499
2006-07-11,194.2518,1.397367,4.659597,4.555287,4.55529,4.543352
2006-07-12,194.0072,1.395608,4.659597,4.555287,4.55529,4.544148
2006-07-13,193.7626,1.393848,4.659597,4.555287,4.55529,4.544891
2006-07-14,187.9839,1.352278,4.659597,4.555287,4.55529,4.545584
2006-07-15,182.2051,1.310708,4.659597,4.555287,4.55529,4.546231
2006-07-16,176.4264,1.269138,4.659597,4.555287,4.55529,4.546835
2006-07-17,170.6477,1.227569,4.659597,4.555287,4.55529,4.547399
2006-07-18,164.8689,1.185999,4.659597,4.555287,4.55529,4.547925
2006-07-19,159.0902,1.144429,4.659597,4.555287,4.55529,4.548416
2006-07-20,153.3114,1.102859,4.659597,4.555287,4.55529,4.548874
2006-07-21,147.5327,1.061289,4.659597,4.555287,4.39619,4.538695
2006-07-22,141.7539,1.019719,4.659597,4.555287,4.15698,4.513247
2006-07-23,135.9752,0.9781492,4.659597,4.555287,3.91378,4.473283
2006-07-24,130.1965,0.9365793,4.659597,4.555287,3.66619,4.419477
2006-07-25,124.4177,0.8950094,4.659597,4.555287,3.41374,4.352428
2006-07-26,118.639,0.8534396,4.659597,4.555287,3.15591,4.27266
2006-07-27,112.8602,0.8118697,4.659597,4.555287,2.8921,4.180622
2006-07-28,113.6265,0.8173822,4.659597,4.555287,2.92745,4.097078
2006-07-29,114.3928,0.8228948,4.659597,4.555287,2.96268,4.021451
2006-07-30,115.1592,0.8284073,4.659597,4.555287,2.99781,3.953208
2006-07-31,115.9255,0.8339199,4.659597,4.555287,3.03282,3.891849
2006-08-01,116.6918,0.8394324,4.659597,4.555287,3.06772,3.836907
2006-08-02,117.4581,0.8449449,4.659597,4.555287,3.10251,3.787947
2006-08-03,118.2244,0.8504575,4.659597,4.555287,3.13719,3.744564
2006-08-04,118.9907,0.85597,4.659597,4.555287,3.17177,3.706377
2006-08-05,119.757,0.8614826,4.659597,4.555287,3.20624,3.673035
2006-08-06,120.5234,0.8669951,4.659597,4.555287,3.24061,3.644207
2006-08-07,121.2897,0.8725076,4.659597,4.555287,3.27488,3.619585
2006-08-08,122.056,0.8780202,4.659597,4.555287,3.30905,3.598882
2006-08-09,122.8223,0.8835327,4.659597,4.555287,3.34312,3.581832
2006-08-10,123.5886,0.8890453,4.659597,4.555287,3.37709,3.568182
2006-08-11,122.2933,0.8797271,4.659597,4.555287,3.31961,3.551611
2006-08-12,120.9979,0.8704089,4.659597,4.555287,3.26185,3.532293
2006-08-13,119.7026,0.8610908,4.659597,4.555287,3.2038,3.510394
2006-08-14,118.4072,0.8517726,4.659597,4.555287,3.14545,3.486064
2006-08-15,117.1119,0.8424545,4.659597,4.555287,3.0868,3.459447
2006-08-16,115.8166,0.8331363,4.659597,4.555287,3.02785,3.430673
2006-08-17,114.5212,0.8238181,4.659597,4.555287,2.96858,3.399867
2006-08-18,113.2259,0.8145,4.659597,4.555287,2.90898,3.367141
2006-08-19,111.9305,0.8051818,4.659597,4.555287,2.84905,3.332602
2006-08-20,110.6352,0.7958636,4.659597,4.555287,2.78878,3.296347
2006-08-21,109.3398,0.7865455,4.659597,4.555287,2.72816,3.258468
2006-08-22,108.0445,0.7772273,4.659597,4.555287,2.66717,3.219048
2006-08-23,106.7491,0.7679091,4.659597,4.555287,2.60582,3.178166
2006-08-24,105.4538,0.758591,4.659597,4.555287,2.5441,3.135895
2006-08-25,106.8063,0.7683203,4.659597,4.555287,2.60854,3.100738
2006-08-26,108.1588,0.7780497,4.659597,4.555287,2.67257,3.072194
2006-08-27,109.5113,0.7877791,4.659597,4.555287,2.7362,3.049794
2006-08-28,110.8638,0.7975084,4.659597,4.555287,2.79944,3.033104
2006-08-29,112.2163,0.8072378,4.659597,4.555287,2.8623,3.021717
2006-08-30,113.5688,0.8169672,4.659597,4.555287,2.92479,3.015255
2006-08-31,114.9213,0.8266965,4.659597,4.555287,2.98692,3.013366
2006-09-01,116.2738,0.8364259,4.659597,4.555287,3.0487,3.015722
2006-09-02,117.6264,0.8461553,4.659597,4.555287,3.11013,3.022016
2006-09-03,118.9789,0.8558846,4.659597,4.555287,3.17123,3.031963
2006-09-04,120.3314,0.865614,4.659597,4.555287,3.23201,3.0453
2006-09-05,121.6839,0.8753434,4.659597,4.555287,3.29247,3.061778
2006-09-06,123.0364,0.8850727,4.659597,4.555287,3.35262,3.081167
2006-09-07,124.3889,0.8948021,4.659597,4.555287,3.41247,3.103254
2006-09-08,122.4559,0.8808971,4.659597,4.555287,3.32684,3.11816
2006-09-09,120.523,0.8669922,4.659597,4.555287,3.24059,3.126322
2006-09-10,118.59,0.8530873,4.659597,4.555287,3.1537,3.128147
2006-09-11,116.657,0.8391823,4.659597,4.555287,3.06614,3.124013
2006-09-12,114.7241,0.8252774,4.659597,4.555287,2.97788,3.114271
2006-09-13,112.7911,0.8113724,4.659597,4.555287,2.8889,3.099246
2006-09-14,110.8581,0.7974675,4.659597,4.555287,2.79918,3.079242
2006-09-15,108.9252,0.7835625,4.659597,4.555287,2.70867,3.054537
2006-09-16,106.9922,0.7696576,4.659597,4.555287,2.61736,3.025392
2006-09-17,105.0592,0.7557526,4.659597,4.555287,2.52522,2.992047
2006-09-18,103.1263,0.7418477,4.659597,4.555287,2.4322,2.954724
2006-09-19,101.1933,0.7279427,4.659597,4.555287,2.33827,2.913627
2006-09-20,99.26034,0.7140378,4.659597,4.555287,2.24339,2.868945
2006-09-21,97.32738,0.7001328,4.659597,4.555287,2.14754,2.820851
2006-09-22,95.8859,0.6897634,4.659597,4.555287,2.07539,2.771154
2006-09-23,94.44443,0.6793941,4.659597,4.555287,2.00265,2.71992
2006-09-24,93.00295,0.6690247,4.659597,4.555287,1.9293,2.667212
2006-09-25,91.56148,0.6586553,4.659597,4.555287,1.85532,2.613086
2006-09-26,90.12,0.648286,4.659597,4.555287,1.78069,2.557593
2006-09-27,88.67853,0.6379166,4.659597,4.555287,1.70539,2.500779
2006-09-28,87.23705,0.6275472,4.659597,4.555287,1.6294,2.442687
2006-09-29,85.79558,0.6171779,4.659597,4.555287,1.55269,2.383354
2006-09-30,84.35411,0.6068085,4.659597,4.555287,1.47523,2.322813
2006-10-01,82.91263,0.5964391,4.659597,4.555287,1.397,2.261092
2006-10-02,81.47116,0.5860697,4.659597,4.555287,1.31798,2.198218
2006-10-03,80.02968,0.5757004,4.659597,4.555287,1.23813,2.134212
2006-10-04,78.58821,0.565331,4.659597,4.555287,1.15741,2.069092
2006-10-05,77.14673,0.5549616,4.659597,4.555287,1.07581,2.002873
2006-10-06,75.82087,0.5454239,4.659597,4.555287,0.99993,1.93601
2006-10-07,74.49501,0.5358862,4.659597,4.555287,0.92325,1.868493
2006-10-08,73.16914,0.5263485,4.659597,4.555287,0.84572,1.800308
2006-10-09,71.84328,0.5168108,4.659597,4.555287,0.76732,1.731442
2006-10-10,70.51742,0.5072731,4.659597,4.555287,0.68801,1.66188
2006-10-11,69.19155,0.4977354,4.659597,4.555287,0.60776,1.591605
2006-10-12,67.86569,0.4881977,4.659597,4.555287,0.52653,1.5206
2006-10-13,66.53983,0.47866,4.659597,4.555287,0.44429,1.448846
2006-10-14,65.21397,0.4691223,4.659597,4.555287,0.36099,1.376322
2006-10-15,63.8881,0.4595845,4.659597,4.555287,0.27659,1.303007
2006-10-16,62.56224,0.4500468,4.659597,4.555287,0.19103,1.228875
2006-10-17,61.23638,0.4405091,4.659597,4.555287,0.10428,1.153902
2006-10-18,59.91051,0.4309714,4.659597,4.555287,0.01628,1.078061
2006-10-19,58.58465,0.4214337,4.659597,4.555287,0,1.00619
2006-10-20,56.66668,0.4076367,4.659597,4.555287,0,0.9391106
2006-10-21,54.74872,0.3938396,4.659597,4.555287,0,0.8765032
2006-10-22,52.83075,0.3800426,4.659597,4.555287,0,0.8180697
2006-10-23,50.91279,0.3662455,4.659597,4.555287,0,0.7635317
2006-10-24,48.99482,0.3524484,4.659597,4.555287,0,0.7126296
2006-10-25,47.07686,0.3386514,4.659597,4.555287,0,0.665121
2006-10-26,45.15889,0.3248543,4.659597,4.555287,0,0.6207796
2006-10-27,43.24092,0.3110573,4.659597,4.555287,0,0.5793943
2006-10-28,41.32296,0.2972602,4.659597,4.555287,0,0.540768
2006-10-29,39.40499,0.2834632,4.659597,4.555287,0,0.5047168
2006-10-30,37.48703,0.2696661,4.659597,4.555287,0,0.471069
2006-10-31,35.56906,0.2558691,4.659597,4.555287,0,0.4396644
2006-11-01,33.65109,0.242072,4.659597,4.555287,0,0.4103534
2006-11-02,31.73313,0.228275,4.659597,4.555287,0,0.3829965
2006-11-03,31.82894,0.2289642,4.659597,4.555287,0,0.3574634
2006-11-04,31.92475,0.2296534,4.659597,4.555287,0,0.3336325
2006-11-05,32.02056,0.2303427,4.659597,4.555287,0,0.3113904
2006-11-06,32.11637,0.2310319,4.659597,4.555287,0,0.290631
2006-11-07,32.21218,0.2317211,4.659597,4.555287,0,0.2712556
2006-11-08,32.30799,0.2324103,4.659597,4.555287,0,0.2531719
2006-11-09,32.4038,0.2330995,4.659597,4.555287,0,0.2362938
2006-11-10,32.49961,0.2337888,4.659597,4.555287,0,0.2205409
2006-11-11,32.59543,0.234478,4.659597,4.555287,0,0.2058381
2006-11-12,32.69124,0.2351672,4.659597,4.555287,0,0.1921156
2006-11-13,32.78705,0.2358564,4.659597,4.555287,0,0.1793079
2006-11-14,32.88286,0.2365457,4.659597,4.555287,0,0.167354
2006-11-15,32.97867,0.2372349,4.659597,4.555287,0,0.1561971
2006-11-16,33.07448,0.2379241,4.659597,4.555287,0,0.145784
2006-11-17,32.62879,0.234718,4.659597,4.555287,0,0.136065
2006-11-18,32.1831,0.2315119,4.659597,4.555287,0,0.126994
2006-11-19,31.73742,0.2283058,4.659597,4.555287,0,0.1185278
2006-11-20,31.29173,0.2250997,4.659597,4.555287,0,0.1106259
2006-11-21,30.84604,0.2218937,4.659597,4.555287,0,0.1032508
2006-11-22,30.40036,0.2186876,4.659597,4.555287,0,0.09636745
2006-11-23,29.95467,0.2154815,4.659597,4.555287,0,0.08994295
2006-11-24,29.50898,0.2122754,4.659597,4.555287,0,0.08394676
2006-11-25,29.06329,0.2090693,4.659597,4.555287,0,0.07835031
2006-11-26,28.61761,0.2058632,4.659597,4.555287,0,0.07312695
2006-11-27,28.17192,0.2026571,4.659597,4.555287,0,0.06825182
2006-11-28,27.72623,0.199451,4.659597,4.555287,0,0.0637017
2006-11-29,27.28055,0.1962449,4.659597,4.555287,0,0.05945492
2006-11-30,26.83486,0.1930389,4.659597,4.555287,0,0.05549126
2006-12-01,26.51252,0.1907201,4.659597,4.555287,0,0.05179184
2006-12-02,26.19019,0.1884014,4.659597,4.555287,0,0.04833905
2006-12-03,25.86785,0.1860826,4.659597,4.555287,0,0.04511645
2006-12-04,25.54552,0.1837639,4.659597,4.555287,0,0.04210869
2006-12-05,25.22319,0.1814452,4.659597,4.555287,0,0.03930144
2006-12-06,24.90085,0.1791264,4.659597,4.555287,0,0.03668134
2006-12-07,24.57852,0.1768077,4.659597,4.555287,0,0.03423592
2006-12-08,24.25618,0.1744889,4.659597,4.555287,0,0.03195353
2006-12-09,23.93385,0.1721702,4.659597,4.555287,0,0.02982329
2006-12-10,23.61151,0.1698514,4.659597,4.555287,0,0.02783507
2006-12-11,23.28918,0.1675327,4.659597,4.555287,0,0.0259794
2006-12-12,22.96685,0.165214,4.659597,4.555287,0,0.02424744
2006-12-13,22.64451,0.1628952,4.659597,4.555287,0,0.02263094
2006-12-14,22.32218,0.1605765,4.659597,4.555287,0,0.02112222
2006-12-15,22.11609,0.159094,4.659597,4.555287,0,0.01971407
2006-12-16,21.91001,0.1576115,4.659597,4.555287,0,0.0183998
2006-12-17,21.70393,0.1561291,4.659597,4.555287,0,0.01717314
2006-12-18,21.49784,0.1546466,4.659597,4.555287,0,0.01602827
2006-12-19,21.29176,0.1531641,4.659597,4.555287,0,0.01495972
2006-12-20,21.08568,0.1516816,4.659597,4.555287,0,0.0139624
2006-12-21,20.87959,0.1501991,4.659597,4.555287,0,0.01303157
2006-12-22,20.67351,0.1487167,4.659597,4.555287,0,0.0121628
2006-12-23,20.46743,0.1472342,4.659597,4.555287,0,0.01135195
2006-12-24,20.26134,0.1457517,4.659597,4.555287,0,0.01059515
2006-12-25,20.05526,0.1442692,4.659597,4.555287,0,0.009888809
2006-12-26,19.84918,0.1427868,4.659597,4.555287,0,0.009229555
2006-12-27,19.64309,0.1413043,4.659597,4.555287,0,0.008614252
2006-12-28,19.43701,0.1398218,4.659597,4.555287,0,0.008039968
2006-12-29,19.75219,0.1420891,4.659597,4.555287,0,0.00750397
2006-12-30,20.06738,0.1443564,4.659597,4.555287,0,0.007003706
2006-12-31,20.38256,0.1466237,4.659597,4.555287,0,0.006536792
2007-01-01,20.69775,0.148891,5.292555,4.803924,0,0.006101006
2007-01-02,21.01293,0.1511583,5.292555,4.803924,0,0.005694272
2007-01-03,21.32811,0.1534256,5.292555,4.803924,0,0.005314654
2007-01-04,21.6433,0.1556929,5.292555,4.803924,0,0.004960344
2007-01-05,21.95848,0.1579602,5.292555,4.803924,0,0.004629654
2007-01-06,22.27367,0.1602275,5.292555,4.803924,0,0.00432101
2007-01-07,22.58885,0.1624948,5.292555,4.803924,0,0.004032943
2007-01-08,22.90403,0.1647621,5.292555,4.803924,0,0.00376408
2007-01-09,23.21922,0.1670294,5.292555,4.803924,0,0.003513142
2007-01-10,23.5344,0.1692967,5.292555,4.803924,0,0.003278932
2007-01-11,23.84959,0.171564,5.292555,4.803924,0,0.003060337
2007-01-12,23.92879,0.1721338,5.292555,4.803924,0,0.002856314
2007-01-13,24.00799,0.1727035,5.292555,4.803924,0,0.002665893
2007-01-14,24.08719,0.1732733,5.292555,4.803924,0,0.002488167
2007-01-15,24.16639,0.173843,5.292555,4.803924,0,0.002322289
2007-01-16,24.24559,0.1744128,5.292555,4.803924,0,0.00216747
2007-01-17,24.3248,0.1749825,5.292555,4.803924,0,0.002022972
2007-01-18,24.404,0.1755522,5.292555,4.803924,0,0.001888107
2007-01-19,24.4832,0.176122,5.292555,4.803924,0,0.001762233
2007-01-20,24.5624,0.1766917,5.292555,4.803924,0,0.001644751
2007-01-21,24.6416,0.1772615,5.292555,4.803924,0,0.001535101
2007-01-22,24.7208,0.1778312,5.292555,4.803924,0,0.001432761
2007-01-23,24.80001,0.178401,5.292555,4.803924,0,0.001337244
2007-01-24,24.87921,0.1789707,5.292555,4.803924,0,0.001248094
2007-01-25,24.95841,0.1795404,5.292555,4.803924,0,0.001164888
2007-01-26,25.68471,0.1847651,5.292555,4.803924,0,0.001087229
2007-01-27,26.41101,0.1899898,5.292555,4.803924,0,0.001014747
2007-01-28,27.13731,0.1952145,5.292555,4.803924,0,0.0009470969
2007-01-29,27.8636,0.2004392,5.292555,4.803924,0,0.0008839571
2007-01-30,28.5899,0.2056639,5.292555,4.803924,0,0.0008250266
2007-01-31,29.3162,0.2108886,5.292555,4.803924,0,0.0007700248
2007-02-01,30.0425,0.2161133,5.292555,4.803924,0,0.0007186899
2007-02-02,30.7688,0.221338,5.292555,4.803924,0,0.0006707772
2007-02-03,31.4951,0.2265627,5.292555,4.803924,0,0.0006260587
2007-02-04,32.2214,0.2317874,5.292555,4.803924,0,0.0005843215
2007-02-05,32.9477,0.2370121,5.292555,4.803924,0,0.0005453667
2007-02-06,33.674,0.2422368,5.292555,4.803924,0,0.0005090089
2007-02-07,34.4003,0.2474615,5.292555,4.803924,0,0.000475075
2007-02-08,35.12659,0.2526862,5.292555,4.803924,0,0.0004434033
2007-02-09,35.45456,0.2550454,5.292555,4.803924,0,0.0004138431
2007-02-10,35.78252,0.2574046,5.292555,4.803924,0,0.0003862536
2007-02-11,36.11049,0.2597639,5.292555,4.803924,0,0.0003605033
2007-02-12,36.43845,0.2621231,5.292555,4.803924,0,0.0003364698
2007-02-13,36.76641,0.2644823,5.292555,4.803924,0,0.0003140385
2007-02-14,37.09438,0.2668416,5.292555,4.803924,0,0.0002931026
2007-02-15,37.42234,0.2692008,5.292555,4.803924,0,0.0002735624
2007-02-16,37.7503,0.27156,5.292555,4.803924,0,0.0002553249
2007-02-17,38.07827,0.2739193,5.292555,4.803924,0,0.0002383032
2007-02-18,38.40623,0.2762785,5.292555,4.803924,0,0.0002224164
2007-02-19,38.73419,0.2786377,5.292555,4.803924,0,0.0002075886
2007-02-20,39.06216,0.280997,5.292555,4.803924,0,0.0001937494
2007-02-21,39.39012,0.2833562,5.292555,4.803924,0,0.0001808327
2007-02-22,39.71808,0.2857154,5.292555,4.803924,0,0.0001687772
2007-02-23,42.24006,0.3038575,5.292555,4.803924,0,0.0001575254
2007-02-24,44.76204,0.3219996,5.292555,4.803924,0,0.0001470237
2007-02-25,47.28402,0.3401416,5.292555,4.803924,0,0.0001372221
2007-02-26,49.80599,0.3582837,5.292555,4.803924,0,0.000128074
2007-02-27,52.32797,0.3764258,5.292555,4.803924,0,0.0001195357
2007-02-28,54.84995,0.3945678,5.292555,4.803924,0.17402,0.0117129
2007-03-01,57.37193,0.4127099,5.292555,4.803924,0.35791,0.03479271
2007-03-02,59.89391,0.4308519,5.292555,4.803924,0.53664,0.06824919
2007-03-03,62.41588,0.448994,5.292555,4.803924,0.71065,0.1110759
2007-03-04,64.93786,0.4671361,5.292555,4.803924,0.88031,0.1623582
2007-03-05,67.45984,0.4852781,5.292555,4.803924,1.04596,0.221265
2007-03-06,69.98182,0.5034202,5.292555,4.803924,1.2079,0.2870406
2007-03-07,72.50379,0.5215623,5.292555,4.803924,1.3664,0.3589979
2007-03-08,75.02577,0.5397043,5.292555,4.803924,1.5217,0.4365114
2007-03-09,78.6734,0.5659438,5.292555,4.803924,1.74109,0.5234833
2007-03-10,82.32103,0.5921834,5.292555,4.803924,1.95484,0.6189071
2007-03-11,85.96865,0.6184229,5.292555,4.803924,2.16344,0.721876
2007-03-12,89.61628,0.6446624,5.292555,4.803924,2.36735,0.8315742
2007-03-13,93.26391,0.6709019,5.292555,4.803924,2.56697,0.9472673
2007-03-14,96.91154,0.6971414,5.292555,4.803924,2.76265,1.068293
2007-03-15,100.5592,0.723381,5.292555,4.803924,2.9547,1.194053
2007-03-16,104.2068,0.7496205,5.292555,4.803924,3.14342,1.324011
2007-03-17,107.8544,0.77586,5.292555,4.803924,3.32904,1.45768
2007-03-18,111.502,0.8020995,5.292555,4.803924,3.5118,1.594621
2007-03-19,115.1497,0.8283391,5.292555,4.803924,3.6919,1.73444
2007-03-20,118.7973,0.8545786,5.292555,4.803924,3.86954,1.87678
2007-03-21,122.4449,0.8808181,5.292555,4.803924,4.04487,2.021319
2007-03-22,126.0926,0.9070576,5.292555,4.803924,4.21807,2.167769
2007-03-23,128.5821,0.9249662,5.292555,4.803924,4.33512,2.312259
2007-03-24,131.0716,0.9428747,5.292555,4.803924,4.45128,2.454861
2007-03-25,133.5611,0.9607832,5.292555,4.803924,4.5666,2.595643
2007-03-26,136.0506,0.9786918,5.292555,4.803924,4.6811,2.734674
2007-03-27,138.5401,0.9966003,5.292555,4.803924,4.79482,2.872017
2007-03-28,141.0296,1.014509,5.292555,4.803924,4.80392,3.00081
2007-03-29,143.5192,1.032417,5.292555,4.803924,4.80392,3.121018
2007-03-30,146.0087,1.050326,5.292555,4.803924,4.80392,3.233211
2007-03-31,148.4982,1.068234,5.292555,4.803924,4.80392,3.337925
2007-04-01,150.9877,1.086143,5.292555,4.803924,4.80392,3.435658
2007-04-02,153.4772,1.104052,5.292555,4.803924,4.80392,3.526875
2007-04-03,155.9667,1.12196,5.292555,4.803924,4.80392,3.612012
2007-04-04,158.4562,1.139869,5.292555,4.803924,4.80392,3.691472
2007-04-05,160.9458,1.157777,5.292555,4.803924,4.80392,3.765635
2007-04-06,165.2746,1.188917,5.292555,4.803924,4.80392,3.834854
2007-04-07,169.6034,1.220056,5.292555,4.803924,4.80392,3.899459
2007-04-08,173.9322,1.251196,5.292555,4.803924,4.80392,3.959756
2007-04-09,178.261,1.282336,5.292555,4.803924,4.80392,4.016034
2007-04-10,182.5898,1.313475,5.292555,4.803924,4.80392,4.06856
2007-04-11,186.9186,1.344615,5.292555,4.803924,4.80392,4.117584
2007-04-12,191.2474,1.375755,5.292555,4.803924,4.80392,4.163339
2007-04-13,195.5762,1.406894,5.292555,4.803924,4.80392,4.206045
2007-04-14,199.905,1.438034,5.292555,4.803924,4.80392,4.245903
2007-04-15,204.2338,1.469173,5.292555,4.803924,4.80392,4.283104
2007-04-16,208.5626,1.500313,5.292555,4.803924,4.80392,4.317825
2007-04-17,212.8914,1.531453,5.292555,4.803924,4.80392,4.350232
2007-04-18,217.2202,1.562592,5.292555,4.803924,4.80392,4.380477
2007-04-19,221.549,1.593732,5.292555,4.803924,4.80392,4.408707
2007-04-20,218.8231,1.574123,5.292555,4.803924,4.80392,4.435055
2007-04-21,216.0973,1.554514,5.292555,4.803924,4.80392,4.459646
2007-04-22,213.3714,1.534905,5.292555,4.803924,4.80392,4.482597
2007-04-23,210.6455,1.515296,5.292555,4.803924,4.80392,4.504019
2007-04-24,207.9196,1.495687,5.292555,4.803924,4.80392,4.524012
2007-04-25,205.1937,1.476079,5.292555,4.803924,4.80392,4.542673
2007-04-26,202.4678,1.45647,5.292555,4.803924,4.80392,4.560089
2007-04-27,199.7419,1.436861,5.292555,4.803924,4.80392,4.576345
2007-04-28,197.0161,1.417252,5.292555,4.803924,4.80392,4.591516
2007-04-29,194.2902,1.397643,5.292555,4.803924,4.80392,4.605676
2007-04-30,191.5643,1.378034,5.292555,4.803924,4.80392,4.618893
2007-05-01,188.8384,1.358425,5.292555,4.803924,4.80392,4.631228
2007-05-02,186.1125,1.338816,5.292555,4.803924,4.80392,4.642741
2007-05-03,183.3866,1.319207,5.292555,4.803924,4.80392,4.653486
2007-05-04,184.7165,1.328774,5.292555,4.803924,4.80392,4.663515
2007-05-05,186.0464,1.33834,5.292555,4.803924,4.80392,4.672875
2007-05-06,187.3762,1.347907,5.292555,4.803924,4.80392,4.681612
2007-05-07,188.7061,1.357474,5.292555,4.803924,4.80392,4.689765
2007-05-08,190.036,1.36704,5.292555,4.803924,4.80392,4.697376
2007-05-09,191.3658,1.376607,5.292555,4.803924,4.80392,4.704479
2007-05-10,192.6957,1.386173,5.292555,4.803924,4.80392,4.711108
2007-05-11,194.0256,1.39574,5.292555,4.803924,4.80392,4.717296
2007-05-12,195.3555,1.405306,5.292555,4.803924,4.80392,4.723071
2007-05-13,196.6853,1.414873,5.292555,4.803924,4.80392,4.728461
2007-05-14,198.0152,1.424439,5.292555,4.803924,4.80392,4.733491
2007-05-15,199.3451,1.434006,5.292555,4.803924,4.80392,4.738186
2007-05-16,200.6749,1.443572,5.292555,4.803924,4.80392,4.742569
2007-05-17,202.0048,1.453139,5.292555,4.803924,4.80392,4.746659
2007-05-18,202.8203,1.459005,5.292555,4.803924,4.80392,4.750476
2007-05-19,203.6358,1.464872,5.292555,4.803924,4.80392,4.754039
2007-05-20,204.4514,1.470738,5.292555,4.803924,4.80392,4.757364
2007-05-21,205.2669,1.476605,5.292555,4.803924,4.80392,4.760468
2007-05-22,206.0824,1.482471,5.292555,4.803924,4.80392,4.763365
2007-05-23,206.8979,1.488338,5.292555,4.803924,4.80392,4.766069
2007-05-24,207.7134,1.494204,5.292555,4.803924,4.80392,4.768592
2007-05-25,208.529,1.500071,5.292555,4.803924,4.80392,4.770947
2007-05-26,209.3445,1.505938,5.292555,4.803924,4.80392,4.773145
2007-05-27,210.16,1.511804,5.292555,4.803924,4.80392,4.775197
2007-05-28,210.9755,1.517671,5.292555,4.803924,4.80392,4.777112
2007-05-29,211.791,1.523537,5.292555,4.803924,4.80392,4.778899
2007-05-30,212.6066,1.529404,5.292555,4.803924,4.80392,4.780567
2007-05-31,213.4221,1.53527,5.292555,4.803924,4.80392,4.782124
2007-06-01,211.7668,1.523363,5.292555,4.803924,4.80392,4.783577
2007-06-02,210.1116,1.511456,5.292555,4.803924,4.80392,4.784933
2007-06-03,208.4563,1.499548,5.292555,4.803924,4.80392,4.786199
2007-06-04,206.8011,1.487641,5.292555,4.803924,4.80392,4.78738
2007-06-05,205.1458,1.475734,5.292555,4.803924,4.80392,4.788483
2007-06-06,203.4905,1.463827,5.292555,4.803924,4.80392,4.789512
2007-06-07,201.8353,1.451919,5.292555,4.803924,4.80392,4.790473
2007-06-08,200.18,1.440012,5.292555,4.803924,4.80392,4.791369
2007-06-09,198.5248,1.428105,5.292555,4.803924,4.80392,4.792206
2007-06-10,196.8695,1.416198,5.292555,4.803924,4.80392,4.792987
2007-06-11,195.2142,1.40429,5.292555,4.803924,4.80392,4.793716
2007-06-12,193.559,1.392383,5.292555,4.803924,4.80392,4.794396
2007-06-13,191.9037,1.380476,5.292555,4.803924,4.80392,4.795031
2007-06-14,190.2485,1.368569,5.292555,4.803924,4.80392,4.795624
2007-06-15,187.89,1.351603,5.292555,4.803924,4.80392,4.796177
2007-06-16,185.5315,1.334637,5.292555,4.803924,4.80392,4.796693
2007-06-17,183.173,1.317671,5.292555,4.803924,4.80392,4.797175
2007-06-18,180.8146,1.300705,5.292555,4.803924,4.80392,4.797624
2007-06-19,178.4561,1.283739,5.292555,4.803924,4.80392,4.798044
2007-06-20,176.0976,1.266773,5.292555,4.803924,4.80392,4.798436
2007-06-21,173.7391,1.249807,5.292555,4.803924,4.80392,4.798801
2007-06-22,171.3806,1.232841,5.292555,4.803924,4.80392,4.799143
2007-06-23,169.0222,1.215875,5.292555,4.803924,4.80392,4.799461
2007-06-24,166.6637,1.19891,5.292555,4.803924,4.80392,4.799758
2007-06-25,164.3052,1.181944,5.292555,4.803924,4.80392,4.800036
2007-06-26,161.9467,1.164978,5.292555,4.803924,4.80392,4.800295
2007-06-27,159.5883,1.148012,5.292555,4.803924,4.80392,4.800536
2007-06-28,157.2298,1.131046,5.292555,4.803924,4.80392,4.800762
2007-06-29,159.9559,1.150656,5.292555,4.803924,4.80392,4.800973
2007-06-30,162.6819,1.170266,5.292555,4.803924,4.80392,4.801169
2007-07-01,165.408,1.189877,5.292555,4.803924,4.80392,4.801352
2007-07-02,168.1341,1.209487,5.292555,4.803924,4.80392,4.801524
2007-07-03,170.8601,1.229097,5.292555,4.803924,4.80392,4.801683
2007-07-04,173.5862,1.248707,5.292555,4.803924,4.80392,4.801833
2007-07-05,176.3123,1.268317,5.292555,4.803924,4.80392,4.801972
2007-07-06,179.0383,1.287928,5.292555,4.803924,4.80392,4.802102
2007-07-07,181.7644,1.307538,5.292555,4.803924,4.80392,4.802223
2007-07-08,184.4905,1.327148,5.292555,4.803924,4.80392,4.802336
2007-07-09,187.2165,1.346758,5.292555,4.803924,4.80392,4.802442
2007-07-10,189.9426,1.366368,5.292555,4.803924,4.80392,4.80254
2007-07-11,192.6687,1.385978,5.292555,4.803924,4.80392,4.802632
2007-07-12,195.3947,1.405589,5.292555,4.803924,4.80392,4.802718
2007-07-13,193.2943,1.390479,5.292555,4.803924,4.80392,4.802798
2007-07-14,191.1939,1.375369,5.292555,4.803924,4.80392,4.802873
2007-07-15,189.0934,1.36026,5.292555,4.803924,4.80392,4.802943
2007-07-16,186.993,1.34515,5.292555,4.803924,4.80392,4.803008
2007-07-17,184.8926,1.330041,5.292555,4.803924,4.80392,4.803069
2007-07-18,182.7921,1.314931,5.292555,4.803924,4.80392,4.803125
2007-07-19,180.6917,1.299821,5.292555,4.803924,4.80392,4.803178
2007-07-20,178.5913,1.284712,5.292555,4.803924,4.80392,4.803228
2007-07-21,176.4909,1.269602,5.292555,4.803924,4.80392,4.803274
2007-07-22,174.3904,1.254492,5.292555,4.803924,4.80392,4.803317
2007-07-23,172.29,1.239383,5.292555,4.803924,4.80392,4.803357
2007-07-24,170.1896,1.224273,5.292555,4.803924,4.80392,4.803395
2007-07-25,168.0891,1.209164,5.292555,4.803924,4.80392,4.80343
2007-07-26,165.9887,1.194054,5.292555,4.803924,4.80392,4.803462
2007-07-27,163.6259,1.177057,5.292555,4.803924,4.80392,4.803493
2007-07-28,161.2631,1.16006,5.292555,4.803924,4.80392,4.803521
2007-07-29,158.9003,1.143063,5.292555,4.803924,4.80392,4.803548
2007-07-30,156.5375,1.126066,5.292555,4.803924,4.80392,4.803573
2007-07-31,154.1747,1.109069,5.292555,4.803924,4.80392,4.803596
2007-08-01,151.8119,1.092072,5.292555,4.803924,4.80392,4.803618
2007-08-02,149.4491,1.075075,5.292555,4.803924,4.80392,4.803638
2007-08-03,147.0863,1.058078,5.292555,4.803924,4.80392,4.803657
2007-08-04,144.7236,1.041081,5.292555,4.803924,4.80392,4.803674
2007-08-05,142.3608,1.024084,5.292555,4.803924,4.80392,4.80369
2007-08-06,139.998,1.007087,5.292555,4.803924,4.80392,4.803706
2007-08-07,137.6352,0.9900904,5.292555,4.803924,4.75357,4.800363
2007-08-08,135.2724,0.9730934,5.292555,4.803924,4.64539,4.790032
2007-08-09,132.9096,0.9560965,5.292555,4.803924,4.5365,4.77313
2007-08-10,133.3385,0.9591818,5.292555,4.803924,4.55632,4.758676
2007-08-11,133.7674,0.9622671,5.292555,4.803924,4.57611,4.746505
2007-08-12,134.1963,0.9653525,5.292555,4.803924,4.59589,4.736464
2007-08-13,134.6252,0.9684378,5.292555,4.803924,4.61563,4.728408
2007-08-14,135.0541,0.9715232,5.292555,4.803924,4.63536,4.722205
2007-08-15,135.483,0.9746085,5.292555,4.803924,4.65506,4.717729
2007-08-16,135.9119,0.9776938,5.292555,4.803924,4.67474,4.714863
2007-08-17,136.3408,0.9807792,5.292555,4.803924,4.69439,4.713498
2007-08-18,136.7697,0.9838645,5.292555,4.803924,4.71402,4.713533
2007-08-19,137.1986,0.9869499,5.292555,4.803924,4.73363,4.714872
2007-08-20,137.6275,0.9900352,5.292555,4.803924,4.75322,4.717429
2007-08-21,138.0564,0.9931205,5.292555,4.803924,4.77279,4.72112
2007-08-22,138.4853,0.9962059,5.292555,4.803924,4.79233,4.725867
2007-08-23,138.9142,0.9992912,5.292555,4.803924,4.80392,4.731071
2007-08-24,136.0777,0.9788868,5.292555,4.803924,4.68234,4.727822
2007-08-25,133.2413,0.9584824,5.292555,4.803924,4.55183,4.716089
2007-08-26,130.4048,0.938078,5.292555,4.803924,4.42025,4.696366
2007-08-27,127.5683,0.9176736,5.292555,4.803924,4.28756,4.669113
2007-08-28,124.7318,0.8972692,5.292555,4.803924,4.1537,4.634752
2007-08-29,121.8954,0.8768648,5.292555,4.803924,4.0186,4.593675
2007-08-30,119.0589,0.8564604,5.292555,4.803924,3.88218,4.546242
2007-08-31,116.2224,0.836056,5.292555,4.803924,3.74439,4.492785
2007-09-01,113.386,0.8156516,5.292555,4.803924,3.60513,4.433608
2007-09-02,110.5495,0.7952472,5.292555,4.803924,3.46433,4.36899
2007-09-03,107.713,0.7748428,5.292555,4.803924,3.3219,4.299184
2007-09-04,104.8765,0.7544384,5.292555,4.803924,3.17772,4.224419
2007-09-05,102.0401,0.734034,5.292555,4.803924,3.03171,4.144906
2007-09-06,99.20359,0.7136296,5.292555,4.803924,2.88374,4.060828
2007-09-07,98.82413,0.7108998,5.292555,4.803924,2.86378,3.981025
2007-09-08,98.44466,0.7081701,5.292555,4.803924,2.8438,3.90521
2007-09-09,98.06519,0.7054404,5.292555,4.803924,2.82377,3.833114
2007-09-10,97.68573,0.7027107,5.292555,4.803924,2.8037,3.764486
2007-09-11,97.30626,0.6999809,5.292555,4.803924,2.7836,3.699094
2007-09-12,96.9268,0.6972512,5.292555,4.803924,2.76346,3.636718
2007-09-13,96.54733,0.6945215,5.292555,4.803924,2.74328,3.577156
2007-09-14,96.16786,0.6917918,5.292555,4.803924,2.72306,3.520216
2007-09-15,95.7884,0.689062,5.292555,4.803924,2.7028,3.465721
2007-09-16,95.40893,0.6863323,5.292555,4.803924,2.6825,3.413507
2007-09-17,95.02946,0.6836026,5.292555,4.803924,2.66215,3.363416
2007-09-18,94.65,0.6808729,5.292555,4.803924,2.64177,3.315307
2007-09-19,94.27053,0.6781432,5.292555,4.803924,2.62135,3.269043
2007-09-20,93.89107,0.6754134,5.292555,4.803924,2.60088,3.224499
2007-09-21,92.47231,0.6652075,5.292555,4.803924,2.52399,3.177798
2007-09-22,91.05356,0.6550016,5.292555,4.803924,2.4465,3.129045
2007-09-23,89.63481,0.6447957,5.292555,4.803924,2.36837,3.078333
2007-09-24,88.21606,0.6345898,5.292555,4.803924,2.2896,3.025751
2007-09-25,86.79731,0.6243839,5.292555,4.803924,2.21016,2.971378
2007-09-26,85.37856,0.614178,5.292555,4.803924,2.13002,2.915288
2007-09-27,83.9598,0.603972,5.292555,4.803924,2.04916,2.857546
2007-09-28,82.54105,0.5937661,5.292555,4.803924,1.96756,2.798213
2007-09-29,81.1223,0.5835602,5.292555,4.803924,1.88518,2.737345
2007-09-30,79.70355,0.5733543,5.292555,4.803924,1.80201,2.674989
2007-10-01,78.2848,0.5631484,5.292555,4.803924,1.718,2.61119
2007-10-02,76.86604,0.5529425,5.292555,4.803924,1.63313,2.545986
2007-10-03,75.44729,0.5427366,5.292555,4.803924,1.54736,2.479411
2007-10-04,74.02854,0.5325307,5.292555,4.803924,1.46066,2.411494
2007-10-05,71.09407,0.5114213,5.292555,4.803924,1.27822,2.335942
2007-10-06,68.1596,0.4903119,5.292555,4.803924,1.09126,2.252963
2007-10-07,65.22512,0.4692025,5.292555,4.803924,0.89938,2.162725
2007-10-08,62.29065,0.4480931,5.292555,4.803924,0.70212,2.065351
2007-10-09,59.35618,0.4269838,5.292555,4.803924,0.49895,1.960924
2007-10-10,56.42171,0.4058744,5.292555,4.803924,0.28925,1.849479
2007-10-11,53.48724,0.384765,5.292555,4.803924,0.07234,1.731003
2007-10-12,50.55276,0.3636556,5.292555,4.803924,0,1.615603
2007-10-13,47.61829,0.3425463,5.292555,4.803924,0,1.507896
2007-10-14,44.68382,0.3214369,5.292555,4.803924,0,1.40737
2007-10-15,41.74935,0.3003275,5.292555,4.803924,0,1.313545
2007-10-16,38.81487,0.2792181,5.292555,4.803924,0,1.225975
2007-10-17,35.8804,0.2581087,5.292555,4.803924,0,1.144244
2007-10-18,32.94593,0.2369994,5.292555,4.803924,0,1.067961
2007-10-19,31.87293,0.2292806,5.292555,4.803924,0,0.9967635
2007-10-20,30.79992,0.2215619,5.292555,4.803924,0,0.9303126
2007-10-21,29.72692,0.2138431,5.292555,4.803924,0,0.8682917
2007-10-22,28.65391,0.2061244,5.292555,4.803924,0,0.8104056
2007-10-23,27.58091,0.1984056,5.292555,4.803924,0,0.7563786
2007-10-24,26.5079,0.1906869,5.292555,4.803924,0,0.7059533
2007-10-25,25.4349,0.1829681,5.292555,4.803924,0,0.6588898
2007-10-26,24.36189,0.1752494,5.292555,4.803924,0,0.6149638
2007-10-27,23.28889,0.1675306,5.292555,4.803924,0,0.5739662
2007-10-28,22.21588,0.1598119,5.292555,4.803924,0,0.5357018
2007-10-29,21.14288,0.1520931,5.292555,4.803924,0,0.4999883
2007-10-30,20.06988,0.1443744,5.292555,4.803924,0,0.4666558
2007-10-31,18.99687,0.1366556,5.292555,4.803924,0,0.4355454
2007-11-01,17.92387,0.1289369,5.292555,4.803924,0,0.406509
2007-11-02,18.15249,0.1305815,5.292555,4.803924,0,0.3794084
2007-11-03,18.38111,0.1322261,5.292555,4.803924,0,0.3541145
2007-11-04,18.60973,0.1338707,5.292555,4.803924,0,0.3305069
2007-11-05,18.83835,0.1355153,5.292555,4.803924,0,0.3084731
2007-11-06,19.06698,0.1371599,5.292555,4.803924,0,0.2879082
2007-11-07,19.2956,0.1388045,5.292555,4.803924,0,0.2687144
2007-11-08,19.52422,0.1404492,5.292555,4.803924,0,0.2508001
2007-11-09,19.75284,0.1420938,5.292555,4.803924,0,0.2340801
2007-11-10,19.98147,0.1437384,5.292555,4.803924,0,0.2184747
2007-11-11,20.21009,0.145383,5.292555,4.803924,0,0.2039097
2007-11-12,20.43871,0.1470276,5.292555,4.803924,0,0.1903158
2007-11-13,20.66733,0.1486722,5.292555,4.803924,0,0.177628
2007-11-14,20.89595,0.1503168,5.292555,4.803924,0,0.1657862
2007-11-15,21.12458,0.1519615,5.292555,4.803924,0,0.1547338
2007-11-16,20.97672,0.1508978,5.292555,4.803924,0,0.1444182
2007-11-17,20.82886,0.1498342,5.292555,4.803924,0,0.1347903
2007-11-18,20.681,0.1487705,5.292555,4.803924,0,0.1258043
2007-11-19,20.53314,0.1477069,5.292555,4.803924,0,0.1174173
2007-11-20,20.38528,0.1466433,5.292555,4.803924,0,0.1095895
2007-11-21,20.23742,0.1455796,5.292555,4.803924,0,0.1022835
2007-11-22,20.08957,0.144516,5.292555,4.803924,0,0.09546464
2007-11-23,19.94171,0.1434524,5.292555,4.803924,0,0.08910033
2007-11-24,19.79385,0.1423887,5.292555,4.803924,0,0.0831603
2007-11-25,19.64599,0.1413251,5.292555,4.803924,0,0.07761628
2007-11-26,19.49813,0.1402615,5.292555,4.803924,0,0.07244187
2007-11-27,19.35027,0.1391978,5.292555,4.803924,0,0.06761241
2007-11-28,19.20241,0.1381342,5.292555,4.803924,0,0.06310491
2007-11-29,19.05456,0.1370706,5.292555,4.803924,0,0.05889792
2007-11-30,18.87677,0.1357917,5.292555,4.803924,0,0.05497139
2007-12-01,18.69899,0.1345128,5.292555,4.803924,0,0.05130663
2007-12-02,18.52121,0.1332339,5.292555,4.803924,0,0.04788619
2007-12-03,18.34343,0.131955,5.292555,4.803924,0,0.04469378
2007-12-04,18.16565,0.1306761,5.292555,4.803924,0,0.04171419
2007-12-05,17.98786,0.1293972,5.292555,4.803924,0,0.03893325
2007-12-06,17.81008,0.1281184,5.292555,4.803924,0,0.0363377
2007-12-07,17.6323,0.1268395,5.292555,4.803924,0,0.03391518
2007-12-08,17.45452,0.1255606,5.292555,4.803924,0,0.03165417
2007-12-09,17.27674,0.1242817,5.292555,4.803924,0,0.02954389
2007-12-10,17.09895,0.1230028,5.292555,4.803924,0,0.0275743
2007-12-11,16.92117,0.1217239,5.292555,4.803924,0,0.02573601
2007-12-12,16.74339,0.120445,5.292555,4.803924,0,0.02402028
2007-12-13,16.56561,0.1191661,5.292555,4.803924,0,0.02241893
2007-12-14,16.67608,0.1199608,5.292555,4.803924,0,0.02092433
2007-12-15,16.78655,0.1207555,5.292555,4.803924,0,0.01952938
2007-12-16,16.89702,0.1215502,5.292555,4.803924,0,0.01822742
2007-12-17,17.00749,0.1223448,5.292555,4.803924,0,0.01701226
2007-12-18,17.11796,0.1231395,5.292555,4.803924,0,0.01587811
2007-12-19,17.22843,0.1239342,5.292555,4.803924,0,0.01481957
2007-12-20,17.3389,0.1247289,5.292555,4.803924,0,0.0138316
2007-12-21,17.44937,0.1255235,5.292555,4.803924,0,0.01290949
2007-12-22,17.55984,0.1263182,5.292555,4.803924,0,0.01204886
2007-12-23,17.67031,0.1271129,5.292555,4.803924,0,0.0112456
2007-12-24,17.78078,0.1279076,5.292555,4.803924,0,0.01049589
2007-12-25,17.89125,0.1287022,5.292555,4.803924,0,0.009796166
2007-12-26,18.00172,0.1294969,5.292555,4.803924,0,0.009143089
2007-12-27,18.11219,0.1302916,5.292555,4.803924,0,0.008533549
2007-12-28,18.85406,0.1356283,5.292555,4.803924,0,0.007964646
2007-12-29,19.59593,0.140965,5.292555,4.803924,0,0.00743367
2007-12-30,20.3378,0.1463017,5.292555,4.803924,0,0.006938092
2007-12-31,21.07967,0.1516384,5.292555,4.803924,0,0.006475552
2008-01-01,21.82154,0.1569751,5.520971,4.74613,0,0.006043849
2008-01-02,22.56341,0.1623119,5.520971,4.74613,0,0.005640925
2008-01-03,23.30528,0.1676486,5.520971,4.74613,0,0.005264864
2008-01-04,24.04716,0.1729853,5.520971,4.74613,0,0.004913873
2008-01-05,24.78903,0.178322,5.520971,4.74613,0,0.004586281
2008-01-06,25.5309,0.1836587,5.520971,4.74613,0,0.004280529
2008-01-07,26.27277,0.1889954,5.520971,4.74613,0,0.003995161
2008-01-08,27.01464,0.1943321,5.520971,4.74613,0,0.003728817
2008-01-09,27.75651,0.1996688,5.520971,4.74613,0,0.003480229
2008-01-10,28.49838,0.2050055,5.520971,4.74613,0,0.003248214
2008-01-11,29.0601,0.2090463,5.520971,4.74613,0,0.003031666
2008-01-12,29.62183,0.2130871,5.520971,4.74613,0,0.002829555
2008-01-13,30.18355,0.2171279,5.520971,4.74613,0,0.002640918
2008-01-14,30.74527,0.2211688,5.520971,4.74613,0,0.002464857
2008-01-15,31.307,0.2252096,5.520971,4.74613,0,0.002300533
2008-01-16,31.86872,0.2292504,5.520971,4.74613,0,0.002147164
2008-01-17,32.43044,0.2332912,5.520971,4.74613,0,0.00200402
2008-01-18,32.99217,0.237332,5.520971,4.74613,0,0.001870418
2008-01-19,33.55389,0.2413728,5.520971,4.74613,0,0.001745724
2008-01-20,34.11561,0.2454136,5.520971,4.74613,0,0.001629342
2008-01-21,34.67734,0.2494544,5.520971,4.74613,0,0.00152072
2008-01-22,35.23906,0.2534952,5.520971,4.74613,0,0.001419338
2008-01-23,35.80079,0.257536,5.520971,4.74613,0,0.001324716
2008-01-24,36.36251,0.2615768,5.520971,4.74613,0,0.001236401
2008-01-25,36.6983,0.2639924,5.520971,4.74613,0,0.001153975
2008-01-26,37.03409,0.2664079,5.520971,4.74613,0,0.001077043
2008-01-27,37.36987,0.2688234,5.520971,4.74613,0,0.00100524
2008-01-28,37.70566,0.2712389,5.520971,4.74613,0,0.000938224
2008-01-29,38.04145,0.2736544,5.520971,4.74613,0,0.0008756758
2008-01-30,38.37724,0.27607,5.520971,4.74613,0,0.0008172974
2008-01-31,38.71303,0.2784855,5.520971,4.74613,0,0.0007628109
2008-02-01,39.04882,0.280901,5.520971,4.74613,0,0.0007119568
2008-02-02,39.38461,0.2833165,5.520971,4.74613,0,0.000664493
2008-02-03,39.72039,0.2857321,5.520971,4.74613,0,0.0006201935
2008-02-04,40.05618,0.2881476,5.520971,4.74613,0,0.0005788473
2008-02-05,40.39197,0.2905631,5.520971,4.74613,0,0.0005402575
2008-02-06,40.72776,0.2929786,5.520971,4.74613,0,0.0005042403
2008-02-07,41.06355,0.2953942,5.520971,4.74613,0,0.0004706243
2008-02-08,42.29623,0.3042615,5.520971,4.74613,0,0.0004392493
2008-02-09,43.52891,0.3131289,5.520971,4.74613,0,0.000409966
2008-02-10,44.76158,0.3219963,5.520971,4.74613,0,0.000382635
2008-02-11,45.99426,0.3308637,5.520971,4.74613,0,0.000357126
2008-02-12,47.22694,0.3397311,5.520971,4.74613,0,0.0003333176
2008-02-13,48.45962,0.3485984,5.520971,4.74613,0,0.0003110964
2008-02-14,49.6923,0.3574658,5.520971,4.74613,0,0.0002903566
2008-02-15,50.92498,0.3663332,5.520971,4.74613,0.04486,0.003261666
2008-02-16,52.15766,0.3752006,5.520971,4.74613,0.14128,0.01246289
2008-02-17,53.39033,0.3840679,5.520971,4.74613,0.23621,0.02737936
2008-02-18,54.62301,0.3929353,5.520971,4.74613,0.32971,0.04753474
2008-02-19,55.85569,0.4018027,5.520971,4.74613,0.42186,0.07248976
2008-02-20,57.08837,0.4106701,5.520971,4.74613,0.51271,0.1018378
2008-02-21,58.32105,0.4195375,5.520971,4.74613,0.60232,0.1352033
2008-02-22,59.03281,0.4246576,5.520971,4.74613,0.65352,0.1697577
2008-02-23,59.74458,0.4297777,5.520971,4.74613,0.70433,0.2053959
2008-02-24,60.45634,0.4348979,5.520971,4.74613,0.75476,0.2420201
2008-02-25,61.1681,0.440018,5.520971,4.74613,0.80482,0.2795401
2008-02-26,61.87987,0.4451381,5.520971,4.74613,0.85452,0.3178721
2008-02-27,62.59163,0.4502582,5.520971,4.74613,0.90387,0.3569386
2008-02-28,63.30339,0.4553784,5.520971,4.74613,0.95288,0.3966681
2008-02-29,64.01516,0.4604985,5.520971,4.74613,1.00155,0.4369935
2008-03-01,64.72692,0.4656186,5.520971,4.74613,1.0499,0.477854
2008-03-02,65.43868,0.4707388,5.520971,4.74613,1.09792,0.5191917
2008-03-03,66.15045,0.4758589,5.520971,4.74613,1.14563,0.5609542
2008-03-04,66.86221,0.480979,5.520971,4.74613,1.19303,0.6030926
2008-03-05,67.57397,0.4860992,5.520971,4.74613,1.24013,0.6455618
2008-03-06,68.28574,0.4912193,5.520971,4.74613,1.28694,0.6883203
2008-03-07,70.92155,0.5101802,5.520971,4.74613,1.45782,0.7396203
2008-03-08,73.55736,0.5291412,5.520971,4.74613,1.62506,0.7986496
2008-03-09,76.19318,0.5481021,5.520971,4.74613,1.78892,0.8646677
2008-03-10,78.82899,0.5670631,5.520971,4.74613,1.94963,0.9369985
2008-03-11,81.4648,0.586024,5.520971,4.74613,2.10742,1.015027
2008-03-12,84.10062,0.604985,5.520971,4.74613,2.26247,1.098189
2008-03-13,86.73643,0.6239459,5.520971,4.74613,2.41498,1.185976
2008-03-14,89.37224,0.6429069,5.520971,4.74613,2.5651,1.277917
2008-03-15,92.00806,0.6618678,5.520971,4.74613,2.71298,1.373588
2008-03-16,94.64387,0.6808288,5.520971,4.74613,2.85875,1.472599
2008-03-17,97.27968,0.6997897,5.520971,4.74613,3.00255,1.574596
2008-03-18,99.9155,0.7187507,5.520971,4.74613,3.14449,1.679255
2008-03-19,102.5513,0.7377116,5.520971,4.74613,3.28467,1.786283
2008-03-20,105.1871,0.7566726,5.520971,4.74613,3.42319,1.89541
2008-03-21,104.1488,0.7492032,5.520971,4.74613,3.36882,1.993637
2008-03-22,103.1105,0.7417339,5.520971,4.74613,3.31419,2.081674
2008-03-23,102.0721,0.7342645,5.520971,4.74613,3.25931,2.160183
2008-03-24,101.0338,0.7267951,5.520971,4.74613,3.20417,2.229782
2008-03-25,99.99544,0.7193258,5.520971,4.74613,3.14876,2.291048
2008-03-26,98.9571,0.7118564,5.520971,4.74613,3.09309,2.344517
2008-03-27,97.91877,0.704387,5.520971,4.74613,3.03713,2.390691
2008-03-28,96.88043,0.6969177,5.520971,4.74613,2.98089,2.430038
2008-03-29,95.84209,0.6894483,5.520971,4.74613,2.92436,2.462993
2008-03-30,94.80375,0.6819789,5.520971,4.74613,2.86753,2.489962
2008-03-31,93.76542,0.6745096,5.520971,4.74613,2.81039,2.511324
2008-04-01,92.72708,0.6670402,5.520971,4.74613,2.75294,2.527431
2008-04-02,91.68874,0.6595708,5.520971,4.74613,2.69518,2.538615
2008-04-03,90.65041,0.6521015,5.520971,4.74613,2.63708,2.545179
2008-04-04,93.3536,0.6715471,5.520971,4.74613,2.78765,2.561344
2008-04-05,96.0568,0.6909928,5.520971,4.74613,2.93607,2.586325
2008-04-06,98.76,0.7104385,5.520971,4.74613,3.08249,2.619403
2008-04-07,101.4632,0.7298842,5.520971,4.74613,3.227,2.65991
2008-04-08,104.1664,0.7493299,5.520971,4.74613,3.36974,2.707232
2008-04-09,106.8696,0.7687756,5.520971,4.74613,3.51079,2.760802
2008-04-10,109.5728,0.7882212,5.520971,4.74613,3.65026,2.820099
2008-04-11,112.276,0.8076669,5.520971,4.74613,3.78823,2.884641
2008-04-12,114.9792,0.8271126,5.520971,4.74613,3.92477,2.953983
2008-04-13,117.6824,0.8465583,5.520971,4.74613,4.05998,3.027716
2008-04-14,120.3856,0.866004,5.520971,4.74613,4.19391,3.105463
2008-04-15,123.0888,0.8854497,5.520971,4.74613,4.32664,3.186874
2008-04-16,125.792,0.9048953,5.520971,4.74613,4.45822,3.271631
2008-04-17,128.4952,0.924341,5.520971,4.74613,4.58872,3.359437
2008-04-18,134.7693,0.9694746,5.520971,4.74613,4.74613,3.451883
2008-04-19,141.0434,1.014608,5.520971,4.74613,4.74613,3.538166
2008-04-20,147.3176,1.059742,5.520971,4.74613,4.74613,3.618697
2008-04-21,153.5917,1.104875,5.520971,4.74613,4.74613,3.693859
2008-04-22,159.8659,1.150009,5.520971,4.74613,4.74613,3.764011
2008-04-23,166.14,1.195142,5.520971,4.74613,4.74613,3.829485
2008-04-24,172.4141,1.240276,5.520971,4.74613,4.74613,3.890595
2008-04-25,178.6883,1.285409,5.520971,4.74613,4.74613,3.947631
2008-04-26,184.9624,1.330543,5.520971,4.74613,4.74613,4.000864
2008-04-27,191.2365,1.375676,5.520971,4.74613,4.74613,4.050548
2008-04-28,197.5107,1.42081,5.520971,4.74613,4.74613,4.09692
2008-04-29,203.7848,1.465943,5.520971,4.74613,4.74613,4.140201
2008-04-30,210.0589,1.511077,5.520971,4.74613,4.74613,4.180596
2008-05-01,216.3331,1.556211,5.520971,4.74613,4.74613,4.218299
2008-05-02,212.3701,1.527702,5.520971,4.74613,4.74613,4.253487
2008-05-03,208.4071,1.499194,5.520971,4.74613,4.74613,4.28633
2008-05-04,204.4441,1.470686,5.520971,4.74613,4.74613,4.316983
2008-05-05,200.4811,1.442178,5.520971,4.74613,4.74613,4.345593
2008-05-06,196.5181,1.41367,5.520971,4.74613,4.74613,4.372296
2008-05-07,192.5551,1.385161,5.520971,4.74613,4.74613,4.397218
2008-05-08,188.5921,1.356653,5.520971,4.74613,4.74613,4.420479
2008-05-09,184.6291,1.328145,5.520971,4.74613,4.74613,4.442189
2008-05-10,180.6661,1.299637,5.520971,4.74613,4.74613,4.462452
2008-05-11,176.7031,1.271129,5.520971,4.74613,4.74613,4.481364
2008-05-12,172.7401,1.24262,5.520971,4.74613,4.74613,4.499015
2008-05-13,168.7771,1.214112,5.520971,4.74613,4.74613,4.515489
2008-05-14,164.8141,1.185604,5.520971,4.74613,4.74613,4.530865
2008-05-15,160.8511,1.157096,5.520971,4.74613,4.74613,4.545216
2008-05-16,165.4263,1.190008,5.520971,4.74613,4.74613,4.55861
2008-05-17,170.0016,1.222921,5.520971,4.74613,4.74613,4.571112
2008-05-18,174.5768,1.255833,5.520971,4.74613,4.74613,4.58278
2008-05-19,179.1521,1.288746,5.520971,4.74613,4.74613,4.59367
2008-05-20,183.7273,1.321658,5.520971,4.74613,4.74613,4.603834
2008-05-21,188.3026,1.354571,5.520971,4.74613,4.74613,4.61332
2008-05-22,192.8779,1.387483,5.520971,4.74613,4.74613,4.622174
2008-05-23,197.4531,1.420396,5.520971,4.74613,4.74613,4.630438
2008-05-24,202.0284,1.453308,5.520971,4.74613,4.74613,4.638151
2008-05-25,206.6036,1.486221,5.520971,4.74613,4.74613,4.645349
2008-05-26,211.1789,1.519133,5.520971,4.74613,4.74613,4.652068
2008-05-27,215.7542,1.552046,5.520971,4.74613,4.74613,4.658339
2008-05-28,220.3294,1.584959,5.520971,4.74613,4.74613,4.664191
2008-05-29,224.9047,1.617871,5.520971,4.74613,4.74613,4.669654
2008-05-30,221.9138,1.596356,5.520971,4.74613,4.74613,4.674752
2008-05-31,218.923,1.574841,5.520971,4.74613,4.74613,4.679511
2008-06-01,215.9321,1.553326,5.520971,4.74613,4.74613,4.683952
2008-06-02,212.9413,1.531811,5.520971,4.74613,4.74613,4.688097
2008-06-03,209.9504,1.510296,5.520971,4.74613,4.74613,4.691966
2008-06-04,206.9596,1.488781,5.520971,4.74613,4.74613,4.695577
2008-06-05,203.9687,1.467267,5.520971,4.74613,4.74613,4.698947
2008-06-06,200.9779,1.445752,5.520971,4.74613,4.74613,4.702093
2008-06-07,197.987,1.424237,5.520971,4.74613,4.74613,4.705029
2008-06-08,194.9962,1.402722,5.520971,4.74613,4.74613,4.707769
2008-06-09,192.0053,1.381207,5.520971,4.74613,4.74613,4.710326
2008-06-10,189.0145,1.359692,5.520971,4.74613,4.74613,4.712713
2008-06-11,186.0236,1.338177,5.520971,4.74613,4.74613,4.714941
2008-06-12,183.0328,1.316662,5.520971,4.74613,4.74613,4.71702
2008-06-13,184.6872,1.328563,5.520971,4.74613,4.74613,4.718961
2008-06-14,186.3416,1.340464,5.520971,4.74613,4.74613,4.720772
2008-06-15,187.996,1.352366,5.520971,4.74613,4.74613,4.722463
2008-06-16,189.6504,1.364267,5.520971,4.74613,4.74613,4.72404
2008-06-17,191.3049,1.376168,5.520971,4.74613,4.74613,4.725513
2008-06-18,192.9593,1.388069,5.520971,4.74613,4.74613,4.726888
2008-06-19,194.6137,1.39997,5.520971,4.74613,4.74613,4.72817
2008-06-20,196.2681,1.411871,5.520971,4.74613,4.74613,4.729368
2008-06-21,197.9225,1.423772,5.520971,4.74613,4.74613,4.730485
2008-06-22,199.5769,1.435674,5.520971,4.74613,4.74613,4.731528
2008-06-23,201.2313,1.447575,5.520971,4.74613,4.74613,4.732502
2008-06-24,202.8857,1.459476,5.520971,4.74613,4.74613,4.73341
2008-06-25,204.5401,1.471377,5.520971,4.74613,4.74613,4.734258
2008-06-26,206.1945,1.483278,5.520971,4.74613,4.74613,4.73505
2008-06-27,201.8936,1.452339,5.520971,4.74613,4.74613,4.735788
2008-06-28,197.5927,1.4214,5.520971,4.74613,4.74613,4.736478
2008-06-29,193.2917,1.39046,5.520971,4.74613,4.74613,4.737121
2008-06-30,188.9908,1.359521,5.520971,4.74613,4.74613,4.737722
2008-07-01,184.6898,1.328582,5.520971,4.74613,4.74613,4.738282
2008-07-02,180.3889,1.297643,5.520971,4.74613,4.74613,4.738806
2008-07-03,176.0879,1.266704,5.520971,4.74613,4.74613,4.739294
2008-07-04,171.787,1.235764,5.520971,4.74613,4.74613,4.73975
2008-07-05,167.486,1.204825,5.520971,4.74613,4.74613,4.740175
2008-07-06,163.1851,1.173886,5.520971,4.74613,4.74613,4.740572
2008-07-07,158.8841,1.142947,5.520971,4.74613,4.74613,4.740942
2008-07-08,154.5832,1.112007,5.520971,4.74613,4.74613,4.741288
2008-07-09,150.2822,1.081068,5.520971,4.74613,4.74613,4.741611
2008-07-10,145.9813,1.050129,5.520971,4.74613,4.74613,4.741912
2008-07-11,148.922,1.071283,5.520971,4.74613,4.74613,4.742194
2008-07-12,151.8627,1.092438,5.520971,4.74613,4.74613,4.742456
2008-07-13,154.8035,1.113592,5.520971,4.74613,4.74613,4.742701
2008-07-14,157.7442,1.134746,5.520971,4.74613,4.74613,4.74293
2008-07-15,160.6849,1.155901,5.520971,4.74613,4.74613,4.743143
2008-07-16,163.6256,1.177055,5.520971,4.74613,4.74613,4.743342
2008-07-17,166.5664,1.198209,5.520971,4.74613,4.74613,4.743528
2008-07-18,169.5071,1.219364,5.520971,4.74613,4.74613,4.743701
2008-07-19,172.4478,1.240518,5.520971,4.74613,4.74613,4.743863
2008-07-20,175.3885,1.261672,5.520971,4.74613,4.74613,4.744014
2008-07-21,178.3293,1.282827,5.520971,4.74613,4.74613,4.744155
2008-07-22,181.27,1.303981,5.520971,4.74613,4.74613,4.744287
2008-07-23,184.2107,1.325136,5.520971,4.74613,4.74613,4.74441
2008-07-24,187.1514,1.34629,5.520971,4.74613,4.74613,4.744525
2008-07-25,184.5314,1.327442,5.520971,4.74613,4.74613,4.744632
2008-07-26,181.9113,1.308594,5.520971,4.74613,4.74613,4.744732
2008-07-27,179.2912,1.289747,5.520971,4.74613,4.74613,4.744825
2008-07-28,176.6711,1.270899,5.520971,4.74613,4.74613,4.744912
2008-07-29,174.0511,1.252051,5.520971,4.74613,4.74613,4.744993
2008-07-30,171.431,1.233203,5.520971,4.74613,4.74613,4.745069
2008-07-31,168.8109,1.214356,5.520971,4.74613,4.74613,4.74514
2008-08-01,166.1908,1.195508,5.520971,4.74613,4.74613,4.745206
2008-08-02,163.5708,1.17666,5.520971,4.74613,4.74613,4.745267
2008-08-03,160.9507,1.157813,5.520971,4.74613,4.74613,4.745325
2008-08-04,158.3306,1.138965,5.520971,4.74613,4.74613,4.745378
2008-08-05,155.7105,1.120117,5.520971,4.74613,4.74613,4.745429
2008-08-06,153.0905,1.101269,5.520971,4.74613,4.74613,4.745475
2008-08-07,150.4704,1.082422,5.520971,4.74613,4.74613,4.745519
2008-08-08,149.9161,1.078434,5.520971,4.74613,4.74613,4.74556
2008-08-09,149.3619,1.074447,5.520971,4.74613,4.74613,4.745598
2008-08-10,148.8076,1.07046,5.520971,4.74613,4.74613,4.745633
2008-08-11,148.2533,1.066473,5.520971,4.74613,4.74613,4.745666
2008-08-12,147.6991,1.062486,5.520971,4.74613,4.74613,4.745697
2008-08-13,147.1448,1.058499,5.520971,4.74613,4.74613,4.745726
2008-08-14,146.5906,1.054512,5.520971,4.74613,4.74613,4.745753
2008-08-15,146.0363,1.050525,5.520971,4.74613,4.74613,4.745778
2008-08-16,145.482,1.046538,5.520971,4.74613,4.74613,4.745802
2008-08-17,144.9278,1.04255,5.520971,4.74613,4.74613,4.745823
2008-08-18,144.3735,1.038563,5.520971,4.74613,4.74613,4.745844
2008-08-19,143.8193,1.034576,5.520971,4.74613,4.74613,4.745863
2008-08-20,143.265,1.030589,5.520971,4.74613,4.74613,4.745881
2008-08-21,142.7107,1.026602,5.520971,4.74613,4.74613,4.745897
2008-08-22,140.2057,1.008582,5.520971,4.74613,4.74613,4.745913
2008-08-23,137.7007,0.9905615,5.520971,4.74613,4.74613,4.745927
2008-08-24,135.1956,0.9725414,5.520971,4.74613,4.74613,4.745941
2008-08-25,132.6906,0.9545212,5.520971,4.74613,4.74613,4.745953
2008-08-26,130.1856,0.936501,5.520971,4.74613,4.6698,4.740877
2008-08-27,127.6805,0.9184808,5.520971,4.74613,4.5495,4.728118
2008-08-28,125.1755,0.9004606,5.520971,4.74613,4.42831,4.708131
2008-08-29,122.6704,0.8824404,5.520971,4.74613,4.30617,4.681334
2008-08-30,120.1654,0.8644202,5.520971,4.74613,4.18305,4.648115
2008-08-31,117.6604,0.8464,5.520971,4.74613,4.05888,4.608832
2008-09-01,115.1553,0.8283798,5.520971,4.74613,3.93362,4.563818
2008-09-02,112.6503,0.8103596,5.520971,4.74613,3.80722,4.513378
2008-09-03,110.1453,0.7923394,5.520971,4.74613,3.6796,4.457793
2008-09-04,107.6402,0.7743192,5.520971,4.74613,3.55071,4.397321
2008-09-05,105.6305,0.759862,5.520971,4.74613,3.44634,4.333922
2008-09-06,103.6207,0.7454047,5.520971,4.74613,3.34107,4.267732
2008-09-07,101.611,0.7309474,5.520971,4.74613,3.23485,4.198873
2008-09-08,99.60125,0.7164901,5.520971,4.74613,3.12766,4.127459
2008-09-09,97.5915,0.7020328,5.520971,4.74613,3.01944,4.053591
2008-09-10,95.58176,0.6875756,5.520971,4.74613,2.91014,3.977361
2008-09-11,93.57201,0.6731183,5.520971,4.74613,2.79972,3.898852
2008-09-12,91.56227,0.658661,5.520971,4.74613,2.68812,3.818136
2008-09-13,89.55252,0.6442037,5.520971,4.74613,2.57528,3.735279
2008-09-14,87.54277,0.6297464,5.520971,4.74613,2.46115,3.650337
2008-09-15,85.53303,0.6152892,5.520971,4.74613,2.34566,3.563359
2008-09-16,83.52328,0.6008319,5.520971,4.74613,2.22873,3.474383
2008-09-17,81.51354,0.5863746,5.520971,4.74613,2.11031,3.383445
2008-09-18,79.50379,0.5719173,5.520971,4.74613,1.99029,3.290568
2008-09-19,79.19825,0.5697194,5.520971,4.74613,1.97191,3.202658
2008-09-20,78.89271,0.5675215,5.520971,4.74613,1.95348,3.119379
2008-09-21,78.58718,0.5653236,5.520971,4.74613,1.93501,3.040421
2008-09-22,78.28164,0.5631257,5.520971,4.74613,1.9165,2.965493
2008-09-23,77.9761,0.5609278,5.520971,4.74613,1.89796,2.894324
2008-09-24,77.67056,0.5587299,5.520971,4.74613,1.87937,2.826661
2008-09-25,77.36503,0.5565319,5.520971,4.74613,1.86074,2.762266
2008-09-26,77.05949,0.554334,5.520971,4.74613,1.84207,2.70092
2008-09-27,76.75395,0.5521361,5.520971,4.74613,1.82336,2.642416
2008-09-28,76.44841,0.5499382,5.520971,4.74613,1.80461,2.586562
2008-09-29,76.14287,0.5477403,5.520971,4.74613,1.78582,2.533179
2008-09-30,75.83734,0.5455424,5.520971,4.74613,1.76698,2.482099
2008-10-01,75.5318,0.5433445,5.520971,4.74613,1.74811,2.433167
2008-10-02,75.22626,0.5411466,5.520971,4.74613,1.72919,2.386235
2008-10-03,73.86104,0.5313257,5.520971,4.74613,1.64411,2.33676
2008-10-04,72.49583,0.5215049,5.520971,4.74613,1.55813,2.284851
2008-10-05,71.13061,0.5116841,5.520971,4.74613,1.47122,2.230609
2008-10-06,69.76539,0.5018633,5.520971,4.74613,1.38333,2.174124
2008-10-07,68.40017,0.4920425,5.520971,4.74613,1.29444,2.115478
2008-10-08,67.03495,0.4822217,5.520971,4.74613,1.20449,2.054746
2008-10-09,65.66974,0.4724009,5.520971,4.74613,1.11344,1.991992
2008-10-10,64.30452,0.4625801,5.520971,4.74613,1.02125,1.927276
2008-10-11,62.9393,0.4527592,5.520971,4.74613,0.92785,1.860647
2008-10-12,61.57408,0.4429384,5.520971,4.74613,0.83321,1.792152
2008-10-13,60.20886,0.4331176,5.520971,4.74613,0.73727,1.721826
2008-10-14,58.84365,0.4232968,5.520971,4.74613,0.63995,1.649701
2008-10-15,57.47843,0.413476,5.520971,4.74613,0.5412,1.575801
2008-10-16,56.11321,0.4036552,5.520971,4.74613,0.44095,1.500144
2008-10-17,54.94181,0.3952286,5.520971,4.74613,0.35367,1.423713
2008-10-18,53.7704,0.386802,5.520971,4.74613,0.26519,1.346478
2008-10-19,52.599,0.3783754,5.520971,4.74613,0.17544,1.268409
2008-10-20,51.4276,0.3699488,5.520971,4.74613,0.08436,1.189472
2008-10-21,50.2562,0.3615223,5.520971,4.74613,0,1.110174
2008-10-22,49.08479,0.3530957,5.520971,4.74613,0,1.036162
2008-10-23,47.91339,0.3446691,5.520971,4.74613,0,0.9670848
2008-10-24,46.74199,0.3362425,5.520971,4.74613,0,0.9026125
2008-10-25,45.57059,0.3278159,5.520971,4.74613,0,0.8424383
2008-10-26,44.39918,0.3193893,5.520971,4.74613,0,0.7862758
2008-10-27,43.22778,0.3109627,5.520971,4.74613,0,0.7338574
2008-10-28,42.05638,0.3025362,5.520971,4.74613,0,0.6849336
2008-10-29,40.88497,0.2941096,5.520971,4.74613,0,0.6392713
2008-10-30,39.71357,0.285683,5.520971,4.74613,0,0.5966532
2008-10-31,38.52841,0.2771574,5.520971,4.74613,0,0.5568764
2008-11-01,37.34324,0.2686318,5.520971,4.74613,0,0.5197513
2008-11-02,36.15808,0.2601062,5.520971,4.74613,0,0.4851012
2008-11-03,34.97291,0.2515807,5.520971,4.74613,0,0.4527611
2008-11-04,33.78775,0.2430551,5.520971,4.74613,0,0.422577
2008-11-05,32.60259,0.2345295,5.520971,4.74613,0,0.3944052
2008-11-06,31.41742,0.2260039,5.520971,4.74613,0,0.3681115
2008-11-07,30.23226,0.2174783,5.520971,4.74613,0,0.3435708
2008-11-08,29.04709,0.2089528,5.520971,4.74613,0,0.3206661
2008-11-09,27.86193,0.2004272,5.520971,4.74613,0,0.2992883
2008-11-10,26.67677,0.1919016,5.520971,4.74613,0,0.2793358
2008-11-11,25.4916,0.183376,5.520971,4.74613,0,0.2607134
2008-11-12,24.30644,0.1748504,5.520971,4.74613,0,0.2433325
2008-11-13,23.12127,0.1663249,5.520971,4.74613,0,0.2271103
2008-11-14,22.87929,0.1645841,5.520971,4.74613,0,0.2119696
2008-11-15,22.6373,0.1628434,5.520971,4.74613,0,0.1978383
2008-11-16,22.39532,0.1611027,5.520971,4.74613,0,0.1846491
2008-11-17,22.15334,0.1593619,5.520971,4.74613,0,0.1723392
2008-11-18,21.91135,0.1576212,5.520971,4.74613,0,0.1608499
2008-11-19,21.66937,0.1558804,5.520971,4.74613,0,0.1501266
2008-11-20,21.42738,0.1541397,5.520971,4.74613,0,0.1401181
2008-11-21,21.1854,0.152399,5.520971,4.74613,0,0.1307769
2008-11-22,20.94341,0.1506582,5.520971,4.74613,0,0.1220585
2008-11-23,20.70143,0.1489175,5.520971,4.74613,0,0.1139212
2008-11-24,20.45944,0.1471768,5.520971,4.74613,0,0.1063265
2008-11-25,20.21746,0.145436,5.520971,4.74613,0,0.09923804
2008-11-26,19.97548,0.1436953,5.520971,4.74613,0,0.09262217
2008-11-27,19.73349,0.1419546,5.520971,4.74613,0,0.08644736
2008-11-28,19.11906,0.1375346,5.520971,4.74613,0,0.08068421
2008-11-29,18.50463,0.1331147,5.520971,4.74613,0,0.07530526
2008-11-30,17.8902,0.1286947,5.520971,4.74613,0,0.07028491
2008-12-01,17.27577,0.1242748,5.520971,4.74613,0,0.06559925
2008-12-02,16.66134,0.1198548,5.520971,4.74613,0,0.06122596
2008-12-03,16.04692,0.1154349,5.520971,4.74613,0,0.05714423
2008-12-04,15.43249,0.1110149,5.520971,4.74613,0,0.05333462
2008-12-05,14.81806,0.106595,5.520971,4.74613,0,0.04977898
2008-12-06,14.20363,0.102175,5.520971,4.74613,0,0.04646038
2008-12-07,13.5892,0.09775506,5.520971,4.74613,0,0.04336302
2008-12-08,12.97477,0.09333511,5.520971,4.74613,0,0.04047215
2008-12-09,12.36034,0.08891516,5.520971,4.74613,0,0.03777401
2008-12-10,11.74591,0.08449521,5.520971,4.74613,0,0.03525574
2008-12-11,11.13148,0.08007526,5.520971,4.74613,0,0.03290536
2008-12-12,11.35714,0.08169858,5.520971,4.74613,0,0.03071167
2008-12-13,11.58281,0.0833219,5.520971,4.74613,0,0.02866422
2008-12-14,11.80847,0.08494522,5.520971,4.74613,0,0.02675327
2008-12-15,12.03413,0.08656855,5.520971,4.74613,0,0.02496972
2008-12-16,12.25979,0.08819187,5.520971,4.74613,0,0.02330508
2008-12-17,12.48545,0.08981519,5.520971,4.74613,0,0.0217514
2008-12-18,12.71112,0.09143851,5.520971,4.74613,0,0.02030131
2008-12-19,12.93678,0.09306183,5.520971,4.74613,0,0.01894789
2008-12-20,13.16244,0.09468515,5.520971,4.74613,0,0.0176847
2008-12-21,13.3881,0.09630847,5.520971,4.74613,0,0.01650572
2008-12-22,13.61377,0.09793179,5.520971,4.74613,0,0.01540534
2008-12-23,13.83943,0.09955511,5.520971,4.74613,0,0.01437831
2008-12-24,14.06509,0.1011784,5.520971,4.74613,0,0.01341976
2008-12-25,14.29075,0.1028018,5.520971,4.74613,0,0.01252511
2008-12-26,15.23609,0.1096021,5.520971,4.74613,0,0.0116901
2008-12-27,16.18142,0.1164024,5.520971,4.74613,0,0.01091076
2008-12-28,17.12675,0.1232028,5.520971,4.74613,0,0.01018338
2008-12-29,18.07209,0.1300031,5.520971,4.74613,0,0.009504485
2008-12-30,19.01742,0.1368035,5.520971,4.74613,0,0.008870853
2008-12-31,19.96276,0.1436038,5.520971,4.74613,0,0.008279463
2009-01-01,20.90809,0.1504041,4.68152,4.780468,0,0.007727499
2009-01-02,21.85342,0.1572045,4.68152,4.780468,0,0.007212332
2009-01-03,22.79876,0.1640048,4.68152,4.780468,0,0.00673151
2009-01-04,23.74409,0.1708052,4.68152,4.780468,0,0.006282743
2009-01-05,24.68943,0.1776055,4.68152,4.780468,0,0.005863893
2009-01-06,25.63476,0.1844058,4.68152,4.780468,0,0.005472967
2009-01-07,26.58009,0.1912062,4.68152,4.780468,0,0.005108102
2009-01-08,27.52543,0.1980065,4.68152,4.780468,0,0.004767562
2009-01-09,27.16317,0.1954006,4.68152,4.780468,0,0.004449725
2009-01-10,26.80091,0.1927946,4.68152,4.780468,0,0.004153076
2009-01-11,26.43865,0.1901887,4.68152,4.780468,0,0.003876205
2009-01-12,26.07639,0.1875827,4.68152,4.780468,0,0.003617791
2009-01-13,25.71413,0.1849768,4.68152,4.780468,0,0.003376605
2009-01-14,25.35187,0.1823708,4.68152,4.780468,0,0.003151498
2009-01-15,24.98961,0.1797649,4.68152,4.780468,0,0.002941398
2009-01-16,24.62735,0.1771589,4.68152,4.780468,0,0.002745305
2009-01-17,24.26509,0.174553,4.68152,4.780468,0,0.002562285
2009-01-18,23.90283,0.171947,4.68152,4.780468,0,0.002391466
2009-01-19,23.54057,0.1693411,4.68152,4.780468,0,0.002232035
2009-01-20,23.17831,0.1667351,4.68152,4.780468,0,0.002083232
2009-01-21,22.81605,0.1641292,4.68152,4.780468,0,0.00194435
2009-01-22,22.45379,0.1615232,4.68152,4.780468,0,0.001814727
2009-01-23,23.48997,0.1689771,4.68152,4.780468,0,0.001693745
2009-01-24,24.52616,0.176431,4.68152,4.780468,0,0.001580829
2009-01-25,25.56234,0.1838849,4.68152,4.780468,0,0.00147544
2009-01-26,26.59853,0.1913388,4.68152,4.780468,0,0.001377077
2009-01-27,27.63472,0.1987927,4.68152,4.780468,0,0.001285272
2009-01-28,28.6709,0.2062466,4.68152,4.780468,0,0.001199587
2009-01-29,29.70709,0.2137005,4.68152,4.780468,0,0.001119615
2009-01-30,30.74327,0.2211544,4.68152,4.780468,0,0.001044974
2009-01-31,31.77946,0.2286083,4.68152,4.780468,0,0.000975309
2009-02-01,32.81565,0.2360622,4.68152,4.780468,0,0.0009102884
2009-02-02,33.85183,0.2435161,4.68152,4.780468,0,0.0008496025
2009-02-03,34.88802,0.2509699,4.68152,4.780468,0,0.0007929623
2009-02-04,35.9242,0.2584238,4.68152,4.780468,0,0.0007400982
2009-02-05,36.96039,0.2658777,4.68152,4.780468,0,0.0006907583
2009-02-06,37.31799,0.2684501,4.68152,4.780468,0,0.0006447077
2009-02-07,37.67558,0.2710225,4.68152,4.780468,0,0.0006017272
2009-02-08,38.03318,0.2735949,4.68152,4.780468,0,0.0005616121
2009-02-09,38.39078,0.2761674,4.68152,4.780468,0,0.0005241713
2009-02-10,38.74838,0.2787398,4.68152,4.780468,0,0.0004892265
2009-02-11,39.10597,0.2813122,4.68152,4.780468,0,0.0004566114
2009-02-12,39.46357,0.2838846,4.68152,4.780468,0,0.0004261707
2009-02-13,39.82117,0.286457,4.68152,4.780468,0,0.0003977593
2009-02-14,40.17877,0.2890294,4.68152,4.780468,0,0.000371242
2009-02-15,40.53636,0.2916018,4.68152,4.780468,0,0.0003464925
2009-02-16,40.89396,0.2941742,4.68152,4.780468,0,0.000323393
2009-02-17,41.25156,0.2967466,4.68152,4.780468,0,0.0003018335
2009-02-18,41.60916,0.299319,4.68152,4.780468,0,0.0002817113
2009-02-19,41.96675,0.3018914,4.68152,4.780468,0,0.0002629305
2009-02-20,42.60953,0.3065153,4.68152,4.780468,0,0.0002454018
2009-02-21,43.25231,0.3111392,4.68152,4.780468,0,0.0002290417
2009-02-22,43.89509,0.3157631,4.68152,4.780468,0,0.0002137722
2009-02-23,44.53787,0.320387,4.68152,4.780468,0,0.0001995208
2009-02-24,45.18065,0.3250109,4.68152,4.780468,0,0.0001862194
2009-02-25,45.82343,0.3296348,4.68152,4.780468,0,0.0001738048
2009-02-26,46.46621,0.3342587,4.68152,4.780468,0,0.0001622178
2009-02-27,47.10899,0.3388825,4.68152,4.780468,0,0.0001514033
2009-02-28,47.75177,0.3435064,4.68152,4.780468,0,0.0001413097
2009-03-01,48.39455,0.3481303,4.68152,4.780468,0,0.0001318891
2009-03-02,49.03733,0.3527542,4.68152,4.780468,0,0.0001230965
2009-03-03,49.68011,0.3573781,4.68152,4.780468,0,0.00011489
2009-03-04,50.32289,0.362002,4.68152,4.780468,0,0.0001072307
2009-03-05,50.96566,0.3666259,4.68152,4.780468,0,0.000100082
2009-03-06,52.97596,0.3810871,4.68152,4.780468,0,9.340984e-05
2009-03-07,54.98625,0.3955483,4.68152,4.780468,0,8.718252e-05
2009-03-08,56.99654,0.4100095,4.68152,4.780468,0,8.137035e-05
2009-03-09,59.00683,0.4244707,4.68152,4.780468,0,7.594566e-05
2009-03-10,61.01712,0.4389319,4.68152,4.780468,0.10875,0.007320883
2009-03-11,63.02741,0.4533931,4.68152,4.780468,0.24033,0.02285482
2009-03-12,65.0377,0.4678543,4.68152,4.780468,0.36919,0.04594384
2009-03-13,67.048,0.4823155,4.68152,4.780468,0.4955,0.07591425
2009-03-14,69.05829,0.4967767,4.68152,4.780468,0.61942,0.112148
2009-03-15,71.06858,0.5112379,4.68152,4.780468,0.74108,0.1540768
2009-03-16,73.07887,0.5256991,4.68152,4.780468,0.86061,0.201179
2009-03-17,75.08916,0.5401603,4.68152,4.780468,0.97813,0.2529757
2009-03-18,77.09945,0.5546215,4.68152,4.780468,1.09375,0.3090273
2009-03-19,79.10974,0.5690827,4.68152,4.780468,1.20756,0.3689295
2009-03-20,86.21092,0.6201657,4.68152,4.780468,1.59647,0.4507655
2009-03-21,93.3121,0.6712486,4.68152,4.780468,1.96744,0.5518772
2009-03-22,100.4133,0.7223315,4.68152,4.780468,2.32324,0.669968
2009-03-23,107.5145,0.7734145,4.68152,4.780468,2.66603,0.8030388
2009-03-24,114.6156,0.8244974,4.68152,4.780468,2.99761,0.9493436
2009-03-25,121.7168,0.8755803,4.68152,4.780468,3.31944,1.10735
2009-03-26,128.818,0.9266633,4.68152,4.780468,3.63274,1.275709
2009-03-27,135.9192,0.9777462,4.68152,4.780468,3.93853,1.453231
2009-03-28,143.0204,1.028829,4.68152,4.780468,4.23768,1.638861
2009-03-29,150.1215,1.079912,4.68152,4.780468,4.53095,1.831667
2009-03-30,157.2227,1.130995,4.68152,4.780468,4.78047,2.028254
2009-03-31,164.3239,1.182078,4.68152,4.780468,4.78047,2.211735
2009-04-01,171.4251,1.233161,4.68152,4.780468,4.78047,2.382984
2009-04-02,178.5262,1.284244,4.68152,4.780468,4.78047,2.542816
2009-04-03,178.3655,1.283088,4.68152,4.780468,4.78047,2.691993
2009-04-04,178.2048,1.281932,4.68152,4.780468,4.78047,2.831225
2009-04-05,178.0441,1.280776,4.68152,4.780468,4.78047,2.961174
2009-04-06,177.8834,1.27962,4.68152,4.780468,4.78047,3.082461
2009-04-07,177.7227,1.278464,4.68152,4.780468,4.78047,3.195661
2009-04-08,177.562,1.277308,4.68152,4.780468,4.78047,3.301315
2009-04-09,177.4013,1.276152,4.68152,4.780468,4.78047,3.399926
2009-04-10,177.2406,1.274996,4.68152,4.780468,4.78047,3.491962
2009-04-11,177.0799,1.273839,4.68152,4.780468,4.78047,3.577862
2009-04-12,176.9192,1.272683,4.68152,4.780468,4.78047,3.658036
2009-04-13,176.7585,1.271527,4.68152,4.780468,4.78047,3.732865
2009-04-14,176.5978,1.270371,4.68152,4.780468,4.78047,3.802706
2009-04-15,176.4371,1.269215,4.68152,4.780468,4.78047,3.86789
2009-04-16,176.2764,1.268059,4.68152,4.780468,4.78047,3.928729
2009-04-17,175.7883,1.264548,4.68152,4.780468,4.78047,3.985511
2009-04-18,175.3002,1.261037,4.68152,4.780468,4.78047,4.038509
2009-04-19,174.8121,1.257525,4.68152,4.780468,4.78047,4.087973
2009-04-20,174.3239,1.254014,4.68152,4.780468,4.78047,4.134139
2009-04-21,173.8358,1.250503,4.68152,4.780468,4.78047,4.177228
2009-04-22,173.3477,1.246992,4.68152,4.780468,4.78047,4.217444
2009-04-23,172.8596,1.24348,4.68152,4.780468,4.78047,4.254979
2009-04-24,172.3715,1.239969,4.68152,4.780468,4.78047,4.290012
2009-04-25,171.8834,1.236458,4.68152,4.780468,4.78047,4.322709
2009-04-26,171.3953,1.232947,4.68152,4.780468,4.78047,4.353226
2009-04-27,170.9072,1.229435,4.68152,4.780468,4.78047,4.381709
2009-04-28,170.4191,1.225924,4.68152,4.780468,4.78047,4.408293
2009-04-29,169.931,1.222413,4.68152,4.780468,4.78047,4.433105
2009-04-30,169.4428,1.218902,4.68152,4.780468,4.78047,4.456263
2009-05-01,172.3066,1.239502,4.68152,4.780468,4.78047,4.477877
2009-05-02,175.1704,1.260103,4.68152,4.780468,4.78047,4.498049
2009-05-03,178.0341,1.280704,4.68152,4.780468,4.78047,4.516878
2009-05-04,180.8979,1.301305,4.68152,4.780468,4.78047,4.53445
2009-05-05,183.7617,1.321905,4.68152,4.780468,4.78047,4.550852
2009-05-06,186.6254,1.342506,4.68152,4.780468,4.78047,4.56616
2009-05-07,189.4892,1.363107,4.68152,4.780468,4.78047,4.580447
2009-05-08,192.353,1.383707,4.68152,4.780468,4.78047,4.593782
2009-05-09,195.2167,1.404308,4.68152,4.780468,4.78047,4.606228
2009-05-10,198.0805,1.424909,4.68152,4.780468,4.78047,4.617844
2009-05-11,200.9442,1.44551,4.68152,4.780468,4.78047,4.628686
2009-05-12,203.808,1.46611,4.68152,4.780468,4.78047,4.638805
2009-05-13,206.6718,1.486711,4.68152,4.780468,4.78047,4.648249
2009-05-14,209.5355,1.507312,4.68152,4.780468,4.78047,4.657064
2009-05-15,205.3389,1.477123,4.68152,4.780468,4.78047,4.665291
2009-05-16,201.1422,1.446934,4.68152,4.780468,4.78047,4.672969
2009-05-17,196.9455,1.416744,4.68152,4.780468,4.78047,4.680136
2009-05-18,192.7488,1.386555,4.68152,4.780468,4.78047,4.686825
2009-05-19,188.5522,1.356366,4.68152,4.780468,4.78047,4.693068
2009-05-20,184.3555,1.326177,4.68152,4.780468,4.78047,4.698895
2009-05-21,180.1588,1.295988,4.68152,4.780468,4.78047,4.704333
2009-05-22,175.9622,1.265799,4.68152,4.780468,4.78047,4.709409
2009-05-23,171.7655,1.23561,4.68152,4.780468,4.78047,4.714146
2009-05-24,167.5688,1.205421,4.68152,4.780468,4.78047,4.718568
2009-05-25,163.3721,1.175232,4.68152,4.780468,4.78047,4.722695
2009-05-26,159.1755,1.145042,4.68152,4.780468,4.78047,4.726546
2009-05-27,154.9788,1.114853,4.68152,4.780468,4.7285,4.726677
2009-05-28,150.7821,1.084664,4.68152,4.780468,4.55796,4.715429
2009-05-29,151.7319,1.091496,4.68152,4.780468,4.59671,4.707514
2009-05-30,152.6817,1.098329,4.68152,4.780468,4.63537,4.702705
2009-05-31,153.6314,1.105161,4.68152,4.780468,4.67394,4.700787
2009-06-01,154.5812,1.111993,4.68152,4.780468,4.71242,4.701563
2009-06-02,155.531,1.118825,4.68152,4.780468,4.75081,4.704846
2009-06-03,156.4807,1.125658,4.68152,4.780468,4.78047,4.709887
2009-06-04,157.4305,1.13249,4.68152,4.780468,4.78047,4.714593
2009-06-05,158.3803,1.139322,4.68152,4.780468,4.78047,4.718985
2009-06-06,159.33,1.146154,4.68152,4.780468,4.78047,4.723084
2009-06-07,160.2798,1.152986,4.68152,4.780468,4.78047,4.726909
2009-06-08,161.2296,1.159819,4.68152,4.780468,4.78047,4.73048
2009-06-09,162.1793,1.166651,4.68152,4.780468,4.78047,4.733813
2009-06-10,163.1291,1.173483,4.68152,4.780468,4.78047,4.736923
2009-06-11,164.0789,1.180315,4.68152,4.780468,4.78047,4.739826
2009-06-12,163.2405,1.174285,4.68152,4.780468,4.78047,4.742536
2009-06-13,162.4022,1.168254,4.68152,4.780468,4.78047,4.745065
2009-06-14,161.5638,1.162223,4.68152,4.780468,4.78047,4.747425
2009-06-15,160.7255,1.156193,4.68152,4.780468,4.78047,4.749628
2009-06-16,159.8872,1.150162,4.68152,4.780468,4.78047,4.751684
2009-06-17,159.0488,1.144131,4.68152,4.780468,4.78047,4.753603
2009-06-18,158.2105,1.138101,4.68152,4.780468,4.78047,4.755394
2009-06-19,157.3722,1.13207,4.68152,4.780468,4.78047,4.757066
2009-06-20,156.5338,1.126039,4.68152,4.780468,4.78047,4.758626
2009-06-21,155.6955,1.120009,4.68152,4.780468,4.75745,4.758548
2009-06-22,154.8571,1.113978,4.68152,4.780468,4.72358,4.756217
2009-06-23,154.0188,1.107947,4.68152,4.780468,4.68964,4.751778
2009-06-24,153.1805,1.101917,4.68152,4.780468,4.65564,4.745369
2009-06-25,152.3421,1.095886,4.68152,4.780468,4.62156,4.737115
2009-06-26,153.5123,1.104304,4.68152,4.780468,4.66911,4.732582
2009-06-27,154.6825,1.112722,4.68152,4.780468,4.71652,4.731511
2009-06-28,155.8527,1.12114,4.68152,4.780468,4.7638,4.733663
2009-06-29,157.0229,1.129558,4.68152,4.780468,4.78047,4.736784
2009-06-30,158.1931,1.137976,4.68152,4.780468,4.78047,4.739696
2009-07-01,159.3633,1.146394,4.68152,4.780468,4.78047,4.742414
2009-07-02,160.5335,1.154812,4.68152,4.780468,4.78047,4.744952
2009-07-03,161.7037,1.16323,4.68152,4.780468,4.78047,4.747319
2009-07-04,162.8739,1.171647,4.68152,4.780468,4.78047,4.749529
2009-07-05,164.0441,1.180065,4.68152,4.780468,4.78047,4.751592
2009-07-06,165.2143,1.188483,4.68152,4.780468,4.78047,4.753517
2009-07-07,166.3845,1.196901,4.68152,4.780468,4.78047,4.755314
2009-07-08,167.5547,1.205319,4.68152,4.780468,4.78047,4.756991
2009-07-09,168.7249,1.213737,4.68152,4.780468,4.78047,4.758556
2009-07-10,169.5567,1.219721,4.68152,4.780468,4.78047,4.760017
2009-07-11,170.3885,1.225704,4.68152,4.780468,4.78047,4.761381
2009-07-12,171.2203,1.231688,4.68152,4.780468,4.78047,4.762654
2009-07-13,172.0521,1.237672,4.68152,4.780468,4.78047,4.763841
2009-07-14,172.8839,1.243655,4.68152,4.780468,4.78047,4.76495
2009-07-15,173.7157,1.249639,4.68152,4.780468,4.78047,4.765985
2009-07-16,174.5475,1.255622,4.68152,4.780468,4.78047,4.76695
2009-07-17,175.3793,1.261606,4.68152,4.780468,4.78047,4.767852
2009-07-18,176.2111,1.26759,4.68152,4.780468,4.78047,4.768693
2009-07-19,177.0429,1.273573,4.68152,4.780468,4.78047,4.769478
2009-07-20,177.8747,1.279557,4.68152,4.780468,4.78047,4.770211
2009-07-21,178.7065,1.285541,4.68152,4.780468,4.78047,4.770895
2009-07-22,179.5383,1.291524,4.68152,4.780468,4.78047,4.771533
2009-07-23,180.3701,1.297508,4.68152,4.780468,4.78047,4.772129
2009-07-24,181.2999,1.304197,4.68152,4.780468,4.78047,4.772685
2009-07-25,182.2298,1.310886,4.68152,4.780468,4.78047,4.773204
2009-07-26,183.1596,1.317574,4.68152,4.780468,4.78047,4.773688
2009-07-27,184.0894,1.324263,4.68152,4.780468,4.78047,4.77414
2009-07-28,185.0193,1.330952,4.68152,4.780468,4.78047,4.774562
2009-07-29,185.9491,1.337641,4.68152,4.780468,4.78047,4.774956
2009-07-30,186.8789,1.34433,4.68152,4.780468,4.78047,4.775324
2009-07-31,187.8087,1.351018,4.68152,4.780468,4.78047,4.775667
2009-08-01,188.7386,1.357707,4.68152,4.780468,4.78047,4.775987
2009-08-02,189.6684,1.364396,4.68152,4.780468,4.78047,4.776286
2009-08-03,190.5982,1.371085,4.68152,4.780468,4.78047,4.776565
2009-08-04,191.5281,1.377774,4.68152,4.780468,4.78047,4.776825
2009-08-05,192.4579,1.384462,4.68152,4.780468,4.78047,4.777068
2009-08-06,193.3877,1.391151,4.68152,4.780468,4.78047,4.777295
2009-08-07,192.0184,1.381301,4.68152,4.780468,4.78047,4.777507
2009-08-08,190.6491,1.371451,4.68152,4.780468,4.78047,4.777704
2009-08-09,189.2798,1.361601,4.68152,4.780468,4.78047,4.777889
2009-08-10,187.9105,1.35175,4.68152,4.780468,4.78047,4.778061
2009-08-11,186.5412,1.3419,4.68152,4.780468,4.78047,4.778221
2009-08-12,185.1719,1.33205,4.68152,4.780468,4.78047,4.778371
2009-08-13,183.8026,1.3222,4.68152,4.780468,4.78047,4.778511
2009-08-14,182.4333,1.31235,4.68152,4.780468,4.78047,4.778642
2009-08-15,181.064,1.3025,4.68152,4.780468,4.78047,4.778764
2009-08-16,179.6947,1.292649,4.68152,4.780468,4.78047,4.778877
2009-08-17,178.3254,1.282799,4.68152,4.780468,4.78047,4.778984
2009-08-18,176.9561,1.272949,4.68152,4.780468,4.78047,4.779083
2009-08-19,175.5868,1.263099,4.68152,4.780468,4.78047,4.779175
2009-08-20,174.2175,1.253249,4.68152,4.780468,4.78047,4.779261
2009-08-21,170.685,1.227837,4.68152,4.780468,4.78047,4.779342
2009-08-22,167.1524,1.202425,4.68152,4.780468,4.78047,4.779417
2009-08-23,163.6199,1.177014,4.68152,4.780468,4.78047,4.779487
2009-08-24,160.0874,1.151602,4.68152,4.780468,4.78047,4.779553
2009-08-25,156.5548,1.12619,4.68152,4.780468,4.78047,4.779614
2009-08-26,153.0223,1.100779,4.68152,4.780468,4.64921,4.77092
2009-08-27,149.4897,1.075367,4.68152,4.780468,4.50508,4.753198
2009-08-28,145.9572,1.049955,4.68152,4.780468,4.35965,4.726961
2009-08-29,142.4246,1.024544,4.68152,4.780468,4.21282,4.692685
2009-08-30,138.8921,0.9991321,4.68152,4.780468,4.06453,4.650808
2009-08-31,135.3595,0.9737205,4.68152,4.780468,3.91468,4.601733
2009-09-01,131.827,0.9483088,4.68152,4.780468,3.76317,4.545829
2009-09-02,128.2945,0.9228972,4.68152,4.780468,3.60991,4.483434
2009-09-03,124.7619,0.8974855,4.68152,4.780468,3.45477,4.414857
2009-09-04,124.1777,0.8932831,4.68152,4.780468,3.42892,4.349127
2009-09-05,123.5935,0.8890806,4.68152,4.780468,3.40302,4.286054
2009-09-06,123.0093,0.8848782,4.68152,4.780468,3.37707,4.225455
2009-09-07,122.4251,0.8806758,4.68152,4.780468,3.35106,4.167162
2009-09-08,121.841,0.8764733,4.68152,4.780468,3.32499,4.111017
2009-09-09,121.2568,0.8722709,4.68152,4.780468,3.29886,4.056873
2009-09-10,120.6726,0.8680685,4.68152,4.780468,3.27268,4.004594
2009-09-11,120.0884,0.863866,4.68152,4.780468,3.24643,3.954049
2009-09-12,119.5042,0.8596636,4.68152,4.780468,3.22013,3.905121
2009-09-13,118.92,0.8554611,4.68152,4.780468,3.19377,3.857698
2009-09-14,118.3358,0.8512587,4.68152,4.780468,3.16735,3.811675
2009-09-15,117.7516,0.8470563,4.68152,4.780468,3.14086,3.766954
2009-09-16,117.1674,0.8428538,4.68152,4.780468,3.11431,3.723444
2009-09-17,116.5832,0.8386514,4.68152,4.780468,3.0877,3.681061
2009-09-18,112.5448,0.8096007,4.68152,4.780468,2.90198,3.629123
2009-09-19,108.5064,0.78055,4.68152,4.780468,2.71299,3.568047
2009-09-20,104.468,0.7514994,4.68152,4.780468,2.52044,3.498207
2009-09-21,100.4296,0.7224487,4.68152,4.780468,2.32404,3.419929
2009-09-22,96.39115,0.693398,4.68152,4.780468,2.12344,3.333496
2009-09-23,92.35274,0.6643473,4.68152,4.780468,1.91827,3.239148
2009-09-24,88.31433,0.6352967,4.68152,4.780468,1.70808,3.137077
2009-09-25,84.27591,0.606246,4.68152,4.780468,1.4924,3.027431
2009-09-26,80.2375,0.5771953,4.68152,4.780468,1.27065,2.910313
2009-09-27,76.19909,0.5481447,4.68152,4.780468,1.04219,2.785771
2009-09-28,72.16067,0.519094,4.68152,4.780468,0.80627,2.653804
2009-09-29,68.12226,0.4900433,4.68152,4.780468,0.56201,2.514351
2009-09-30,64.08385,0.4609926,4.68152,4.780468,0.30837,2.367286
2009-10-01,60.04543,0.431942,4.68152,4.780468,0.04413,2.212409
2009-10-02,58.67534,0.4220861,4.68152,4.780468,0,2.064915
2009-10-03,57.30525,0.4122302,4.68152,4.780468,0,1.927254
2009-10-04,55.93515,0.4023743,4.68152,4.780468,0,1.79877
2009-10-05,54.56506,0.3925184,4.68152,4.780468,0,1.678852
2009-10-06,53.19497,0.3826626,4.68152,4.780468,0,1.566929
2009-10-07,51.82488,0.3728067,4.68152,4.780468,0,1.462467
2009-10-08,50.45478,0.3629508,4.68152,4.780468,0,1.364969
2009-10-09,49.08469,0.3530949,4.68152,4.780468,0,1.273971
2009-10-10,47.7146,0.3432391,4.68152,4.780468,0,1.18904
2009-10-11,46.34451,0.3333832,4.68152,4.780468,0,1.109771
2009-10-12,44.97441,0.3235273,4.68152,4.780468,0,1.035786
2009-10-13,43.60432,0.3136714,4.68152,4.780468,0,0.9667334
2009-10-14,42.23423,0.3038155,4.68152,4.780468,0,0.9022845
2009-10-15,40.86414,0.2939597,4.68152,4.780468,0,0.8421322
2009-10-16,40.7719,0.2932962,4.68152,4.780468,0,0.7859901
2009-10-17,40.67967,0.2926327,4.68152,4.780468,0,0.7335907
2009-10-18,40.58744,0.2919692,4.68152,4.780468,0,0.6846847
2009-10-19,40.49521,0.2913057,4.68152,4.780468,0,0.639039
2009-10-20,40.40298,0.2906423,4.68152,4.780468,0,0.5964364
2009-10-21,40.31074,0.2899788,4.68152,4.780468,0,0.556674
2009-10-22,40.21851,0.2893153,4.68152,4.780468,0,0.5195624
2009-10-23,40.12628,0.2886518,4.68152,4.780468,0,0.4849249
2009-10-24,40.03405,0.2879883,4.68152,4.780468,0,0.4525966
2009-10-25,39.94181,0.2873249,4.68152,4.780468,0,0.4224235
2009-10-26,39.84958,0.2866614,4.68152,4.780468,0,0.3942619
2009-10-27,39.75735,0.2859979,4.68152,4.780468,0,0.3679778
2009-10-28,39.66512,0.2853344,4.68152,4.780468,0,0.3434459
2009-10-29,39.57289,0.2846709,4.68152,4.780468,0,0.3205495
2009-10-30,39.57664,0.2846979,4.68152,4.780468,0,0.2991796
2009-10-31,39.58039,0.2847249,4.68152,4.780468,0,0.2792343
2009-11-01,39.58414,0.2847519,4.68152,4.780468,0,0.2606186
2009-11-02,39.58789,0.2847789,4.68152,4.780468,0,0.2432441
2009-11-03,39.59165,0.2848059,4.68152,4.780468,0,0.2270278
2009-11-04,39.5954,0.2848329,4.68152,4.780468,0,0.2118926
2009-11-05,39.59915,0.2848599,4.68152,4.780468,0,0.1977664
2009-11-06,39.6029,0.2848869,4.68152,4.780468,0,0.184582
2009-11-07,39.60665,0.2849139,4.68152,4.780468,0,0.1722765
2009-11-08,39.61041,0.2849408,4.68152,4.780468,0,0.1607914
2009-11-09,39.61416,0.2849678,4.68152,4.780468,0,0.150072
2009-11-10,39.61791,0.2849948,4.68152,4.780468,0,0.1400672
2009-11-11,39.62166,0.2850218,4.68152,4.780468,0,0.1307294
2009-11-12,39.62541,0.2850488,4.68152,4.780468,0,0.1220141
2009-11-13,38.63382,0.2779157,4.68152,4.780468,0,0.1138798
2009-11-14,37.64223,0.2707826,4.68152,4.780468,0,0.1062878
2009-11-15,36.65064,0.2636496,4.68152,4.780468,0,0.09920199
2009-11-16,35.65906,0.2565165,4.68152,4.780468,0,0.09258852
2009-11-17,34.66747,0.2493834,4.68152,4.780468,0,0.08641595
2009-11-18,33.67588,0.2422503,4.68152,4.780468,0,0.08065489
2009-11-19,32.68429,0.2351172,4.68152,4.780468,0,0.0752779
2009-11-20,31.6927,0.2279841,4.68152,4.780468,0,0.07025937
2009-11-21,30.70111,0.220851,4.68152,4.780468,0,0.06557541
2009-11-22,29.70952,0.213718,4.68152,4.780468,0,0.06120372
2009-11-23,28.71793,0.2065849,4.68152,4.780468,0,0.05712347
2009-11-24,27.72634,0.1994518,4.68152,4.780468,0,0.05331524
2009-11-25,26.73475,0.1923187,4.68152,4.780468,0,0.04976089
2009-11-26,25.74316,0.1851856,4.68152,4.780468,0,0.0464435
2009-11-27,24.66989,0.177465,4.68152,4.780468,0,0.04334726
2009-11-28,23.59663,0.1697443,4.68152,4.780468,0,0.04045745
2009-11-29,22.52336,0.1620237,4.68152,4.780468,0,0.03776028
2009-11-30,21.45009,0.1543031,4.68152,4.780468,0,0.03524293
2009-12-01,20.37682,0.1465824,4.68152,4.780468,0,0.0328934
2009-12-02,19.30356,0.1388618,4.68152,4.780468,0,0.03070051
2009-12-03,18.23029,0.1311412,4.68152,4.780468,0,0.02865381
2009-12-04,17.15702,0.1234205,4.68152,4.780468,0,0.02674355
2009-12-05,16.08376,0.1156999,4.68152,4.780468,0,0.02496065
2009-12-06,15.01049,0.1079793,4.68152,4.780468,0,0.02329661
2009-12-07,13.93722,0.1002586,4.68152,4.780468,0,0.0217435
2009-12-08,12.86396,0.09253798,4.68152,4.780468,0,0.02029393
2009-12-09,11.79069,0.08481734,4.68152,4.780468,0,0.018941
2009-12-10,10.71742,0.07709671,4.68152,4.780468,0,0.01767827
2009-12-11,11.05956,0.07955787,4.68152,4.780468,0,0.01649972
2009-12-12,11.40169,0.08201903,4.68152,4.780468,0,0.01539974
2009-12-13,11.74382,0.08448019,4.68152,4.780468,0,0.01437309
2009-12-14,12.08596,0.08694136,4.68152,4.780468,0,0.01341488
2009-12-15,12.42809,0.08940252,4.68152,4.780468,0,0.01252056
2009-12-16,12.77022,0.09186368,4.68152,4.780468,0,0.01168585
2009-12-17,13.11235,0.09432485,4.68152,4.780468,0,0.0109068
2009-12-18,13.45449,0.09678601,4.68152,4.780468,0,0.01017968
2009-12-19,13.79662,0.09924717,4.68152,4.780468,0,0.009501032
2009-12-20,14.13875,0.1017083,4.68152,4.780468,0,0.00886763
2009-12-21,14.48089,0.1041695,4.68152,4.780468,0,0.008276454
2009-12-22,14.82302,0.1066307,4.68152,4.780468,0,0.007724691
2009-12-23,15.16515,0.1090918,4.68152,4.780468,0,0.007209711
2009-12-24,15.50729,0.111553,4.68152,4.780468,0,0.006729064
2009-12-25,15.22699,0.1095366,4.68152,4.780468,0,0.00628046
2009-12-26,14.94669,0.1075203,4.68152,4.780468,0,0.005861762
2009-12-27,14.66639,0.1055039,4.68152,4.780468,0,0.005470978
2009-12-28,14.38609,0.1034876,4.68152,4.780468,0,0.005106246
2009-12-29,14.10579,0.1014712,4.68152,4.780468,0,0.00476583
2009-12-30,13.82549,0.09945488,4.68152,4.780468,0,0.004448108
2009-12-31,13.5452,0.09743853,4.68152,4.780468,0,0.004151567
2010-01-01,13.2649,0.09542218,4.242459,4.638971,0,0.003874796
2010-01-02,12.9846,0.09340583,4.242459,4.638971,0,0.003616476
2010-01-03,12.7043,0.09138948,4.242459,4.638971,0,0.003375378
2010-01-04,12.424,0.08937313,4.242459,4.638971,0,0.003150353
2010-01-05,12.1437,0.08735678,4.242459,4.638971,0,0.002940329
2010-01-06,11.86341,0.08534043,4.242459,4.638971,0,0.002744307
2010-01-07,11.58311,0.08332408,4.242459,4.638971,0,0.002561354
2010-01-08,12.33762,0.08875172,4.242459,4.638971,0,0.002390597
2010-01-09,13.09213,0.09417936,4.242459,4.638971,0,0.002231224
2010-01-10,13.84664,0.09960699,4.242459,4.638971,0,0.002082475
2010-01-11,14.60115,0.1050346,4.242459,4.638971,0,0.001943644
2010-01-12,15.35566,0.1104623,4.242459,4.638971,0,0.001814067
2010-01-13,16.11017,0.1158899,4.242459,4.638971,0,0.00169313
2010-01-14,16.86468,0.1213175,4.242459,4.638971,0,0.001580254
2010-01-15,17.61919,0.1267452,4.242459,4.638971,0,0.001474904
2010-01-16,18.3737,0.1321728,4.242459,4.638971,0,0.001376577
2010-01-17,19.12822,0.1376005,4.242459,4.638971,0,0.001284805
2010-01-18,19.88273,0.1430281,4.242459,4.638971,0,0.001199152
2010-01-19,20.63724,0.1484557,4.242459,4.638971,0,0.001119208
2010-01-20,21.39175,0.1538834,4.242459,4.638971,0,0.001044594
2010-01-21,22.14626,0.159311,4.242459,4.638971,0,0.0009749546
2010-01-22,22.70787,0.163351,4.242459,4.638971,0,0.0009099576
2010-01-23,23.26948,0.167391,4.242459,4.638971,0,0.0008492938
2010-01-24,23.83109,0.171431,4.242459,4.638971,0,0.0007926742
2010-01-25,24.3927,0.175471,4.242459,4.638971,0,0.0007398293
2010-01-26,24.95431,0.179511,4.242459,4.638971,0,0.0006905073
2010-01-27,25.51592,0.183551,4.242459,4.638971,0,0.0006444735
2010-01-28,26.07753,0.1875909,4.242459,4.638971,0,0.0006015086
2010-01-29,26.63914,0.1916309,4.242459,4.638971,0,0.000561408
2010-01-30,27.20075,0.1956709,4.242459,4.638971,0,0.0005239808
2010-01-31,27.76236,0.1997109,4.242459,4.638971,0,0.0004890488
2010-02-01,28.32397,0.2037509,4.242459,4.638971,0,0.0004564455
2010-02-02,28.88558,0.2077909,4.242459,4.638971,0,0.0004260158
2010-02-03,29.44719,0.2118309,4.242459,4.638971,0,0.0003976148
2010-02-04,30.0088,0.2158709,4.242459,4.638971,0,0.0003711071
2010-02-05,32.14515,0.2312389,4.242459,4.638971,0,0.0003463666
2010-02-06,34.28149,0.2466069,4.242459,4.638971,0,0.0003232755
2010-02-07,36.41784,0.2619748,4.242459,4.638971,0,0.0003017238
2010-02-08,38.55418,0.2773428,4.242459,4.638971,0,0.0002816089
2010-02-09,40.69053,0.2927108,4.242459,4.638971,0,0.000262835
2010-02-10,42.82687,0.3080788,4.242459,4.638971,0,0.0002453126
2010-02-11,44.96322,0.3234468,4.242459,4.638971,0,0.0002289585
2010-02-12,47.09957,0.3388148,4.242459,4.638971,0,0.0002136946
2010-02-13,49.23591,0.3541827,4.242459,4.638971,0,0.0001994483
2010-02-14,51.37226,0.3695507,4.242459,4.638971,0,0.0001861517
2010-02-15,53.5086,0.3849187,4.242459,4.638971,0,0.0001737416
2010-02-16,55.64495,0.4002867,4.242459,4.638971,0,0.0001621588
2010-02-17,57.78129,0.4156547,4.242459,4.638971,0,0.0001513482
2010-02-18,59.91764,0.4310227,4.242459,4.638971,0,0.0001412584
2010-02-19,59.62718,0.4289332,4.242459,4.638971,0,0.0001318411
2010-02-20,59.33672,0.4268438,4.242459,4.638971,0,0.0001230517
2010-02-21,59.04626,0.4247544,4.242459,4.638971,0,0.0001148483
2010-02-22,58.75581,0.4226649,4.242459,4.638971,0,0.0001071917
2010-02-23,58.46535,0.4205755,4.242459,4.638971,0,0.0001000456
2010-02-24,58.17489,0.4184861,4.242459,4.638971,0,9.33759e-05
2010-02-25,57.88443,0.4163966,4.242459,4.638971,0,8.715084e-05
2010-02-26,57.59397,0.4143072,4.242459,4.638971,0,8.134078e-05
2010-02-27,57.30352,0.4122178,4.242459,4.638971,0,7.591807e-05
2010-02-28,57.01306,0.4101283,4.242459,4.638971,0,7.085686e-05
2010-03-01,56.7226,0.4080389,4.242459,4.638971,0,6.613307e-05
2010-03-02,56.43214,0.4059494,4.242459,4.638971,0,6.17242e-05
2010-03-03,56.14168,0.40386,4.242459,4.638971,0,5.760925e-05
2010-03-04,55.85122,0.4017706,4.242459,4.638971,0,5.376864e-05
2010-03-05,60.10727,0.4323868,4.242459,4.638971,0,5.018406e-05
2010-03-06,64.36332,0.463003,4.242459,4.638971,0,4.683846e-05
2010-03-07,68.61936,0.4936193,4.242459,4.638971,0.18545,0.01240705
2010-03-08,72.87541,0.5242355,4.242459,4.638971,0.43252,0.04041458
2010-03-09,77.13146,0.5548518,4.242459,4.638971,0.67048,0.08241894
2010-03-10,81.38751,0.585468,4.242459,4.638971,0.90033,0.1369463
2010-03-11,85.64355,0.6160842,4.242459,4.638971,1.1229,0.2026766
2010-03-12,89.8996,0.6467005,4.242459,4.638971,1.33891,0.2784255
2010-03-13,94.15565,0.6773167,4.242459,4.638971,1.549,0.3631305
2010-03-14,98.41169,0.7079329,4.242459,4.638971,1.75369,0.4558344
2010-03-15,102.6677,0.7385492,4.242459,4.638971,1.95347,0.5556768
2010-03-16,106.9238,0.7691654,4.242459,4.638971,2.14875,0.6618817
2010-03-17,111.1798,0.7997817,4.242459,4.638971,2.3399,0.7737496
2010-03-18,115.4359,0.8303979,4.242459,4.638971,2.52725,0.8906496
2010-03-19,114.6604,0.8248196,4.242459,4.638971,2.49339,0.997499
2010-03-20,113.885,0.8192414,4.242459,4.638971,2.4594,1.094959
2010-03-21,113.1095,0.8136631,4.242459,4.638971,2.4253,1.183648
2010-03-22,112.3341,0.8080849,4.242459,4.638971,2.39107,1.264143
2010-03-23,111.5586,0.8025066,4.242459,4.638971,2.35673,1.336982
2010-03-24,110.7832,0.7969283,4.242459,4.638971,2.32225,1.402667
2010-03-25,110.0077,0.7913501,4.242459,4.638971,2.28765,1.461666
2010-03-26,109.2323,0.7857718,4.242459,4.638971,2.25292,1.514416
2010-03-27,108.4568,0.7801936,4.242459,4.638971,2.21806,1.561326
2010-03-28,107.6814,0.7746153,4.242459,4.638971,2.18307,1.602775
2010-03-29,106.9059,0.7690371,4.242459,4.638971,2.14794,1.63912
2010-03-30,106.1305,0.7634588,4.242459,4.638971,2.11267,1.67069
2010-03-31,105.355,0.7578805,4.242459,4.638971,2.07727,1.697795
2010-04-01,104.5796,0.7523023,4.242459,4.638971,2.04172,1.720723
2010-04-02,108.5266,0.7806953,4.242459,4.638971,2.2212,1.754088
2010-04-03,112.4736,0.8090884,4.242459,4.638971,2.39724,1.796965
2010-04-04,116.4206,0.8374815,4.242459,4.638971,2.57009,1.848507
2010-04-05,120.3676,0.8658745,4.242459,4.638971,2.73998,1.907938
2010-04-06,124.3146,0.8942676,4.242459,4.638971,2.90712,1.97455
2010-04-07,128.2616,0.9226606,4.242459,4.638971,3.0717,2.047694
2010-04-08,132.2086,0.9510537,4.242459,4.638971,3.23387,2.126772
2010-04-09,136.1556,0.9794468,4.242459,4.638971,3.39381,2.211241
2010-04-10,140.1026,1.00784,4.242459,4.638971,3.55165,2.300602
2010-04-11,144.0496,1.036233,4.242459,4.638971,3.70753,2.394397
2010-04-12,147.9966,1.064626,4.242459,4.638971,3.86156,2.492208
2010-04-13,151.9436,1.093019,4.242459,4.638971,4.01386,2.593651
2010-04-14,155.8906,1.121412,4.242459,4.638971,4.16453,2.698377
2010-04-15,159.8376,1.149805,4.242459,4.638971,4.31366,2.806062
2010-04-16,157.6711,1.134221,4.242459,4.638971,4.23199,2.901124
2010-04-17,155.5047,1.118636,4.242459,4.638971,4.14987,2.984374
2010-04-18,153.3383,1.103052,4.242459,4.638971,4.06728,3.056568
2010-04-19,151.1719,1.087468,4.242459,4.638971,3.98422,3.118411
2010-04-20,149.0054,1.071883,4.242459,4.638971,3.90065,3.17056
2010-04-21,146.839,1.056299,4.242459,4.638971,3.81657,3.213628
2010-04-22,144.6726,1.040715,4.242459,4.638971,3.73197,3.248184
2010-04-23,142.5062,1.02513,4.242459,4.638971,3.64681,3.274759
2010-04-24,140.3398,1.009546,4.242459,4.638971,3.56108,3.293847
2010-04-25,138.1733,0.9939618,4.242459,4.638971,3.47476,3.305908
2010-04-26,136.0069,0.9783775,4.242459,4.638971,3.38783,3.311369
2010-04-27,133.8405,0.9627931,4.242459,4.638971,3.30027,3.310629
2010-04-28,131.6741,0.9472088,4.242459,4.638971,3.21205,3.304057
2010-04-29,129.5077,0.9316245,4.242459,4.638971,3.12315,3.291997
2010-04-30,128.5172,0.9244993,4.242459,4.638971,3.08227,3.278015
2010-05-01,127.5267,0.9173742,4.242459,4.638971,3.04124,3.26223
2010-05-02,126.5362,0.9102491,4.242459,4.638971,3.00006,3.244752
2010-05-03,125.5457,0.903124,4.242459,4.638971,2.95872,3.225683
2010-05-04,124.5552,0.8959989,4.242459,4.638971,2.91723,3.20512
2010-05-05,123.5648,0.8888737,4.242459,4.638971,2.87557,3.18315
2010-05-06,122.5743,0.8817486,4.242459,4.638971,2.83375,3.159856
2010-05-07,121.5838,0.8746235,4.242459,4.638971,2.79177,3.135317
2010-05-08,120.5933,0.8674984,4.242459,4.638971,2.74961,3.109604
2010-05-09,119.6028,0.8603732,4.242459,4.638971,2.70729,3.082783
2010-05-10,118.6124,0.8532481,4.242459,4.638971,2.66478,3.054916
2010-05-11,117.6219,0.846123,4.242459,4.638971,2.6221,3.026061
2010-05-12,116.6314,0.8389979,4.242459,4.638971,2.57924,2.996273
2010-05-13,115.6409,0.8318728,4.242459,4.638971,2.53619,2.965601
2010-05-14,118.0244,0.8490184,4.242459,4.638971,2.63947,2.943859
2010-05-15,120.4078,0.8661641,4.242459,4.638971,2.7417,2.930382
2010-05-16,122.7913,0.8833098,4.242459,4.638971,2.84293,2.924552
2010-05-17,125.1748,0.9004555,4.242459,4.638971,2.9432,2.925795
2010-05-18,127.5582,0.9176012,4.242459,4.638971,3.04255,2.933579
2010-05-19,129.9417,0.9347469,4.242459,4.638971,3.14101,2.947407
2010-05-20,132.3252,0.9518925,4.242459,4.638971,3.23863,2.966822
2010-05-21,134.7087,0.9690382,4.242459,4.638971,3.33543,2.991396
2010-05-22,137.0921,0.9861839,4.242459,4.638971,3.43145,3.020733
2010-05-23,139.4756,1.00333,4.242459,4.638971,3.52672,3.054465
2010-05-24,141.8591,1.020475,4.242459,4.638971,3.62126,3.092252
2010-05-25,144.2425,1.037621,4.242459,4.638971,3.7151,3.133775
2010-05-26,146.626,1.054767,4.242459,4.638971,3.80828,3.178742
2010-05-27,149.0095,1.071912,4.242459,4.638971,3.90081,3.22688
2010-05-28,152.4406,1.096595,4.242459,4.638971,4.03292,3.280616
2010-05-29,155.8718,1.121277,4.242459,4.638971,4.16381,3.339495
2010-05-30,159.3029,1.145959,4.242459,4.638971,4.29354,3.403098
2010-05-31,162.7341,1.170641,4.242459,4.638971,4.42217,3.471037
2010-06-01,166.1652,1.195324,4.242459,4.638971,4.54975,3.542951
2010-06-02,169.5964,1.220006,4.242459,4.638971,4.63897,3.616019
2010-06-03,173.0275,1.244688,4.242459,4.638971,4.63897,3.684215
2010-06-04,176.4587,1.269371,4.242459,4.638971,4.63897,3.747866
2010-06-05,179.8898,1.294053,4.242459,4.638971,4.63897,3.807273
2010-06-06,183.321,1.318735,4.242459,4.638971,4.63897,3.862719
2010-06-07,186.7521,1.343417,4.242459,4.638971,4.63897,3.914469
2010-06-08,190.1833,1.3681,4.242459,4.638971,4.63897,3.962769
2010-06-09,193.6144,1.392782,4.242459,4.638971,4.63897,4.007849
2010-06-10,197.0456,1.417464,4.242459,4.638971,4.63897,4.049924
2010-06-11,199.6872,1.436467,4.242459,4.638971,4.63897,4.089194
2010-06-12,202.3289,1.45547,4.242459,4.638971,4.63897,4.125846
2010-06-13,204.9706,1.474473,4.242459,4.638971,4.63897,4.160054
2010-06-14,207.6123,1.493477,4.242459,4.638971,4.63897,4.191982
2010-06-15,210.2539,1.51248,4.242459,4.638971,4.63897,4.221781
2010-06-16,212.8956,1.531483,4.242459,4.638971,4.63897,4.249593
2010-06-17,215.5373,1.550486,4.242459,4.638971,4.63897,4.275552
2010-06-18,218.1789,1.569489,4.242459,4.638971,4.63897,4.29978
2010-06-19,220.8206,1.588492,4.242459,4.638971,4.63897,4.322392
2010-06-20,223.4623,1.607495,4.242459,4.638971,4.63897,4.343498
2010-06-21,226.1039,1.626498,4.242459,4.638971,4.63897,4.363196
2010-06-22,228.7456,1.645501,4.242459,4.638971,4.63897,4.381581
2010-06-23,231.3873,1.664504,4.242459,4.638971,4.63897,4.39874
2010-06-24,234.0289,1.683507,4.242459,4.638971,4.63897,4.414755
2010-06-25,231.7519,1.667127,4.242459,4.638971,4.63897,4.429703
2010-06-26,229.4748,1.650747,4.242459,4.638971,4.63897,4.443654
2010-06-27,227.1978,1.634367,4.242459,4.638971,4.63897,4.456675
2010-06-28,224.9207,1.617986,4.242459,4.638971,4.63897,4.468828
2010-06-29,222.6436,1.601606,4.242459,4.638971,4.63897,4.480171
2010-06-30,220.3666,1.585226,4.242459,4.638971,4.63897,4.490758
2010-07-01,218.0895,1.568846,4.242459,4.638971,4.63897,4.500638
2010-07-02,215.8125,1.552465,4.242459,4.638971,4.63897,4.50986
2010-07-03,213.5354,1.536085,4.242459,4.638971,4.63897,4.518468
2010-07-04,211.2583,1.519705,4.242459,4.638971,4.63897,4.526501
2010-07-05,208.9813,1.503325,4.242459,4.638971,4.63897,4.533999
2010-07-06,206.7042,1.486945,4.242459,4.638971,4.63897,4.540997
2010-07-07,204.4272,1.470564,4.242459,4.638971,4.63897,4.547529
2010-07-08,202.1501,1.454184,4.242459,4.638971,4.63897,4.553625
2010-07-09,198.5651,1.428395,4.242459,4.638971,4.63897,4.559315
2010-07-10,194.9802,1.402607,4.242459,4.638971,4.63897,4.564625
2010-07-11,191.3952,1.376818,4.242459,4.638971,4.63897,4.569581
2010-07-12,187.8102,1.351029,4.242459,4.638971,4.63897,4.574207
2010-07-13,184.2253,1.32524,4.242459,4.638971,4.63897,4.578525
2010-07-14,180.6403,1.299451,4.242459,4.638971,4.63897,4.582554
2010-07-15,177.0553,1.273663,4.242459,4.638971,4.63897,4.586315
2010-07-16,173.4703,1.247874,4.242459,4.638971,4.63897,4.589826
2010-07-17,169.8854,1.222085,4.242459,4.638971,4.63897,4.593102
2010-07-18,166.3004,1.196296,4.242459,4.638971,4.55476,4.590546
2010-07-19,162.7154,1.170507,4.242459,4.638971,4.42148,4.579275
2010-07-20,159.1305,1.144719,4.242459,4.638971,4.28705,4.559793
2010-07-21,155.5455,1.11893,4.242459,4.638971,4.15142,4.532568
2010-07-22,151.9605,1.093141,4.242459,4.638971,4.01451,4.498031
2010-07-23,149.934,1.078563,4.242459,4.638971,3.93653,4.460598
2010-07-24,147.9074,1.063985,4.242459,4.638971,3.8581,4.420431
2010-07-25,145.8809,1.049407,4.242459,4.638971,3.77922,4.377684
2010-07-26,143.8543,1.034829,4.242459,4.638971,3.69987,4.332496
2010-07-27,141.8278,1.02025,4.242459,4.638971,3.62002,4.284998
2010-07-28,139.8013,1.005672,4.242459,4.638971,3.53968,4.23531
2010-07-29,137.7747,0.9910943,4.242459,4.638971,3.45881,4.183543
2010-07-30,135.7482,0.9765162,4.242459,4.638971,3.3774,4.1298
2010-07-31,133.7216,0.9619381,4.242459,4.638971,3.29544,4.074176
2010-08-01,131.6951,0.94736,4.242459,4.638971,3.21291,4.016759
2010-08-02,129.6686,0.9327819,4.242459,4.638971,3.12977,3.957626
2010-08-03,127.642,0.9182038,4.242459,4.638971,3.04603,3.896853
2010-08-04,125.6155,0.9036257,4.242459,4.638971,2.96164,3.834505
2010-08-05,123.5889,0.8890476,4.242459,4.638971,2.87659,3.770644
2010-08-06,124.6254,0.8965037,4.242459,4.638971,2.92017,3.713946
2010-08-07,125.6619,0.9039599,4.242459,4.638971,2.96358,3.663922
2010-08-08,126.6984,0.911416,4.242459,4.638971,3.00681,3.620114
2010-08-09,127.7349,0.9188722,4.242459,4.638971,3.04988,3.582099
2010-08-10,128.7714,0.9263283,4.242459,4.638971,3.09278,3.549477
2010-08-11,129.8079,0.9337845,4.242459,4.638971,3.13551,3.52188
2010-08-12,130.8444,0.9412406,4.242459,4.638971,3.17808,3.49896
2010-08-13,131.8809,0.9486968,4.242459,4.638971,3.2205,3.480396
2010-08-14,132.9174,0.9561529,4.242459,4.638971,3.26276,3.465887
2010-08-15,133.9539,0.9636091,4.242459,4.638971,3.30487,3.455152
2010-08-16,134.9904,0.9710652,4.242459,4.638971,3.34682,3.44793
2010-08-17,136.0269,0.9785214,4.242459,4.638971,3.38863,3.443977
2010-08-18,137.0634,0.9859775,4.242459,4.638971,3.4303,3.443065
2010-08-19,138.0999,0.9934337,4.242459,4.638971,3.47182,3.444982
2010-08-20,136.5382,0.9821989,4.242459,4.638971,3.4092,3.442596
2010-08-21,134.9764,0.9709641,4.242459,4.638971,3.34626,3.436174
2010-08-22,133.4146,0.9597293,4.242459,4.638971,3.28297,3.42596
2010-08-23,131.8528,0.9484945,4.242459,4.638971,3.21935,3.412186
2010-08-24,130.291,0.9372598,4.242459,4.638971,3.15537,3.395065
2010-08-25,128.7293,0.926025,4.242459,4.638971,3.09103,3.374796
2010-08-26,127.1675,0.9147902,4.242459,4.638971,3.02632,3.351565
2010-08-27,125.6057,0.9035554,4.242459,4.638971,2.96123,3.325542
2010-08-28,124.0439,0.8923206,4.242459,4.638971,2.89575,3.296889
2010-08-29,122.4821,0.8810858,4.242459,4.638971,2.82986,3.265754
2010-08-30,120.9204,0.8698511,4.242459,4.638971,2.76355,3.232274
2010-08-31,119.3586,0.8586163,4.242459,4.638971,2.69682,3.196577
2010-09-01,117.7968,0.8473815,4.242459,4.638971,2.62965,3.158782
2010-09-02,116.235,0.8361467,4.242459,4.638971,2.56203,3.118998
2010-09-03,114.6082,0.8244437,4.242459,4.638971,2.4911,3.077138
2010-09-04,112.9813,0.8127407,4.242459,4.638971,2.41965,3.033306
2010-09-05,111.3544,0.8010376,4.242459,4.638971,2.34766,2.987596
2010-09-06,109.7276,0.7893346,4.242459,4.638971,2.27512,2.940098
2010-09-07,108.1007,0.7776316,4.242459,4.638971,2.20201,2.890892
2010-09-08,106.4738,0.7659285,4.242459,4.638971,2.1283,2.840052
2010-09-09,104.8469,0.7542255,4.242459,4.638971,2.054,2.787649
2010-09-10,103.2201,0.7425225,4.242459,4.638971,1.97906,2.733743
2010-09-11,101.5932,0.7308194,4.242459,4.638971,1.90347,2.678391
2010-09-12,99.96634,0.7191164,4.242459,4.638971,1.82721,2.621646
2010-09-13,98.33947,0.7074134,4.242459,4.638971,1.75026,2.563554
2010-09-14,96.7126,0.6957103,4.242459,4.638971,1.67259,2.504156
2010-09-15,95.08573,0.6840073,4.242459,4.638971,1.59417,2.44349
2010-09-16,93.45886,0.6723043,4.242459,4.638971,1.51499,2.38159
2010-09-17,93.73032,0.6742571,4.242459,4.638971,1.52825,2.324701
2010-09-18,94.00179,0.6762099,4.242459,4.638971,1.5415,2.272488
2010-09-19,94.27326,0.6781628,4.242459,4.638971,1.55472,2.224636
2010-09-20,94.54473,0.6801156,4.242459,4.638971,1.56793,2.180856
2010-09-21,94.8162,0.6820684,4.242459,4.638971,1.58111,2.140873
2010-09-22,95.08766,0.6840213,4.242459,4.638971,1.59427,2.104433
2010-09-23,95.35913,0.6859741,4.242459,4.638971,1.6074,2.071297
2010-09-24,95.6306,0.6879269,4.242459,4.638971,1.62052,2.041245
2010-09-25,95.90207,0.6898797,4.242459,4.638971,1.63362,2.01407
2010-09-26,96.17353,0.6918326,4.242459,4.638971,1.64669,1.989578
2010-09-27,96.445,0.6937854,4.242459,4.638971,1.65974,1.967589
2010-09-28,96.71647,0.6957382,4.242459,4.638971,1.67277,1.947934
2010-09-29,96.98794,0.697691,4.242459,4.638971,1.68579,1.930458
2010-09-30,97.25941,0.6996439,4.242459,4.638971,1.69878,1.915013
2010-10-01,94.33841,0.6786314,4.242459,4.638971,1.55789,1.891205
2010-10-02,91.4174,0.6576189,4.242459,4.638971,1.41449,1.859424
2010-10-03,88.4964,0.6366065,4.242459,4.638971,1.26838,1.820021
2010-10-04,85.5754,0.615594,4.242459,4.638971,1.11939,1.773312
2010-10-05,82.6544,0.5945815,4.242459,4.638971,0.9673,1.719578
2010-10-06,79.7334,0.573569,4.242459,4.638971,0.8119,1.659066
2010-10-07,76.8124,0.5525566,4.242459,4.638971,0.65293,1.59199
2010-10-08,73.8914,0.5315441,4.242459,4.638971,0.49011,1.518532
2010-10-09,70.9704,0.5105316,4.242459,4.638971,0.32312,1.438838
2010-10-10,68.04939,0.4895191,4.242459,4.638971,0.15161,1.353022
2010-10-11,65.12839,0.4685067,4.242459,4.638971,0,1.262821
2010-10-12,62.20739,0.4474942,4.242459,4.638971,0,1.178633
2010-10-13,59.28639,0.4264817,4.242459,4.638971,0,1.100057
2010-10-14,56.36539,0.4054693,4.242459,4.638971,0,1.02672
2010-10-15,55.3848,0.3984153,4.242459,4.638971,0,0.9582722
2010-10-16,54.40421,0.3913614,4.242459,4.638971,0,0.8943874
2010-10-17,53.42363,0.3843074,4.242459,4.638971,0,0.8347615
2010-10-18,52.44304,0.3772535,4.242459,4.638971,0,0.7791108
2010-10-19,51.46245,0.3701995,4.242459,4.638971,0,0.72717
2010-10-20,50.48186,0.3631456,4.242459,4.638971,0,0.678692
2010-10-21,49.50127,0.3560917,4.242459,4.638971,0,0.6334459
2010-10-22,48.52069,0.3490377,4.242459,4.638971,0,0.5912162
2010-10-23,47.5401,0.3419838,4.242459,4.638971,0,0.5518018
2010-10-24,46.55951,0.3349298,4.242459,4.638971,0,0.515015
2010-10-25,45.57892,0.3278759,4.242459,4.638971,0,0.4806807
2010-10-26,44.59833,0.3208219,4.242459,4.638971,0,0.4486353
2010-10-27,43.61775,0.313768,4.242459,4.638971,0,0.4187263
2010-10-28,42.63716,0.3067141,4.242459,4.638971,0,0.3908112
2010-10-29,41.23459,0.2966246,4.242459,4.638971,0,0.3647571
2010-10-30,39.83202,0.2865351,4.242459,4.638971,0,0.34044
2010-10-31,38.42945,0.2764456,4.242459,4.638971,0,0.317744
2010-11-01,37.02688,0.2663561,4.242459,4.638971,0,0.296561
2010-11-02,35.62431,0.2562666,4.242459,4.638971,0,0.2767903
2010-11-03,34.22175,0.2461771,4.242459,4.638971,0,0.2583376
2010-11-04,32.81918,0.2360876,4.242459,4.638971,0,0.2411151
2010-11-05,31.41661,0.2259981,4.242459,4.638971,0,0.2250408
2010-11-06,30.01404,0.2159086,4.242459,4.638971,0,0.210038
2010-11-07,28.61147,0.2058191,4.242459,4.638971,0,0.1960355
2010-11-08,27.2089,0.1957296,4.242459,4.638971,0,0.1829665
2010-11-09,25.80633,0.1856401,4.242459,4.638971,0,0.1707687
2010-11-10,24.40377,0.1755506,4.242459,4.638971,0,0.1593841
2010-11-11,23.0012,0.1654611,4.242459,4.638971,0,0.1487585
2010-11-12,22.47411,0.1616695,4.242459,4.638971,0,0.1388413
2010-11-13,21.94703,0.1578779,4.242459,4.638971,0,0.1295852
2010-11-14,21.41995,0.1540862,4.242459,4.638971,0,0.1209462
2010-11-15,20.89287,0.1502946,4.242459,4.638971,0,0.1128831
2010-11-16,20.36578,0.146503,4.242459,4.638971,0,0.1053576
2010-11-17,19.8387,0.1427114,4.242459,4.638971,0,0.09833373
2010-11-18,19.31162,0.1389198,4.242459,4.638971,0,0.09177815
2010-11-19,18.78454,0.1351282,4.242459,4.638971,0,0.0856596
2010-11-20,18.25746,0.1313366,4.242459,4.638971,0,0.07994896
2010-11-21,17.73037,0.127545,4.242459,4.638971,0,0.07461903
2010-11-22,17.20329,0.1237533,4.242459,4.638971,0,0.06964443
2010-11-23,16.67621,0.1199617,4.242459,4.638971,0,0.06500147
2010-11-24,16.14913,0.1161701,4.242459,4.638971,0,0.06066804
2010-11-25,15.62204,0.1123785,4.242459,4.638971,0,0.0566235
2010-11-26,15.20944,0.1094104,4.242459,4.638971,0,0.0528486
2010-11-27,14.79684,0.1064423,4.242459,4.638971,0,0.04932536
2010-11-28,14.38423,0.1034742,4.242459,4.638971,0,0.046037
2010-11-29,13.97163,0.1005061,4.242459,4.638971,0,0.04296787
2010-11-30,13.55903,0.09753801,4.242459,4.638971,0,0.04010335
2010-12-01,13.14642,0.09456991,4.242459,4.638971,0,0.03742979
2010-12-02,12.73382,0.09160182,4.242459,4.638971,0,0.03493447
2010-12-03,12.32122,0.08863372,4.242459,4.638971,0,0.0326055
2010-12-04,11.90861,0.08566562,4.242459,4.638971,0,0.0304318
2010-12-05,11.49601,0.08269752,4.242459,4.638971,0,0.02840302
2010-12-06,11.0834,0.07972942,4.242459,4.638971,0,0.02650948
2010-12-07,10.6708,0.07676132,4.242459,4.638971,0,0.02474218
2010-12-08,10.2582,0.07379322,4.242459,4.638971,0,0.02309271
2010-12-09,9.845594,0.07082513,4.242459,4.638971,0,0.02155319
2010-12-10,10.03983,0.0722224,4.242459,4.638971,0,0.02011631
2010-12-11,10.23407,0.07361966,4.242459,4.638971,0,0.01877522
2010-12-12,10.42831,0.07501693,4.242459,4.638971,0,0.01752354
2010-12-13,10.62255,0.0764142,4.242459,4.638971,0,0.01635531
2010-12-14,10.81679,0.07781147,4.242459,4.638971,0,0.01526495
2010-12-15,11.01102,0.07920874,4.242459,4.638971,0,0.01424729
2010-12-16,11.20526,0.08060601,4.242459,4.638971,0,0.01329747
2010-12-17,11.3995,0.08200328,4.242459,4.638971,0,0.01241097
2010-12-18,11.59374,0.08340055,4.242459,4.638971,0,0.01158357
2010-12-19,11.78798,0.08479782,4.242459,4.638971,0,0.01081134
2010-12-20,11.98221,0.08619509,4.242459,4.638971,0,0.01009058
2010-12-21,12.17645,0.08759236,4.242459,4.638971,0,0.009417875
2010-12-22,12.37069,0.08898963,4.242459,4.638971,0,0.008790016
2010-12-23,12.56493,0.0903869,4.242459,4.638971,0,0.008204015
2010-12-24,13.49101,0.09704877,4.242459,4.638971,0,0.007657081
2010-12-25,14.4171,0.1037106,4.242459,4.638971,0,0.007146609
2010-12-26,15.34319,0.1103725,4.242459,4.638971,0,0.006670168
2010-12-27,16.26927,0.1170344,4.242459,4.638971,0,0.00622549
2010-12-28,17.19536,0.1236963,4.242459,4.638971,0,0.005810458
2010-12-29,18.12144,0.1303581,4.242459,4.638971,0,0.005423094
2010-12-30,19.04753,0.13702,4.242459,4.638971,0,0.005061554
2010-12-31,19.97361,0.1436819,4.242459,4.638971,0,0.004724117
2011-01-01,20.8997,0.1503438,4.791441,4.931813,0,0.004409176
2011-01-02,21.82578,0.1570056,4.791441,4.931813,0,0.004115231
2011-01-03,22.75187,0.1636675,4.791441,4.931813,0,0.003840882
2011-01-04,23.67795,0.1703294,4.791441,4.931813,0,0.003584824
2011-01-05,24.60404,0.1769913,4.791441,4.931813,0,0.003345835
2011-01-06,25.53012,0.1836531,4.791441,4.931813,0,0.00312278
2011-01-07,25.48213,0.1833079,4.791441,4.931813,0,0.002914594
2011-01-08,25.43414,0.1829626,4.791441,4.931813,0,0.002720288
2011-01-09,25.38614,0.1826174,4.791441,4.931813,0,0.002538935
2011-01-10,25.33815,0.1822721,4.791441,4.931813,0,0.002369673
2011-01-11,25.29015,0.1819269,4.791441,4.931813,0,0.002211695
2011-01-12,25.24216,0.1815816,4.791441,4.931813,0,0.002064249
2011-01-13,25.19417,0.1812364,4.791441,4.931813,0,0.001926632
2011-01-14,25.14617,0.1808911,4.791441,4.931813,0,0.00179819
2011-01-15,25.09818,0.1805459,4.791441,4.931813,0,0.001678311
2011-01-16,25.05018,0.1802006,4.791441,4.931813,0,0.001566423
2011-01-17,25.00219,0.1798554,4.791441,4.931813,0,0.001461995
2011-01-18,24.95419,0.1795101,4.791441,4.931813,0,0.001364529
2011-01-19,24.9062,0.1791649,4.791441,4.931813,0,0.00127356
2011-01-20,24.85821,0.1788196,4.791441,4.931813,0,0.001188656
2011-01-21,26.06106,0.1874725,4.791441,4.931813,0,0.001109412
2011-01-22,27.26391,0.1961253,4.791441,4.931813,0,0.001035452
2011-01-23,28.46677,0.2047781,4.791441,4.931813,0,0.0009664214
2011-01-24,29.66962,0.213431,4.791441,4.931813,0,0.0009019933
2011-01-25,30.87248,0.2220838,4.791441,4.931813,0,0.0008418604
2011-01-26,32.07533,0.2307366,4.791441,4.931813,0,0.0007857364
2011-01-27,33.27819,0.2393895,4.791441,4.931813,0,0.000733354
2011-01-28,34.48104,0.2480423,4.791441,4.931813,0,0.0006844637
2011-01-29,35.68389,0.2566952,4.791441,4.931813,0,0.0006388328
2011-01-30,36.88675,0.265348,4.791441,4.931813,0,0.0005962439
2011-01-31,38.0896,0.2740008,4.791441,4.931813,0,0.0005564943
2011-02-01,39.29246,0.2826537,4.791441,4.931813,0,0.0005193947
2011-02-02,40.49531,0.2913065,4.791441,4.931813,0,0.0004847684
2011-02-03,41.69816,0.2999593,4.791441,4.931813,0,0.0004524505
2011-02-04,42.09584,0.30282,4.791441,4.931813,0,0.0004222871
2011-02-05,42.49351,0.3056807,4.791441,4.931813,0,0.0003941347
2011-02-06,42.89118,0.3085414,4.791441,4.931813,0,0.000367859
2011-02-07,43.28885,0.311402,4.791441,4.931813,0,0.0003433351
2011-02-08,43.68652,0.3142627,4.791441,4.931813,0,0.0003204461
2011-02-09,44.08419,0.3171234,4.791441,4.931813,0,0.000299083
2011-02-10,44.48186,0.3199841,4.791441,4.931813,0,0.0002791441
2011-02-11,44.87953,0.3228447,4.791441,4.931813,0,0.0002605345
2011-02-12,45.2772,0.3257054,4.791441,4.931813,0,0.0002431656
2011-02-13,45.67487,0.3285661,4.791441,4.931813,0,0.0002269545
2011-02-14,46.07254,0.3314268,4.791441,4.931813,0,0.0002118242
2011-02-15,46.47021,0.3342875,4.791441,4.931813,0,0.0001977026
2011-02-16,46.86788,0.3371481,4.791441,4.931813,0,0.0001845224
2011-02-17,47.26555,0.3400088,4.791441,4.931813,0,0.0001722209
2011-02-18,50.05097,0.360046,4.791441,4.931813,0,0.0001607395
2011-02-19,52.83639,0.3800831,4.791441,4.931813,0,0.0001500236
2011-02-20,55.62181,0.4001202,4.791441,4.931813,0,0.000140022
2011-02-21,58.40723,0.4201574,4.791441,4.931813,0.02626,0.001881354
2011-02-22,61.19265,0.4401945,4.791441,4.931813,0.2145,0.01605593
2011-02-23,63.97806,0.4602317,4.791441,4.931813,0.39721,0.0414662
2011-02-24,66.76348,0.4802688,4.791441,4.931813,0.57486,0.07702579
2011-02-25,69.5489,0.500306,4.791441,4.931813,0.74787,0.1217487
2011-02-26,72.33432,0.5203431,4.791441,4.931813,0.91662,0.1747402
2011-02-27,75.11974,0.5403803,4.791441,4.931813,1.08142,0.2351855
2011-02-28,77.90516,0.5604174,4.791441,4.931813,1.24257,0.3023444
2011-03-01,80.69058,0.5804546,4.791441,4.931813,1.40034,0.3755441
2011-03-02,83.47599,0.6004917,4.791441,4.931813,1.55495,0.4541712
2011-03-03,86.26141,0.6205289,4.791441,4.931813,1.70663,0.5376685
2011-03-04,87.39731,0.6287001,4.791441,4.931813,1.76769,0.6196699
2011-03-05,88.53322,0.6368713,4.791441,4.931813,1.82831,0.7002459
2011-03-06,89.66912,0.6450425,4.791441,4.931813,1.88849,0.7794622
2011-03-07,90.80502,0.6532137,4.791441,4.931813,1.94825,0.8573814
2011-03-08,91.94092,0.6613849,4.791441,4.931813,2.00761,0.9340633
2011-03-09,93.07682,0.6695561,4.791441,4.931813,2.06656,1.009563
2011-03-10,94.21272,0.6777273,4.791441,4.931813,2.12513,1.083934
2011-03-11,95.34862,0.6858985,4.791441,4.931813,2.18332,1.157227
2011-03-12,96.48452,0.6940697,4.791441,4.931813,2.24114,1.229487
2011-03-13,97.62043,0.7022409,4.791441,4.931813,2.29859,1.300761
2011-03-14,98.75633,0.7104121,4.791441,4.931813,2.3557,1.37109
2011-03-15,99.89223,0.7185833,4.791441,4.931813,2.41247,1.440516
2011-03-16,101.0281,0.7267545,4.791441,4.931813,2.4689,1.509075
2011-03-17,102.164,0.7349257,4.791441,4.931813,2.525,1.576803
2011-03-18,104.0735,0.7486614,4.791441,4.931813,2.6186,1.646256
2011-03-19,105.9829,0.762397,4.791441,4.931813,2.71133,1.717261
2011-03-20,107.8923,0.7761326,4.791441,4.931813,2.80323,1.789659
2011-03-21,109.8017,0.7898683,4.791441,4.931813,2.89433,1.863304
2011-03-22,111.7112,0.8036039,4.791441,4.931813,2.98466,1.938061
2011-03-23,113.6206,0.8173395,4.791441,4.931813,3.07425,2.013807
2011-03-24,115.53,0.8310752,4.791441,4.931813,3.16313,2.090428
2011-03-25,117.4395,0.8448108,4.791441,4.931813,3.25131,2.16782
2011-03-26,119.3489,0.8585464,4.791441,4.931813,3.33884,2.245888
2011-03-27,121.2583,0.8722821,4.791441,4.931813,3.42572,2.324544
2011-03-28,123.1677,0.8860177,4.791441,4.931813,3.51199,2.403707
2011-03-29,125.0772,0.8997534,4.791441,4.931813,3.59766,2.483304
2011-03-30,126.9866,0.913489,4.791441,4.931813,3.68275,2.563267
2011-03-31,128.896,0.9272246,4.791441,4.931813,3.76729,2.643535
2011-04-01,130.808,0.9409783,4.791441,4.931813,3.8514,2.724059
2011-04-02,132.7199,0.9547321,4.791441,4.931813,3.93499,2.804788
2011-04-03,134.6319,0.9684858,4.791441,4.931813,4.01808,2.885674
2011-04-04,136.5438,0.9822395,4.791441,4.931813,4.10068,2.966675
2011-04-05,138.4557,0.9959932,4.791441,4.931813,4.1828,3.04775
2011-04-06,140.3677,1.009747,4.791441,4.931813,4.26448,3.128865
2011-04-07,142.2796,1.023501,4.791441,4.931813,4.34571,3.209988
2011-04-08,144.1916,1.037254,4.791441,4.931813,4.42651,3.291089
2011-04-09,146.1035,1.051008,4.791441,4.931813,4.5069,3.372143
2011-04-10,148.0154,1.064762,4.791441,4.931813,4.58688,3.453126
2011-04-11,149.9274,1.078515,4.791441,4.931813,4.66648,3.534016
2011-04-12,151.8393,1.092269,4.791441,4.931813,4.7457,3.614795
2011-04-13,153.7513,1.106023,4.791441,4.931813,4.82455,3.695445
2011-04-14,155.6632,1.119777,4.791441,4.931813,4.90306,3.775953
2011-04-15,158.9176,1.143188,4.791441,4.931813,4.93181,3.85301
2011-04-16,162.172,1.166598,4.791441,4.931813,4.93181,3.92493
2011-04-17,165.4265,1.190009,4.791441,4.931813,4.93181,3.992056
2011-04-18,168.6809,1.21342,4.791441,4.931813,4.93181,4.054706
2011-04-19,171.9353,1.236831,4.791441,4.931813,4.93181,4.113179
2011-04-20,175.1897,1.260242,4.791441,4.931813,4.93181,4.167755
2011-04-21,178.4442,1.283653,4.791441,4.931813,4.93181,4.218692
2011-04-22,181.6986,1.307064,4.791441,4.931813,4.93181,4.266233
2011-04-23,184.953,1.330475,4.791441,4.931813,4.93181,4.310605
2011-04-24,188.2074,1.353886,4.791441,4.931813,4.93181,4.352018
2011-04-25,191.4618,1.377297,4.791441,4.931813,4.93181,4.390671
2011-04-26,194.7163,1.400708,4.791441,4.931813,4.93181,4.426747
2011-04-27,197.9707,1.424119,4.791441,4.931813,4.93181,4.460418
2011-04-28,201.2251,1.44753,4.791441,4.931813,4.93181,4.491844
2011-04-29,201.1867,1.447254,4.791441,4.931813,4.93181,4.521175
2011-04-30,201.1483,1.446977,4.791441,4.931813,4.93181,4.548551
2011-05-01,201.1098,1.446701,4.791441,4.931813,4.93181,4.574101
2011-05-02,201.0714,1.446425,4.791441,4.931813,4.93181,4.597949
2011-05-03,201.033,1.446148,4.791441,4.931813,4.93181,4.620206
2011-05-04,200.9946,1.445872,4.791441,4.931813,4.93181,4.64098
2011-05-05,200.9562,1.445595,4.791441,4.931813,4.93181,4.660368
2011-05-06,200.9178,1.445319,4.791441,4.931813,4.93181,4.678465
2011-05-07,200.8793,1.445043,4.791441,4.931813,4.93181,4.695354
2011-05-08,200.8409,1.444766,4.791441,4.931813,4.93181,4.711118
2011-05-09,200.8025,1.44449,4.791441,4.931813,4.93181,4.725831
2011-05-10,200.7641,1.444214,4.791441,4.931813,4.93181,4.739563
2011-05-11,200.7257,1.443937,4.791441,4.931813,4.93181,4.752379
2011-05-12,200.6872,1.443661,4.791441,4.931813,4.93181,4.764341
2011-05-13,201.626,1.450414,4.791441,4.931813,4.93181,4.775506
2011-05-14,202.5647,1.457167,4.791441,4.931813,4.93181,4.785926
2011-05-15,203.5035,1.46392,4.791441,4.931813,4.93181,4.795652
2011-05-16,204.4422,1.470673,4.791441,4.931813,4.93181,4.804729
2011-05-17,205.381,1.477426,4.791441,4.931813,4.93181,4.813201
2011-05-18,206.3197,1.484179,4.791441,4.931813,4.93181,4.821108
2011-05-19,207.2585,1.490932,4.791441,4.931813,4.93181,4.828488
2011-05-20,208.1972,1.497685,4.791441,4.931813,4.93181,4.835376
2011-05-21,209.136,1.504438,4.791441,4.931813,4.93181,4.841805
2011-05-22,210.0747,1.511191,4.791441,4.931813,4.93181,4.847806
2011-05-23,211.0135,1.517944,4.791441,4.931813,4.93181,4.853406
2011-05-24,211.9522,1.524697,4.791441,4.931813,4.93181,4.858633
2011-05-25,212.891,1.53145,4.791441,4.931813,4.93181,4.863511
2011-05-26,213.8297,1.538203,4.791441,4.931813,4.93181,4.868065
2011-05-27,211.5624,1.521892,4.791441,4.931813,4.93181,4.872314
2011-05-28,209.2951,1.505582,4.791441,4.931813,4.93181,4.876281
2011-05-29,207.0277,1.489272,4.791441,4.931813,4.93181,4.879983
2011-05-30,204.7604,1.472961,4.791441,4.931813,4.93181,4.883438
2011-05-31,202.4931,1.456651,4.791441,4.931813,4.93181,4.886663
2011-06-01,200.2257,1.440341,4.791441,4.931813,4.93181,4.889672
2011-06-02,197.9584,1.424031,4.791441,4.931813,4.93181,4.892482
2011-06-03,195.6911,1.40772,4.791441,4.931813,4.93181,4.895104
2011-06-04,193.4237,1.39141,4.791441,4.931813,4.93181,4.897551
2011-06-05,191.1564,1.3751,4.791441,4.931813,4.93181,4.899835
2011-06-06,188.8891,1.35879,4.791441,4.931813,4.93181,4.901966
2011-06-07,186.6217,1.342479,4.791441,4.931813,4.93181,4.903956
2011-06-08,184.3544,1.326169,4.791441,4.931813,4.93181,4.905813
2011-06-09,182.0871,1.309859,4.791441,4.931813,4.93181,4.907546
2011-06-10,181.2776,1.304036,4.791441,4.931813,4.93181,4.909164
2011-06-11,180.4681,1.298213,4.791441,4.931813,4.93181,4.910673
2011-06-12,179.6587,1.29239,4.791441,4.931813,4.93181,4.912082
2011-06-13,178.8492,1.286567,4.791441,4.931813,4.93181,4.913398
2011-06-14,178.0398,1.280744,4.791441,4.931813,4.93181,4.914625
2011-06-15,177.2303,1.274921,4.791441,4.931813,4.93181,4.915771
2011-06-16,176.4208,1.269098,4.791441,4.931813,4.93181,4.91684
2011-06-17,175.6114,1.263275,4.791441,4.931813,4.93181,4.917838
2011-06-18,174.8019,1.257452,4.791441,4.931813,4.93181,4.918769
2011-06-19,173.9924,1.25163,4.791441,4.931813,4.93181,4.919639
2011-06-20,173.183,1.245807,4.791441,4.931813,4.93181,4.92045
2011-06-21,172.3735,1.239984,4.791441,4.931813,4.93181,4.921208
2011-06-22,171.5641,1.234161,4.791441,4.931813,4.93181,4.921914
2011-06-23,170.7546,1.228338,4.791441,4.931813,4.93181,4.922574
2011-06-24,173.1779,1.24577,4.791441,4.931813,4.93181,4.92319
2011-06-25,175.6012,1.263202,4.791441,4.931813,4.93181,4.923765
2011-06-26,178.0245,1.280634,4.791441,4.931813,4.93181,4.924301
2011-06-27,180.4478,1.298067,4.791441,4.931813,4.93181,4.924801
2011-06-28,182.8711,1.315499,4.791441,4.931813,4.93181,4.925269
2011-06-29,185.2944,1.332931,4.791441,4.931813,4.93181,4.925705
2011-06-30,187.7177,1.350363,4.791441,4.931813,4.93181,4.926112
2011-07-01,190.141,1.367795,4.791441,4.931813,4.93181,4.926492
2011-07-02,192.5643,1.385228,4.791441,4.931813,4.93181,4.926846
2011-07-03,194.9876,1.40266,4.791441,4.931813,4.93181,4.927177
2011-07-04,197.4109,1.420092,4.791441,4.931813,4.93181,4.927486
2011-07-05,199.8342,1.437524,4.791441,4.931813,4.93181,4.927774
2011-07-06,202.2575,1.454956,4.791441,4.931813,4.93181,4.928043
2011-07-07,204.6808,1.472389,4.791441,4.931813,4.93181,4.928294
2011-07-08,200.5399,1.442601,4.791441,4.931813,4.93181,4.928529
2011-07-09,196.3991,1.412814,4.791441,4.931813,4.93181,4.928748
2011-07-10,192.2582,1.383026,4.791441,4.931813,4.93181,4.928952
2011-07-11,188.1174,1.353239,4.791441,4.931813,4.93181,4.929142
2011-07-12,183.9765,1.323451,4.791441,4.931813,4.93181,4.92932
2011-07-13,179.8357,1.293664,4.791441,4.931813,4.93181,4.929486
2011-07-14,175.6949,1.263876,4.791441,4.931813,4.93181,4.929641
2011-07-15,171.554,1.234088,4.791441,4.931813,4.93181,4.929786
2011-07-16,167.4132,1.204301,4.791441,4.931813,4.93181,4.929921
2011-07-17,163.2723,1.174513,4.791441,4.931813,4.93181,4.930047
2011-07-18,159.1315,1.144726,4.791441,4.931813,4.93181,4.930164
2011-07-19,154.9906,1.114938,4.791441,4.931813,4.87548,4.926519
2011-07-20,150.8498,1.085151,4.791441,4.931813,4.70475,4.911734
2011-07-21,146.7089,1.055363,4.791441,4.931813,4.53227,4.886436
2011-07-22,146.8108,1.056096,4.791441,4.931813,4.53653,4.863109
2011-07-23,146.9127,1.056829,4.791441,4.931813,4.5408,4.841622
2011-07-24,147.0145,1.057562,4.791441,4.931813,4.54506,4.821851
2011-07-25,147.1164,1.058294,4.791441,4.931813,4.54932,4.803682
2011-07-26,147.2182,1.059027,4.791441,4.931813,4.55358,4.787009
2011-07-27,147.3201,1.05976,4.791441,4.931813,4.55784,4.771731
2011-07-28,147.422,1.060493,4.791441,4.931813,4.5621,4.757756
2011-07-29,147.5238,1.061225,4.791441,4.931813,4.56635,4.744995
2011-07-30,147.6257,1.061958,4.791441,4.931813,4.57061,4.73337
2011-07-31,147.7275,1.062691,4.791441,4.931813,4.57486,4.722802
2011-08-01,147.8294,1.063424,4.791441,4.931813,4.57912,4.713223
2011-08-02,147.9313,1.064156,4.791441,4.931813,4.58337,4.704567
2011-08-03,148.0331,1.064889,4.791441,4.931813,4.58762,4.69677
2011-08-04,148.135,1.065622,4.791441,4.931813,4.59187,4.689777
2011-08-05,150.1244,1.079933,4.791441,4.931813,4.67466,4.688769
2011-08-06,152.1138,1.094243,4.791441,4.931813,4.75704,4.69332
2011-08-07,154.1031,1.108554,4.791441,4.931813,4.83903,4.703034
2011-08-08,156.0925,1.122865,4.791441,4.931813,4.92063,4.717541
2011-08-09,158.0819,1.137176,4.791441,4.931813,4.93181,4.731825
2011-08-10,160.0713,1.151486,4.791441,4.931813,4.93181,4.745158
2011-08-11,162.0607,1.165797,4.791441,4.931813,4.93181,4.757601
2011-08-12,164.05,1.180108,4.791441,4.931813,4.93181,4.769215
2011-08-13,166.0394,1.194419,4.791441,4.931813,4.93181,4.780055
2011-08-14,168.0288,1.20873,4.791441,4.931813,4.93181,4.790172
2011-08-15,170.0182,1.22304,4.791441,4.931813,4.93181,4.799614
2011-08-16,172.0076,1.237351,4.791441,4.931813,4.93181,4.808427
2011-08-17,173.9969,1.251662,4.791441,4.931813,4.93181,4.816653
2011-08-18,175.9863,1.265973,4.791441,4.931813,4.93181,4.82433
2011-08-19,173.5297,1.248301,4.791441,4.931813,4.93181,4.831495
2011-08-20,171.0731,1.230629,4.791441,4.931813,4.93181,4.838183
2011-08-21,168.6165,1.212957,4.791441,4.931813,4.93181,4.844425
2011-08-22,166.1598,1.195285,4.791441,4.931813,4.93181,4.85025
2011-08-23,163.7032,1.177613,4.791441,4.931813,4.93181,4.855688
2011-08-24,161.2466,1.159941,4.791441,4.931813,4.93181,4.860763
2011-08-25,158.79,1.142269,4.791441,4.931813,4.93181,4.865499
2011-08-26,156.3333,1.124597,4.791441,4.931813,4.93049,4.869832
2011-08-27,153.8767,1.106925,4.791441,4.931813,4.82972,4.867158
2011-08-28,151.4201,1.089253,4.791441,4.931813,4.72836,4.857905
2011-08-29,148.9635,1.071581,4.791441,4.931813,4.6264,4.842471
2011-08-30,146.5068,1.053909,4.791441,4.931813,4.5238,4.821226
2011-08-31,144.0502,1.036237,4.791441,4.931813,4.42055,4.794514
2011-09-01,141.5936,1.018566,4.791441,4.931813,4.31661,4.762654
2011-09-02,140.398,1.009965,4.791441,4.931813,4.26577,4.729529
2011-09-03,139.2024,1.001364,4.791441,4.931813,4.21475,4.69521
2011-09-04,138.0068,0.9927634,4.791441,4.931813,4.16356,4.659767
2011-09-05,136.8111,0.9841627,4.791441,4.931813,4.11219,4.623261
2011-09-06,135.6155,0.975562,4.791441,4.931813,4.06063,4.585753
2011-09-07,134.4199,0.9669613,4.791441,4.931813,4.00889,4.547295
2011-09-08,133.2243,0.9583606,4.791441,4.931813,3.95696,4.50794
2011-09-09,132.0287,0.9497599,4.791441,4.931813,3.90483,4.467732
2011-09-10,130.8331,0.9411592,4.791441,4.931813,3.8525,4.426717
2011-09-11,129.6375,0.9325585,4.791441,4.931813,3.79997,4.384934
2011-09-12,128.4419,0.9239578,4.791441,4.931813,3.74723,4.34242
2011-09-13,127.2463,0.9153571,4.791441,4.931813,3.69428,4.299211
2011-09-14,126.0507,0.9067564,4.791441,4.931813,3.64111,4.255337
2011-09-15,124.8551,0.8981557,4.791441,4.931813,3.58772,4.21083
2011-09-16,122.8279,0.883573,4.791441,4.931813,3.49668,4.16322
2011-09-17,120.8007,0.8689904,4.791441,4.931813,3.40496,4.112669
2011-09-18,118.7735,0.8544077,4.791441,4.931813,3.31253,4.059326
2011-09-19,116.7464,0.839825,4.791441,4.931813,3.21938,4.00333
2011-09-20,114.7192,0.8252423,4.791441,4.931813,3.12547,3.944806
2011-09-21,112.692,0.8106596,4.791441,4.931813,3.03077,3.88387
2011-09-22,110.6648,0.7960769,4.791441,4.931813,2.93525,3.820629
2011-09-23,108.6376,0.7814942,4.791441,4.931813,2.83888,3.755179
2011-09-24,106.6105,0.7669115,4.791441,4.931813,2.74163,3.687609
2011-09-25,104.5833,0.7523288,4.791441,4.931813,2.64344,3.617998
2011-09-26,102.5561,0.7377462,4.791441,4.931813,2.54429,3.546417
2011-09-27,100.5289,0.7231635,4.791441,4.931813,2.44414,3.472932
2011-09-28,98.50175,0.7085808,4.791441,4.931813,2.34293,3.397599
2011-09-29,96.47457,0.6939981,4.791441,4.931813,2.24063,3.320467
2011-09-30,94.86725,0.6824357,4.791441,4.931813,2.1587,3.243016
2011-10-01,93.25994,0.6708733,4.791441,4.931813,2.07603,3.165217
2011-10-02,91.65262,0.659311,4.791441,4.931813,1.99258,3.087041
2011-10-03,90.0453,0.6477486,4.791441,4.931813,1.90833,3.008461
2011-10-04,88.43798,0.6361862,4.791441,4.931813,1.82324,2.929446
2011-10-05,86.83067,0.6246239,4.791441,4.931813,1.73729,2.849969
2011-10-06,85.22335,0.6130615,4.791441,4.931813,1.65044,2.77
2011-10-07,83.61603,0.6014991,4.791441,4.931813,1.56265,2.68951
2011-10-08,82.00872,0.5899367,4.791441,4.931813,1.47388,2.608468
2011-10-09,80.4014,0.5783744,4.791441,4.931813,1.38411,2.526844
2011-10-10,78.79408,0.566812,4.791441,4.931813,1.29327,2.444606
2011-10-11,77.18676,0.5552496,4.791441,4.931813,1.20134,2.361722
2011-10-12,75.57945,0.5436872,4.791441,4.931813,1.10826,2.278158
2011-10-13,73.97213,0.5321249,4.791441,4.931813,1.01398,2.193879
2011-10-14,73.5909,0.5293824,4.791441,4.931813,0.99143,2.113716
2011-10-15,73.20967,0.52664,4.791441,4.931813,0.96882,2.037389
2011-10-16,72.82844,0.5238976,4.791441,4.931813,0.94613,1.964639
2011-10-17,72.44721,0.5211552,4.791441,4.931813,0.92337,1.895221
2011-10-18,72.06598,0.5184128,4.791441,4.931813,0.90054,1.828909
2011-10-19,71.68475,0.5156704,4.791441,4.931813,0.87763,1.76549
2011-10-20,71.30352,0.512928,4.791441,4.931813,0.85464,1.704767
2011-10-21,70.92229,0.5101856,4.791441,4.931813,0.83159,1.646555
2011-10-22,70.54106,0.5074432,4.791441,4.931813,0.80845,1.590681
2011-10-23,70.15983,0.5047007,4.791441,4.931813,0.78524,1.536985
2011-10-24,69.7786,0.5019583,4.791441,4.931813,0.76194,1.485316
2011-10-25,69.39737,0.4992159,4.791441,4.931813,0.73857,1.435533
2011-10-26,69.01614,0.4964735,4.791441,4.931813,0.71512,1.387505
2011-10-27,68.63491,0.4937311,4.791441,4.931813,0.69159,1.341111
2011-10-28,66.25214,0.4765904,4.791441,4.931813,0.5426,1.287877
2011-10-29,63.86937,0.4594498,4.791441,4.931813,0.39017,1.22803
2011-10-30,61.4866,0.4423091,4.791441,4.931813,0.23403,1.161763
2011-10-31,59.10383,0.4251685,4.791441,4.931813,0.07388,1.089237
2011-11-01,56.72106,0.4080278,4.791441,4.931813,0,1.016622
2011-11-02,54.33829,0.3908871,4.791441,4.931813,0,0.9488468
2011-11-03,51.95552,0.3737465,4.791441,4.931813,0,0.8855903
2011-11-04,49.57275,0.3566058,4.791441,4.931813,0,0.826551
2011-11-05,47.18998,0.3394652,4.791441,4.931813,0,0.7714476
2011-11-06,44.80721,0.3223245,4.791441,4.931813,0,0.7200177
2011-11-07,42.42444,0.3051838,4.791441,4.931813,0,0.6720166
2011-11-08,40.04167,0.2880432,4.791441,4.931813,0,0.6272155
2011-11-09,37.6589,0.2709025,4.791441,4.931813,0,0.5854011
2011-11-10,35.27613,0.2537619,4.791441,4.931813,0,0.5463744
2011-11-11,34.83417,0.2505826,4.791441,4.931813,0,0.5099494
2011-11-12,34.39221,0.2474033,4.791441,4.931813,0,0.4759528
2011-11-13,33.95025,0.2442241,4.791441,4.931813,0,0.4442226
2011-11-14,33.50829,0.2410448,4.791441,4.931813,0,0.4146077
2011-11-15,33.06634,0.2378655,4.791441,4.931813,0,0.3869672
2011-11-16,32.62438,0.2346863,4.791441,4.931813,0,0.3611694
2011-11-17,32.18242,0.231507,4.791441,4.931813,0,0.3370915
2011-11-18,31.74046,0.2283277,4.791441,4.931813,0,0.3146187
2011-11-19,31.2985,0.2251485,4.791441,4.931813,0,0.2936441
2011-11-20,30.85654,0.2219692,4.791441,4.931813,0,0.2740678
2011-11-21,30.41459,0.2187899,4.791441,4.931813,0,0.2557966
2011-11-22,29.97263,0.2156107,4.791441,4.931813,0,0.2387435
2011-11-23,29.53067,0.2124314,4.791441,4.931813,0,0.2228273
2011-11-24,29.08871,0.2092521,4.791441,4.931813,0,0.2079721
2011-11-25,28.14812,0.2024859,4.791441,4.931813,0,0.1941073
2011-11-26,27.20754,0.1957198,4.791441,4.931813,0,0.1811669
2011-11-27,26.26695,0.1889536,4.791441,4.931813,0,0.1690891
2011-11-28,25.32637,0.1821874,4.791441,4.931813,0,0.1578165
2011-11-29,24.38578,0.1754212,4.791441,4.931813,0,0.1472954
2011-11-30,23.4452,0.168655,4.791441,4.931813,0,0.1374757
2011-12-01,22.50461,0.1618888,4.791441,4.931813,0,0.1283106
2011-12-02,21.56402,0.1551227,4.791441,4.931813,0,0.1197566
2011-12-03,20.62344,0.1483565,4.791441,4.931813,0,0.1117728
2011-12-04,19.68285,0.1415903,4.791441,4.931813,0,0.1043213
2011-12-05,18.74227,0.1348241,4.791441,4.931813,0,0.09736654
2011-12-06,17.80168,0.1280579,4.791441,4.931813,0,0.09087543
2011-12-07,16.8611,0.1212917,4.791441,4.931813,0,0.08481707
2011-12-08,15.92051,0.1145256,4.791441,4.931813,0,0.0791626
2011-12-09,16.00452,0.1151299,4.791441,4.931813,0,0.07388509
2011-12-10,16.08852,0.1157342,4.791441,4.931813,0,0.06895942
2011-12-11,16.17253,0.1163385,4.791441,4.931813,0,0.06436213
2011-12-12,16.25653,0.1169428,4.791441,4.931813,0,0.06007132
2011-12-13,16.34054,0.1175471,4.791441,4.931813,0,0.05606656
2011-12-14,16.42454,0.1181514,4.791441,4.931813,0,0.05232879
2011-12-15,16.50855,0.1187557,4.791441,4.931813,0,0.04884021
2011-12-16,16.59255,0.11936,4.791441,4.931813,0,0.04558419
2011-12-17,16.67656,0.1199643,4.791441,4.931813,0,0.04254525
2011-12-18,16.76056,0.1205686,4.791441,4.931813,0,0.0397089
2011-12-19,16.84457,0.1211729,4.791441,4.931813,0,0.03706164
2011-12-20,16.92858,0.1217772,4.791441,4.931813,0,0.03459086
2011-12-21,17.01258,0.1223815,4.791441,4.931813,0,0.0322848
2011-12-22,17.09659,0.1229858,4.791441,4.931813,0,0.03013248
2011-12-23,16.94911,0.1219249,4.791441,4.931813,0,0.02812365
2011-12-24,16.80163,0.120864,4.791441,4.931813,0,0.02624874
2011-12-25,16.65416,0.1198031,4.791441,4.931813,0,0.02449883
2011-12-26,16.50668,0.1187422,4.791441,4.931813,0,0.02286557
2011-12-27,16.3592,0.1176813,4.791441,4.931813,0,0.0213412
2011-12-28,16.21173,0.1166205,4.791441,4.931813,0,0.01991845
2011-12-29,16.06425,0.1155596,4.791441,4.931813,0,0.01859056
2011-12-30,15.91678,0.1144987,4.791441,4.931813,0,0.01735118
2011-12-31,15.7693,0.1134378,4.791441,4.931813,0,0.01619444
2012-01-01,15.62182,0.1123769,4.834703,4.834459,0,0.01511481
2012-01-02,15.47435,0.111316,4.834703,4.834459,0,0.01410716
2012-01-03,15.32687,0.1102552,4.834703,4.834459,0,0.01316668
2012-01-04,15.17939,0.1091943,4.834703,4.834459,0,0.0122889
2012-01-05,15.03192,0.1081334,4.834703,4.834459,0,0.01146964
2012-01-06,15.77283,0.1134632,4.834703,4.834459,0,0.010705
2012-01-07,16.51374,0.118793,4.834703,4.834459,0,0.009991331
2012-01-08,17.25465,0.1241228,4.834703,4.834459,0,0.009325242
2012-01-09,17.99555,0.1294526,4.834703,4.834459,0,0.00870356
2012-01-10,18.73646,0.1347824,4.834703,4.834459,0,0.008123322
2012-01-11,19.47737,0.1401122,4.834703,4.834459,0,0.007581767
2012-01-12,20.21828,0.1454419,4.834703,4.834459,0,0.007076316
2012-01-13,20.95919,0.1507717,4.834703,4.834459,0,0.006604562
2012-01-14,21.7001,0.1561015,4.834703,4.834459,0,0.006164258
2012-01-15,22.44101,0.1614313,4.834703,4.834459,0,0.005753307
2012-01-16,23.18192,0.1667611,4.834703,4.834459,0,0.005369753
2012-01-17,23.92283,0.1720909,4.834703,4.834459,0,0.00501177
2012-01-18,24.66374,0.1774207,4.834703,4.834459,0,0.004677652
2012-01-19,25.40465,0.1827505,4.834703,4.834459,0,0.004365808
2012-01-20,24.01206,0.1727328,4.834703,4.834459,0,0.004074755
2012-01-21,22.61947,0.1627151,4.834703,4.834459,0,0.003803104
2012-01-22,21.22688,0.1526974,4.834703,4.834459,0,0.003549564
2012-01-23,19.83429,0.1426796,4.834703,4.834459,0,0.003312926
2012-01-24,18.4417,0.1326619,4.834703,4.834459,0,0.003092065
2012-01-25,17.04911,0.1226442,4.834703,4.834459,0,0.002885927
2012-01-26,15.65652,0.1126265,4.834703,4.834459,0,0.002693532
2012-01-27,14.26393,0.1026088,4.834703,4.834459,0,0.002513963
2012-01-28,12.87134,0.09259106,4.834703,4.834459,0,0.002346365
2012-01-29,11.47875,0.08257334,4.834703,4.834459,0,0.002189941
2012-01-30,10.08616,0.07255563,4.834703,4.834459,0,0.002043945
2012-01-31,8.693566,0.06253791,4.834703,4.834459,0,0.001907682
2012-02-01,7.300976,0.0525202,4.834703,4.834459,0,0.001780503
2012-02-02,5.908386,0.04250248,4.834703,4.834459,0,0.001661803
2012-02-03,8.546459,0.06147968,4.834703,4.834459,0,0.001551016
2012-02-04,11.18453,0.08045688,4.834703,4.834459,0,0.001447615
2012-02-05,13.8226,0.09943408,4.834703,4.834459,0,0.001351107
2012-02-06,16.46068,0.1184113,4.834703,4.834459,0,0.001261034
2012-02-07,19.09875,0.1373885,4.834703,4.834459,0,0.001176965
2012-02-08,21.73682,0.1563657,4.834703,4.834459,0,0.0010985
2012-02-09,24.37489,0.1753429,4.834703,4.834459,0,0.001025267
2012-02-10,27.01297,0.1943201,4.834703,4.834459,0,0.0009569159
2012-02-11,29.65104,0.2132973,4.834703,4.834459,0,0.0008931215
2012-02-12,32.28911,0.2322745,4.834703,4.834459,0,0.00083358
2012-02-13,34.92718,0.2512517,4.834703,4.834459,0,0.000778008
2012-02-14,37.56526,0.2702289,4.834703,4.834459,0,0.0007261408
2012-02-15,40.20333,0.2892061,4.834703,4.834459,0,0.0006777315
2012-02-16,42.8414,0.3081833,4.834703,4.834459,0,0.0006325494
2012-02-17,43.85155,0.3154499,4.834703,4.834459,0,0.0005903794
2012-02-18,44.86169,0.3227164,4.834703,4.834459,0,0.0005510208
2012-02-19,45.87184,0.329983,4.834703,4.834459,0,0.0005142861
2012-02-20,46.88198,0.3372496,4.834703,4.834459,0,0.0004800003
2012-02-21,47.89213,0.3445161,4.834703,4.834459,0,0.0004480003
2012-02-22,48.90227,0.3517827,4.834703,4.834459,0,0.0004181336
2012-02-23,49.91242,0.3590493,4.834703,4.834459,0,0.000390258
2012-02-24,50.92257,0.3663158,4.834703,4.834459,0,0.0003642408
2012-02-25,51.93271,0.3735824,4.834703,4.834459,0,0.0003399581
2012-02-26,52.94286,0.380849,4.834703,4.834459,0,0.0003172942
2012-02-27,53.953,0.3881156,4.834703,4.834459,0,0.0002961413
2012-02-28,54.96315,0.3953821,4.834703,4.834459,0,0.0002763985
2012-02-29,55.97329,0.4026487,4.834703,4.834459,0,0.000257972
2012-03-01,56.98344,0.4099153,4.834703,4.834459,0,0.0002407738
2012-03-02,63.2903,0.4552842,4.834703,4.834459,0.38968,0.02620339
2012-03-03,69.59716,0.5006532,4.834703,4.834459,0.78924,0.0770725
2012-03-04,75.90403,0.5460221,4.834703,4.834459,1.16688,0.1497263
2012-03-05,82.21089,0.5913911,4.834703,4.834459,1.52616,0.2414886
2012-03-06,88.51775,0.63676,4.834703,4.834459,1.86988,0.350048
2012-03-07,94.82461,0.682129,4.834703,4.834459,2.20026,0.4733955
2012-03-08,101.1315,0.727498,4.834703,4.834459,2.51912,0.6097771
2012-03-09,107.4383,0.7728669,4.834703,4.834459,2.82793,0.757654
2012-03-10,113.7452,0.8182359,4.834703,4.834459,3.12794,0.915673
2012-03-11,120.0521,0.8636048,4.834703,4.834459,3.42018,1.08264
2012-03-12,126.3589,0.9089738,4.834703,4.834459,3.70553,1.257499
2012-03-13,132.6658,0.9543427,4.834703,4.834459,3.98475,1.439316
2012-03-14,138.9727,0.9997117,4.834703,4.834459,4.2585,1.627262
2012-03-15,145.2795,1.045081,4.834703,4.834459,4.52734,1.8206
2012-03-16,140.6795,1.01199,4.834703,4.834459,4.33172,1.988008
2012-03-17,136.0794,0.978899,4.834703,4.834459,4.13356,2.131045
2012-03-18,131.4794,0.9458081,4.834703,4.834459,3.93266,2.251153
2012-03-19,126.8793,0.9127173,4.834703,4.834459,3.72879,2.349662
2012-03-20,122.2793,0.8796264,4.834703,4.834459,3.52169,2.427797
2012-03-21,117.6792,0.8465356,4.834703,4.834459,3.31108,2.486683
2012-03-22,113.0792,0.8134447,4.834703,4.834459,3.09664,2.527346
2012-03-23,108.4791,0.7803539,4.834703,4.834459,2.87802,2.550725
2012-03-24,103.8791,0.7472631,4.834703,4.834459,2.65481,2.557664
2012-03-25,99.27903,0.7141722,4.834703,4.834459,2.42657,2.548924
2012-03-26,94.67898,0.6810814,4.834703,4.834459,2.19277,2.525181
2012-03-27,90.07893,0.6479905,4.834703,4.834459,1.95283,2.487024
2012-03-28,85.47889,0.6148997,4.834703,4.834459,1.70605,2.434959
2012-03-29,80.87884,0.5818088,4.834703,4.834459,1.45166,2.369406
2012-03-30,85.04055,0.6117465,4.834703,4.834459,1.68216,2.323589
2012-03-31,89.20226,0.6416841,4.834703,4.834459,1.90635,2.295773
2012-04-01,93.36397,0.6716217,4.834703,4.834459,2.12483,2.284377
2012-04-02,97.52568,0.7015593,4.834703,4.834459,2.33814,2.287961
2012-04-03,101.6874,0.731497,4.834703,4.834459,2.54672,2.305212
2012-04-04,105.8491,0.7614346,4.834703,4.834459,2.75099,2.33493
2012-04-05,110.0108,0.7913722,4.834703,4.834459,2.9513,2.376022
2012-04-06,114.1725,0.8213099,4.834703,4.834459,3.14797,2.427485
2012-04-07,118.3342,0.8512475,4.834703,4.834459,3.34129,2.488405
2012-04-08,122.4959,0.8811851,4.834703,4.834459,3.53152,2.557946
2012-04-09,126.6577,0.9111227,4.834703,4.834459,3.71889,2.635343
2012-04-10,130.8194,0.9410604,4.834703,4.834459,3.9036,2.719893
2012-04-11,134.9811,0.970998,4.834703,4.834459,4.08585,2.810957
2012-04-12,139.1428,1.000936,4.834703,4.834459,4.26582,2.907948
2012-04-13,142.2593,1.023355,4.834703,4.834459,4.39918,3.007363
2012-04-14,145.3759,1.045774,4.834703,4.834459,4.53141,3.108966
2012-04-15,148.4924,1.068193,4.834703,4.834459,4.66257,3.21254
2012-04-16,151.6089,1.090612,4.834703,4.834459,4.7927,3.317884
2012-04-17,154.7255,1.113031,4.834703,4.834459,4.83446,3.418989
2012-04-18,157.842,1.13545,4.834703,4.834459,4.83446,3.513354
2012-04-19,160.9586,1.157869,4.834703,4.834459,4.83446,3.601427
2012-04-20,164.0751,1.180288,4.834703,4.834459,4.83446,3.68363
2012-04-21,167.1916,1.202707,4.834703,4.834459,4.83446,3.760352
2012-04-22,170.3082,1.225126,4.834703,4.834459,4.83446,3.831959
2012-04-23,173.4247,1.247546,4.834703,4.834459,4.83446,3.898792
2012-04-24,176.5412,1.269965,4.834703,4.834459,4.83446,3.96117
2012-04-25,179.6578,1.292384,4.834703,4.834459,4.83446,4.019389
2012-04-26,182.7743,1.314803,4.834703,4.834459,4.83446,4.073727
2012-04-27,184.3563,1.326183,4.834703,4.834459,4.83446,4.124443
2012-04-28,185.9382,1.337562,4.834703,4.834459,4.83446,4.171777
2012-04-29,187.5201,1.348942,4.834703,4.834459,4.83446,4.215956
2012-04-30,189.102,1.360322,4.834703,4.834459,4.83446,4.25719
2012-05-01,190.684,1.371701,4.834703,4.834459,4.83446,4.295675
2012-05-02,192.2659,1.383081,4.834703,4.834459,4.83446,4.331594
2012-05-03,193.8478,1.394461,4.834703,4.834459,4.83446,4.365118
2012-05-04,195.4298,1.405841,4.834703,4.834459,4.83446,4.396407
2012-05-05,197.0117,1.41722,4.834703,4.834459,4.83446,4.425611
2012-05-06,198.5936,1.4286,4.834703,4.834459,4.83446,4.452868
2012-05-07,200.1755,1.43998,4.834703,4.834459,4.83446,4.478307
2012-05-08,201.7575,1.45136,4.834703,4.834459,4.83446,4.502051
2012-05-09,203.3394,1.462739,4.834703,4.834459,4.83446,4.524211
2012-05-10,204.9213,1.474119,4.834703,4.834459,4.83446,4.544894
2012-05-11,203.8821,1.466643,4.834703,4.834459,4.83446,4.564199
2012-05-12,202.8428,1.459167,4.834703,4.834459,4.83446,4.582216
2012-05-13,201.8036,1.451691,4.834703,4.834459,4.83446,4.599033
2012-05-14,200.7643,1.444215,4.834703,4.834459,4.83446,4.614728
2012-05-15,199.7251,1.436739,4.834703,4.834459,4.83446,4.629376
2012-05-16,198.6858,1.429263,4.834703,4.834459,4.83446,4.643049
2012-05-17,197.6466,1.421788,4.834703,4.834459,4.83446,4.655809
2012-05-18,196.6073,1.414312,4.834703,4.834459,4.83446,4.66772
2012-05-19,195.5681,1.406836,4.834703,4.834459,4.83446,4.678836
2012-05-20,194.5288,1.39936,4.834703,4.834459,4.83446,4.689211
2012-05-21,193.4896,1.391884,4.834703,4.834459,4.83446,4.698894
2012-05-22,192.4503,1.384408,4.834703,4.834459,4.83446,4.707932
2012-05-23,191.411,1.376932,4.834703,4.834459,4.83446,4.716367
2012-05-24,190.3718,1.369456,4.834703,4.834459,4.83446,4.72424
2012-05-25,189.8087,1.365405,4.834703,4.834459,4.83446,4.731588
2012-05-26,189.2455,1.361354,4.834703,4.834459,4.83446,4.738446
2012-05-27,188.6824,1.357303,4.834703,4.834459,4.83446,4.744847
2012-05-28,188.1193,1.353252,4.834703,4.834459,4.83446,4.750821
2012-05-29,187.5562,1.349201,4.834703,4.834459,4.83446,4.756397
2012-05-30,186.9931,1.345151,4.834703,4.834459,4.83446,4.761601
2012-05-31,186.4299,1.3411,4.834703,4.834459,4.83446,4.766458
2012-06-01,185.8668,1.337049,4.834703,4.834459,4.83446,4.770992
2012-06-02,185.3037,1.332998,4.834703,4.834459,4.83446,4.775223
2012-06-03,184.7406,1.328947,4.834703,4.834459,4.83446,4.779172
2012-06-04,184.1774,1.324896,4.834703,4.834459,4.83446,4.782858
2012-06-05,183.6143,1.320845,4.834703,4.834459,4.83446,4.786298
2012-06-06,183.0512,1.316794,4.834703,4.834459,4.83446,4.789509
2012-06-07,182.4881,1.312744,4.834703,4.834459,4.83446,4.792506
2012-06-08,182.5319,1.313059,4.834703,4.834459,4.83446,4.795303
2012-06-09,182.5757,1.313374,4.834703,4.834459,4.83446,4.797913
2012-06-10,182.6195,1.313689,4.834703,4.834459,4.83446,4.80035
2012-06-11,182.6634,1.314005,4.834703,4.834459,4.83446,4.802624
2012-06-12,182.7072,1.31432,4.834703,4.834459,4.83446,4.804746
2012-06-13,182.751,1.314635,4.834703,4.834459,4.83446,4.806727
2012-06-14,182.7948,1.31495,4.834703,4.834459,4.83446,4.808576
2012-06-15,182.8387,1.315266,4.834703,4.834459,4.83446,4.810301
2012-06-16,182.8825,1.315581,4.834703,4.834459,4.83446,4.811912
2012-06-17,182.9263,1.315896,4.834703,4.834459,4.83446,4.813415
2012-06-18,182.9701,1.316211,4.834703,4.834459,4.83446,4.814818
2012-06-19,183.014,1.316527,4.834703,4.834459,4.83446,4.816128
2012-06-20,183.0578,1.316842,4.834703,4.834459,4.83446,4.81735
2012-06-21,183.1016,1.317157,4.834703,4.834459,4.83446,4.81849
2012-06-22,183.2216,1.31802,4.834703,4.834459,4.83446,4.819555
2012-06-23,183.3416,1.318884,4.834703,4.834459,4.83446,4.820549
2012-06-24,183.4616,1.319747,4.834703,4.834459,4.83446,4.821476
2012-06-25,183.5816,1.32061,4.834703,4.834459,4.83446,4.822342
2012-06-26,183.7016,1.321473,4.834703,4.834459,4.83446,4.82315
2012-06-27,183.8216,1.322337,4.834703,4.834459,4.83446,4.823904
2012-06-28,183.9416,1.3232,4.834703,4.834459,4.83446,4.824607
2012-06-29,184.0616,1.324063,4.834703,4.834459,4.83446,4.825264
2012-06-30,184.1816,1.324926,4.834703,4.834459,4.83446,4.825877
2012-07-01,184.3016,1.325789,4.834703,4.834459,4.83446,4.82645
2012-07-02,184.4216,1.326653,4.834703,4.834459,4.83446,4.826984
2012-07-03,184.5416,1.327516,4.834703,4.834459,4.83446,4.827482
2012-07-04,184.6616,1.328379,4.834703,4.834459,4.83446,4.827947
2012-07-05,184.7816,1.329242,4.834703,4.834459,4.83446,4.828381
2012-07-06,185.9448,1.33761,4.834703,4.834459,4.83446,4.828787
2012-07-07,187.108,1.345978,4.834703,4.834459,4.83446,4.829165
2012-07-08,188.2713,1.354345,4.834703,4.834459,4.83446,4.829518
2012-07-09,189.4345,1.362713,4.834703,4.834459,4.83446,4.829847
2012-07-10,190.5977,1.371081,4.834703,4.834459,4.83446,4.830155
2012-07-11,191.7609,1.379449,4.834703,4.834459,4.83446,4.830442
2012-07-12,192.9241,1.387816,4.834703,4.834459,4.83446,4.83071
2012-07-13,194.0874,1.396184,4.834703,4.834459,4.83446,4.83096
2012-07-14,195.2506,1.404552,4.834703,4.834459,4.83446,4.831193
2012-07-15,196.4138,1.412919,4.834703,4.834459,4.83446,4.831411
2012-07-16,197.577,1.421287,4.834703,4.834459,4.83446,4.831614
2012-07-17,198.7402,1.429655,4.834703,4.834459,4.83446,4.831804
2012-07-18,199.9034,1.438023,4.834703,4.834459,4.83446,4.831981
2012-07-19,201.0667,1.44639,4.834703,4.834459,4.83446,4.832146
2012-07-20,199.7421,1.436862,4.834703,4.834459,4.83446,4.8323
2012-07-21,198.4175,1.427333,4.834703,4.834459,4.83446,4.832444
2012-07-22,197.0929,1.417804,4.834703,4.834459,4.83446,4.832579
2012-07-23,195.7683,1.408276,4.834703,4.834459,4.83446,4.832704
2012-07-24,194.4437,1.398747,4.834703,4.834459,4.83446,4.832821
2012-07-25,193.1191,1.389219,4.834703,4.834459,4.83446,4.832931
2012-07-26,191.7945,1.37969,4.834703,4.834459,4.83446,4.833032
2012-07-27,190.4699,1.370161,4.834703,4.834459,4.83446,4.833128
2012-07-28,189.1453,1.360633,4.834703,4.834459,4.83446,4.833216
2012-07-29,187.8207,1.351104,4.834703,4.834459,4.83446,4.833299
2012-07-30,186.4961,1.341575,4.834703,4.834459,4.83446,4.833377
2012-07-31,185.1715,1.332047,4.834703,4.834459,4.83446,4.833449
2012-08-01,183.8469,1.322518,4.834703,4.834459,4.83446,4.833516
2012-08-02,182.5223,1.31299,4.834703,4.834459,4.83446,4.833579
2012-08-03,181.6402,1.306644,4.834703,4.834459,4.83446,4.833638
2012-08-04,180.7581,1.300299,4.834703,4.834459,4.83446,4.833693
2012-08-05,179.8759,1.293953,4.834703,4.834459,4.83446,4.833744
2012-08-06,178.9938,1.287607,4.834703,4.834459,4.83446,4.833792
2012-08-07,178.1117,1.281262,4.834703,4.834459,4.83446,4.833836
2012-08-08,177.2296,1.274916,4.834703,4.834459,4.83446,4.833878
2012-08-09,176.3475,1.268571,4.834703,4.834459,4.83446,4.833917
2012-08-10,175.4654,1.262225,4.834703,4.834459,4.83446,4.833953
2012-08-11,174.5833,1.25588,4.834703,4.834459,4.83446,4.833987
2012-08-12,173.7012,1.249534,4.834703,4.834459,4.83446,4.834018
2012-08-13,172.8191,1.243189,4.834703,4.834459,4.83446,4.834048
2012-08-14,171.9369,1.236843,4.834703,4.834459,4.83446,4.834075
2012-08-15,171.0548,1.230498,4.834703,4.834459,4.83446,4.834101
2012-08-16,170.1727,1.224152,4.834703,4.834459,4.83446,4.834125
2012-08-17,166.3775,1.196851,4.834703,4.834459,4.83446,4.834147
2012-08-18,162.5823,1.16955,4.834703,4.834459,4.83446,4.834168
2012-08-19,158.7871,1.142249,4.834703,4.834459,4.83446,4.834187
2012-08-20,154.9919,1.114948,4.834703,4.834459,4.83446,4.834206
2012-08-21,151.1967,1.087647,4.834703,4.834459,4.77554,4.830295
2012-08-22,147.4015,1.060346,4.834703,4.834459,4.61678,4.81606
2012-08-23,143.6063,1.033045,4.834703,4.834459,4.45647,4.792088
2012-08-24,139.8111,1.005743,4.834703,4.834459,4.29451,4.758916
2012-08-25,136.0159,0.9784424,4.834703,4.834459,4.13081,4.717042
2012-08-26,132.2207,0.9511413,4.834703,4.834459,3.96524,4.666922
2012-08-27,128.4255,0.9238402,4.834703,4.834459,3.79767,4.608972
2012-08-28,124.6303,0.8965391,4.834703,4.834459,3.62796,4.543571
2012-08-29,120.8352,0.869238,4.834703,4.834459,3.45596,4.471064
2012-08-30,117.04,0.8419369,4.834703,4.834459,3.28151,4.39176
2012-08-31,117.7346,0.8469337,4.834703,4.834459,3.31363,4.319885
2012-09-01,118.4292,0.8519305,4.834703,4.834459,3.34567,4.254937
2012-09-02,119.1238,0.8569273,4.834703,4.834459,3.37761,4.196449
2012-09-03,119.8184,0.8619241,4.834703,4.834459,3.40948,4.143984
2012-09-04,120.513,0.8669209,4.834703,4.834459,3.44126,4.097136
2012-09-05,121.2077,0.8719177,4.834703,4.834459,3.47295,4.055523
2012-09-06,121.9023,0.8769145,4.834703,4.834459,3.50457,4.018793
2012-09-07,122.5969,0.8819113,4.834703,4.834459,3.5361,3.986614
2012-09-08,123.2915,0.8869081,4.834703,4.834459,3.56755,3.958676
2012-09-09,123.9861,0.8919049,4.834703,4.834459,3.59893,3.934693
2012-09-10,124.6807,0.8969017,4.834703,4.834459,3.63023,3.914395
2012-09-11,125.3754,0.9018985,4.834703,4.834459,3.66145,3.897532
2012-09-12,126.07,0.9068952,4.834703,4.834459,3.69259,3.88387
2012-09-13,126.7646,0.911892,4.834703,4.834459,3.72367,3.87319
2012-09-14,124.1652,0.8931928,4.834703,4.834459,3.607,3.855444
2012-09-15,121.5658,0.8744937,4.834703,4.834459,3.48926,3.831031
2012-09-16,118.9663,0.8557945,4.834703,4.834459,3.37038,3.800321
2012-09-17,116.3669,0.8370953,4.834703,4.834459,3.25031,3.763654
2012-09-18,113.7675,0.8183961,4.834703,4.834459,3.12898,3.721342
2012-09-19,111.1681,0.7996969,4.834703,4.834459,3.00634,3.673675
2012-09-20,108.5686,0.7809977,4.834703,4.834459,2.88231,3.620918
2012-09-21,105.9692,0.7622985,4.834703,4.834459,2.75682,3.563311
2012-09-22,103.3698,0.7435993,4.834703,4.834459,2.6298,3.501077
2012-09-23,100.7704,0.7249002,4.834703,4.834459,2.50115,3.434415
2012-09-24,98.17093,0.706201,4.834703,4.834459,2.37078,3.363506
2012-09-25,95.5715,0.6875018,4.834703,4.834459,2.23859,3.288512
2012-09-26,92.97208,0.6688026,4.834703,4.834459,2.10449,3.209577
2012-09-27,90.37265,0.6501034,4.834703,4.834459,1.96834,3.126828
2012-09-28,89.46714,0.6435896,4.834703,4.834459,1.92042,3.046401
2012-09-29,88.56164,0.6370757,4.834703,4.834459,1.87222,2.968122
2012-09-30,87.65613,0.6305619,4.834703,4.834459,1.82375,2.891831
2012-10-01,86.75063,0.6240481,4.834703,4.834459,1.775,2.817375
2012-10-02,85.84512,0.6175342,4.834703,4.834459,1.72597,2.744615
2012-10-03,84.93962,0.6110204,4.834703,4.834459,1.67664,2.673417
2012-10-04,84.03411,0.6045066,4.834703,4.834459,1.62702,2.603657
2012-10-05,83.12861,0.5979928,4.834703,4.834459,1.57709,2.535219
2012-10-06,82.2231,0.5914789,4.834703,4.834459,1.52684,2.467994
2012-10-07,81.3176,0.5849651,4.834703,4.834459,1.47628,2.401879
2012-10-08,80.41209,0.5784513,4.834703,4.834459,1.42539,2.33678
2012-10-09,79.50658,0.5719374,4.834703,4.834459,1.37416,2.272605
2012-10-10,78.60108,0.5654236,4.834703,4.834459,1.32259,2.209271
2012-10-11,77.69557,0.5589098,4.834703,4.834459,1.27067,2.146698
2012-10-12,74.38842,0.5351194,4.834703,4.834459,1.07793,2.075447
2012-10-13,71.08126,0.5113291,4.834703,4.834459,0.87993,1.995745
2012-10-14,67.7741,0.4875388,4.834703,4.834459,0.67618,1.907774
2012-10-15,64.46694,0.4637485,4.834703,4.834459,0.46609,1.811662
2012-10-16,61.15978,0.4399581,4.834703,4.834459,0.24897,1.707483
2012-10-17,57.85263,0.4161678,4.834703,4.834459,0.02405,1.595254
2012-10-18,54.54547,0.3923775,4.834703,4.834459,0,1.488904
2012-10-19,51.23831,0.3685872,4.834703,4.834459,0,1.389643
2012-10-20,47.93115,0.3447968,4.834703,4.834459,0,1.297
2012-10-21,44.62399,0.3210065,4.834703,4.834459,0,1.210534
2012-10-22,41.31684,0.2972162,4.834703,4.834459,0,1.129831
2012-10-23,38.00968,0.2734259,4.834703,4.834459,0,1.054509
2012-10-24,34.70252,0.2496355,4.834703,4.834459,0,0.9842088
2012-10-25,31.39536,0.2258452,4.834703,4.834459,0,0.9185948
2012-10-26,31.60953,0.2273859,4.834703,4.834459,0,0.8573552
2012-10-27,31.8237,0.2289265,4.834703,4.834459,0,0.8001982
2012-10-28,32.03786,0.2304671,4.834703,4.834459,0,0.7468516
2012-10-29,32.25203,0.2320078,4.834703,4.834459,0,0.6970615
2012-10-30,32.4662,0.2335484,4.834703,4.834459,0,0.6505907
2012-10-31,32.68037,0.235089,4.834703,4.834459,0,0.607218
2012-11-01,32.89454,0.2366297,4.834703,4.834459,0,0.5667368
2012-11-02,33.1087,0.2381703,4.834703,4.834459,0,0.5289544
2012-11-03,33.32287,0.2397109,4.834703,4.834459,0,0.4936907
2012-11-04,33.53704,0.2412516,4.834703,4.834459,0,0.460778
2012-11-05,33.75121,0.2427922,4.834703,4.834459,0,0.4300595
2012-11-06,33.96537,0.2443328,4.834703,4.834459,0,0.4013889
2012-11-07,34.17954,0.2458735,4.834703,4.834459,0,0.3746296
2012-11-08,34.39371,0.2474141,4.834703,4.834459,0,0.3496543
2012-11-09,33.08123,0.2379727,4.834703,4.834459,0,0.326344
2012-11-10,31.76876,0.2285313,4.834703,4.834459,0,0.3045877
2012-11-11,30.45628,0.2190899,4.834703,4.834459,0,0.2842819
2012-11-12,29.14381,0.2096485,4.834703,4.834459,0,0.2653298
2012-11-13,27.83133,0.2002071,4.834703,4.834459,0,0.2476411
2012-11-14,26.51886,0.1907657,4.834703,4.834459,0,0.2311317
2012-11-15,25.20638,0.1813243,4.834703,4.834459,0,0.2157229
2012-11-16,23.89391,0.1718829,4.834703,4.834459,0,0.2013414
2012-11-17,22.58144,0.1624415,4.834703,4.834459,0,0.1879186
2012-11-18,21.26896,0.1530001,4.834703,4.834459,0,0.1753907
2012-11-19,19.95649,0.1435587,4.834703,4.834459,0,0.163698
2012-11-20,18.64401,0.1341173,4.834703,4.834459,0,0.1527848
2012-11-21,17.33154,0.1246759,4.834703,4.834459,0,0.1425992
2012-11-22,16.01906,0.1152345,4.834703,4.834459,0,0.1330925
2012-11-23,15.95121,0.1147464,4.834703,4.834459,0,0.1242197
2012-11-24,15.88337,0.1142584,4.834703,4.834459,0,0.1159384
2012-11-25,15.81552,0.1137703,4.834703,4.834459,0,0.1082092
2012-11-26,15.74767,0.1132822,4.834703,4.834459,0,0.1009952
2012-11-27,15.67983,0.1127942,4.834703,4.834459,0,0.09426221
2012-11-28,15.61198,0.1123061,4.834703,4.834459,0,0.08797806
2012-11-29,15.54413,0.111818,4.834703,4.834459,0,0.08211286
2012-11-30,15.47629,0.11133,4.834703,4.834459,0,0.07663867
2012-12-01,15.40844,0.1108419,4.834703,4.834459,0,0.07152943
2012-12-02,15.34059,0.1103539,4.834703,4.834459,0,0.0667608
2012-12-03,15.27274,0.1098658,4.834703,4.834459,0,0.06231008
2012-12-04,15.2049,0.1093777,4.834703,4.834459,0,0.05815607
2012-12-05,15.13705,0.1088897,4.834703,4.834459,0,0.054279
2012-12-06,15.0692,0.1084016,4.834703,4.834459,0,0.0506604
2012-12-07,15.31015,0.1101349,4.834703,4.834459,0,0.04728304
2012-12-08,15.5511,0.1118682,4.834703,4.834459,0,0.04413084
2012-12-09,15.79205,0.1136015,4.834703,4.834459,0,0.04118878
2012-12-10,16.033,0.1153348,4.834703,4.834459,0,0.03844286
2012-12-11,16.27395,0.1170681,4.834703,4.834459,0,0.03588001
2012-12-12,16.5149,0.1188014,4.834703,4.834459,0,0.03348801
2012-12-13,16.75585,0.1205346,4.834703,4.834459,0,0.03125547
2012-12-14,16.9968,0.1222679,4.834703,4.834459,0,0.02917177
2012-12-15,17.23775,0.1240012,4.834703,4.834459,0,0.02722699
2012-12-16,17.4787,0.1257345,4.834703,4.834459,0,0.02541186
2012-12-17,17.71965,0.1274678,4.834703,4.834459,0,0.02371773
2012-12-18,17.9606,0.1292011,4.834703,4.834459,0,0.02213655
2012-12-19,18.20155,0.1309344,4.834703,4.834459,0,0.02066078
2012-12-20,18.4425,0.1326677,4.834703,4.834459,0,0.01928339
2012-12-21,18.01771,0.1296119,4.834703,4.834459,0,0.01799784
2012-12-22,17.59291,0.1265561,4.834703,4.834459,0,0.01679798
2012-12-23,17.16812,0.1235004,4.834703,4.834459,0,0.01567811
2012-12-24,16.74333,0.1204446,4.834703,4.834459,0,0.01463291
2012-12-25,16.31854,0.1173888,4.834703,4.834459,0,0.01365738
2012-12-26,15.89375,0.114333,4.834703,4.834459,0,0.01274689
2012-12-27,15.46896,0.1112773,4.834703,4.834459,0,0.01189709
2012-12-28,15.04417,0.1082215,4.834703,4.834459,0,0.01110396
2012-12-29,14.61937,0.1051657,4.834703,4.834459,0,0.01036369
2012-12-30,14.19458,0.10211,4.834703,4.834459,0,0.009672779
2012-12-31,13.76979,0.09905418,4.834703,4.834459,0,0.009027927
2013-01-01,13.345,0.09599841,4.508106,4.621628,0,0.008426065
2013-01-02,12.92021,0.09294264,4.508106,4.621628,0,0.007864327
2013-01-03,12.49542,0.08988686,4.508106,4.621628,0,0.007340039
2013-01-04,12.54427,0.09023827,4.508106,4.621628,0,0.006850703
2013-01-05,12.59312,0.09058967,4.508106,4.621628,0,0.006393989
2013-01-06,12.64197,0.09094107,4.508106,4.621628,0,0.005967724
2013-01-07,12.69082,0.09129247,4.508106,4.621628,0,0.005569875
2013-01-08,12.73967,0.09164388,4.508106,4.621628,0,0.00519855
2013-01-09,12.78851,0.09199528,4.508106,4.621628,0,0.00485198
2013-01-10,12.83736,0.09234668,4.508106,4.621628,0,0.004528515
2013-01-11,12.88621,0.09269808,4.508106,4.621628,0,0.004226614
2013-01-12,12.93506,0.09304949,4.508106,4.621628,0,0.00394484
2013-01-13,12.98391,0.09340089,4.508106,4.621628,0,0.00368185
2013-01-14,13.03276,0.09375229,4.508106,4.621628,0,0.003436394
2013-01-15,13.08161,0.09410369,4.508106,4.621628,0,0.003207301
2013-01-16,13.13046,0.0944551,4.508106,4.621628,0,0.002993481
2013-01-17,13.17931,0.0948065,4.508106,4.621628,0,0.002793915
2013-01-18,14.21366,0.1022472,4.508106,4.621628,0,0.002607654
2013-01-19,15.24802,0.1096879,4.508106,4.621628,0,0.002433811
2013-01-20,16.28237,0.1171286,4.508106,4.621628,0,0.002271557
2013-01-21,17.31672,0.1245693,4.508106,4.621628,0,0.00212012
2013-01-22,18.35107,0.13201,4.508106,4.621628,0,0.001978778
2013-01-23,19.38543,0.1394507,4.508106,4.621628,0,0.00184686
2013-01-24,20.41978,0.1468914,4.508106,4.621628,0,0.001723736
2013-01-25,21.45413,0.1543321,4.508106,4.621628,0,0.00160882
2013-01-26,22.48848,0.1617728,4.508106,4.621628,0,0.001501565
2013-01-27,23.52284,0.1692135,4.508106,4.621628,0,0.001401461
2013-01-28,24.55719,0.1766542,4.508106,4.621628,0,0.00130803
2013-01-29,25.59154,0.184095,4.508106,4.621628,0,0.001220828
2013-01-30,26.62589,0.1915357,4.508106,4.621628,0,0.00113944
2013-01-31,27.66025,0.1989764,4.508106,4.621628,0,0.001063477
2013-02-01,26.99205,0.1941696,4.508106,4.621628,0,0.0009925785
2013-02-02,26.32385,0.1893629,4.508106,4.621628,0,0.0009264066
2013-02-03,25.65565,0.1845562,4.508106,4.621628,0,0.0008646462
2013-02-04,24.98746,0.1797494,4.508106,4.621628,0,0.0008070031
2013-02-05,24.31926,0.1749427,4.508106,4.621628,0,0.0007532029
2013-02-06,23.65106,0.1701359,4.508106,4.621628,0,0.0007029894
2013-02-07,22.98286,0.1653292,4.508106,4.621628,0,0.0006561234
2013-02-08,22.31467,0.1605225,4.508106,4.621628,0,0.0006123819
2013-02-09,21.64647,0.1557157,4.508106,4.621628,0,0.0005715564
2013-02-10,20.97827,0.150909,4.508106,4.621628,0,0.0005334526
2013-02-11,20.31007,0.1461023,4.508106,4.621628,0,0.0004978891
2013-02-12,19.64188,0.1412955,4.508106,4.621628,0,0.0004646965
2013-02-13,18.97368,0.1364888,4.508106,4.621628,0,0.0004337168
2013-02-14,18.30548,0.131682,4.508106,4.621628,0,0.0004048023
2013-02-15,20.49734,0.1474494,4.508106,4.621628,0,0.0003778155
2013-02-16,22.6892,0.1632167,4.508106,4.621628,0,0.0003526278
2013-02-17,24.88107,0.1789841,4.508106,4.621628,0,0.0003291193
2013-02-18,27.07293,0.1947514,4.508106,4.621628,0,0.000307178
2013-02-19,29.26479,0.2105188,4.508106,4.621628,0,0.0002866995
2013-02-20,31.45665,0.2262861,4.508106,4.621628,0,0.0002675862
2013-02-21,33.64851,0.2420534,4.508106,4.621628,0,0.0002497471
2013-02-22,35.84037,0.2578208,4.508106,4.621628,0,0.0002330973
2013-02-23,38.03223,0.2735881,4.508106,4.621628,0,0.0002175575
2013-02-24,40.2241,0.2893555,4.508106,4.621628,0,0.0002030536
2013-02-25,42.41596,0.3051228,4.508106,4.621628,0,0.0001895167
2013-02-26,44.60782,0.3208902,4.508106,4.621628,0,0.0001768823
2013-02-27,46.79968,0.3366575,4.508106,4.621628,0,0.0001650901
2013-02-28,48.99154,0.3524249,4.508106,4.621628,0,0.0001540841
2013-03-01,50.27187,0.361635,4.508106,4.621628,0,0.0001438118
2013-03-02,51.5522,0.3708451,4.508106,4.621628,0,0.0001342244
2013-03-03,52.83252,0.3800553,4.508106,4.621628,0,0.0001252761
2013-03-04,54.11285,0.3892654,4.508106,4.621628,0,0.0001169243
2013-03-05,55.39318,0.3984756,4.508106,4.621628,0,0.0001091294
2013-03-06,56.6735,0.4076857,4.508106,4.621628,0,0.0001018541
2013-03-07,57.95383,0.4168959,4.508106,4.621628,0,9.506383e-05
2013-03-08,59.23416,0.426106,4.508106,4.621628,0,8.872624e-05
2013-03-09,60.51449,0.4353161,4.508106,4.621628,0,8.281116e-05
2013-03-10,61.79481,0.4445263,4.508106,4.621628,0.00794,0.0006066237
2013-03-11,63.07514,0.4537364,4.508106,4.621628,0.0903,0.006586182
2013-03-12,64.35547,0.4629466,4.508106,4.621628,0.17157,0.0175851
2013-03-13,65.63579,0.4721567,4.508106,4.621628,0.25178,0.0331981
2013-03-14,66.91612,0.4813668,4.508106,4.621628,0.33098,0.05305022
2013-03-15,66.42907,0.4778632,4.508106,4.621628,0.30097,0.06957821
2013-03-16,65.94202,0.4743596,4.508106,4.621628,0.27082,0.08299433
2013-03-17,65.45498,0.470856,4.508106,4.621628,0.24052,0.09349604
2013-03-18,64.96793,0.4673524,4.508106,4.621628,0.21007,0.1012676
2013-03-19,64.48088,0.4638487,4.508106,4.621628,0.17948,0.1064818
2013-03-20,63.99383,0.4603451,4.508106,4.621628,0.14873,0.1092983
2013-03-21,63.50679,0.4568415,4.508106,4.621628,0.11782,0.1098665
2013-03-22,63.01974,0.4533379,4.508106,4.621628,0.08676,0.108326
2013-03-23,62.53269,0.4498343,4.508106,4.621628,0.05554,0.104807
2013-03-24,62.04564,0.4463306,4.508106,4.621628,0.02416,0.09943049
2013-03-25,61.55859,0.442827,4.508106,4.621628,0,0.09280179
2013-03-26,61.07155,0.4393234,4.508106,4.621628,0,0.086615
2013-03-27,60.5845,0.4358198,4.508106,4.621628,0,0.08084067
2013-03-28,60.09745,0.4323162,4.508106,4.621628,0,0.07545129
2013-03-29,66.46059,0.4780899,4.508106,4.621628,0.30292,0.09061587
2013-03-30,72.82372,0.5238637,4.508106,4.621628,0.68432,0.1301961
2013-03-31,79.18685,0.5696374,4.508106,4.621628,1.04533,0.1912051
2013-04-01,85.54999,0.6154112,4.508106,4.621628,1.38915,0.2710681
2013-04-02,91.91312,0.6611849,4.508106,4.621628,1.71831,0.3675509
2013-04-03,98.27625,0.7069587,4.508106,4.621628,2.03485,0.4787041
2013-04-04,104.6394,0.7527324,4.508106,4.621628,2.34042,0.6028185
2013-04-05,111.0025,0.7985061,4.508106,4.621628,2.6364,0.7383906
2013-04-06,117.3657,0.8442799,4.508106,4.621628,2.92392,0.8840926
2013-04-07,123.7288,0.8900536,4.508106,4.621628,3.20396,1.03875
2013-04-08,130.0919,0.9358274,4.508106,4.621628,3.47733,1.201322
2013-04-09,136.4551,0.9816011,4.508106,4.621628,3.74476,1.370885
2013-04-10,142.8182,1.027375,4.508106,4.621628,4.00685,1.546616
2013-04-11,149.1813,1.073149,4.508106,4.621628,4.26414,1.727784
2013-04-12,147.0334,1.057697,4.508106,4.621628,4.17779,1.891118
2013-04-13,144.8854,1.042246,4.508106,4.621628,4.09094,2.037773
2013-04-14,142.7374,1.026794,4.508106,4.621628,4.00356,2.168825
2013-04-15,140.5895,1.011342,4.508106,4.621628,3.91563,2.285279
2013-04-16,138.4415,0.9958908,4.508106,4.621628,3.82713,2.388069
2013-04-17,136.2935,0.9804393,4.508106,4.621628,3.73804,2.478067
2013-04-18,134.1456,0.9649877,4.508106,4.621628,3.64835,2.556086
2013-04-19,131.9976,0.9495362,4.508106,4.621628,3.55802,2.622881
2013-04-20,129.8497,0.9340846,4.508106,4.621628,3.46704,2.679159
2013-04-21,127.7017,0.9186331,4.508106,4.621628,3.37538,2.725573
2013-04-22,125.5537,0.9031815,4.508106,4.621628,3.28301,2.762736
2013-04-23,123.4058,0.8877299,4.508106,4.621628,3.18991,2.791214
2013-04-24,121.2578,0.8722784,4.508106,4.621628,3.09604,2.811536
2013-04-25,119.1098,0.8568268,4.508106,4.621628,3.00139,2.824193
2013-04-26,123.3887,0.8876071,4.508106,4.621628,3.18916,2.848524
2013-04-27,127.6675,0.9183874,4.508106,4.621628,3.37391,2.88355
2013-04-28,131.9464,0.9491677,4.508106,4.621628,3.55586,2.92837
2013-04-29,136.2252,0.9799479,4.508106,4.621628,3.7352,2.982159
2013-04-30,140.5041,1.010728,4.508106,4.621628,3.91212,3.044156
2013-05-01,144.7829,1.041508,4.508106,4.621628,4.08678,3.113665
2013-05-02,149.0618,1.072289,4.508106,4.621628,4.25935,3.190044
2013-05-03,153.3406,1.103069,4.508106,4.621628,4.42994,3.272703
2013-05-04,157.6195,1.133849,4.508106,4.621628,4.59871,3.361104
2013-05-05,161.8983,1.16463,4.508106,4.621628,4.62163,3.445139
2013-05-06,166.1772,1.19541,4.508106,4.621628,4.62163,3.523572
2013-05-07,170.456,1.22619,4.508106,4.621628,4.62163,3.596776
2013-05-08,174.7349,1.25697,4.508106,4.621628,4.62163,3.665099
2013-05-09,179.0137,1.287751,4.508106,4.621628,4.62163,3.728868
2013-05-10,172.6563,1.242018,4.508106,4.621628,4.62163,3.788385
2013-05-11,166.2989,1.196285,4.508106,4.621628,4.62163,3.843935
2013-05-12,159.9415,1.150553,4.508106,4.621628,4.62163,3.895781
2013-05-13,153.5841,1.10482,4.508106,4.621628,4.43959,3.932035
2013-05-14,147.2266,1.059087,4.508106,4.621628,4.18558,3.948938
2013-05-15,140.8692,1.013355,4.508106,4.621628,3.92711,3.947483
2013-05-16,134.5118,0.9676221,4.508106,4.621628,3.66368,3.928563
2013-05-17,128.1544,0.9218895,4.508106,4.621628,3.39475,3.892975
2013-05-18,121.797,0.8761568,4.508106,4.621628,3.11968,3.841422
2013-05-19,115.4395,0.8304242,4.508106,4.621628,2.83772,3.774509
2013-05-20,109.0821,0.7846915,4.508106,4.621628,2.54801,3.692742
2013-05-21,102.7247,0.7389589,4.508106,4.621628,2.24954,3.596529
2013-05-22,96.36727,0.6932262,4.508106,4.621628,1.94111,3.486167
2013-05-23,90.00985,0.6474936,4.508106,4.621628,1.62126,3.36184
2013-05-24,98.86525,0.7111956,4.508106,4.621628,2.06357,3.275289
2013-05-25,107.7206,0.7748976,4.508106,4.621628,2.48487,3.222594
2013-05-26,116.576,0.8385997,4.508106,4.621628,2.88866,3.200332
2013-05-27,125.4314,0.9023017,4.508106,4.621628,3.27773,3.205492
2013-05-28,134.2868,0.9660037,4.508106,4.621628,3.65426,3.23541
2013-05-29,143.1422,1.029706,4.508106,4.621628,4.02006,3.28772
2013-05-30,151.9976,1.093408,4.508106,4.621628,4.3766,3.360312
2013-05-31,160.853,1.15711,4.508106,4.621628,4.62163,3.4444
2013-06-01,169.7084,1.220812,4.508106,4.621628,4.62163,3.522882
2013-06-02,178.5638,1.284514,4.508106,4.621628,4.62163,3.596132
2013-06-03,187.4192,1.348216,4.508106,4.621628,4.62163,3.664498
2013-06-04,196.2746,1.411918,4.508106,4.621628,4.62163,3.728307
2013-06-05,205.1299,1.47562,4.508106,4.621628,4.62163,3.787862
2013-06-06,213.9853,1.539322,4.508106,4.621628,4.62163,3.843446
2013-06-07,211.3178,1.520132,4.508106,4.621628,4.62163,3.895325
2013-06-08,208.6502,1.500943,4.508106,4.621628,4.62163,3.943746
2013-06-09,205.9826,1.481753,4.508106,4.621628,4.62163,3.988938
2013-06-10,203.315,1.462564,4.508106,4.621628,4.62163,4.031117
2013-06-11,200.6474,1.443375,4.508106,4.621628,4.62163,4.070485
2013-06-12,197.9799,1.424185,4.508106,4.621628,4.62163,4.107228
2013-06-13,195.3123,1.404996,4.508106,4.621628,4.62163,4.141521
2013-06-14,192.6447,1.385806,4.508106,4.621628,4.62163,4.173529
2013-06-15,189.9771,1.366617,4.508106,4.621628,4.62163,4.203402
2013-06-16,187.3095,1.347427,4.508106,4.621628,4.62163,4.231284
2013-06-17,184.6419,1.328238,4.508106,4.621628,4.62163,4.257307
2013-06-18,181.9744,1.309048,4.508106,4.621628,4.62163,4.281595
2013-06-19,179.3068,1.289859,4.508106,4.621628,4.62163,4.304264
2013-06-20,176.6392,1.270669,4.508106,4.621628,4.62163,4.325422
2013-06-21,179.4581,1.290947,4.508106,4.621628,4.62163,4.345169
2013-06-22,182.2769,1.311225,4.508106,4.621628,4.62163,4.3636
2013-06-23,185.0958,1.331502,4.508106,4.621628,4.62163,4.380802
2013-06-24,187.9146,1.35178,4.508106,4.621628,4.62163,4.396857
2013-06-25,190.7335,1.372057,4.508106,4.621628,4.62163,4.411842
2013-06-26,193.5523,1.392335,4.508106,4.621628,4.62163,4.425828
2013-06-27,196.3712,1.412613,4.508106,4.621628,4.62163,4.438881
2013-06-28,199.19,1.43289,4.508106,4.621628,4.62163,4.451065
2013-06-29,202.0089,1.453168,4.508106,4.621628,4.62163,4.462436
2013-06-30,204.8277,1.473446,4.508106,4.621628,4.62163,4.473049
2013-07-01,207.6466,1.493723,4.508106,4.621628,4.62163,4.482954
2013-07-02,210.4654,1.514001,4.508106,4.621628,4.62163,4.492199
2013-07-03,213.2843,1.534279,4.508106,4.621628,4.62163,4.500828
2013-07-04,216.1031,1.554556,4.508106,4.621628,4.62163,4.508881
2013-07-05,215.8953,1.553062,4.508106,4.621628,4.62163,4.516398
2013-07-06,215.6875,1.551567,4.508106,4.621628,4.62163,4.523413
2013-07-07,215.4797,1.550072,4.508106,4.621628,4.62163,4.529961
2013-07-08,215.2719,1.548577,4.508106,4.621628,4.62163,4.536072
2013-07-09,215.0641,1.547082,4.508106,4.621628,4.62163,4.541776
2013-07-10,214.8564,1.545588,4.508106,4.621628,4.62163,4.5471
2013-07-11,214.6486,1.544093,4.508106,4.621628,4.62163,4.552068
2013-07-12,214.4408,1.542598,4.508106,4.621628,4.62163,4.556706
2013-07-13,214.233,1.541103,4.508106,4.621628,4.62163,4.561034
2013-07-14,214.0252,1.539608,4.508106,4.621628,4.62163,4.565074
2013-07-15,213.8174,1.538114,4.508106,4.621628,4.62163,4.568844
2013-07-16,213.6096,1.536619,4.508106,4.621628,4.62163,4.572363
2013-07-17,213.4018,1.535124,4.508106,4.621628,4.62163,4.575648
2013-07-18,213.194,1.533629,4.508106,4.621628,4.62163,4.578713
2013-07-19,211.0249,1.518026,4.508106,4.621628,4.62163,4.581574
2013-07-20,208.8559,1.502423,4.508106,4.621628,4.62163,4.584245
2013-07-21,206.6869,1.48682,4.508106,4.621628,4.62163,4.586737
2013-07-22,204.5178,1.471217,4.508106,4.621628,4.62163,4.589063
2013-07-23,202.3488,1.455613,4.508106,4.621628,4.62163,4.591234
2013-07-24,200.1797,1.44001,4.508106,4.621628,4.62163,4.593261
2013-07-25,198.0107,1.424407,4.508106,4.621628,4.62163,4.595152
2013-07-26,195.8417,1.408804,4.508106,4.621628,4.62163,4.596917
2013-07-27,193.6726,1.393201,4.508106,4.621628,4.62163,4.598565
2013-07-28,191.5036,1.377597,4.508106,4.621628,4.62163,4.600102
2013-07-29,189.3345,1.361994,4.508106,4.621628,4.62163,4.601538
2013-07-30,187.1655,1.346391,4.508106,4.621628,4.62163,4.602877
2013-07-31,184.9965,1.330788,4.508106,4.621628,4.62163,4.604127
2013-08-01,182.8274,1.315185,4.508106,4.621628,4.62163,4.605294
2013-08-02,180.7594,1.300308,4.508106,4.621628,4.62163,4.606383
2013-08-03,178.6913,1.285431,4.508106,4.621628,4.62163,4.6074
2013-08-04,176.6233,1.270555,4.508106,4.621628,4.62163,4.608348
2013-08-05,174.5553,1.255678,4.508106,4.621628,4.62163,4.609234
2013-08-06,172.4872,1.240802,4.508106,4.621628,4.62163,4.61006
2013-08-07,170.4192,1.225925,4.508106,4.621628,4.62163,4.610832
2013-08-08,168.3511,1.211048,4.508106,4.621628,4.62163,4.611551
2013-08-09,166.2831,1.196172,4.508106,4.621628,4.62163,4.612223
2013-08-10,164.2151,1.181295,4.508106,4.621628,4.62163,4.61285
2013-08-11,162.147,1.166418,4.508106,4.621628,4.62163,4.613436
2013-08-12,160.079,1.151542,4.508106,4.621628,4.62163,4.613982
2013-08-13,158.0109,1.136665,4.508106,4.621628,4.61406,4.613987
2013-08-14,155.9429,1.121789,4.508106,4.621628,4.53279,4.608574
2013-08-15,153.8749,1.106912,4.508106,4.621628,4.45111,4.598076
2013-08-16,151.962,1.093152,4.508106,4.621628,4.37518,4.583217
2013-08-17,150.0492,1.079392,4.508106,4.621628,4.29888,4.564261
2013-08-18,148.1363,1.065631,4.508106,4.621628,4.22219,4.541456
2013-08-19,146.2235,1.051871,4.508106,4.621628,4.14511,4.515033
2013-08-20,144.3106,1.038111,4.508106,4.621628,4.06761,4.485205
2013-08-21,142.3978,1.024351,4.508106,4.621628,3.98969,4.452171
2013-08-22,140.4849,1.01059,4.508106,4.621628,3.91133,4.416115
2013-08-23,138.5721,0.9968302,4.508106,4.621628,3.83252,4.377208
2013-08-24,136.6592,0.98307,4.508106,4.621628,3.75325,4.335611
2013-08-25,134.7464,0.9693097,4.508106,4.621628,3.6735,4.29147
2013-08-26,132.8335,0.9555495,4.508106,4.621628,3.59325,4.244922
2013-08-27,130.9207,0.9417893,4.508106,4.621628,3.51249,4.196093
2013-08-28,129.0079,0.9280291,4.508106,4.621628,3.4312,4.145101
2013-08-29,127.095,0.9142688,4.508106,4.621628,3.34936,4.092051
2013-08-30,122.9617,0.8845354,4.508106,4.621628,3.17056,4.030618
2013-08-31,118.8284,0.854802,4.508106,4.621628,2.98892,3.961172
2013-09-01,114.695,0.8250686,4.508106,4.621628,2.80421,3.884041
2013-09-02,110.5617,0.7953351,4.508106,4.621628,2.61618,3.799517
2013-09-03,106.4284,0.7656017,4.508106,4.621628,2.42455,3.707853
2013-09-04,102.2951,0.7358683,4.508106,4.621628,2.22902,3.609264
2013-09-05,98.16173,0.7061348,4.508106,4.621628,2.02925,3.503929
2013-09-06,94.02841,0.6764014,4.508106,4.621628,1.82485,3.391991
2013-09-07,89.89508,0.646668,4.508106,4.621628,1.61537,3.273549
2013-09-08,85.76176,0.6169346,4.508106,4.621628,1.40032,3.148667
2013-09-09,81.62843,0.5872011,4.508106,4.621628,1.17913,3.017365
2013-09-10,77.49511,0.5574677,4.508106,4.621628,0.95114,2.879617
2013-09-11,73.36178,0.5277343,4.508106,4.621628,0.71558,2.735348
2013-09-12,69.22846,0.4980008,4.508106,4.621628,0.47157,2.584429
2013-09-13,71.79366,0.5164538,4.508106,4.621628,0.62406,2.453738
2013-09-14,74.35886,0.5349068,4.508106,4.621628,0.77314,2.341698
2013-09-15,76.92406,0.5533598,4.508106,4.621628,0.91907,2.246856
2013-09-16,79.48926,0.5718128,4.508106,4.621628,1.06203,2.167868
2013-09-17,82.05446,0.5902658,4.508106,4.621628,1.20223,2.103492
2013-09-18,84.61967,0.6087188,4.508106,4.621628,1.33985,2.052582
2013-09-19,87.18487,0.6271718,4.508106,4.621628,1.47503,2.014079
2013-09-20,89.75007,0.6456248,4.508106,4.621628,1.60792,1.987002
2013-09-21,92.31527,0.6640778,4.508106,4.621628,1.73867,1.970446
2013-09-22,94.88047,0.6825308,4.508106,4.621628,1.86739,1.963576
2013-09-23,97.44567,0.7009838,4.508106,4.621628,1.99419,1.965617
2013-09-24,100.0109,0.7194368,4.508106,4.621628,2.11917,1.975854
2013-09-25,102.5761,0.7378898,4.508106,4.621628,2.24245,1.993627
2013-09-26,105.1413,0.7563428,4.508106,4.621628,2.3641,2.018325
2013-09-27,101.6633,0.7313238,4.508106,4.621628,2.19878,2.030355
2013-09-28,98.18537,0.7063049,4.508106,4.621628,2.03041,2.030359
2013-09-29,94.70742,0.681286,4.508106,4.621628,1.85876,2.018919
2013-09-30,91.22947,0.656267,4.508106,4.621628,1.68358,1.996563
2013-10-01,87.75152,0.6312481,4.508106,4.621628,1.50458,1.963764
2013-10-02,84.27357,0.6062291,4.508106,4.621628,1.32143,1.920942
2013-10-03,80.79562,0.5812102,4.508106,4.621628,1.13377,1.868464
2013-10-04,77.31767,0.5561913,4.508106,4.621628,0.94119,1.806646
2013-10-05,73.83972,0.5311723,4.508106,4.621628,0.74324,1.735752
2013-10-06,70.36176,0.5061534,4.508106,4.621628,0.53937,1.655993
2013-10-07,66.88381,0.4811344,4.508106,4.621628,0.32899,1.567526
2013-10-08,63.40586,0.4561155,4.508106,4.621628,0.1114,1.470451
2013-10-09,59.92791,0.4310966,4.508106,4.621628,0,1.372421
2013-10-10,56.44996,0.4060776,4.508106,4.621628,0,1.280926
2013-10-11,56.35987,0.4054296,4.508106,4.621628,0,1.195531
2013-10-12,56.26978,0.4047815,4.508106,4.621628,0,1.115829
2013-10-13,56.17969,0.4041334,4.508106,4.621628,0,1.041441
2013-10-14,56.0896,0.4034854,4.508106,4.621628,0,0.9720111
2013-10-15,55.99952,0.4028373,4.508106,4.621628,0,0.9072104
2013-10-16,55.90943,0.4021893,4.508106,4.621628,0,0.8467297
2013-10-17,55.81934,0.4015412,4.508106,4.621628,0,0.7902811
2013-10-18,55.72925,0.4008931,4.508106,4.621628,0,0.7375957
2013-10-19,55.63916,0.4002451,4.508106,4.621628,0,0.6884226
2013-10-20,55.54907,0.399597,4.508106,4.621628,0,0.6425278
2013-10-21,55.45898,0.398949,4.508106,4.621628,0,0.5996926
2013-10-22,55.3689,0.3983009,4.508106,4.621628,0,0.5597131
2013-10-23,55.27881,0.3976528,4.508106,4.621628,0,0.5223989
2013-10-24,55.18872,0.3970048,4.508106,4.621628,0,0.4875723
2013-10-25,53.225,0.3828786,4.508106,4.621628,0,0.4550675
2013-10-26,51.26129,0.3687525,4.508106,4.621628,0,0.4247296
2013-10-27,49.29757,0.3546263,4.508106,4.621628,0,0.3964143
2013-10-28,47.33386,0.3405001,4.508106,4.621628,0,0.3699867
2013-10-29,45.37014,0.326374,4.508106,4.621628,0,0.3453209
2013-10-30,43.40642,0.3122478,4.508106,4.621628,0,0.3222995
2013-10-31,41.44271,0.2981217,4.508106,4.621628,0,0.3008129
2013-11-01,39.47899,0.2839955,4.508106,4.621628,0,0.2807587
2013-11-02,37.51528,0.2698694,4.508106,4.621628,0,0.2620415
2013-11-03,35.55156,0.2557432,4.508106,4.621628,0,0.244572
2013-11-04,33.58784,0.241617,4.508106,4.621628,0,0.2282672
2013-11-05,31.62413,0.2274909,4.508106,4.621628,0,0.2130494
2013-11-06,29.66041,0.2133647,4.508106,4.621628,0,0.1988461
2013-11-07,27.6967,0.1992386,4.508106,4.621628,0,0.1855897
2013-11-08,26.93326,0.1937467,4.508106,4.621628,0,0.1732171
2013-11-09,26.16983,0.1882549,4.508106,4.621628,0,0.1616693
2013-11-10,25.40639,0.1827631,4.508106,4.621628,0,0.1508913
2013-11-11,24.64296,0.1772712,4.508106,4.621628,0,0.1408319
2013-11-12,23.87952,0.1717794,4.508106,4.621628,0,0.1314431
2013-11-13,23.11609,0.1662876,4.508106,4.621628,0,0.1226802
2013-11-14,22.35266,0.1607957,4.508106,4.621628,0,0.1145015
2013-11-15,21.58922,0.1553039,4.508106,4.621628,0,0.1068681
2013-11-16,20.82579,0.1498121,4.508106,4.621628,0,0.09974356
2013-11-17,20.06235,0.1443203,4.508106,4.621628,0,0.09309399
2013-11-18,19.29892,0.1388284,4.508106,4.621628,0,0.08688772
2013-11-19,18.53548,0.1333366,4.508106,4.621628,0,0.08109521
2013-11-20,17.77205,0.1278448,4.508106,4.621628,0,0.07568886
2013-11-21,17.00862,0.1223529,4.508106,4.621628,0,0.07064294
2013-11-22,17.60163,0.1266188,4.508106,4.621628,0,0.06593341
2013-11-23,18.19464,0.1308847,4.508106,4.621628,0,0.06153785
2013-11-24,18.78765,0.1351506,4.508106,4.621628,0,0.05743532
2013-11-25,19.38067,0.1394165,4.508106,4.621628,0,0.0536063
2013-11-26,19.97368,0.1436824,4.508106,4.621628,0,0.05003255
2013-11-27,20.56669,0.1479483,4.508106,4.621628,0,0.04669705
2013-11-28,21.15971,0.1522142,4.508106,4.621628,0,0.04358391
2013-11-29,21.75272,0.15648,4.508106,4.621628,0,0.04067832
2013-11-30,22.34573,0.1607459,4.508106,4.621628,0,0.03796643
2013-12-01,22.93874,0.1650118,4.508106,4.621628,0,0.03543533
2013-12-02,23.53176,0.1692777,4.508106,4.621628,0,0.03307298
2013-12-03,24.12477,0.1735436,4.508106,4.621628,0,0.03086811
2013-12-04,24.71778,0.1778095,4.508106,4.621628,0,0.02881024
2013-12-05,25.3108,0.1820754,4.508106,4.621628,0,0.02688956
2013-12-06,25.1091,0.1806245,4.508106,4.621628,0,0.02509692
2013-12-07,24.90741,0.1791736,4.508106,4.621628,0,0.02342379
2013-12-08,24.70572,0.1777227,4.508106,4.621628,0,0.0218622
2013-12-09,24.50403,0.1762718,4.508106,4.621628,0,0.02040472
2013-12-10,24.30234,0.1748209,4.508106,4.621628,0,0.01904441
2013-12-11,24.10064,0.1733701,4.508106,4.621628,0,0.01777478
2013-12-12,23.89895,0.1719192,4.508106,4.621628,0,0.0165898
2013-12-13,23.69726,0.1704683,4.508106,4.621628,0,0.01548381
2013-12-14,23.49557,0.1690174,4.508106,4.621628,0,0.01445156
2013-12-15,23.29388,0.1675665,4.508106,4.621628,0,0.01348812
2013-12-16,23.09218,0.1661156,4.508106,4.621628,0,0.01258891
2013-12-17,22.89049,0.1646647,4.508106,4.621628,0,0.01174965
2013-12-18,22.6888,0.1632138,4.508106,4.621628,0,0.01096634
2013-12-19,22.48711,0.1617629,4.508106,4.621628,0,0.01023525
2013-12-20,22.70731,0.163347,4.508106,4.621628,0,0.009552901
2013-12-21,22.92751,0.164931,4.508106,4.621628,0,0.008916041
2013-12-22,23.14771,0.1665151,4.508106,4.621628,0,0.008321638
2013-12-23,23.36792,0.1680991,4.508106,4.621628,0,0.007766862
2013-12-24,23.58812,0.1696831,4.508106,4.621628,0,0.007249071
2013-12-25,23.80832,0.1712672,4.508106,4.621628,0,0.0067658
2013-12-26,24.02852,0.1728512,4.508106,4.621628,0,0.006314747
2013-12-27,24.24872,0.1744353,4.508106,4.621628,0,0.005893764
2013-12-28,24.46892,0.1760193,4.508106,4.621628,0,0.005500846
2013-12-29,24.68912,0.1776033,4.508106,4.621628,0,0.005134123
2013-12-30,24.90933,0.1791874,4.508106,4.621628,0,0.004791848
2013-12-31,25.12953,0.1807714,4.508106,4.621628,0,0.004472392
2014-01-01,25.34973,0.1823555,5.222557,4.842862,0,0.004174232
2014-01-02,25.56993,0.1839395,5.222557,4.842862,0,0.00389595
2014-01-03,24.80027,0.1784029,5.222557,4.842862,0,0.00363622
2014-01-04,24.03061,0.1728663,5.222557,4.842862,0,0.003393805
2014-01-05,23.26095,0.1673296,5.222557,4.842862,0,0.003167552
2014-01-06,22.49129,0.161793,5.222557,4.842862,0,0.002956382
2014-01-07,21.72163,0.1562564,5.222557,4.842862,0,0.002759289
2014-01-08,20.95197,0.1507198,5.222557,4.842862,0,0.002575337
2014-01-09,20.18231,0.1451832,5.222557,4.842862,0,0.002403648
2014-01-10,19.41265,0.1396466,5.222557,4.842862,0,0.002243404
2014-01-11,18.64299,0.13411,5.222557,4.842862,0,0.002093844
2014-01-12,17.87333,0.1285733,5.222557,4.842862,0,0.001954255
2014-01-13,17.10367,0.1230367,5.222557,4.842862,0,0.001823971
2014-01-14,16.33401,0.1175001,5.222557,4.842862,0,0.001702373
2014-01-15,15.56435,0.1119635,5.222557,4.842862,0,0.001588881
2014-01-16,14.79469,0.1064269,5.222557,4.842862,0,0.001482956
2014-01-17,17.07616,0.1228388,5.222557,4.842862,0,0.001384092
2014-01-18,19.35763,0.1392508,5.222557,4.842862,0,0.001291819
2014-01-19,21.6391,0.1556627,5.222557,4.842862,0,0.001205698
2014-01-20,23.92056,0.1720746,5.222557,4.842862,0,0.001125318
2014-01-21,26.20203,0.1884866,5.222557,4.842862,0,0.001050297
2014-01-22,28.4835,0.2048985,5.222557,4.842862,0,0.0009802772
2014-01-23,30.76497,0.2213104,5.222557,4.842862,0,0.0009149254
2014-01-24,33.04643,0.2377224,5.222557,4.842862,0,0.0008539304
2014-01-25,35.3279,0.2541343,5.222557,4.842862,0,0.0007970017
2014-01-26,37.60937,0.2705462,5.222557,4.842862,0,0.0007438682
2014-01-27,39.89084,0.2869582,5.222557,4.842862,0,0.000694277
2014-01-28,42.17231,0.3033701,5.222557,4.842862,0,0.0006479919
2014-01-29,44.45377,0.319782,5.222557,4.842862,0,0.0006047924
2014-01-30,46.73524,0.336194,5.222557,4.842862,0,0.0005644729
2014-01-31,48.15796,0.3464284,5.222557,4.842862,0,0.0005268414
2014-02-01,49.58068,0.3566629,5.222557,4.842862,0,0.0004917186
2014-02-02,51.0034,0.3668973,5.222557,4.842862,0,0.0004589374
2014-02-03,52.42612,0.3771318,5.222557,4.842862,0,0.0004283416
2014-02-04,53.84883,0.3873662,5.222557,4.842862,0.04591,0.003460452
2014-02-05,55.27155,0.3976007,5.222557,4.842862,0.15108,0.01330176
2014-02-06,56.69427,0.4078351,5.222557,4.842862,0.25449,0.02938097
2014-02-07,58.11699,0.4180695,5.222557,4.842862,0.35622,0.05117024
2014-02-08,59.53971,0.428304,5.222557,4.842862,0.45634,0.07818156
2014-02-09,60.96243,0.4385384,5.222557,4.842862,0.55495,0.1099661
2014-02-10,62.38515,0.4487729,5.222557,4.842862,0.65211,0.146109
2014-02-11,63.80786,0.4590073,5.222557,4.842862,0.74788,0.1862271
2014-02-12,65.23058,0.4692418,5.222557,4.842862,0.84233,0.2299673
2014-02-13,66.6533,0.4794762,5.222557,4.842862,0.93552,0.2770041
2014-02-14,67.93652,0.4887071,5.222557,4.842862,1.01852,0.3264385
2014-02-15,69.21973,0.4979381,5.222557,4.842862,1.10058,0.378048
2014-02-16,70.50294,0.507169,5.222557,4.842862,1.18173,0.4316268
2014-02-17,71.78616,0.5163999,5.222557,4.842862,1.26201,0.4869857
2014-02-18,73.06937,0.5256308,5.222557,4.842862,1.34143,0.5439486
2014-02-19,74.35259,0.5348617,5.222557,4.842862,1.42004,0.6023547
2014-02-20,75.6358,0.5440926,5.222557,4.842862,1.49787,0.6620557
2014-02-21,76.91901,0.5533235,5.222557,4.842862,1.57493,0.722914
2014-02-22,78.20223,0.5625544,5.222557,4.842862,1.65126,0.7848037
2014-02-23,79.48544,0.5717853,5.222557,4.842862,1.72689,0.8476095
2014-02-24,80.76866,0.5810162,5.222557,4.842862,1.80182,0.9112235
2014-02-25,82.05187,0.5902472,5.222557,4.842862,1.8761,0.9755486
2014-02-26,83.33508,0.5994781,5.222557,4.842862,1.94973,1.040494
2014-02-27,84.6183,0.608709,5.222557,4.842862,2.02275,1.105978
2014-02-28,84.68781,0.609209,5.222557,4.842862,2.02669,1.167359
2014-03-01,84.75733,0.6097091,5.222557,4.842862,2.03062,1.224909
2014-03-02,84.82684,0.6102092,5.222557,4.842862,2.03456,1.278886
2014-03-03,84.89636,0.6107092,5.222557,4.842862,2.03849,1.329526
2014-03-04,84.96588,0.6112093,5.222557,4.842862,2.04242,1.377053
2014-03-05,85.03539,0.6117094,5.222557,4.842862,2.04635,1.421672
2014-03-06,85.10491,0.6122094,5.222557,4.842862,2.05028,1.46358
2014-03-07,85.17442,0.6127095,5.222557,4.842862,2.05421,1.502955
2014-03-08,85.24394,0.6132096,5.222557,4.842862,2.05813,1.539967
2014-03-09,85.31345,0.6137096,5.222557,4.842862,2.06205,1.574772
2014-03-10,85.38297,0.6142097,5.222557,4.842862,2.06597,1.607519
2014-03-11,85.45248,0.6147098,5.222557,4.842862,2.06989,1.638343
2014-03-12,85.522,0.6152098,5.222557,4.842862,2.07381,1.667375
2014-03-13,85.59152,0.6157099,5.222557,4.842862,2.07772,1.694731
2014-03-14,89.1529,0.641329,5.222557,4.842862,2.27608,1.733488
2014-03-15,92.71429,0.6669482,5.222557,4.842862,2.4703,1.782608
2014-03-16,96.27567,0.6925673,5.222557,4.842862,2.6607,1.841148
2014-03-17,99.83706,0.7181865,5.222557,4.842862,2.84759,1.908244
2014-03-18,103.3984,0.7438056,5.222557,4.842862,3.03123,1.98311
2014-03-19,106.9598,0.7694247,5.222557,4.842862,3.21187,2.065027
2014-03-20,110.5212,0.7950439,5.222557,4.842862,3.38972,2.15334
2014-03-21,114.0826,0.820663,5.222557,4.842862,3.56498,2.247449
2014-03-22,117.644,0.8462821,5.222557,4.842862,3.73783,2.346808
2014-03-23,121.2054,0.8719013,5.222557,4.842862,3.90842,2.450915
2014-03-24,124.7668,0.8975204,5.222557,4.842862,4.07692,2.559316
2014-03-25,128.3282,0.9231396,5.222557,4.842862,4.24346,2.671592
2014-03-26,131.8895,0.9487587,5.222557,4.842862,4.40816,2.787363
2014-03-27,135.4509,0.9743778,5.222557,4.842862,4.57114,2.906282
2014-03-28,135.5106,0.9748073,5.222557,4.842862,4.57385,3.017453
2014-03-29,135.5703,0.9752368,5.222557,4.842862,4.57657,3.121394
2014-03-30,135.63,0.9756663,5.222557,4.842862,4.57929,3.218587
2014-03-31,135.6897,0.9760958,5.222557,4.842862,4.58201,3.309482
2014-04-01,135.7495,0.9765253,5.222557,4.842862,4.58472,3.394498
2014-04-02,135.8092,0.9769548,5.222557,4.842862,4.58744,3.474027
2014-04-03,135.8689,0.9773843,5.222557,4.842862,4.59015,3.548435
2014-04-04,135.9286,0.9778138,5.222557,4.842862,4.59287,3.618064
2014-04-05,135.9883,0.9782433,5.222557,4.842862,4.59558,3.683232
2014-04-06,136.048,0.9786728,5.222557,4.842862,4.5983,3.744237
2014-04-07,136.1077,0.9791023,5.222557,4.842862,4.60101,3.801355
2014-04-08,136.1674,0.9795318,5.222557,4.842862,4.60372,3.854846
2014-04-09,136.2271,0.9799613,5.222557,4.842862,4.60644,3.904952
2014-04-10,136.2868,0.9803907,5.222557,4.842862,4.60915,3.951899
2014-04-11,136.9249,0.9849813,5.222557,4.842862,4.63811,3.997646
2014-04-12,137.5631,0.9895719,5.222557,4.842862,4.66702,4.042271
2014-04-13,138.2013,0.9941625,5.222557,4.842862,4.69589,4.085846
2014-04-14,138.8394,0.9987531,5.222557,4.842862,4.7247,4.128436
2014-04-15,139.4776,1.003344,5.222557,4.842862,4.75347,4.170105
2014-04-16,140.1157,1.007934,5.222557,4.842862,4.78218,4.21091
2014-04-17,140.7539,1.012525,5.222557,4.842862,4.81085,4.250906
2014-04-18,141.392,1.017116,5.222557,4.842862,4.83947,4.290143
2014-04-19,142.0302,1.021706,5.222557,4.842862,4.84286,4.326991
2014-04-20,142.6683,1.026297,5.222557,4.842862,4.84286,4.361383
2014-04-21,143.3065,1.030887,5.222557,4.842862,4.84286,4.393481
2014-04-22,143.9446,1.035478,5.222557,4.842862,4.84286,4.42344
2014-04-23,144.5828,1.040069,5.222557,4.842862,4.84286,4.451401
2014-04-24,145.2209,1.044659,5.222557,4.842862,4.84286,4.477498
2014-04-25,146.3292,1.052632,5.222557,4.842862,4.84286,4.501856
2014-04-26,147.4375,1.060605,5.222557,4.842862,4.84286,4.524589
2014-04-27,148.5458,1.068577,5.222557,4.842862,4.84286,4.545807
2014-04-28,149.6542,1.07655,5.222557,4.842862,4.84286,4.565611
2014-04-29,150.7625,1.084523,5.222557,4.842862,4.84286,4.584094
2014-04-30,151.8708,1.092495,5.222557,4.842862,4.84286,4.601345
2014-05-01,152.9791,1.100468,5.222557,4.842862,4.84286,4.617446
2014-05-02,154.0874,1.108441,5.222557,4.842862,4.84286,4.632474
2014-05-03,155.1957,1.116414,5.222557,4.842862,4.84286,4.6465
2014-05-04,156.304,1.124386,5.222557,4.842862,4.84286,4.65959
2014-05-05,157.4123,1.132359,5.222557,4.842862,4.84286,4.671808
2014-05-06,158.5206,1.140332,5.222557,4.842862,4.84286,4.683212
2014-05-07,159.6289,1.148304,5.222557,4.842862,4.84286,4.693855
2014-05-08,160.7372,1.156277,5.222557,4.842862,4.84286,4.703789
2014-05-09,162.8199,1.171259,5.222557,4.842862,4.84286,4.71306
2014-05-10,164.9025,1.18624,5.222557,4.842862,4.84286,4.721713
2014-05-11,166.9852,1.201222,5.222557,4.842862,4.84286,4.72979
2014-05-12,169.0678,1.216204,5.222557,4.842862,4.84286,4.737328
2014-05-13,171.1505,1.231185,5.222557,4.842862,4.84286,4.744363
2014-05-14,173.2331,1.246167,5.222557,4.842862,4.84286,4.75093
2014-05-15,175.3157,1.261149,5.222557,4.842862,4.84286,4.757058
2014-05-16,177.3984,1.27613,5.222557,4.842862,4.84286,4.762779
2014-05-17,179.481,1.291112,5.222557,4.842862,4.84286,4.768117
2014-05-18,181.5637,1.306094,5.222557,4.842862,4.84286,4.7731
2014-05-19,183.6463,1.321076,5.222557,4.842862,4.84286,4.777751
2014-05-20,185.729,1.336057,5.222557,4.842862,4.84286,4.782091
2014-05-21,187.8116,1.351039,5.222557,4.842862,4.84286,4.786143
2014-05-22,189.8942,1.366021,5.222557,4.842862,4.84286,4.789924
2014-05-23,192.4577,1.384461,5.222557,4.842862,4.84286,4.793453
2014-05-24,195.0212,1.402902,5.222557,4.842862,4.84286,4.796747
2014-05-25,197.5846,1.421342,5.222557,4.842862,4.84286,4.799821
2014-05-26,200.1481,1.439783,5.222557,4.842862,4.84286,4.80269
2014-05-27,202.7116,1.458223,5.222557,4.842862,4.84286,4.805368
2014-05-28,205.275,1.476663,5.222557,4.842862,4.84286,4.807868
2014-05-29,207.8385,1.495104,5.222557,4.842862,4.84286,4.8102
2014-05-30,210.402,1.513544,5.222557,4.842862,4.84286,4.812378
2014-05-31,212.9654,1.531985,5.222557,4.842862,4.84286,4.81441
2014-06-01,215.5289,1.550425,5.222557,4.842862,4.84286,4.816307
2014-06-02,218.0923,1.568866,5.222557,4.842862,4.84286,4.818077
2014-06-03,220.6558,1.587306,5.222557,4.842862,4.84286,4.819729
2014-06-04,223.2193,1.605747,5.222557,4.842862,4.84286,4.821271
2014-06-05,225.7827,1.624187,5.222557,4.842862,4.84286,4.82271
2014-06-06,221.7226,1.59498,5.222557,4.842862,4.84286,4.824054
2014-06-07,217.6625,1.565774,5.222557,4.842862,4.84286,4.825307
2014-06-08,213.6023,1.536567,5.222557,4.842862,4.84286,4.826478
2014-06-09,209.5422,1.50736,5.222557,4.842862,4.84286,4.82757
2014-06-10,205.482,1.478153,5.222557,4.842862,4.84286,4.828589
2014-06-11,201.4219,1.448946,5.222557,4.842862,4.84286,4.82954
2014-06-12,197.3618,1.419739,5.222557,4.842862,4.84286,4.830428
2014-06-13,193.3016,1.390532,5.222557,4.842862,4.84286,4.831257
2014-06-14,189.2415,1.361325,5.222557,4.842862,4.84286,4.832031
2014-06-15,185.1814,1.332118,5.222557,4.842862,4.84286,4.832753
2014-06-16,181.1212,1.302911,5.222557,4.842862,4.84286,4.833427
2014-06-17,177.0611,1.273704,5.222557,4.842862,4.84286,4.834055
2014-06-18,173.0009,1.244497,5.222557,4.842862,4.84286,4.834642
2014-06-19,168.9408,1.21529,5.222557,4.842862,4.84286,4.83519
2014-06-20,170.9405,1.229675,5.222557,4.842862,4.84286,4.835702
2014-06-21,172.9402,1.24406,5.222557,4.842862,4.84286,4.836179
2014-06-22,174.9398,1.258445,5.222557,4.842862,4.84286,4.836624
2014-06-23,176.9395,1.272829,5.222557,4.842862,4.84286,4.83704
2014-06-24,178.9392,1.287214,5.222557,4.842862,4.84286,4.837428
2014-06-25,180.9389,1.301599,5.222557,4.842862,4.84286,4.83779
2014-06-26,182.9385,1.315984,5.222557,4.842862,4.84286,4.838128
2014-06-27,184.9382,1.330369,5.222557,4.842862,4.84286,4.838444
2014-06-28,186.9379,1.344754,5.222557,4.842862,4.84286,4.838738
2014-06-29,188.9375,1.359138,5.222557,4.842862,4.84286,4.839013
2014-06-30,190.9372,1.373523,5.222557,4.842862,4.84286,4.839269
2014-07-01,192.9369,1.387908,5.222557,4.842862,4.84286,4.839509
2014-07-02,194.9366,1.402293,5.222557,4.842862,4.84286,4.839732
2014-07-03,196.9362,1.416678,5.222557,4.842862,4.84286,4.839941
2014-07-04,196.8323,1.41593,5.222557,4.842862,4.84286,4.840135
2014-07-05,196.7283,1.415182,5.222557,4.842862,4.84286,4.840317
2014-07-06,196.6243,1.414434,5.222557,4.842862,4.84286,4.840486
2014-07-07,196.5203,1.413686,5.222557,4.842862,4.84286,4.840645
2014-07-08,196.4163,1.412938,5.222557,4.842862,4.84286,4.840792
2014-07-09,196.3123,1.41219,5.222557,4.842862,4.84286,4.84093
2014-07-10,196.2083,1.411442,5.222557,4.842862,4.84286,4.841059
2014-07-11,196.1044,1.410694,5.222557,4.842862,4.84286,4.841179
2014-07-12,196.0004,1.409946,5.222557,4.842862,4.84286,4.841291
2014-07-13,195.8964,1.409198,5.222557,4.842862,4.84286,4.841396
2014-07-14,195.7924,1.408449,5.222557,4.842862,4.84286,4.841493
2014-07-15,195.6884,1.407701,5.222557,4.842862,4.84286,4.841584
2014-07-16,195.5844,1.406953,5.222557,4.842862,4.84286,4.841669
2014-07-17,195.4805,1.406205,5.222557,4.842862,4.84286,4.841749
2014-07-18,194.3156,1.397826,5.222557,4.842862,4.84286,4.841823
2014-07-19,193.1508,1.389447,5.222557,4.842862,4.84286,4.841892
2014-07-20,191.9859,1.381067,5.222557,4.842862,4.84286,4.841957
2014-07-21,190.8211,1.372688,5.222557,4.842862,4.84286,4.842017
2014-07-22,189.6562,1.364308,5.222557,4.842862,4.84286,4.842073
2014-07-23,188.4914,1.355929,5.222557,4.842862,4.84286,4.842125
2014-07-24,187.3265,1.34755,5.222557,4.842862,4.84286,4.842174
2014-07-25,186.1617,1.33917,5.222557,4.842862,4.84286,4.84222
2014-07-26,184.9969,1.330791,5.222557,4.842862,4.84286,4.842263
2014-07-27,183.832,1.322411,5.222557,4.842862,4.84286,4.842303
2014-07-28,182.6672,1.314032,5.222557,4.842862,4.84286,4.84234
2014-07-29,181.5023,1.305653,5.222557,4.842862,4.84286,4.842374
2014-07-30,180.3375,1.297273,5.222557,4.842862,4.84286,4.842407
2014-07-31,179.1726,1.288894,5.222557,4.842862,4.84286,4.842437
2014-08-01,177.1303,1.274202,5.222557,4.842862,4.84286,4.842465
2014-08-02,175.088,1.259511,5.222557,4.842862,4.84286,4.842492
2014-08-03,173.0457,1.244819,5.222557,4.842862,4.84286,4.842516
2014-08-04,171.0034,1.230128,5.222557,4.842862,4.84286,4.842539
2014-08-05,168.9611,1.215436,5.222557,4.842862,4.84286,4.84256
2014-08-06,166.9188,1.200744,5.222557,4.842862,4.84286,4.84258
2014-08-07,164.8764,1.186053,5.222557,4.842862,4.84286,4.842599
2014-08-08,162.8341,1.171361,5.222557,4.842862,4.84286,4.842616
2014-08-09,160.7918,1.15667,5.222557,4.842862,4.84286,4.842633
2014-08-10,158.7495,1.141978,5.222557,4.842862,4.84286,4.842648
2014-08-11,156.7072,1.127287,5.222557,4.842862,4.84286,4.842662
2014-08-12,154.6649,1.112595,5.222557,4.842862,4.84286,4.842675
2014-08-13,152.6226,1.097904,5.222557,4.842862,4.84286,4.842687
2014-08-14,150.5803,1.083212,5.222557,4.842862,4.84286,4.842699
2014-08-15,148.0651,1.065119,5.222557,4.842862,4.84286,4.84271
2014-08-16,145.5499,1.047026,5.222557,4.842862,4.84286,4.84272
2014-08-17,143.0347,1.028932,5.222557,4.842862,4.84286,4.842729
2014-08-18,140.5195,1.010839,5.222557,4.842862,4.80033,4.839902
2014-08-19,138.0043,0.9927459,5.222557,4.842862,4.68699,4.829708
2014-08-20,135.4891,0.9746527,5.222557,4.842862,4.57287,4.812586
2014-08-21,132.9739,0.9565595,5.222557,4.842862,4.45796,4.788944
2014-08-22,130.4588,0.9384663,5.222557,4.842862,4.3422,4.759161
2014-08-23,127.9436,0.9203731,5.222557,4.842862,4.22557,4.723588
2014-08-24,125.4284,0.9022799,5.222557,4.842862,4.10801,4.68255
2014-08-25,122.9132,0.8841866,5.222557,4.842862,3.98948,4.636345
2014-08-26,120.398,0.8660934,5.222557,4.842862,3.86994,4.585251
2014-08-27,117.8828,0.8480002,5.222557,4.842862,3.74934,4.529524
2014-08-28,115.3676,0.829907,5.222557,4.842862,3.62762,4.469397
2014-08-29,113.9479,0.8196943,5.222557,4.842862,3.5584,4.408664
2014-08-30,112.5283,0.8094817,5.222557,4.842862,3.4888,4.34734
2014-08-31,111.1086,0.799269,5.222557,4.842862,3.4188,4.285437
2014-09-01,109.6889,0.7890564,5.222557,4.842862,3.3484,4.222968
2014-09-02,108.2692,0.7788437,5.222557,4.842862,3.27757,4.159941
2014-09-03,106.8495,0.7686311,5.222557,4.842862,3.20632,4.096367
2014-09-04,105.4298,0.7584184,5.222557,4.842862,3.13462,4.03225
2014-09-05,104.0101,0.7482058,5.222557,4.842862,3.06247,3.967598
2014-09-06,102.5904,0.7379931,5.222557,4.842862,2.98984,3.902414
2014-09-07,101.1707,0.7277805,5.222557,4.842862,2.91673,3.836702
2014-09-08,99.75106,0.7175678,5.222557,4.842862,2.84312,3.770463
2014-09-09,98.33137,0.7073552,5.222557,4.842862,2.76899,3.703698
2014-09-10,96.91168,0.6971425,5.222557,4.842862,2.69433,3.636407
2014-09-11,95.49199,0.6869298,5.222557,4.842862,2.61911,3.568587
2014-09-12,95.7637,0.6888844,5.222557,4.842862,2.63355,3.506251
2014-09-13,96.03541,0.690839,5.222557,4.842862,2.64797,3.449033
2014-09-14,96.30712,0.6927935,5.222557,4.842862,2.66237,3.396589
2014-09-15,96.57883,0.6947481,5.222557,4.842862,2.67674,3.348599
2014-09-16,96.85054,0.6967027,5.222557,4.842862,2.6911,3.304765
2014-09-17,97.12225,0.6986572,5.222557,4.842862,2.70543,3.26481
2014-09-18,97.39396,0.7006118,5.222557,4.842862,2.71975,3.228472
2014-09-19,97.66567,0.7025663,5.222557,4.842862,2.73404,3.19551
2014-09-20,97.93738,0.7045209,5.222557,4.842862,2.74832,3.165698
2014-09-21,98.20908,0.7064755,5.222557,4.842862,2.76258,3.138823
2014-09-22,98.48079,0.70843,5.222557,4.842862,2.77681,3.114689
2014-09-23,98.7525,0.7103846,5.222557,4.842862,2.79103,3.093112
2014-09-24,99.02421,0.7123392,5.222557,4.842862,2.80523,3.073919
2014-09-25,99.29592,0.7142937,5.222557,4.842862,2.81941,3.056952
2014-09-26,97.5568,0.7017832,5.222557,4.842862,2.72832,3.035043
2014-09-27,95.81768,0.6892727,5.222557,4.842862,2.63642,3.008468
2014-09-28,94.07855,0.6767621,5.222557,4.842862,2.54367,2.977482
2014-09-29,92.33943,0.6642516,5.222557,4.842862,2.45004,2.942319
2014-09-30,90.60031,0.6517411,5.222557,4.842862,2.35549,2.903197
2014-10-01,88.86118,0.6392305,5.222557,4.842862,2.26,2.860317
2014-10-02,87.12206,0.62672,5.222557,4.842862,2.1635,2.813863
2014-10-03,85.38294,0.6142095,5.222557,4.842862,2.06597,2.764003
2014-10-04,83.64382,0.601699,5.222557,4.842862,1.96736,2.710894
2014-10-05,81.90469,0.5891884,5.222557,4.842862,1.86761,2.654675
2014-10-06,80.16557,0.5766779,5.222557,4.842862,1.76669,2.595476
2014-10-07,78.42645,0.5641674,5.222557,4.842862,1.66453,2.533413
2014-10-08,76.68732,0.5516568,5.222557,4.842862,1.56107,2.46859
2014-10-09,74.9482,0.5391463,5.222557,4.842862,1.45626,2.401101
2014-10-10,73.87742,0.5314436,5.222557,4.842862,1.39103,2.333763
2014-10-11,72.80664,0.5237408,5.222557,4.842862,1.32524,2.266528
2014-10-12,71.73586,0.516038,5.222557,4.842862,1.25888,2.199352
2014-10-13,70.66508,0.5083353,5.222557,4.842862,1.19192,2.13219
2014-10-14,69.5943,0.5006325,5.222557,4.842862,1.12436,2.065001
2014-10-15,68.52352,0.4929298,5.222557,4.842862,1.05618,1.997746
2014-10-16,67.45274,0.485227,5.222557,4.842862,0.98734,1.930386
2014-10-17,66.38195,0.4775243,5.222557,4.842862,0.91784,1.862883
2014-10-18,65.31117,0.4698215,5.222557,4.842862,0.84764,1.7952
2014-10-19,64.24039,0.4621188,5.222557,4.842862,0.77673,1.727302
2014-10-20,63.16961,0.454416,5.222557,4.842862,0.70508,1.659154
2014-10-21,62.09883,0.4467133,5.222557,4.842862,0.63267,1.590722
2014-10-22,61.02805,0.4390105,5.222557,4.842862,0.55946,1.521971
2014-10-23,59.95727,0.4313077,5.222557,4.842862,0.48544,1.452869
2014-10-24,57.99494,0.4171916,5.222557,4.842862,0.34755,1.379181
2014-10-25,56.03261,0.4030754,5.222557,4.842862,0.20661,1.301009
2014-10-26,54.07028,0.3889592,5.222557,4.842862,0.0624,1.218435
2014-10-27,52.10795,0.374843,5.222557,4.842862,0,1.137206
2014-10-28,50.14562,0.3607268,5.222557,4.842862,0,1.061393
2014-10-29,48.18329,0.3466107,5.222557,4.842862,0,0.9906332
2014-10-30,46.22097,0.3324945,5.222557,4.842862,0,0.924591
2014-10-31,44.25864,0.3183783,5.222557,4.842862,0,0.8629516
2014-11-01,42.29631,0.3042621,5.222557,4.842862,0,0.8054215
2014-11-02,40.33398,0.2901459,5.222557,4.842862,0,0.7517267
2014-11-03,38.37165,0.2760297,5.222557,4.842862,0,0.7016116
2014-11-04,36.40932,0.2619136,5.222557,4.842862,0,0.6548375
2014-11-05,34.44699,0.2477974,5.222557,4.842862,0,0.6111816
2014-11-06,32.48466,0.2336812,5.222557,4.842862,0,0.5704362
2014-11-07,31.49927,0.2265927,5.222557,4.842862,0,0.5324071
2014-11-08,30.51387,0.2195042,5.222557,4.842862,0,0.4969133
2014-11-09,29.52848,0.2124156,5.222557,4.842862,0,0.4637858
2014-11-10,28.54308,0.2053271,5.222557,4.842862,0,0.4328667
2014-11-11,27.55769,0.1982386,5.222557,4.842862,0,0.4040089
2014-11-12,26.57229,0.1911501,5.222557,4.842862,0,0.377075
2014-11-13,25.5869,0.1840616,5.222557,4.842862,0,0.3519367
2014-11-14,24.6015,0.176973,5.222557,4.842862,0,0.3284742
2014-11-15,23.61611,0.1698845,5.222557,4.842862,0,0.3065759
2014-11-16,22.63071,0.162796,5.222557,4.842862,0,0.2861375
2014-11-17,21.64532,0.1557075,5.222557,4.842862,0,0.2670617
2014-11-18,20.65993,0.1486189,5.222557,4.842862,0,0.2492576
2014-11-19,19.67453,0.1415304,5.222557,4.842862,0,0.2326404
2014-11-20,18.68914,0.1344419,5.222557,4.842862,0,0.2171311
2014-11-21,18.42089,0.1325123,5.222557,4.842862,0,0.2026557
2014-11-22,18.15264,0.1305826,5.222557,4.842862,0,0.1891453
2014-11-23,17.8844,0.128653,5.222557,4.842862,0,0.1765356
2014-11-24,17.61615,0.1267233,5.222557,4.842862,0,0.1647666
2014-11-25,17.34791,0.1247937,5.222557,4.842862,0,0.1537821
2014-11-26,17.07966,0.122864,5.222557,4.842862,0,0.14353
2014-11-27,16.81141,0.1209344,5.222557,4.842862,0,0.1339613
2014-11-28,16.54317,0.1190047,5.222557,4.842862,0,0.1250306
2014-11-29,16.27492,0.1170751,5.222557,4.842862,0,0.1166952
2014-11-30,16.00668,0.1151454,5.222557,4.842862,0,0.1089155
2014-12-01,15.73843,0.1132158,5.222557,4.842862,0,0.1016545
2014-12-02,15.47019,0.1112861,5.222557,4.842862,0,0.09487751
2014-12-03,15.20194,0.1093565,5.222557,4.842862,0,0.08855234
2014-12-04,14.93369,0.1074268,5.222557,4.842862,0,0.08264885
2014-12-05,14.82122,0.1066177,5.222557,4.842862,0,0.07713893
2014-12-06,14.70875,0.1058087,5.222557,4.842862,0,0.07199633
2014-12-07,14.59628,0.1049996,5.222557,4.842862,0,0.06719658
2014-12-08,14.48381,0.1041906,5.222557,4.842862,0,0.06271681
2014-12-09,14.37135,0.1033815,5.222557,4.842862,0,0.05853569
2014-12-10,14.25888,0.1025724,5.222557,4.842862,0,0.05463331
2014-12-11,14.14641,0.1017634,5.222557,4.842862,0,0.05099109
2014-12-12,14.03394,0.1009543,5.222557,4.842862,0,0.04759168
2014-12-13,13.92147,0.1001453,5.222557,4.842862,0,0.0444189
2014-12-14,13.809,0.09933621,5.222557,4.842862,0,0.04145764
2014-12-15,13.69653,0.09852715,5.222557,4.842862,0,0.0386938
2014-12-16,13.58406,0.09771809,5.222557,4.842862,0,0.03611421
2014-12-17,13.47159,0.09690903,5.222557,4.842862,0,0.0337066
