time,Ls_daily_hh,Ls_daily_lagged_hh,Ls_daily_ft,Ls_daily_lagged_ft
2004-01-01,0.15400117,0.23168818,0.30592763,0.35391316
2004-01-02,0.13296687,0.22924802,0.30839281,0.35213252
2004-01-03,0.1185034,0.22633305,0.31085801,0.35051512
2004-01-04,0.15391315,0.22533833,0.31332319,0.34906099
2004-01-05,0.14274236,0.22678057,0.31578836,0.34777011
2004-01-06,0.17965451,0.2234522,0.31825354,0.34664249
2004-01-07,0.19427307,0.22018211,0.32071874,0.34567813
2004-01-08,0.29137183,0.21962917,0.32318392,0.34487702
2004-01-09,0.13494353,0.21654843,0.32564909,0.34423917
2004-01-10,0.088889725,0.21257531,0.3281143,0.34376458
2004-01-11,0.29280716,0.21061771,0.33057947,0.34345324
2004-01-12,0.32886601,0.21418992,0.33304465,0.34330517
2004-01-13,0.14104416,0.21264206,0.33550982,0.34332034
2004-01-14,0.19184789,0.21256827,0.33797503,0.34349878
2004-01-15,0.097103185,0.21317021,0.3404402,0.34359769
2004-01-16,0.19139485,0.2146916,0.34859011,0.34371679
2004-01-17,0.25909499,0.21729571,0.35674002,0.34385609
2004-01-18,0.10884318,0.21598347,0.36488993,0.34401559
2004-01-19,0.16258006,0.21508399,0.37303984,0.34419529
2004-01-20,0.055961559,0.21197195,0.38118975,0.34439519
2004-01-21,0.079964592,0.20713942,0.38933963,0.34461529
2004-01-22,0.12531546,0.20397046,0.39748954,0.34485559
2004-01-23,0.15660668,0.20457133,0.40563945,0.34511609
2004-01-24,0.18484579,0.20464744,0.41378936,0.34539678
2004-01-25,0.059190289,0.20248763,0.42193927,0.34569768
2004-01-26,0.32184176,0.20227153,0.43008918,0.34601877
2004-01-27,0.11311364,0.20024391,0.43823909,0.34636007
2004-01-28,0.24858255,0.20155711,0.446389,0.34672156
2004-01-29,0.27729424,0.20171693,0.45453891,0.34740847
2004-01-30,0.19177067,0.20004211,0.46750631,0.34850531
2004-01-31,0.47589873,0.20308102,0.48047372,0.35001208
2004-02-01,0.38162492,0.20561883,0.49344112,0.35192878
2004-02-02,0.20629642,0.20624657,0.50640853,0.35425541
2004-02-03,0.40879497,0.20801549,0.51937593,0.35699198
2004-02-04,0.54270101,0.21288906,0.53234334,0.36013848
2004-02-05,0.27183308,0.21198197,0.54531074,0.36369491
2004-02-06,0.48946448,0.21484058,0.55827815,0.36766127
2004-02-07,0.47971111,0.22113996,0.57124556,0.37203756
2004-02-08,0.255355,0.22138005,0.58421296,0.37682378
2004-02-09,0.22644203,0.2212813,0.59718037,0.38201994
2004-02-10,0.26580583,0.21876165,0.61014777,0.38762603
2004-02-11,0.10526133,0.21393719,0.62311518,0.39364205
2004-02-12,0.27528435,0.21269317,0.63608258,0.39978649
2004-02-13,0.23511044,0.21441675,0.64383645,0.40596789
2004-02-14,0.23790236,0.21705015,0.65159032,0.41218625
2004-02-15,0.33283298,0.21892332,0.65934422,0.41844158
2004-02-16,0.32593584,0.22041937,0.66709808,0.42473385
2004-02-17,0.37709513,0.22372922,0.67485195,0.43106309
2004-02-18,0.25372038,0.22518158,0.68260585,0.43742929
2004-02-19,0.1576431,0.22366501,0.69035972,0.44383245
2004-02-20,0.40870629,0.22570279,0.69811358,0.45027257
2004-02-21,0.50788973,0.23389678,0.70586748,0.45674964
2004-02-22,0.37073302,0.23966287,0.71362135,0.46326368
2004-02-23,0.21117447,0.23978912,0.72137522,0.46981467
2004-02-24,0.45552871,0.24444011,0.72912911,0.47640262
2004-02-25,0.39638982,0.24650767,0.73688298,0.48302753
2004-02-26,0.50514124,0.25157202,0.74463685,0.489721
2004-02-27,0.43244977,0.25645708,0.82081954,0.4987542
2004-02-28,0.51914518,0.26323214,0.89700222,0.50908068
2004-02-29,0.21619149,0.26494597,0.97318491,0.52070045
2004-03-01,0.47007082,0.27049259,1.0493676,0.53361351
2004-03-02,0.27810737,0.27286742,1.1255503,0.54781986
2004-03-03,0.18743612,0.27300394,1.201733,0.5633195
2004-03-04,0.41308015,0.27684266,1.2779157,0.58011243
2004-03-05,0.55618329,0.28148847,1.3540984,0.59819864
2004-03-06,0.51589996,0.28817192,1.4302811,0.61757815
2004-03-07,0.72999893,0.29941945,1.5064637,0.63825095
2004-03-08,0.53243634,0.30362347,1.5826464,0.66021704
2004-03-09,0.51621801,0.30691035,1.6588291,0.68347641
2004-03-10,0.45560544,0.31242897,1.7350118,0.70802908
2004-03-11,0.84911086,0.32395989,1.8111945,0.73387503
2004-03-12,1.0113272,0.33999891,1.8354963,0.76010409
2004-03-13,1.102637,0.35598562,1.8597981,0.78661651
2004-03-14,1.1591841,0.37177665,1.8840999,0.8134123
2004-03-15,1.3414086,0.39340061,1.9084017,0.84049145
2004-03-16,1.4687801,0.4163164,1.9327035,0.86785397
2004-03-17,1.6290891,0.44391513,1.9570053,0.89549986
2004-03-18,1.6131446,0.47081302,1.9813071,0.92342911
2004-03-19,1.4042943,0.49325125,2.0056089,0.95164173
2004-03-20,0.90395289,0.50636259,2.0299107,0.98013772
2004-03-21,1.0615411,0.5217432,2.0542125,1.0089171
2004-03-22,1.2387632,0.54243747,2.0785143,1.0379798
2004-03-23,1.0357357,0.55496192,2.1028161,1.0673259
2004-03-24,0.26305883,0.55759254,2.1271179,1.0969553
2004-03-25,0.41359605,0.56048751,2.1514197,1.1268682
2004-03-26,0.60837535,0.56629595,2.1788653,1.1571195
2004-03-27,0.65249537,0.57437884,2.2063109,1.1876248
2004-03-28,0.98435437,0.58329912,2.2337565,1.2183842
2004-03-29,1.3773347,0.60076771,2.2612021,1.2493975
2004-03-30,1.5875565,0.62500034,2.2886477,1.2806649
2004-03-31,1.6467195,0.64671832,2.3160933,1.3121862
2004-04-01,1.53556,0.66413689,2.3435389,1.3439616
2004-04-02,1.9838625,0.6941725,2.3709845,1.375991
2004-04-03,1.8746001,0.71847312,2.3984301,1.4082743
2004-04-04,1.6898485,0.7397036,2.4258757,1.4408117
2004-04-05,1.6075251,0.76342589,2.4533212,1.4736031
2004-04-06,1.1900777,0.78033178,2.4807668,1.5066485
2004-04-07,1.438691,0.80090871,2.5082124,1.5399478
2004-04-08,1.2319818,0.82067573,2.535658,1.5735012
2004-04-09,0.99579136,0.83331621,2.5624637,1.6072974
2004-04-10,1.4226515,0.85415026,2.5892693,1.6414278
2004-04-11,1.5215207,0.87666988,2.616075,1.6758924
2004-04-12,1.5917109,0.89875546,2.6428806,1.7106913
2004-04-13,0.80736941,0.90720166,2.6696863,1.7458244
2004-04-14,1.9979744,0.93563814,2.6964919,1.7812918
2004-04-15,2.3344596,0.97214234,2.7232976,1.8170934
2004-04-16,2.2261008,1.0084311,2.7501033,1.8532293
2004-04-17,2.1224189,1.0384962,2.7769089,1.8896994
2004-04-18,2.2387385,1.068862,2.8037146,1.9265037
2004-04-19,0.65072575,1.0737741,2.8305202,1.9636423
2004-04-20,1.8241122,1.1020713,2.8573259,2.0011151
2004-04-21,2.2783506,1.1340506,2.8841316,2.0389222
2004-04-22,2.5157437,1.1712323,2.9109372,2.0770635
2004-04-23,2.0091598,1.1976185,2.8684458,2.1143233
2004-04-24,0.74238931,1.2030561,2.8259543,2.1495011
2004-04-25,1.497539,1.2202209,2.7834629,2.1825969
2004-04-26,1.5619959,1.2438315,2.7409715,2.2136107
2004-04-27,1.8542101,1.2681146,2.69848,2.2425425
2004-04-28,2.4436445,1.3061065,2.6559886,2.2693923
2004-04-29,2.5975891,1.3483899,2.6134972,2.29416
2004-04-30,2.5550886,1.385969,2.5710057,2.3168458
2004-05-01,2.2148097,1.4150677,2.5285143,2.3374496
2004-05-02,0.83729716,1.4207063,2.4860229,2.3559714
2004-05-03,2.5405351,1.45247,2.4435314,2.3724112
2004-05-04,2.0241688,1.4786408,2.40104,2.386769
2004-05-05,1.9469496,1.5037413,2.3585486,2.3990448
2004-05-06,1.0612088,1.514366,2.3160571,2.4092385
2004-05-07,1.1788132,1.5201502,2.3480885,2.4186577
2004-05-08,1.7639009,1.5333533,2.3801198,2.4282125
2004-05-09,1.4291165,1.539081,2.4121511,2.4379029
2004-05-10,1.4161372,1.5435889,2.4441825,2.4477289
2004-05-11,2.0131957,1.5553747,2.4762139,2.4576906
2004-05-12,1.0863344,1.5486651,2.5082452,2.4677878
2004-05-13,0.75060953,1.5332532,2.5402765,2.4780206
2004-05-14,1.7461077,1.5355859,2.5723079,2.488389
2004-05-15,1.3812338,1.5351813,2.6043392,2.4988931
2004-05-16,1.6986701,1.5491237,2.6363705,2.5095327
2004-05-17,1.5499527,1.5576923,2.6684019,2.520308
2004-05-18,1.9074103,1.569423,2.7004332,2.5312188
2004-05-19,2.1931193,1.5897279,2.7324646,2.5422653
2004-05-20,2.0068149,1.6203201,2.7644959,2.5534474
2004-05-21,1.1291133,1.6328731,2.8244166,2.5652543
2004-05-22,1.5257707,1.6489677,2.8843373,2.577631
2004-05-23,1.0644394,1.6561948,2.944258,2.5905775
2004-05-24,1.5775395,1.6666016,3.0041787,2.6040937
2004-05-25,1.6106264,1.6706944,3.0640994,2.6181796
2004-05-26,1.1339442,1.6627363,3.1240201,2.6328352
2004-05-27,1.8311251,1.6659715,3.1839408,2.6480606
2004-05-28,2.0171764,1.6744209,3.2438615,2.6638558
2004-05-29,2.2297628,1.6787349,3.3037822,2.6802206
2004-05-30,2.4587097,1.6889825,3.3637028,2.6971552
2004-05-31,2.4827625,1.7028933,3.4236235,2.7146596
2004-06-01,1.2329485,1.6963217,3.4835442,2.7327337
2004-06-02,0.91746556,1.6915391,3.5434649,2.7513775
2004-06-03,2.0043912,1.7014636,3.6033856,2.7705911
2004-06-04,2.0149505,1.7151999,3.539644,2.7882049
2004-06-05,1.5196602,1.7243906,3.4759024,2.8042301
2004-06-06,2.2430094,1.7387829,3.4121608,2.8186668
2004-06-07,2.5691962,1.7571631,3.3484192,2.8315149
2004-06-08,2.7064528,1.77672,3.2846773,2.8427745
2004-06-09,2.5693848,1.8076326,3.2209357,2.8524456
2004-06-10,2.5997244,1.8181896,3.157194,2.8605281
2004-06-11,2.3051948,1.8176761,3.0934524,2.867022
2004-06-12,1.9154948,1.8122269,3.0297107,2.8719274
2004-06-13,2.0343449,1.8106818,2.965969,2.8752442
2004-06-14,2.2542827,1.8109545,2.9022274,2.8769725
2004-06-15,2.5748531,1.8447111,2.8384857,2.8771123
2004-06-16,2.0207852,1.8481615,2.774744,2.8756635
2004-06-17,2.4737353,1.8515893,2.7110023,2.8726261
2004-06-18,2.2466185,1.8468678,2.7627692,2.8700267
2004-06-19,1.8912849,1.8447998,2.8145361,2.8690809
2004-06-20,2.0580125,1.8678809,2.866303,2.8697888
2004-06-21,2.0972407,1.878402,2.9180698,2.8721503
2004-06-22,2.2163904,1.8898826,2.9698367,2.8761655
2004-06-23,2.2592576,1.8969887,3.0216036,2.8818343
2004-06-24,2.2562207,1.8937006,3.0733704,2.8891568
2004-06-25,1.9894897,1.8830322,3.1251373,2.8981329
2004-06-26,2.1801239,1.8764538,3.1769043,2.9087627
2004-06-27,2.2689331,1.8774034,3.2286709,2.9210462
2004-06-28,1.9851415,1.897541,3.2804378,2.9349833
2004-06-29,1.7353374,1.8834147,3.3322048,2.9505741
2004-06-30,1.7532114,1.8786611,3.3839717,2.9678185
2004-07-01,1.7402904,1.8750355,3.4357386,2.9867165
2004-07-02,1.9049331,1.8898377,3.4280162,3.0062246
2004-07-03,1.9928969,1.9041198,3.4202941,3.0250352
2004-07-04,2.2243133,1.9121972,3.412572,3.0431484
2004-07-05,2.1993777,1.9257106,3.4048495,3.0605642
2004-07-06,2.1783148,1.9390821,3.3971274,3.0772825
2004-07-07,2.3786855,1.9454942,3.3894053,3.0933034
2004-07-08,2.6087135,1.9722026,3.3816829,3.1086269
2004-07-09,2.0202273,1.9944766,3.3739608,3.1232529
2004-07-10,2.0624527,2.0000265,3.3662386,3.1371815
2004-07-11,2.1018857,2.0126696,3.3585162,3.1504127
2004-07-12,1.7420955,2.0134314,3.3507941,3.1629464
2004-07-13,1.1938559,2.0071841,3.343072,3.1747828
2004-07-14,1.9160214,2.0073352,3.3353495,3.1859216
2004-07-15,1.4489198,1.994279,3.3276274,3.1963631
2004-07-16,2.0067774,1.9942784,3.3868176,3.207281
2004-07-17,2.3780233,2.0161891,3.4460081,3.2181861
2004-07-18,2.3954586,2.0314468,3.5051983,3.2290784
2004-07-19,2.2810749,2.0527912,3.5643885,3.2399579
2004-07-20,2.3836723,2.0669339,3.6235787,3.2508246
2004-07-21,2.5407726,2.0832523,3.682769,3.2616784
2004-07-22,1.1452385,2.0834504,3.7419595,3.2725195
2004-07-23,2.3756641,2.0930037,3.8011497,3.2833477
2004-07-24,1.3987082,2.0821534,3.8603399,3.2941631
2004-07-25,2.2617696,2.0827149,3.9195301,3.3049657
2004-07-26,1.491868,2.0657528,3.9787203,3.3157555
2004-07-27,1.510065,2.0486879,4.0379108,3.3265325
2004-07-28,2.1142764,2.0641498,4.097101,3.3372966
2004-07-29,2.2798197,2.0880508,4.1562912,3.348048
2004-07-30,2.4486864,2.0958454,4.0526197,3.3559293
2004-07-31,2.5630836,2.1054618,3.9489484,3.36311
2004-08-01,2.3585706,2.1201795,3.8452769,3.3695903
2004-08-02,2.3081663,2.1213226,3.7416054,3.37537
2004-08-03,2.4274417,2.1188357,3.6379341,3.3804492
2004-08-04,2.440614,2.1141719,3.5342626,3.3848279
2004-08-05,2.6151427,2.1149746,3.4305914,3.3885061
2004-08-06,2.5527175,2.11415,3.3269198,3.3914837
2004-08-07,2.5052029,2.1176589,3.2232483,3.3937609
2004-08-08,2.4614663,2.1272373,3.1195771,3.3953375
2004-08-09,2.4275384,2.1341355,3.0159056,3.3962135
2004-08-10,2.4240306,2.1371135,2.9122342,3.3963891
2004-08-11,2.1409164,2.1295006,2.8085628,3.3958641
2004-08-12,2.3522952,2.1353165,2.7048913,3.3946386
2004-08-13,1.9857858,2.126756,2.7241759,3.3948698
2004-08-14,1.4281263,2.1123965,2.7434604,3.394531
2004-08-15,2.1289094,2.1165654,2.7627448,3.3936224
2004-08-16,2.2027581,2.1191047,2.7820294,3.3921439
2004-08-17,1.9037606,2.1157104,2.8013139,3.3900956
2004-08-18,1.8372201,2.1090583,2.8205984,3.3874773
2004-08-19,0.89728027,2.0851639,2.8398829,3.3842893
2004-08-20,1.1588715,2.0659122,2.8591674,3.3805313
2004-08-21,1.4702878,2.0568034,2.8784519,3.3762035
2004-08-22,1.4506947,2.0440064,2.8977364,3.3713058
2004-08-23,1.6277383,2.0327573,2.917021,3.3658383
2004-08-24,1.0861322,2.0169852,2.9363055,3.3598009
2004-08-25,1.5161271,2.0131394,2.95559,3.3531936
2004-08-26,1.2228717,2.0038352,2.9748745,3.3460164
2004-08-27,1.281683,1.9957895,2.9326719,3.3371907
2004-08-28,1.1358141,1.9822962,2.8904694,3.3277601
2004-08-29,1.413154,1.9721253,2.8482669,3.3177245
2004-08-30,1.0397712,1.9513438,2.8060643,3.307084
2004-08-31,1.3941886,1.9372177,2.7638618,3.2958386
2004-09-01,1.4215712,1.9239415,2.7216592,3.2839883
2004-09-02,1.5476865,1.9093626,2.6794567,3.2715331
2004-09-03,1.6548899,1.8926288,2.6372541,3.2584729
2004-09-04,1.6588262,1.8862884,2.5950516,3.2448078
2004-09-05,1.6082859,1.8783206,2.552849,3.2305378
2004-09-06,1.6509717,1.8704098,2.5106465,3.2156629
2004-09-07,1.657698,1.8689292,2.4684439,3.2001831
2004-09-08,1.5182117,1.8746196,2.4262414,3.1840984
2004-09-09,1.3742708,1.8651152,2.3840388,3.1674087
2004-09-10,1.5872899,1.8675428,2.3118846,3.1495886
2004-09-11,1.1230834,1.8520394,2.2397303,3.1294643
2004-09-12,0.81695278,1.8246522,2.1675761,3.1070357
2004-09-13,1.3031058,1.8054881,2.0954219,3.0823028
2004-09-14,1.3230685,1.788681,2.0232676,3.0552655
2004-09-15,1.3469423,1.7704927,1.9511133,3.025924
2004-09-16,1.0132991,1.7436949,1.8789591,2.9942783
2004-09-17,1.3304948,1.746945,1.8068049,2.9603282
2004-09-18,1.4642694,1.7309557,1.7346506,2.9240738
2004-09-19,1.324106,1.7296468,1.6624964,2.8855151
2004-09-20,1.1798697,1.7106661,1.5903421,2.8446522
2004-09-21,0.94562969,1.701083,1.5181879,2.801485
2004-09-22,0.75321838,1.687805,1.4460336,2.7560134
2004-09-23,0.54804679,1.6603273,1.3738794,2.7082376
2004-09-24,0.61899833,1.6311901,1.3766488,2.659472
2004-09-25,0.7586404,1.6015401,1.3794181,2.6125737
2004-09-26,0.36848365,1.5630384,1.3821875,2.5675428
2004-09-27,0.62139456,1.5325616,1.3849569,2.5243793
2004-09-28,0.70622138,1.5044573,1.3877263,2.4830832
2004-09-29,0.70794977,1.4742908,1.3904956,2.4436544
2004-09-30,0.79829382,1.4454782,1.393265,2.4060931
2004-10-01,0.94494327,1.4161764,1.3960344,2.3703991
2004-10-02,0.70759439,1.3838058,1.3988038,2.3365725
2004-10-03,1.0010326,1.3574169,1.4015732,2.3046133
2004-10-04,1.0786103,1.3331563,1.4043425,2.2745214
2004-10-05,1.216689,1.3119133,1.4071119,2.246297
2004-10-06,0.82916267,1.2839331,1.4098813,2.2199399
2004-10-07,0.94537236,1.2629587,1.4126506,2.1954502
2004-10-08,0.48217366,1.2301495,1.3801603,2.1722093
2004-10-09,0.7365754,1.2082336,1.3476699,2.1480601
2004-10-10,0.73848047,1.1961345,1.3151796,2.1230025
2004-10-11,0.75884777,1.1720983,1.2826892,2.0970367
2004-10-12,0.89353083,1.1491294,1.2501989,2.0701624
2004-10-13,0.9566463,1.1325134,1.2177085,2.0423799
2004-10-14,0.96054097,1.1171331,1.1852182,2.013689
2004-10-15,0.46479782,1.1095457,1.1527278,1.9840898
2004-10-16,0.52274095,1.0983855,1.1202374,1.9535822
2004-10-17,0.68124022,1.0845425,1.0877471,1.9221664
2004-10-18,0.72348446,1.0717845,1.0552567,1.8898422
2004-10-19,1.0461219,1.0615807,1.0227663,1.8566096
2004-10-20,0.95863848,1.0593439,0.99027599,1.8224688
2004-10-21,1.2367431,1.0544425,0.95778563,1.7874196
2004-10-22,1.1959484,1.0539701,0.91962742,1.7513626
2004-10-23,1.2043304,1.0526131,0.88146921,1.7153766
2004-10-24,1.2851398,1.0552328,0.84331103,1.6794615
2004-10-25,0.86563604,1.0456272,0.80515282,1.6436174
2004-10-26,0.13002788,1.0296668,0.76699461,1.6078443
2004-10-27,0.55361841,1.01492,0.7288364,1.5721421
2004-10-28,0.54901457,0.99961196,0.69067822,1.5365108
2004-10-29,0.80652373,0.9866091,0.65252001,1.5009505
2004-10-30,0.50981278,0.96652003,0.6143618,1.4654612
2004-10-31,0.64427811,0.94872094,0.57620359,1.4300428
2004-11-01,0.36494922,0.92690802,0.53804541,1.3946954
2004-11-02,0.20121465,0.90147368,0.4998872,1.3594189
2004-11-03,0.69642963,0.88460932,0.46172899,1.3242134
2004-11-04,0.56447617,0.86787712,0.42357081,1.2890788
2004-11-05,0.37989229,0.85043188,0.41673031,1.2545646
2004-11-06,0.27205579,0.8273576,0.40988984,1.2211963
2004-11-07,0.2846567,0.81264836,0.40304936,1.1889738
2004-11-08,0.21061231,0.80201081,0.39620889,1.1578972
2004-11-09,0.060534772,0.78021132,0.38936842,1.1279664
2004-11-10,0.3693714,0.76347979,0.38252794,1.0991815
2004-11-11,0.38066867,0.74652762,0.37568747,1.0715425
2004-11-12,0.32288934,0.73441517,0.368847,1.0450493
2004-11-13,0.31054573,0.71652132,0.36200649,1.0197019
2004-11-14,0.31535734,0.69636497,0.35516602,0.99550046
2004-11-15,0.40439034,0.68022961,0.34832555,0.97244483
2004-11-16,0.12525033,0.66172752,0.34148507,0.95053505
2004-11-17,0.22927175,0.64915983,0.3346446,0.92977114
2004-11-18,0.19605419,0.63938502,0.32780412,0.91015308
2004-11-19,0.06279224,0.63087178,0.33480269,0.89192366
2004-11-20,0.104676,0.62184859,0.34180123,0.87376844
2004-11-21,0.1106604,0.61048052,0.34879979,0.85568742
2004-11-22,0.18364087,0.60723766,0.35579833,0.83768059
2004-11-23,0.2138508,0.60008777,0.3627969,0.81974796
2004-11-24,0.23334766,0.59179174,0.36979546,0.80188952
2004-11-25,0.35541859,0.58560698,0.376794,0.78410528
2004-11-26,0.30594634,0.57696931,0.38379257,0.76639524
2004-11-27,0.12235739,0.56253798,0.3907911,0.74875939
2004-11-28,0.18050733,0.55329083,0.39778967,0.73119774
2004-11-29,0.18229932,0.53892709,0.40478824,0.71371029
2004-11-30,0.3341594,0.52586655,0.41178677,0.69629703
2004-12-01,0.22868824,0.5085332,0.41878534,0.67895797
2004-12-02,0.17373018,0.49703439,0.42578388,0.6616931
2004-12-03,0.26818452,0.4851539,0.41538519,0.64419721
2004-12-04,0.28723514,0.48173393,0.4049865,0.6270889
2004-12-05,0.30268093,0.47412174,0.39458778,0.61036816
2004-12-06,0.23697004,0.46532331,0.3841891,0.594035
2004-12-07,0.17051481,0.45500168,0.37379038,0.5780894
2004-12-08,0.3079667,0.44472863,0.36339169,0.56253138
2004-12-09,0.2649075,0.43259286,0.35299298,0.54736093
2004-12-10,0.3235374,0.42141736,0.34259429,0.53257806
2004-12-11,0.32652332,0.41899149,0.33219557,0.51818276
2004-12-12,0.12064675,0.41193721,0.32179688,0.50417503
2004-12-13,0.24166955,0.40422544,0.3113982,0.49055487
2004-12-14,0.23207115,0.39560415,0.30099949,0.47732229
2004-12-15,0.40942592,0.38443405,0.29060078,0.46447728
2004-12-16,0.38025549,0.37428698,0.28020209,0.45201984
2004-12-17,0.34619322,0.3586633,0.28584929,0.44023149
2004-12-18,0.13686641,0.34008291,0.2914965,0.42921165
2004-12-19,0.087798596,0.32049463,0.29714371,0.41896032
2004-12-20,0.22606234,0.30191433,0.30279092,0.40947751
2004-12-21,0.24066125,0.29094986,0.30843814,0.40076322
2004-12-22,0.18843372,0.29197452,0.31408533,0.39281744
2004-12-23,0.17093581,0.28526079,0.31973254,0.38564018
2004-12-24,0.24408741,0.27991119,0.32537976,0.37923144
2004-12-25,0.29255303,0.27089416,0.33102695,0.37359121
2004-12-26,0.040832235,0.26266643,0.33667417,0.3687195
2004-12-27,0.042065799,0.25210131,0.34232139,0.3646163
2004-12-28,0.20397822,0.24927725,0.34796858,0.36128162
2004-12-29,0.19042195,0.24908791,0.35361579,0.35871545
2004-12-30,0.27853892,0.24175649,0.35926301,0.3569178
2004-12-31,0.21647357,0.23565118,0.36310902,0.35585707
2005-01-01,0.13648613,0.26877431,0.33558467,0.30341107
2005-01-02,0.24642647,0.25996669,0.3391019,0.29662163
2005-01-03,0.075151485,0.24717116,0.34261912,0.29059534
2005-01-04,0.10163521,0.23355539,0.34613634,0.28533221
2005-01-05,0.14880031,0.22145436,0.34965356,0.28083224
2005-01-06,0.24800792,0.21716029,0.35317081,0.27709542
2005-01-07,0.28066427,0.21166431,0.35668804,0.27412176
2005-01-08,0.37588014,0.20588995,0.36020526,0.27191126
2005-01-09,0.32441707,0.19819336,0.36372248,0.27046392
2005-01-10,0.41765307,0.19459619,0.3672397,0.26977973
2005-01-11,0.2714354,0.18769359,0.37075692,0.2698587
2005-01-12,0.2582079,0.18970073,0.37427417,0.27070083
2005-01-13,0.25894749,0.19064622,0.3777914,0.27230611
2005-01-14,0.20910124,0.19216476,0.3791893,0.27391196
2005-01-15,0.1626134,0.19304786,0.38058723,0.27551838
2005-01-16,0.2800682,0.19698671,0.38198517,0.27712536
2005-01-17,0.36189287,0.2002677,0.38338307,0.2787329
2005-01-18,0.26398879,0.20368568,0.38478101,0.28034102
2005-01-19,0.24308699,0.20605118,0.38617894,0.2819497
2005-01-20,0.13669807,0.20400838,0.38757687,0.28355894
2005-01-21,0.18818664,0.20303506,0.38897478,0.28516875
2005-01-22,0.22681903,0.20129325,0.39037271,0.28677913
2005-01-23,0.22310922,0.20080358,0.39177065,0.28839007
2005-01-24,0.22413543,0.20062166,0.39316855,0.29000158
2005-01-25,0.19832541,0.19800888,0.39456648,0.29161365
2005-01-26,0.16672467,0.19579,0.39596442,0.29322629
2005-01-27,0.14582362,0.19269712,0.39736235,0.2948395
2005-01-28,0.096892273,0.189166,0.3999908,0.29670642
2005-01-29,0.071601111,0.18709607,0.40261926,0.29882704
2005-01-30,0.10399368,0.18415322,0.40524771,0.30120138
2005-01-31,0.12984249,0.18077252,0.40787616,0.30382942
2005-02-01,0.1751019,0.17813768,0.41050462,0.30671118
2005-02-02,0.15658843,0.17716136,0.41313307,0.30984664
2005-02-03,0.21261652,0.17570171,0.41576152,0.31323582
2005-02-04,0.22651553,0.17711242,0.41838997,0.3168787
2005-02-05,0.21686812,0.17637049,0.42101846,0.3207753
2005-02-06,0.28370628,0.17857485,0.42364691,0.3249256
2005-02-07,0.31981136,0.18084057,0.42627536,0.32932961
2005-02-08,0.34264416,0.18450462,0.42890381,0.33398734
2005-02-09,0.53661483,0.19199049,0.43153227,0.33889877
2005-02-10,0.52592448,0.19984717,0.43416072,0.34406391
2005-02-11,0.30508686,0.20388015,0.44798383,0.34927953
2005-02-12,0.32450198,0.20913915,0.46180692,0.35454563
2005-02-13,0.47239523,0.2166459,0.47563003,0.3598622
2005-02-14,0.21922226,0.21795422,0.48945312,0.36522924
2005-02-15,0.15915577,0.21918684,0.50327623,0.37064676
2005-02-16,0.16616593,0.21957686,0.51709932,0.37611476
2005-02-17,0.15689136,0.21995815,0.53092243,0.38163323
2005-02-18,0.26970693,0.22267608,0.54474552,0.38720218
2005-02-19,0.32988243,0.22648992,0.55856863,0.3928216
2005-02-20,0.52421231,0.23244556,0.57239172,0.3984915
2005-02-21,0.41584467,0.23666967,0.58621483,0.40421188
2005-02-22,0.1293266,0.23659684,0.60003792,0.40998273
2005-02-23,0.40170536,0.24317341,0.61386103,0.41580405
2005-02-24,0.34968352,0.24787976,0.62768412,0.42167586
2005-02-25,0.31069177,0.25101094,0.6950628,0.42868296
2005-02-26,0.30605176,0.25286899,0.7624415,0.43682538
2005-02-27,0.18079258,0.25364629,0.82982018,0.44549618
2005-02-28,0.2318304,0.25339022,0.89719889,0.45528735
2005-03-01,0.37842688,0.25871084,0.96457756,0.4661989
2005-03-02,0.51761808,0.26600879,1.0319562,0.47823083
2005-03-03,0.64102533,0.27464432,1.0993349,0.49138314
2005-03-04,0.56474734,0.28020115,1.1667136,0.50565582
2005-03-05,0.58645167,0.28556584,1.2340923,0.52104887
2005-03-06,0.33417016,0.28483408,1.301471,0.53756231
2005-03-07,0.43603013,0.28679221,1.3688497,0.55519612
2005-03-08,0.40950567,0.28664927,1.4362284,0.57395031
2005-03-09,0.51312402,0.29088942,1.5036071,0.59382487
2005-03-10,0.60903271,0.29704424,1.5709857,0.61481981
2005-03-11,0.51881307,0.30160329,1.6380336,0.63692932
2005-03-12,0.70865783,0.31036744,1.7050814,0.66019059
2005-03-13,0.64731816,0.31887103,1.7721293,0.68460361
2005-03-14,0.88540852,0.32949104,1.8391771,0.71016838
2005-03-15,1.2259987,0.34465079,1.906225,0.7368849
2005-03-16,1.3996163,0.36457408,1.9732728,0.76475318
2005-03-17,1.1183056,0.37992879,2.0403206,0.79377321
2005-03-18,1.0872396,0.39660496,2.1073685,0.82394499
2005-03-19,0.87438819,0.40864358,2.1744163,0.85526853
2005-03-20,1.1865995,0.42548184,2.2414641,0.88774381
2005-03-21,1.373273,0.44566015,2.308512,0.92137086
2005-03-22,1.632832,0.47037413,2.3755598,0.95614965
2005-03-23,0.71990336,0.47952462,2.4426077,0.9920802
2005-03-24,2.0671529,0.51286546,2.5096555,1.0291625
2005-03-25,1.9473646,0.54447144,2.4804049,1.0657071
2005-03-26,0.9410492,0.55928121,2.4511543,1.1016924
2005-03-27,1.9820522,0.5927979,2.4219037,1.1371185
2005-03-28,0.97118056,0.6080117,2.392653,1.1719852
2005-03-29,1.6156585,0.63407865,2.3634024,1.2062927
2005-03-30,1.6901572,0.66065857,2.3341518,1.2400409
2005-03-31,1.6157005,0.68625703,2.3049012,1.2732298
2005-04-01,1.7641226,0.71347643,2.2756506,1.3058595
2005-04-02,2.0082681,0.74473525,2.2464,1.3379298
2005-04-03,2.2619996,0.78061475,2.2171494,1.3694409
2005-04-04,2.3648268,0.81712563,2.1878988,1.4003927
2005-04-05,1.6850645,0.84107744,2.1586481,1.4307852
2005-04-06,2.1937217,0.87355249,2.1293975,1.4606184
2005-04-07,1.4335313,0.88928786,2.1001469,1.4898923
2005-04-08,1.2154078,0.90138406,2.1526533,1.5200413
2005-04-09,0.76723805,0.90949198,2.2051597,1.550869
2005-04-10,1.2612544,0.92592623,2.2576662,1.5823753
2005-04-11,1.5299577,0.94447996,2.3101726,1.6145602
2005-04-12,1.7290234,0.9709677,2.362679,1.6474238
2005-04-13,1.4850139,0.99422837,2.4151855,1.6809661
2005-04-14,1.9100403,1.0248227,2.4676919,1.715187
2005-04-15,1.9126969,1.0556263,2.5201983,1.7500866
2005-04-16,2.2004771,1.0894994,2.5727047,1.7856648
2005-04-17,1.6274995,1.1122646,2.6252112,1.8219217
2005-04-18,2.0043217,1.1382315,2.6777176,1.8588573
2005-04-19,1.8928171,1.1641433,2.730224,1.8964715
2005-04-20,1.5873711,1.189723,2.7827304,1.9347643
2005-04-21,1.5099754,1.2091663,2.8352369,1.9737358
2005-04-22,1.9720254,1.2376285,2.796952,2.0117932
2005-04-23,2.1954422,1.2706943,2.7586674,2.0479967
2005-04-24,1.2974108,1.2880865,2.7203827,2.0823466
2005-04-25,0.84780163,1.2997884,2.6820979,2.1148427
2005-04-26,1.7203629,1.325903,2.6438132,2.145485
2005-04-27,1.4580756,1.3448442,2.6055285,2.1742737
2005-04-28,2.1830424,1.3740622,2.5672438,2.2012085
2005-04-29,2.1362641,1.4002945,2.528959,2.2262897
2005-04-30,2.3932245,1.432373,2.4906743,2.249517
2005-05-01,2.6703507,1.4689327,2.4523896,2.2708907
2005-05-02,2.5739841,1.5082276,2.4141049,2.2904106
2005-05-03,1.7278769,1.5308916,2.3758201,2.3080767
2005-05-04,2.1201384,1.5609027,2.3375354,2.3238891
2005-05-05,1.3844673,1.5761894,2.2992507,2.3378478
2005-05-06,1.212041,1.5867685,2.4044327,2.3524696
2005-05-07,1.5014644,1.604008,2.5096147,2.3677605
2005-05-08,1.4093756,1.6163013,2.6147968,2.3837205
2005-05-09,1.665704,1.6341677,2.7199788,2.4003494
2005-05-10,1.9893772,1.6535356,2.8251608,2.4176474
2005-05-11,1.7089334,1.6620082,2.9303428,2.4356143
2005-05-12,1.9153662,1.6710564,3.035525,2.4542503
2005-05-13,2.6183619,1.6973732,3.1407069,2.4735554
2005-05-14,1.5426754,1.7053633,3.2458889,2.4935294
2005-05-15,1.5281935,1.7168335,3.3510708,2.5141725
2005-05-16,2.4234892,1.7385334,3.4562531,2.5354846
2005-05-17,0.70926181,1.726884,3.561435,2.5574657
2005-05-18,0.83776784,1.7129356,3.666617,2.5801158
2005-05-19,2.0568174,1.7363902,3.7717992,2.6034349
2005-05-20,2.6004846,1.7457469,3.7183544,2.6246402
2005-05-21,2.0520988,1.7475843,3.6649096,2.645421
2005-05-22,1.9124133,1.7646258,3.6114648,2.6657773
2005-05-23,1.1069044,1.7492723,3.55802,2.6857092
2005-05-24,2.3979562,1.7743035,3.5045755,2.7052166
2005-05-25,2.753876,1.7942722,3.4511307,2.7242995
2005-05-26,2.9394443,1.8161895,3.3976859,2.742958
2005-05-27,2.8792671,1.8383574,3.3442411,2.761192
2005-05-28,2.9459334,1.8590909,3.2907966,2.7790016
2005-05-29,3.2006109,1.8800092,3.2373518,2.7963867
2005-05-30,2.766859,1.8888664,3.183907,2.8133474
2005-05-31,2.0874176,1.8839995,3.1304622,2.8298836
2005-06-01,2.3472229,1.8956163,3.0770175,2.8459954
2005-06-02,2.4122558,1.8994503,3.0235729,2.8616826
2005-06-03,3.1027007,1.928734,3.1086373,2.8793755
2005-06-04,2.2286502,1.9465101,3.1937017,2.8976395
2005-06-05,2.2731519,1.9729297,3.2787664,2.9164747
2005-06-06,1.3609727,1.9746791,3.3638308,2.9358811
2005-06-07,1.5874987,1.9756886,3.4488955,2.9558587
2005-06-08,1.9861915,1.9802003,3.5339599,2.9764074
2005-06-09,2.3425071,1.9952441,3.6190242,2.9975274
2005-06-10,2.4181771,2.0041588,3.7040889,3.0192186
2005-06-11,2.0031682,2.005746,3.7891533,3.041481
2005-06-12,2.1528979,2.0049112,3.8742177,3.0643145
2005-06-13,2.7911272,2.0253258,3.9592824,3.0877193
2005-06-14,2.240576,2.0294706,4.0443468,3.1116952
2005-06-15,2.4580093,2.0393862,4.1294114,3.1362424
2005-06-16,2.6768379,2.0584997,4.2144758,3.1613607
2005-06-17,2.3422638,2.0731012,4.1103444,3.183731
2005-06-18,2.7956575,2.0875509,4.0062129,3.2049461
2005-06-19,2.902508,2.0999556,3.9020815,3.225006
2005-06-20,2.9334966,2.1286588,3.79795,3.2439107
2005-06-21,2.8013774,2.1629321,3.6938185,3.2616602
2005-06-22,2.4941113,2.1765066,3.5896871,3.2782545
2005-06-23,2.8122176,2.2002635,3.4855556,3.2936936
2005-06-24,2.7569113,2.2103314,3.3814242,3.3079774
2005-06-25,2.3888006,2.2147619,3.2772927,3.3211061
2005-06-26,2.0686244,2.2090671,3.1731612,3.3330795
2005-06-27,2.54509,2.2068696,3.0690298,3.3438978
2005-06-28,2.490448,2.205404,2.9648983,3.3535608
2005-06-29,2.0470074,2.2110028,2.8607669,3.3620687
2005-06-30,1.3930023,2.198246,2.7566354,3.3694213
2005-07-01,1.2371618,2.1956617,2.77506,3.3777688
2005-07-02,1.6088574,2.2026234,2.7934845,3.3845943
2005-07-03,2.6195733,2.2222393,2.811909,3.3898977
2005-07-04,2.8397861,2.2473343,2.8303337,3.3936791
2005-07-05,0.71448227,2.2306462,2.8487581,3.3959383
2005-07-06,2.2311759,2.2348882,2.8671828,3.3966756
2005-07-07,1.8347098,2.2370949,2.8856073,3.3958907
2005-07-08,1.0807825,2.222453,2.9040317,3.3935838
2005-07-09,1.2889825,2.1991306,2.9224564,3.3897549
2005-07-10,2.1792845,2.2102992,2.9408809,3.3844039
2005-07-11,2.5579222,2.2283646,2.9593056,3.3775308
2005-07-12,2.6250146,2.2319001,2.97773,3.3691357
2005-07-13,2.5134145,2.2635519,2.9961545,3.3592184
2005-07-14,2.431348,2.2915095,3.0145792,3.3477792
2005-07-15,2.4633235,2.2986412,3.0126125,3.3344601
2005-07-16,2.3991767,2.2951094,3.0106458,3.3220442
2005-07-17,2.3395884,2.3001531,3.0086791,3.3105314
2005-07-18,2.6215635,2.3125943,3.0067124,3.2999217
2005-07-19,1.6008209,2.3212595,3.0047454,3.2902151
2005-07-20,2.0639217,2.3153993,3.0027787,3.2814116
2005-07-21,1.4666292,2.292816,3.000812,3.2735113
2005-07-22,1.0484172,2.2596401,2.9988453,3.2665141
2005-07-23,1.602784,2.2372457,2.9968786,3.26042
2005-07-24,2.2378984,2.224824,2.9949119,3.2552291
2005-07-25,2.1056887,2.2056148,2.9929452,3.2509412
2005-07-26,2.2589092,2.1967034,2.9909785,3.2475565
2005-07-27,2.3822929,2.2018767,2.9890118,3.2450749
2005-07-28,2.2860396,2.2008033,2.9870451,3.2434965
2005-07-29,2.3769777,2.2001844,2.9311403,3.2418749
2005-07-30,2.2436433,2.1851132,2.8752358,3.2377801
2005-07-31,2.378875,2.1877487,2.8193314,3.2312122
2005-08-01,2.3948581,2.1898839,2.7634268,3.2221711
2005-08-02,2.0915897,2.2027018,2.7075222,3.210657
2005-08-03,0.41596271,2.1821485,2.6516177,3.1966696
2005-08-04,1.7309135,2.1776699,2.5957131,3.1802092
2005-08-05,2.1741507,2.1747163,2.5398085,3.1612756
2005-08-06,1.6376991,2.1610237,2.483904,3.1398688
2005-08-07,1.606796,2.1540698,2.4279994,3.1159889
2005-08-08,1.8897331,2.1494529,2.3720948,3.0896359
2005-08-09,1.638247,2.1292269,2.3161903,3.0608097
2005-08-10,1.6490062,2.1188485,2.2602857,3.0295104
2005-08-11,1.4349094,2.1008994,2.2043811,2.9957379
2005-08-12,2.0735586,2.0903155,2.2520665,2.9613097
2005-08-13,1.0066103,2.066883,2.299752,2.9295449
2005-08-14,1.3593162,2.041684,2.3474374,2.9004436
2005-08-15,0.98690706,2.008077,2.3951228,2.8740057
2005-08-16,1.9792135,1.9913352,2.4428082,2.8502313
2005-08-17,1.7850334,1.9735046,2.4904936,2.8291203
2005-08-18,2.0221626,1.9652248,2.538179,2.8106728
2005-08-19,2.0370373,1.9516251,2.5858644,2.7948888
2005-08-20,1.7166681,1.9333753,2.6335498,2.7817682
2005-08-21,1.9417213,1.9255318,2.6812352,2.771311
2005-08-22,1.7126823,1.9192872,2.7289207,2.7635173
2005-08-23,0.44289892,1.8824066,2.7766061,2.7583871
2005-08-24,0.98227009,1.8559474,2.8242915,2.7559203
2005-08-25,1.2495754,1.8419573,2.8719769,2.756117
2005-08-26,1.5580059,1.8448521,2.8282835,2.7573739
2005-08-27,1.6853745,1.8527155,2.7845901,2.7575411
2005-08-28,1.8247692,1.8565034,2.7408967,2.7566185
2005-08-29,1.9368565,1.844526,2.6972033,2.7546062
2005-08-30,1.9912119,1.8296387,2.6535098,2.751504
2005-08-31,2.0288709,1.8526981,2.6098164,2.747312
2005-09-01,2.0401686,1.8493471,2.566123,2.7420303
2005-09-02,1.3134179,1.8402017,2.5224296,2.7356587
2005-09-03,0.5450479,1.8308028,2.4787362,2.7281974
2005-09-04,1.7527222,1.8389386,2.4350428,2.7196463
2005-09-05,1.8269624,1.8327575,2.3913494,2.7100054
2005-09-06,1.8723744,1.8207303,2.347656,2.6992747
2005-09-07,1.9060519,1.808117,2.3039626,2.6874542
2005-09-08,1.8855745,1.7971022,2.2602692,2.6745439
2005-09-09,2.0015469,1.7895619,2.2159392,2.6605327
2005-09-10,2.0734579,1.7827221,2.1716092,2.6457783
2005-09-11,1.2630432,1.7627899,2.1272792,2.6302806
2005-09-12,0.67161741,1.7335273,2.0829492,2.6140397
2005-09-13,1.230614,1.7091247,2.0386192,2.5970557
2005-09-14,1.607705,1.7092454,1.9942892,2.5793284
2005-09-15,1.5458927,1.7001572,1.9499592,2.5608578
2005-09-16,0.78915115,1.6882716,1.9056292,2.5416441
2005-09-17,0.894574,1.6855726,1.8612993,2.5216872
2005-09-18,1.3069868,1.6803832,1.8169692,2.500987
2005-09-19,1.4390084,1.6663676,1.7726392,2.4795436
2005-09-20,1.5208427,1.6561071,1.7283093,2.457357
2005-09-21,1.6624921,1.6456437,1.6839793,2.4344272
2005-09-22,1.7123873,1.633891,1.6396493,2.4107542
2005-09-23,1.8738766,1.62666,1.6521134,2.3873343
2005-09-24,1.6464567,1.6138439,1.6645775,2.3651139
2005-09-25,1.8886257,1.6076155,1.6770415,2.344093
2005-09-26,1.1859752,1.5866874,1.6895056,2.3242715
2005-09-27,1.7084157,1.5746446,1.7019697,2.3056494
2005-09-28,0.80303536,1.5520384,1.7144338,2.2882268
2005-09-29,1.0726838,1.5635598,1.7268979,2.2720037
2005-09-30,1.0515508,1.5516411,1.739362,2.2569799
2005-10-01,0.88945718,1.5291027,1.751826,2.2431557
2005-10-02,0.55827208,1.5101653,1.7642901,2.2305309
2005-10-03,0.3626075,1.4883375,1.7767542,2.2191055
2005-10-04,1.1062722,1.4745925,1.7892183,2.2088796
2005-10-05,1.1818268,1.4665852,1.8016824,2.1998532
2005-10-06,1.4120681,1.4624284,1.8141464,2.1920262
2005-10-07,1.372312,1.4613302,1.7681367,2.1843728
2005-10-08,1.401032,1.4495314,1.7221269,2.1750756
2005-10-09,1.3389099,1.4553613,1.6761172,2.1641346
2005-10-10,1.386162,1.4558322,1.6301074,2.1515499
2005-10-11,1.3787578,1.4627068,1.5840976,2.1373214
2005-10-12,1.3191234,1.4511263,1.5380879,2.1214491
2005-10-13,1.2949926,1.4425291,1.4920781,2.103933
2005-10-14,1.309788,1.4300313,1.4460683,2.0847732
2005-10-15,1.3140346,1.417347,1.4000586,2.0639696
2005-10-16,0.87126111,1.4025153,1.3540488,2.0415222
2005-10-17,0.68100029,1.3803974,1.308039,2.017431
2005-10-18,0.65703775,1.3618773,1.2620292,1.9916961
2005-10-19,1.0758043,1.3729809,1.2160195,1.9643174
2005-10-20,1.1697891,1.3762707,1.1700097,1.9352949
2005-10-21,0.83287139,1.3689601,1.1468696,1.9050298
2005-10-22,0.94611956,1.3582253,1.1237295,1.8751254
2005-10-23,0.61825565,1.3395039,1.1005894,1.8455815
2005-10-24,0.55780384,1.3172764,1.0774493,1.8163982
2005-10-25,0.81288179,1.2975576,1.0543092,1.7875755
2005-10-26,1.0940572,1.281818,1.0311691,1.7591134
2005-10-27,0.95420449,1.2629642,1.008029,1.7310119
2005-10-28,1.1166473,1.2467621,0.98488894,1.7032709
2005-10-29,1.0866323,1.2427834,0.96174884,1.6758906
2005-10-30,1.1047692,1.2526031,0.93860874,1.6488708
2005-10-31,0.90190102,1.2376764,0.91546864,1.6222116
2005-11-01,0.72936713,1.2184203,0.89232854,1.595913
2005-11-02,0.92163139,1.2017406,0.86918844,1.5699749
2005-11-03,0.81221213,1.1825505,0.84604833,1.5443975
2005-11-04,0.9008418,1.1652745,0.80606562,1.5188852
2005-11-05,0.30373254,1.1354882,0.7660829,1.4934491
2005-11-06,0.7484608,1.1122427,0.72610018,1.4680893
2005-11-07,0.80449624,1.104198,0.68611746,1.4428057
2005-11-08,0.87773416,1.1078141,0.64613474,1.4175985
2005-11-09,0.83855888,1.1009359,0.60615199,1.3924675
2005-11-10,0.49277013,1.0813757,0.56616928,1.3674127
2005-11-11,0.59393524,1.0646747,0.52618656,1.3424343
2005-11-12,0.70501884,1.0631986,0.48620384,1.3175321
2005-11-13,0.76312226,1.0608925,0.44622112,1.2927061
2005-11-14,0.62269217,1.0488873,0.4062384,1.2679565
2005-11-15,0.66488343,1.0353062,0.36625565,1.2432831
2005-11-16,0.14380097,1.0111475,0.32627294,1.2186859
2005-11-17,0.20505424,0.98557845,0.28629022,1.1941651
2005-11-18,0.12254487,0.95768648,0.28765588,1.1704459
2005-11-19,0.11227642,0.92678122,0.28902157,1.146532
2005-11-20,0.055554066,0.89887064,0.29038723,1.1224234
2005-11-21,0.17487602,0.86880486,0.29175289,1.0981201
2005-11-22,0.069164221,0.84921168,0.29311856,1.0736221
2005-11-23,0.10825351,0.82113866,0.29448425,1.0489294
2005-11-24,0.25313751,0.81149133,0.29584991,1.0240419
2005-11-25,0.24366564,0.79694715,0.29721557,0.99895977
2005-11-26,0.32610243,0.78421999,0.29858123,0.97368292
2005-11-27,0.25102062,0.77301935,0.29994689,0.94821135
2005-11-28,0.23450495,0.76733922,0.30131258,0.92254508
2005-11-29,0.34725364,0.76706986,0.30267825,0.8966841
2005-11-30,0.29320054,0.75280544,0.30404391,0.87062841
2005-12-01,0.32211797,0.73772283,0.30540957,0.84437801
2005-12-02,0.29816595,0.71818069,0.29357658,0.81770134
2005-12-03,0.18958762,0.69743114,0.28174358,0.79162427
2005-12-04,0.27173586,0.67761892,0.26991058,0.76614679
2005-12-05,0.32254217,0.65978791,0.25807758,0.7412689
2005-12-06,0.32528789,0.64117609,0.24624458,0.71699061
2005-12-07,0.21223877,0.62071084,0.23441158,0.69331191
2005-12-08,0.29581681,0.60275809,0.22257858,0.6702328
2005-12-09,0.14610477,0.58260217,0.21074558,0.64775328
2005-12-10,0.25915836,0.56417007,0.19891258,0.62587335
2005-12-11,0.1580575,0.54388977,0.18707958,0.60459302
2005-12-12,0.19066553,0.53194949,0.17524658,0.58391228
2005-12-13,0.13379328,0.52234937,0.16341358,0.56383113
2005-12-14,0.10992039,0.51275082,0.15158058,0.54434958
2005-12-15,0.078093375,0.49524712,0.13974758,0.52546761
2005-12-16,0.075206869,0.47604392,0.15069357,0.50758487
2005-12-17,0.024738973,0.46186616,0.16163956,0.49030013
2005-12-18,0.044510939,0.44604847,0.17258555,0.4736134
2005-12-19,0.14464788,0.43773956,0.18353154,0.45752466
2005-12-20,0.088896502,0.42951311,0.19447753,0.44203393
2005-12-21,0.14393489,0.4177772,0.20542352,0.4271412
2005-12-22,0.13515751,0.4009544,0.2163695,0.41284647
2005-12-23,0.11478472,0.38622774,0.22731549,0.39914974
2005-12-24,0.11249406,0.36861102,0.23826148,0.38605101
2005-12-25,0.18474049,0.35278835,0.24920747,0.37355028
2005-12-26,0.17507028,0.33647784,0.26015346,0.36164756
2005-12-27,0.13347814,0.32299674,0.27109945,0.35034284
2005-12-28,0.0268411,0.31067172,0.28204544,0.33963612
2005-12-29,0.081421539,0.2959312,0.29299143,0.3295274
2005-12-30,0.13221457,0.28400142,0.29565768,0.31987142
2005-12-31,0.20014275,0.27170845,0.2983239,0.31096367
2006-01-01,0.24472828,0.41210288,0.27500101,0.47733847
2006-01-02,0.1635577,0.40663153,0.27743705,0.47186645
2006-01-03,0.080748311,0.3971541,0.27987308,0.46640636
2006-01-04,0.062805234,0.38468682,0.28230909,0.46095818
2006-01-05,0.098699998,0.37694449,0.28474512,0.45552194
2006-01-06,0.11655982,0.37095988,0.28718115,0.45009761
2006-01-07,0.19105276,0.36908882,0.28961718,0.44468521
2006-01-08,0.18642547,0.36563402,0.29205322,0.43928473
2006-01-09,0.17282777,0.36348457,0.29448922,0.43389617
2006-01-10,0.22071783,0.3580988,0.29692526,0.42851954
2006-01-11,0.33612792,0.34977305,0.29936129,0.42315482
2006-01-12,0.14539266,0.33675066,0.30179732,0.41780204
2006-01-13,0.3153247,0.33405937,0.30617554,0.41266951
2006-01-14,0.3255935,0.3296687,0.31055379,0.40775726
2006-01-15,0.27751184,0.32422405,0.31493202,0.40306527
2006-01-16,0.27212261,0.32309019,0.31931026,0.39859354
2006-01-17,0.29240012,0.32355389,0.32368849,0.39434208
2006-01-18,0.050602136,0.31677065,0.32806673,0.39031089
2006-01-19,0.13095795,0.31173627,0.33244496,0.38649996
2006-01-20,0.21380725,0.30420865,0.3368232,0.3829093
2006-01-21,0.13705596,0.29812871,0.34120145,0.37953891
2006-01-22,0.029465744,0.28741192,0.34557967,0.37638878
2006-01-23,0.032694782,0.27636685,0.34995792,0.37345892
2006-01-24,0.19747801,0.2704611,0.35433614,0.37074932
2006-01-25,0.21907211,0.26977526,0.35871439,0.36825999
2006-01-26,0.19724521,0.26410272,0.36309261,0.36599093
2006-01-27,0.21868602,0.25796608,0.36993202,0.36394558
2006-01-28,0.28731751,0.25383726,0.3767714,0.36212396
2006-01-29,0.38020918,0.25103568,0.38361078,0.36052605
2006-01-30,0.3823973,0.24889497,0.39045015,0.35915186
2006-01-31,0.21490948,0.24241772,0.39728953,0.35800139
2006-02-01,0.48443539,0.24114294,0.40412894,0.35707464
2006-02-02,0.47974178,0.24117242,0.41096831,0.35637161
2006-02-03,0.11574508,0.23393644,0.41780769,0.3558923
2006-02-04,0.12211245,0.23308034,0.42464707,0.3556367
2006-02-05,0.20980786,0.2344641,0.43148645,0.35560483
2006-02-06,0.32035285,0.23795573,0.43832583,0.35579667
2006-02-07,0.1231911,0.23782812,0.44516523,0.35621223
2006-02-08,0.2953946,0.23755352,0.45200461,0.35685152
2006-02-09,0.29010644,0.23444795,0.45884399,0.35771452
2006-02-10,0.10216854,0.22661457,0.48625343,0.35912476
2006-02-11,0.2399308,0.22264634,0.5136629,0.36108226
2006-02-12,0.31761102,0.22279496,0.54107234,0.363587
2006-02-13,0.41254564,0.22698788,0.56848179,0.36663898
2006-02-14,0.42166026,0.23044436,0.59589126,0.37023821
2006-02-15,0.4830401,0.2371495,0.6233007,0.37438469
2006-02-16,0.48490486,0.24092916,0.65071014,0.37907842
2006-02-17,0.57315314,0.2487776,0.67811961,0.38431939
2006-02-18,0.6257964,0.25622157,0.70552906,0.39010761
2006-02-19,0.57533921,0.26079837,0.73293853,0.39644307
2006-02-20,0.36276141,0.26309922,0.76034797,0.40332578
2006-02-21,0.17004482,0.26046486,0.78775741,0.41075574
2006-02-22,0.19319137,0.25810787,0.81516688,0.41873295
2006-02-23,0.41523544,0.26305377,0.84257633,0.4272574
2006-02-24,0.4927382,0.26665342,0.83852983,0.43560935
2006-02-25,0.3084305,0.26533264,0.83448331,0.4437888
2006-02-26,0.27526773,0.26472285,0.83043682,0.45179575
2006-02-27,0.46631459,0.26861032,0.82639032,0.46146924
2006-02-28,0.60544697,0.27636277,0.82234383,0.47102901
2006-03-01,0.33193929,0.28076963,0.81829731,0.48047505
2006-03-02,0.62894527,0.29070191,0.81425082,0.48980736
2006-03-03,0.64712694,0.30032343,0.81020432,0.49902594
2006-03-04,0.59827068,0.3087745,0.8061578,0.5081308
2006-03-05,0.74591486,0.31850892,0.80211131,0.51712192
2006-03-06,0.74665219,0.32833746,0.79806481,0.52599932
2006-03-07,0.47229414,0.33359126,0.79401829,0.53476299
2006-03-08,0.73852808,0.34267565,0.7899718,0.54341293
2006-03-09,0.42036084,0.34415342,0.78592531,0.55194914
2006-03-10,0.92656651,0.35785822,0.84100978,0.561409
2006-03-11,0.27512053,0.35715289,0.89609429,0.57175846
2006-03-12,0.23691095,0.35559705,0.95117877,0.58299749
2006-03-13,0.4864402,0.35926246,1.0062633,0.59512611
2006-03-14,0.53642872,0.36389941,1.0613478,0.60814431
2006-03-15,0.29457616,0.36393759,1.1164323,0.6220521
2006-03-16,0.68761898,0.37511332,1.1715167,0.63684946
2006-03-17,0.17114893,0.37581843,1.2266012,0.65253642
2006-03-18,0.31052243,0.37751519,1.2816857,0.66911295
2006-03-19,0.81012186,0.38932336,1.3367702,0.68657907
2006-03-20,0.86849462,0.40404316,1.3918547,0.70493477
2006-03-21,0.93019476,0.41978878,1.4469392,0.72418006
2006-03-22,0.97959587,0.43351014,1.5020237,0.74431493
2006-03-23,1.0068889,0.44733149,1.5571082,0.76533938
2006-03-24,1.269961,0.46615107,1.5673451,0.78646662
2006-03-25,0.92295747,0.47850671,1.577582,0.80765346
2006-03-26,0.71195835,0.48595655,1.5878188,0.8288999
2006-03-27,1.7217491,0.50949233,1.5980557,0.85020596
2006-03-28,1.1390301,0.52276659,1.6082926,0.87157161
2006-03-29,1.2709279,0.54129323,1.6185295,0.89299688
2006-03-30,1.1228792,0.552494,1.6287664,0.91448174
2006-03-31,1.4911919,0.57023874,1.6390033,0.93602622
2006-04-01,1.5155869,0.59479737,1.6492402,0.95763029
2006-04-02,1.5370374,0.61962061,1.659477,0.97929398
2006-04-03,1.1596377,0.63628429,1.6697139,1.0010173
2006-04-04,1.0613071,0.64928349,1.6799508,1.0228002
2006-04-05,1.0824075,0.66611185,1.6901877,1.0446427
2006-04-06,1.2187176,0.6823105,1.7004246,1.0665448
2006-04-07,1.4739502,0.70307969,1.7540389,1.0892675
2006-04-08,1.8145822,0.73312203,1.8076532,1.1124499
2006-04-09,1.498846,0.75520826,1.8612675,1.1360921
2006-04-10,0.72922942,0.76242964,1.9148818,1.160194
2006-04-11,0.95402327,0.77192925,1.9684961,1.1847557
2006-04-12,0.85305721,0.77949761,2.0221105,1.2097771
2006-04-13,1.2231243,0.79248155,2.0757248,1.2352582
2006-04-14,1.2168447,0.8053226,2.1293391,1.2611991
2006-04-15,1.812366,0.82706317,2.1829534,1.2875997
2006-04-16,0.86625256,0.8312817,2.2365677,1.31446
2006-04-17,1.3710475,0.8452415,2.290182,1.3417801
2006-04-18,1.5909374,0.86678844,2.3437964,1.3695598
2006-04-19,1.6957124,0.89355454,2.3974107,1.3977994
2006-04-20,2.1073744,0.9271367,2.451025,1.4264986
2006-04-21,2.0424595,0.95568449,2.5004249,1.4555837
2006-04-22,1.8469324,0.97944229,2.5498248,1.4856064
2006-04-23,1.6601931,1.0031574,2.5992247,1.5165668
2006-04-24,1.987291,1.0331929,2.6486246,1.5484648
2006-04-25,2.1088217,1.0620088,2.6980245,1.5813005
2006-04-26,1.5133246,1.0779365,2.7474243,1.6150739
2006-04-27,1.9035309,1.1055083,2.7968242,1.6497849
2006-04-28,1.1156848,1.1140476,2.8462241,1.6854335
2006-04-29,0.70233112,1.1150161,2.8956242,1.7220198
2006-04-30,1.4832044,1.1305412,2.9450241,1.7595438
2006-05-01,1.8357002,1.1496603,2.994424,1.7980054
2006-05-02,1.8963655,1.1698307,3.0438239,1.8374047
2006-05-03,2.3585148,1.2029223,3.0932237,1.8777416
2006-05-04,2.4029732,1.2321231,3.1426236,1.9190162
2006-05-05,2.4482121,1.2676994,3.0996555,1.959608
2006-05-06,2.3569685,1.2927942,3.0566877,1.9984795
2006-05-07,2.4108472,1.3302631,3.0137196,2.0356309
2006-05-08,2.5210643,1.3703359,2.9707518,2.071062
2006-05-09,2.4117008,1.4041124,2.9277837,2.1047729
2006-05-10,2.4811126,1.4382297,2.8848156,2.1367635
2006-05-11,2.6571277,1.479678,2.8418478,2.167034
2006-05-12,2.6866326,1.5147484,2.7988797,2.1955842
2006-05-13,1.7503586,1.5424538,2.7559117,2.2224142
2006-05-14,1.8759521,1.5699175,2.7129438,2.247524
2006-05-15,2.2096727,1.594471,2.6699758,2.2709136
2006-05-16,2.2839955,1.6193044,2.6270079,2.2925829
2006-05-17,1.8838645,1.6360354,2.5840398,2.312532
2006-05-18,1.4236926,1.6438266,2.5410718,2.330761
2006-05-19,2.141488,1.6637318,2.6065191,2.3491717
2006-05-20,1.9552455,1.6757544,2.6719667,2.368551
2006-05-21,1.9569599,1.6938948,2.7374141,2.3888989
2006-05-22,2.4025462,1.7235542,2.8028614,2.4102155
2006-05-23,2.1462321,1.7310013,2.8683088,2.4325006
2006-05-24,2.281071,1.7510371,2.9337562,2.4557544
2006-05-25,1.5736478,1.7563479,2.9992035,2.4799767
2006-05-26,1.9205659,1.7703424,3.0646509,2.5051677
2006-05-27,1.8368923,1.7764074,3.1300985,2.5313272
2006-05-28,2.2441864,1.7891898,3.1955458,2.5584554
2006-05-29,2.0369139,1.7979596,3.2609932,2.5865522
2006-05-30,1.6589969,1.8067203,3.3264405,2.6156176
2006-05-31,1.0529342,1.8065734,3.3918879,2.6456515
2006-06-01,1.5699653,1.815127,3.4573352,2.6766541
2006-06-02,2.2541307,1.8332922,3.4565356,2.7074631
2006-06-03,2.3356911,1.8484104,3.455736,2.7373174
2006-06-04,1.5032188,1.8429479,3.4549367,2.7662171
2006-06-05,1.6528836,1.8456503,3.4541371,2.7941622
2006-06-06,1.8775749,1.8657967,3.4533375,2.8211527
2006-06-07,2.3965821,1.8911048,3.4525379,2.8471885
2006-06-08,2.6022823,1.9217929,3.4517383,2.8722697
2006-06-09,2.8290554,1.9499672,3.4509387,2.8963962
2006-06-10,2.918593,1.9798224,3.450139,2.9195682
2006-06-11,2.903911,1.9989723,3.4493394,2.9417855
2006-06-12,3.0911939,2.0380064,3.4485401,2.9630481
2006-06-13,2.9701281,2.0660604,3.4477405,2.9833562
2006-06-14,3.0269755,2.0912541,3.4469409,3.0027096
2006-06-15,2.8150558,2.1108917,3.4461413,3.0211084
2006-06-16,2.3200116,2.1146221,3.4584032,3.0387817
2006-06-17,2.3129688,2.1193679,3.4706651,3.0558034
2006-06-18,3.2310017,2.1436498,3.482927,3.0721737
2006-06-19,2.4607736,2.1576951,3.4951889,3.0878923
2006-06-20,3.0470867,2.176288,3.5074508,3.1029595
2006-06-21,2.5316423,2.1837059,3.5197127,3.117375
2006-06-22,2.631974,2.2033314,3.5319746,3.1311391
2006-06-23,2.4526868,2.2129657,3.5442363,3.1442516
2006-06-24,2.8557805,2.2434937,3.5564982,3.1567125
2006-06-25,2.8484861,2.2811455,3.5687601,3.1685219
2006-06-26,2.9350579,2.3066166,3.581022,3.1796798
2006-06-27,2.3117069,2.3149676,3.5932839,3.1901861
2006-06-28,2.0094492,2.3169515,3.6055458,3.2000409
2006-06-29,2.1316275,2.3129711,3.6178078,3.2092441
2006-06-30,1.2409093,2.292584,3.61332,3.2175019
2006-07-01,2.3916501,2.2915917,3.6088323,3.2264348
2006-07-02,2.4201719,2.2927005,3.6043445,3.2360429
2006-07-03,2.3639029,2.2918769,3.5998568,3.246326
2006-07-04,2.2430829,2.287,3.595369,3.2572842
2006-07-05,2.2455836,2.2840857,3.5908813,3.2689175
2006-07-06,1.9015193,2.2739174,3.5863935,3.2812258
2006-07-07,1.918115,2.2609523,3.5819058,3.2942093
2006-07-08,1.2013951,2.2348955,3.5774181,3.3078679
2006-07-09,1.7781328,2.2353827,3.5729303,3.3222015
2006-07-10,1.8047208,2.2341331,3.5684426,3.3372103
2006-07-11,1.7202238,2.2255462,3.5639548,3.3528941
2006-07-12,1.650355,2.2144297,3.5594668,3.3692531
2006-07-13,1.4590036,2.206976,3.5549791,3.3862871
2006-07-14,1.0830084,2.2009991,3.4489566,3.4022149
2006-07-15,1.4285849,2.188492,3.3429341,3.4151345
2006-07-16,1.5036243,2.1805689,3.2369114,3.4250458
2006-07-17,1.6033118,2.1743645,3.1308889,3.4319488
2006-07-18,1.6024507,2.1603278,3.0248664,3.4358437
2006-07-19,1.5460137,2.1497976,2.9188437,3.4367302
2006-07-20,1.4640618,2.1354641,2.8128212,3.4346086
2006-07-21,1.4925621,2.1340416,2.7067987,3.4294787
2006-07-22,1.5026706,2.1267101,2.600776,3.4213405
2006-07-23,0.9521023,2.1111874,2.4947535,3.4101941
2006-07-24,1.4648895,2.0975156,2.3887309,3.3960394
2006-07-25,1.3608632,2.085655,2.2827084,3.3788766
2006-07-26,1.2393038,2.078292,2.1766858,3.3587054
2006-07-27,1.3097735,2.0827979,2.0706633,3.335526
2006-07-28,0.95307837,2.0719754,2.0847257,3.3114452
2006-07-29,0.92804867,2.0487108,2.0987881,3.287625
2006-07-30,1.2276761,2.0292719,2.1128505,3.2640656
2006-07-31,1.0009801,2.0204607,2.126913,3.240767
2006-08-01,1.0444134,2.0097858,2.1409754,3.2177291
2006-08-02,1.1156684,1.996419,2.1550378,3.1949519
2006-08-03,1.0489966,1.9727771,2.1691003,3.1724354
2006-08-04,0.97722381,1.9442673,2.1831627,3.1501797
2006-08-05,0.89640782,1.9103612,2.1972251,3.1281847
2006-08-06,0.67510054,1.8710017,2.2112876,3.1064505
2006-08-07,0.5927563,1.8304552,2.22535,3.084977
2006-08-08,0.90854641,1.7921631,2.2394124,3.0637642
2006-08-09,1.1711294,1.7606017,2.2534749,3.0428122
2006-08-10,1.0610113,1.7261111,2.2675373,3.0221209
2006-08-11,1.2284357,1.6982757,2.2437713,3.0010267
2006-08-12,1.1929603,1.6785028,2.2200053,2.9793004
2006-08-13,1.3036273,1.6607951,2.1962392,2.9569421
2006-08-14,1.3974051,1.6286267,2.1724732,2.9339517
2006-08-15,1.0968036,1.6046974,2.1487072,2.9103292
2006-08-16,1.6488952,1.5801678,2.1249412,2.8860746
2006-08-17,1.7844621,1.5670593,2.1011752,2.861188
2006-08-18,1.6467675,1.549775,2.0774091,2.8356693
2006-08-19,2.0451407,1.5426251,2.0536431,2.8095186
2006-08-20,1.845405,1.5248992,2.0298771,2.7827357
2006-08-21,1.6163079,1.503282,2.0061111,2.7553208
2006-08-22,1.3901187,1.4761778,1.9823451,2.7272739
2006-08-23,1.2327124,1.4572481,1.958579,2.6985948
2006-08-24,1.7697442,1.4530428,1.934813,2.6692837
2006-08-25,1.4351059,1.4408231,1.9596273,2.6401928
2006-08-26,1.476208,1.4449511,1.9844416,2.611616
2006-08-27,1.4390515,1.4282389,2.0092559,2.5835533
2006-08-28,1.1574083,1.4060851,2.0340702,2.5560046
2006-08-29,0.95902104,1.3814381,2.0588845,2.52897
2006-08-30,1.3410506,1.3656129,2.0836988,2.5024495
2006-08-31,1.3148945,1.3492851,2.1085131,2.476443
2006-09-01,1.5564023,1.3432304,2.1333274,2.4509506
2006-09-02,1.5077675,1.3360313,2.1581417,2.4259723
2006-09-03,1.3362238,1.3383967,2.182956,2.4015081
2006-09-04,1.5841123,1.3349928,2.2077703,2.3775579
2006-09-05,1.5474692,1.3304797,2.2325846,2.3541218
2006-09-06,1.4796809,1.3262596,2.2573989,2.3311998
2006-09-07,1.7699765,1.3283582,2.2822132,2.3087918
2006-09-08,1.2810806,1.3252368,2.2467494,2.2858404
2006-09-09,1.2800334,1.3286934,2.2112857,2.2641269
2006-09-10,1.6331883,1.3322829,2.175822,2.2436512
2006-09-11,1.6287175,1.3344775,2.1403583,2.2244134
2006-09-12,1.6526184,1.3353425,2.1048946,2.2064135
2006-09-13,1.5886811,1.335101,2.0694308,2.1896515
2006-09-14,1.5562655,1.3352808,2.0339671,2.1741274
2006-09-15,1.550429,1.336796,1.9985034,2.1598411
2006-09-16,1.0931219,1.3297883,1.9630397,2.1467927
2006-09-17,1.3638131,1.3273522,1.927576,2.1349822
2006-09-18,1.4090665,1.3353691,1.8921122,2.1244095
2006-09-19,0.52442907,1.3188698,1.8566485,2.1150747
2006-09-20,0.91786665,1.311098,1.8211848,2.1069778
2006-09-21,1.2088947,1.3105645,1.7857211,2.1001188
2006-09-22,1.2114714,1.3088399,1.7592807,2.0946559
2006-09-23,1.1580397,1.3124357,1.7328404,2.0884825
2006-09-24,1.1887403,1.3170092,1.7064001,2.0815985
2006-09-25,1.1536728,1.3157109,1.6799597,2.0740039
2006-09-26,1.0867675,1.3172159,1.6535194,2.0656988
2006-09-27,0.32446472,1.3045853,1.627079,2.0566831
2006-09-28,0.94681762,1.301623,1.6006387,2.0469568
2006-09-29,1.0280743,1.3012559,1.5741984,2.0365199
2006-09-30,0.97218935,1.3011676,1.547758,2.0253724
2006-10-01,0.79753059,1.2994329,1.5213177,2.0135144
2006-10-02,0.52039204,1.2967187,1.4948773,2.0009458
2006-10-03,0.25797497,1.2908454,1.468437,1.9876666
2006-10-04,0.55295739,1.284607,1.4419966,1.9736769
2006-10-05,0.48374092,1.2725475,1.4155563,1.9589766
2006-10-06,0.68800733,1.2660036,1.3912255,1.9436027
2006-10-07,0.56144784,1.254302,1.3668947,1.9282189
2006-10-08,0.86830456,1.2486063,1.3425639,1.9128252
2006-10-09,0.94990653,1.2424007,1.3182331,1.8974215
2006-10-10,1.005807,1.2355306,1.2939023,1.882008
2006-10-11,1.0794129,1.2352255,1.2695715,1.8665846
2006-10-12,1.0922651,1.22546,1.2452407,1.8511512
2006-10-13,0.41433808,1.2014228,1.2209098,1.835708
2006-10-14,0.70145468,1.1848383,1.1965791,1.8202548
2006-10-15,0.58997412,1.1593091,1.1722482,1.8047918
2006-10-16,0.87924078,1.1423588,1.1479174,1.7893188
2006-10-17,1.0472272,1.132375,1.1235866,1.7738359
2006-10-18,1.1370682,1.1279355,1.0992558,1.7583431
2006-10-19,1.1400744,1.1263103,1.074925,1.7428404
2006-10-20,0.85633339,1.1102855,1.0397387,1.7271373
2006-10-21,0.75938525,1.0984308,1.0045523,1.7103816
2006-10-22,1.1733993,1.0931183,0.96936601,1.6925733
2006-10-23,0.78955536,1.0817236,0.93417967,1.6737123
2006-10-24,0.84060091,1.0761656,0.89899335,1.6537987
2006-10-25,1.151083,1.0795351,0.86380702,1.6328324
2006-10-26,1.1852756,1.0768022,0.82862068,1.6108135
2006-10-27,0.9329055,1.0701007,0.79343434,1.5877419
2006-10-28,0.76024046,1.0561329,0.758248,1.5636177
2006-10-29,0.48371139,1.038167,0.72306169,1.5384409
2006-10-30,0.79517216,1.0286749,0.68787535,1.5122114
2006-10-31,0.8182378,1.0152385,0.65268901,1.4849293
2006-11-01,0.56767295,0.99804909,0.61750267,1.4565945
2006-11-02,0.4858551,0.98061355,0.58231633,1.4272071
2006-11-03,0.51361787,0.95857217,0.58407277,1.3974152
2006-11-04,0.21084126,0.93979604,0.5858292,1.3682762
2006-11-05,0.12278993,0.91949353,0.5875856,1.3397903
2006-11-06,0.47542464,0.89918188,0.58934203,1.3119573
2006-11-07,0.62096208,0.88150196,0.59109846,1.2847773
2006-11-08,0.77343973,0.86607778,0.59285487,1.2582503
2006-11-09,0.54001277,0.84768008,0.5946113,1.2323762
2006-11-10,0.45768274,0.8284067,0.59636773,1.2071552
2006-11-11,0.2977031,0.80642906,0.59812414,1.1825871
2006-11-12,0.38334918,0.7939769,0.59988057,1.1586721
2006-11-13,0.29534621,0.77523187,0.601637,1.13541
2006-11-14,0.52770676,0.75976942,0.6033934,1.1128009
2006-11-15,0.81069604,0.76479165,0.60514983,1.0908448
2006-11-16,0.88766849,0.76426185,0.60690627,1.0695416
2006-11-17,0.46872874,0.75127649,0.59872934,1.0487172
2006-11-18,0.57586129,0.74012543,0.59055241,1.0282132
2006-11-19,0.58785712,0.73012223,0.58237548,1.0080296
2006-11-20,0.33675265,0.71517508,0.57419855,0.98816642
2006-11-21,0.26596922,0.69960133,0.56602163,0.96862365
2006-11-22,0.43724682,0.68820623,0.5578447,0.94940128
2006-11-23,0.41791726,0.68984575,0.54966777,0.93049933
2006-11-24,0.64288155,0.68451354,0.54149084,0.91191779
2006-11-25,0.48361307,0.67496159,0.53331392,0.89365666
2006-11-26,0.64032231,0.66913936,0.52513699,0.87571594
2006-11-27,0.66226408,0.66676626,0.51696006,0.85809563
2006-11-28,0.5341055,0.66700685,0.50878313,0.84079573
2006-11-29,0.25816528,0.66701019,0.50060621,0.82381624
2006-11-30,0.52057985,0.66644216,0.49242928,0.80715717
2006-12-01,0.56847428,0.66792871,0.48651668,0.79085823
2006-12-02,0.52266057,0.66502789,0.48060408,0.77488241
2006-12-03,0.53989896,0.66464984,0.4746915,0.75922972
2006-12-04,0.50441814,0.65826587,0.4687789,0.74390016
2006-12-05,0.58411234,0.65184843,0.4628663,0.72889373
2006-12-06,0.55709832,0.64397635,0.4569537,0.71421042
2006-12-07,0.47806117,0.63342632,0.45104113,0.69985024
2006-12-08,0.52819622,0.62353037,0.44512853,0.68581318
2006-12-09,0.17090962,0.6192597,0.43921593,0.67209926
2006-12-10,0.13093393,0.60925056,0.43330333,0.65870845
2006-12-11,0.12132995,0.60102873,0.42739076,0.64564078
2006-12-12,0.13046457,0.58789231,0.42147816,0.63289623
2006-12-13,0.31104721,0.57497687,0.41556556,0.62047481
2006-12-14,0.46712367,0.56322346,0.40965296,0.60837651
2006-12-15,0.54867111,0.55284796,0.40586938,0.59663869
2006-12-16,0.46611996,0.54600211,0.40208577,0.5854518
2006-12-17,0.30913948,0.53810306,0.39830219,0.57481583
2006-12-18,0.17354956,0.52056184,0.39451858,0.56473079
2006-12-19,0.22464082,0.51065106,0.390735,0.55519667
2006-12-20,0.10084731,0.49767292,0.3869514,0.54621348
2006-12-21,0.26946394,0.48220592,0.38316782,0.53778121
2006-12-22,0.12579209,0.46361849,0.37938421,0.52989987
2006-12-23,0.20149028,0.45078665,0.37560063,0.52256946
2006-12-24,0.31446145,0.44296596,0.37181702,0.51578997
2006-12-25,0.23161314,0.43854319,0.36803344,0.5095614
2006-12-26,0.32020296,0.43021039,0.36424984,0.50388376
2006-12-27,0.3275401,0.42160166,0.36046626,0.49875704
2006-12-28,0.13331926,0.41398142,0.35668265,0.49418125
2006-12-29,0.28755807,0.41050253,0.36246867,0.49032428
2006-12-30,0.38371472,0.40822352,0.36825468,0.486538
2006-12-31,0.31002621,0.40996361,0.3740407,0.48282241
2007-01-01,0.35150424,0.23476413,0.39603863,0.36033464
2007-01-02,0.25823122,0.23413233,0.40207158,0.3609881
2007-01-03,0.25420346,0.23643314,0.40810456,0.36167062
2007-01-04,0.23734201,0.23305657,0.41413753,0.36238219
2007-01-05,0.23849907,0.23229479,0.42017051,0.3631228
2007-01-06,0.31170671,0.23408864,0.42620348,0.36389247
2007-01-07,0.10445919,0.23395174,0.43223646,0.36469119
2007-01-08,0.27487123,0.23641871,0.43826944,0.36551895
2007-01-09,0.28732988,0.23847869,0.44430238,0.36637577
2007-01-10,0.41828411,0.24339012,0.45033536,0.36726164
2007-01-11,0.16143229,0.24313672,0.45636834,0.36817655
2007-01-12,0.26135793,0.24423179,0.45788507,0.36916774
2007-01-13,0.25601547,0.24652588,0.45940183,0.3702352
2007-01-14,0.33689243,0.24858799,0.46091856,0.37137892
2007-01-15,0.33788297,0.24886772,0.4624353,0.37259892
2007-01-16,0.34729056,0.24966705,0.46395203,0.37389519
2007-01-17,0.38227081,0.24985261,0.46546877,0.37526772
2007-01-18,0.26173865,0.24879351,0.46698553,0.37671653
2007-01-19,0.26625607,0.24787471,0.46850226,0.37824161
2007-01-20,0.39292589,0.25259128,0.470019,0.37984295
2007-01-21,0.34030196,0.25631869,0.47153573,0.38152057
2007-01-22,0.32018731,0.25836299,0.47305249,0.38327445
2007-01-23,0.14552679,0.25625941,0.47456923,0.38510461
2007-01-24,0.0909306,0.25207804,0.47608596,0.38701104
2007-01-25,0.16737027,0.24909653,0.47760269,0.38899373
2007-01-26,0.17674654,0.24697306,0.49149824,0.39127982
2007-01-27,0.27059078,0.24763561,0.50539378,0.39386931
2007-01-28,0.15394405,0.24430904,0.51928935,0.39676219
2007-01-29,0.21222727,0.24389485,0.53318489,0.39995847
2007-01-30,0.27431196,0.24554261,0.54708043,0.40345814
2007-01-31,0.32879638,0.24716845,0.56097598,0.40726121
2007-02-01,0.37745277,0.24762092,0.57487152,0.41136767
2007-02-02,0.22521128,0.24595415,0.58876706,0.41577753
2007-02-03,0.36258606,0.24643758,0.60266261,0.42049078
2007-02-04,0.25144711,0.24711838,0.61655815,0.42550743
2007-02-05,0.27085823,0.2457023,0.63045369,0.43082748
2007-02-06,0.35530372,0.250996,0.64434923,0.43645091
2007-02-07,0.31115833,0.2556806,0.65824478,0.44237775
2007-02-08,0.29026788,0.25729307,0.67214032,0.44860798
2007-02-09,0.43781634,0.26364889,0.67841334,0.45491118
2007-02-10,0.18138978,0.26392992,0.68468633,0.46128734
2007-02-11,0.44187455,0.27025635,0.69095932,0.46773648
2007-02-12,0.47661535,0.27730361,0.69723233,0.47425859
2007-02-13,0.46451473,0.28244751,0.70350533,0.48085367
2007-02-14,0.59491789,0.29119033,0.70977834,0.48752172
2007-02-15,0.064579041,0.28848627,0.71605133,0.49426274
2007-02-16,0.30200959,0.28908941,0.72232435,0.50107673
2007-02-17,0.59932787,0.29456529,0.72859734,0.50796369
2007-02-18,0.68403393,0.30171628,0.73487033,0.51492362
2007-02-19,0.295119,0.30431128,0.74114335,0.52195653
2007-02-20,0.31410913,0.30462077,0.74741634,0.5290624
2007-02-21,0.32542973,0.30465074,0.75368936,0.53624124
2007-02-22,0.33142653,0.3035699,0.75996235,0.54349305
2007-02-23,0.4446103,0.30631101,0.80822166,0.55134254
2007-02-24,0.60636649,0.31089326,0.85648097,0.55978972
2007-02-25,0.42571645,0.31212209,0.90474025,0.56883457
2007-02-26,0.56018893,0.31957472,0.95299957,0.5784771
2007-02-27,0.38848928,0.32022358,1.0012589,0.589095
2007-02-28,0.36971814,0.32217949,1.0495182,0.60045371
2007-03-01,0.35837961,0.32400715,1.0977775,0.61255324
2007-03-02,0.3129184,0.32533305,1.1460368,0.62539358
2007-03-03,0.40771719,0.32830179,1.1942961,0.63897473
2007-03-04,0.56578738,0.33275934,1.2425554,0.65329669
2007-03-05,0.59411893,0.34134986,1.2908147,0.66835947
2007-03-06,0.69907366,0.34879201,1.339074,0.68416306
2007-03-07,0.79833256,0.35775697,1.3873333,0.70070746
2007-03-08,0.51839041,0.35951322,1.4355926,0.71799267
2007-03-09,0.76362186,0.37007795,1.5053917,0.73639659
2007-03-10,0.59503625,0.37593196,1.5751907,0.75599844
2007-03-11,0.97485254,0.38854313,1.6449897,0.77679823
2007-03-12,1.1637996,0.40305028,1.7147888,0.79879595
2007-03-13,1.275987,0.41950824,1.7845878,0.82199161
2007-03-14,1.0689567,0.43216905,1.8543868,0.8463852
2007-03-15,1.0377244,0.44366824,1.9241859,0.87197673
2007-03-16,1.2205237,0.46048903,1.9939849,0.8987662
2007-03-17,0.32652111,0.46154631,2.063784,0.92675359
2007-03-18,0.77721972,0.46828831,2.133583,0.95593893
2007-03-19,0.81727876,0.47665632,2.203382,0.9863222
2007-03-20,0.5757958,0.48114068,2.2731811,1.0179034
2007-03-21,0.37320743,0.48513508,2.3429801,1.0506825
2007-03-22,0.46488109,0.49169561,2.4127792,1.0846596
2007-03-23,0.71717258,0.50134127,2.4603871,1.1194453
2007-03-24,0.8698305,0.51350063,2.507995,1.1548224
2007-03-25,1.3056222,0.53165908,2.5556028,1.190791
2007-03-26,1.333217,0.55234808,2.6032107,1.227351
2007-03-27,1.3920354,0.57304647,2.6508186,1.2645025
2007-03-28,1.4992912,0.59453733,2.6984266,1.3022454
2007-03-29,1.5062817,0.61519497,2.7460344,1.3405798
2007-03-30,1.4395694,0.63382859,2.7936424,1.3795056
2007-03-31,1.6342095,0.65854786,2.8412502,1.4190228
2007-04-01,1.7835459,0.68347698,2.8888582,1.4591315
2007-04-02,1.931504,0.71295166,2.936466,1.4998317
2007-04-03,1.4424855,0.73350653,2.9840738,1.5411232
2007-04-04,1.4042224,0.75190861,3.0316818,1.5830063
2007-04-05,1.8418667,0.77876314,3.0792896,1.6254807
2007-04-06,1.4871105,0.79976038,3.1621055,1.6691643
2007-04-07,1.5901823,0.81997733,3.2449214,1.7141908
2007-04-08,0.69821603,0.82904445,3.3277373,1.7605601
2007-04-09,1.7963196,0.85280665,3.4105531,1.8082723
2007-04-10,1.3570489,0.86825285,3.493369,1.8573273
2007-04-11,1.5513467,0.88732008,3.5761849,1.9077252
2007-04-12,2.3436447,0.9179995,3.6590008,1.959466
2007-04-13,2.4829446,0.96042696,3.7418167,2.0125496
2007-04-14,2.5175314,0.99929577,3.8246326,2.066976
2007-04-15,2.5101953,1.0328198,3.9074485,2.1227453
2007-04-16,2.6224104,1.0668264,3.9902644,2.1798575
2007-04-17,2.6624857,1.1083591,4.0730803,2.2383125
2007-04-18,2.0928962,1.1395659,4.1558962,2.2981104
2007-04-19,2.297149,1.1741575,4.238712,2.3592512
2007-04-20,2.132423,1.2057539,4.1865454,2.4193667
2007-04-21,2.2214108,1.2369258,4.1343786,2.4777203
2007-04-22,2.6208089,1.2722669,4.0822117,2.5343121
2007-04-23,2.9596514,1.3167219,4.0300451,2.589142
2007-04-24,3.052854,1.3604529,3.9778783,2.64221
2007-04-25,3.1362243,1.4086588,3.9257117,2.6935162
2007-04-26,3.1263822,1.4570213,3.8735448,2.7430606
2007-04-27,3.1142466,1.5053698,3.8213782,2.790843
2007-04-28,3.0435069,1.5532749,3.7692114,2.8368636
2007-04-29,2.4441976,1.5890026,3.7170448,2.8811224
2007-04-30,2.714691,1.6267027,3.6648779,2.9236193
2007-05-01,2.5495099,1.6610078,3.6127113,2.9643543
2007-05-02,3.0024733,1.7014183,3.5605445,3.0033275
2007-05-03,3.2242537,1.7439783,3.5083779,3.0405388
2007-05-04,3.2380335,1.7916914,3.5338107,3.0773496
2007-05-05,3.0988562,1.8326604,3.5592435,3.1133821
2007-05-06,2.908559,1.8732485,3.5846763,3.1486362
2007-05-07,1.7697602,1.8871943,3.6101093,3.183112
2007-05-08,1.8946188,1.9000157,3.6355421,3.2168094
2007-05-09,2.6090935,1.9234035,3.6609749,3.2497285
2007-05-10,1.866799,1.9374007,3.6864077,3.2818692
2007-05-11,2.6089305,1.9649657,3.7118408,3.3132316
2007-05-12,2.4307451,1.9861977,3.7372736,3.3438156
2007-05-13,3.0048184,2.0331854,3.7627064,3.3736213
2007-05-14,2.7402507,2.0676245,3.7881394,3.4026486
2007-05-15,1.8320858,2.0854281,3.8135722,3.4308975
2007-05-16,2.5808966,2.1206053,3.839005,3.4583681
2007-05-17,2.1764594,2.1522413,3.8644378,3.4850604
2007-05-18,2.9668189,2.196135,3.8800373,3.5108017
2007-05-19,3.5062781,2.2450667,3.8956368,3.5359815
2007-05-20,3.5021975,2.2912485,3.9112361,3.5605998
2007-05-21,3.575983,2.3310794,3.9268356,3.5846565
2007-05-22,3.2135682,2.3640681,3.9424348,3.6081517
2007-05-23,2.6300942,2.3857884,3.9580343,3.6310853
2007-05-24,3.0384984,2.412792,3.9736338,3.6534574
2007-05-25,2.6276373,2.4324649,3.989233,3.6752679
2007-05-26,2.3629336,2.4486643,4.0048325,3.6965168
2007-05-27,2.3870469,2.461872,4.020432,3.7172042
2007-05-28,1.5757491,2.4582264,4.0360313,3.73733
2007-05-29,1.8710443,2.4571657,4.0516308,3.7568943
2007-05-30,1.6525563,2.4608512,4.06723,3.7758971
2007-05-31,1.813251,2.4680271,4.0828295,3.7943383
2007-06-01,2.2138479,2.4745531,4.0511638,3.8113887
2007-06-02,2.5135868,2.4925614,4.0194978,3.8264307
2007-06-03,2.5209917,2.5088914,3.987832,3.8394642
2007-06-04,2.520327,2.5408583,3.9561663,3.8504893
2007-06-05,2.4410962,2.5521702,3.9245006,3.8595059
2007-06-06,2.7579654,2.5767476,3.8928348,3.8665141
2007-06-07,2.8540155,2.5996015,3.8611688,3.8715138
2007-06-08,3.0089335,2.6112732,3.8295031,3.874505
2007-06-09,2.6471314,2.6141537,3.7978374,3.8754879
2007-06-10,2.9880605,2.6224086,3.7661716,3.8744622
2007-06-11,3.0101172,2.6311791,3.7345056,3.8714281
2007-06-12,2.3952191,2.6271933,3.7028399,3.8663856
2007-06-13,2.2078839,2.6192179,3.6711742,3.8593346
2007-06-14,2.7605873,2.6309317,3.6395084,3.8502752
2007-06-15,2.0284313,2.6262174,3.5943936,3.8389714
2007-06-16,2.3812353,2.6305825,3.5492791,3.8277912
2007-06-17,2.8046435,2.6408147,3.5041642,3.8167349
2007-06-18,2.0329685,2.6305017,3.4590497,3.8058022
2007-06-19,2.9284175,2.6299537,3.4139349,3.7949932
2007-06-20,2.5953771,2.6219278,3.3688203,3.784308
2007-06-21,1.1319382,2.5867649,3.3237055,3.7737465
2007-06-22,2.078043,2.568373,3.278591,3.7633087
2007-06-23,2.2826337,2.5537833,3.2334764,3.7529946
2007-06-24,2.4316137,2.5430483,3.1883616,3.7428043
2007-06-25,2.2669302,2.5399384,3.1432471,3.7327377
2007-06-26,2.0485487,2.5282517,3.0981323,3.7227948
2007-06-27,2.1329357,2.5209433,3.0530177,3.7129756
2007-06-28,2.0691101,2.5045685,3.0079029,3.7032801
2007-06-29,2.2583887,2.4876235,3.060048,3.6954147
2007-06-30,2.560123,2.4757304,3.112193,3.6880179
2007-07-01,2.8034443,2.4705477,3.1643381,3.6810897
2007-07-02,1.2375889,2.4412324,3.2164829,3.6746302
2007-07-03,2.0736378,2.4465636,3.2686279,3.6686393
2007-07-04,2.0237082,2.4488284,3.320773,3.663117
2007-07-05,1.6165925,2.4314161,3.372918,3.6580634
2007-07-06,1.9518929,2.4329089,3.4250628,3.6534784
2007-07-07,2.5583816,2.4320221,3.4772079,3.649362
2007-07-08,2.7170827,2.4370456,3.5293529,3.6457143
2007-07-09,1.013262,2.402106,3.5814977,3.6425352
2007-07-10,1.6312704,2.3826502,3.6336427,3.6398247
2007-07-11,1.9434142,2.3846033,3.6857878,3.6375829
2007-07-12,1.7146201,2.3694055,3.7379328,3.6358097
2007-07-13,2.3366134,2.3722152,3.697754,3.6328854
2007-07-14,2.6366242,2.3664223,3.6575751,3.6289826
2007-07-15,2.6290864,2.351033,3.6173962,3.6241011
2007-07-16,2.5192251,2.3337879,3.5772173,3.6182412
2007-07-17,2.7813658,2.3198472,3.5370384,3.6114026
2007-07-18,1.9439623,2.2975734,3.4968596,3.6035855
2007-07-19,2.2484109,2.2908772,3.4566807,3.5947898
2007-07-20,2.446513,2.2804915,3.4165018,3.5850156
2007-07-21,2.2928779,2.2746185,3.3763229,3.5742628
2007-07-22,1.6137587,2.2614751,3.336144,3.5625314
2007-07-23,2.3803257,2.2613572,3.2959651,3.5498215
2007-07-24,1.8549763,2.2662559,3.2557863,3.5361329
2007-07-25,2.1312338,2.2708207,3.2156074,3.5214659
2007-07-26,2.5586331,2.2867168,3.1754285,3.5058202
2007-07-27,2.2387821,2.2941822,3.1302275,3.4891079
2007-07-28,1.5808924,2.2830777,3.0850268,3.4721581
2007-07-29,1.1002981,2.2582832,3.0398261,3.4549709
2007-07-30,1.5073774,2.2405005,2.9946251,3.4375462
2007-07-31,0.99977824,2.2138242,2.9494244,3.4198841
2007-08-01,2.0998225,2.2078369,2.9042234,3.4019845
2007-08-02,2.0562007,2.1955253,2.8590227,3.3838474
2007-08-03,1.6238267,2.173943,2.8138217,3.3654729
2007-08-04,2.117442,2.1583028,2.768621,3.346861
2007-08-05,2.3768152,2.1535604,2.72342,3.3280115
2007-08-06,2.4319981,2.1438049,2.6782193,3.3089247
2007-08-07,2.292143,2.1312089,2.6330185,3.2896003
2007-08-08,1.8027371,2.1208145,2.5878176,3.2700385
2007-08-09,1.4911268,2.1082398,2.5426168,3.2502393
2007-08-10,0.88586706,2.07535,2.5508266,3.2311396
2007-08-11,0.93731889,2.0562076,2.5590365,3.2129754
2007-08-12,1.9276963,2.0482508,2.5672463,3.1957468
2007-08-13,1.9769136,2.0337292,2.5754561,3.1794537
2007-08-14,2.2869017,2.0381842,2.5836659,3.1640961
2007-08-15,2.1565704,2.024643,2.5918757,3.149674
2007-08-16,0.85069611,1.9940346,2.6000856,3.1361874
2007-08-17,1.5994056,2.0022358,2.6082954,3.1236363
2007-08-18,1.9611378,2.0001848,2.6165052,3.1120208
2007-08-19,1.9514429,1.9943744,2.6247151,3.1013408
2007-08-20,1.3944651,1.9761788,2.6329249,3.0915963
2007-08-21,1.5552234,1.9636928,2.6411347,3.0827873
2007-08-22,1.6488473,1.9566805,2.6493445,3.0749138
2007-08-23,1.7604008,1.9501448,2.6575544,3.0679759
2007-08-24,2.0525844,1.9498548,2.6032929,3.0608774
2007-08-25,2.1707158,1.9483167,2.5490315,3.0519122
2007-08-26,2.068733,1.9396958,2.49477,3.0410802
2007-08-27,1.6332402,1.9191659,2.4405085,3.0283815
2007-08-28,1.3587395,1.9212914,2.3862471,3.0138159
2007-08-29,1.6145377,1.913237,2.3319856,2.9973836
2007-08-30,1.8473448,1.9101429,2.2777242,2.9790845
2007-08-31,1.2542886,1.9037867,2.2234627,2.9589186
2007-09-01,1.4036199,1.8941679,2.1692013,2.936886
2007-09-02,1.7813104,1.880535,2.1149398,2.9129865
2007-09-03,1.0592731,1.8514507,2.0606783,2.8872203
2007-09-04,1.1393483,1.8536627,2.0064169,2.8595873
2007-09-05,1.2228938,1.8464982,1.9521554,2.8300875
2007-09-06,1.5769669,1.8400693,1.897894,2.798721
2007-09-07,0.84318234,1.8247809,1.8906346,2.7663122
2007-09-08,0.66671596,1.7954845,1.8833752,2.734481
2007-09-09,1.1531971,1.7694594,1.8761158,2.7032274
2007-09-10,0.64132282,1.7345864,1.8688564,2.6725512
2007-09-11,0.99693329,1.7078795,1.861597,2.6424526
2007-09-12,1.1189556,1.6787144,1.8543376,2.6129316
2007-09-13,1.3675459,1.6686019,1.8470782,2.583988
2007-09-14,1.6903906,1.658812,1.8398188,2.555622
2007-09-15,1.559867,1.6432568,1.8325594,2.5278336
2007-09-16,1.8037414,1.6346755,1.8252999,2.5006226
2007-09-17,1.8474253,1.6387749,1.8180405,2.4739892
2007-09-18,0.48843522,1.6055838,1.8107811,2.4479334
2007-09-19,1.1251003,1.592779,1.8035217,2.4224551
2007-09-20,1.6060057,1.5835645,1.7962623,2.3975543
2007-09-21,1.7731095,1.5697834,1.7691237,2.3728822
2007-09-22,1.8466608,1.562904,1.7419851,2.3485271
2007-09-23,1.7986664,1.5667246,1.7148465,2.3244889
2007-09-24,1.9068845,1.5808753,1.6877079,2.3007675
2007-09-25,0.79130419,1.5683126,1.6605693,2.277363
2007-09-26,0.92820434,1.5670569,1.6334306,2.2542754
2007-09-27,0.19873607,1.5337045,1.6062921,2.2315047
2007-09-28,0.37489398,1.5042079,1.5791534,2.2090508
2007-09-29,0.80306907,1.4898086,1.5520148,2.1869139
2007-09-30,1.1515321,1.4728629,1.5248762,2.1650938
2007-10-01,1.4161581,1.4560092,1.4977376,2.1435906
2007-10-02,0.44938631,1.4212266,1.470599,2.1224043
2007-10-03,0.99890307,1.3985381,1.4434604,2.1015348
2007-10-04,1.1636169,1.3873255,1.4163218,2.0809823
2007-10-05,0.75652952,1.3744378,1.3601811,2.0602378
2007-10-06,0.64524038,1.3702163,1.3040405,2.0383643
2007-10-07,0.83357142,1.3683962,1.2478998,2.0153619
2007-10-08,1.1370853,1.3545258,1.1917592,1.9912306
2007-10-09,0.83532833,1.334498,1.1356185,1.9659703
2007-10-10,0.86712382,1.3095896,1.0794779,1.939581
2007-10-11,0.74424269,1.2848119,1.0233372,1.9120628
2007-10-12,0.43574611,1.2775321,0.96719658,1.8834156
2007-10-13,0.78184275,1.2631889,0.91105593,1.8536395
2007-10-14,0.99951089,1.2463183,0.85491528,1.8227344
2007-10-15,1.1918341,1.2329918,0.79877462,1.7907004
2007-10-16,1.277518,1.2309401,0.74263397,1.7575374
2007-10-17,1.2755142,1.2260329,0.68649334,1.7232454
2007-10-18,0.5358202,1.2065061,0.63035269,1.6878245
2007-10-19,0.60812228,1.1862907,0.60982308,1.6518994
2007-10-20,0.56831661,1.1602509,0.5892935,1.6165661
2007-10-21,0.35847205,1.1284572,0.56876389,1.5818245
2007-10-22,0.46908817,1.1003932,0.54823429,1.5476748
2007-10-23,0.159877,1.0745447,0.52770471,1.5141168
2007-10-24,0.12357735,1.0528752,0.5071751,1.4811506
2007-10-25,0.15468707,1.0272638,0.48664552,1.4487762
2007-10-26,0.15875909,0.99763951,0.46611592,1.4169936
2007-10-27,0.30857278,0.981048,0.44558631,1.3858028
2007-10-28,0.69293711,0.96857989,0.42505673,1.3552038
2007-10-29,0.77258678,0.95088298,0.40452713,1.3251966
2007-10-30,0.26902272,0.93701894,0.38399752,1.2957811
2007-10-31,0.55193726,0.92671348,0.36346794,1.2669574
2007-11-01,0.53236619,0.91459896,0.34293833,1.2387256
2007-11-02,0.21378812,0.89068355,0.34731546,1.2115224
2007-11-03,0.25524757,0.8803689,0.35169259,1.1845235
2007-11-04,0.30966374,0.87410483,0.35606971,1.1577286
2007-11-05,0.50028136,0.86265016,0.36044684,1.1311379
2007-11-06,0.29424383,0.85656106,0.36482396,1.1047514
2007-11-07,0.12305694,0.84122989,0.36920109,1.078569
2007-11-08,0.42980683,0.82913957,0.37357822,1.0525908
2007-11-09,0.28192021,0.8100935,0.37795534,1.0268167
2007-11-10,0.20945759,0.78411222,0.38233247,1.0012468
2007-11-11,0.11226227,0.75871565,0.38670959,0.97588098
2007-11-12,0.13425398,0.72942639,0.39108672,0.95071935
2007-11-13,0.16991117,0.69999632,0.39546385,0.92576186
2007-11-14,0.13833212,0.69385416,0.39984097,0.90100853
2007-11-15,0.17587654,0.67720111,0.4042181,0.87645934
2007-11-16,0.19893888,0.65251573,0.40138744,0.85198785
2007-11-17,0.12525231,0.62360596,0.39855681,0.82794282
2007-11-18,0.21935233,0.59505668,0.39572615,0.80432424
2007-11-19,0.32193816,0.56914917,0.39289549,0.78113212
2007-11-20,0.30172884,0.54098854,0.39006485,0.75836645
2007-11-21,0.37169398,0.53362696,0.3872342,0.73602724
2007-11-22,0.32210725,0.52299368,0.38440356,0.71411448
2007-11-23,0.31862779,0.52509704,0.3815729,0.69262818
2007-11-24,0.1240813,0.52069682,0.37874224,0.67156833
2007-11-25,0.12783922,0.50885068,0.37591161,0.65093494
2007-11-26,0.2036623,0.49222139,0.37308095,0.63072801
2007-11-27,0.26543071,0.47203319,0.37025032,0.61094753
2007-11-28,0.32926883,0.46992586,0.36741966,0.59159351
2007-11-29,0.33731639,0.45831908,0.364589,0.57266594
2007-11-30,0.29778427,0.44312903,0.36119103,0.55415487
2007-12-01,0.23282531,0.43394124,0.35779306,0.53656912
2007-12-02,0.34355897,0.42864858,0.35439506,0.51990867
2007-12-03,0.23583576,0.41816199,0.35099709,0.50417354
2007-12-04,0.18038971,0.40137786,0.34759912,0.48936371
2007-12-05,0.23612357,0.3908655,0.34420112,0.47547919
2007-12-06,0.35166221,0.38182231,0.34080315,0.46251999
2007-12-07,0.32021678,0.37438326,0.33740517,0.45048609
2007-12-08,0.33503082,0.37261633,0.33400718,0.43937751
2007-12-09,0.21264133,0.36263034,0.3306092,0.42919423
2007-12-10,0.35157462,0.35126303,0.32721123,0.41993626
2007-12-11,0.053563363,0.33129337,0.32381323,0.41160361
2007-12-12,0.044135908,0.30965509,0.32041526,0.40419626
2007-12-13,0.19835692,0.29075759,0.31701729,0.39771423
2007-12-14,0.075534512,0.2826824,0.31913099,0.3922542
2007-12-15,0.16537122,0.27491484,0.32124469,0.38719142
2007-12-16,0.081268158,0.26637013,0.32335839,0.38252589
2007-12-17,0.074921596,0.26139556,0.32547209,0.37825761
2007-12-18,0.17131207,0.25617142,0.32758579,0.37438659
2007-12-19,0.096577491,0.2550609,0.32969949,0.37091281
2007-12-20,0.21871021,0.2567299,0.33181319,0.36783629
2007-12-21,0.26763083,0.25871137,0.33392689,0.36515701
2007-12-22,0.2872026,0.26096477,0.33604059,0.36287499
2007-12-23,0.27642756,0.26040081,0.33815429,0.36099022
2007-12-24,0.14720377,0.25082655,0.34026799,0.35950269
2007-12-25,0.29646849,0.24247359,0.34238169,0.35841242
2007-12-26,0.32372137,0.24343322,0.34449539,0.3577194
2007-12-27,0.39303436,0.24064545,0.34660908,0.35742363
2007-12-28,0.28836722,0.23636476,0.3608006,0.35773701
2007-12-29,0.34517806,0.23866985,0.37499208,0.35822256
2007-12-30,0.35567333,0.24043171,0.38918359,0.3588803
2007-12-31,0.13538876,0.23737425,0.40337511,0.35971022
2008-01-01,0.1092088,0.24995774,0.40415763,0.33635766
2008-01-02,0.19785079,0.24683478,0.41789342,0.33348188
2008-01-03,0.078896228,0.24381527,0.43162919,0.33123203
2008-01-04,0.22341473,0.2429666,0.44536498,0.32960812
2008-01-05,0.20316574,0.23640024,0.45910078,0.32861014
2008-01-06,0.12139427,0.22952812,0.47283654,0.3282381
2008-01-07,0.15598996,0.22239346,0.48657233,0.32849199
2008-01-08,0.3476578,0.22077075,0.50030813,0.32937181
2008-01-09,0.3299336,0.21832713,0.51404389,0.33087757
2008-01-10,0.41348926,0.21692513,0.52777969,0.33270292
2008-01-11,0.46811429,0.21407079,0.53818376,0.33478943
2008-01-12,0.30919012,0.21306083,0.54858784,0.33713707
2008-01-13,0.43255142,0.21359173,0.55899195,0.33974587
2008-01-14,0.49473256,0.21523296,0.56939603,0.34261581
2008-01-15,0.46653343,0.22005159,0.57980011,0.3457469
2008-01-16,0.18954019,0.22164874,0.59020418,0.34913913
2008-01-17,0.4567128,0.22686437,0.60060829,0.35279252
2008-01-18,0.32061185,0.22893203,0.61101237,0.35670704
2008-01-19,0.20287953,0.22906906,0.62141645,0.36088272
2008-01-20,0.28655065,0.23111868,0.63182052,0.36531954
2008-01-21,0.222548,0.23162859,0.64222463,0.37001751
2008-01-22,0.1696711,0.22979661,0.65262871,0.37497663
2008-01-23,0.40202496,0.23105001,0.66303279,0.38019689
2008-01-24,0.46012629,0.23301322,0.67343687,0.38579933
2008-01-25,0.49593287,0.23861281,0.67966026,0.39171062
2008-01-26,0.51132239,0.24281678,0.68588365,0.39793075
2008-01-27,0.095358867,0.2413436,0.69210705,0.40445972
2008-01-28,0.25169783,0.24110696,0.69833042,0.41129753
2008-01-29,0.43094446,0.24360298,0.70455381,0.41844417
2008-01-30,0.34231099,0.24424202,0.71077721,0.42589966
2008-01-31,0.43017171,0.24609468,0.7170006,0.43366399
2008-02-01,0.33846039,0.2494854,0.72322397,0.44173716
2008-02-02,0.26870894,0.25324755,0.72944736,0.45011917
2008-02-03,0.46227623,0.25652748,0.73567076,0.45881002
2008-02-04,0.57080653,0.26069676,0.74189412,0.4678097
2008-02-05,0.5558048,0.26792081,0.74811752,0.47711823
2008-02-06,0.38672575,0.27263311,0.75434091,0.4867356
2008-02-07,0.52486703,0.28061653,0.76056431,0.49638871
2008-02-08,0.48609945,0.28495935,0.78338488,0.50636874
2008-02-09,0.61508153,0.29143586,0.80620545,0.51667568
2008-02-10,0.76865643,0.29973179,0.82902605,0.52730955
2008-02-11,0.65971759,0.3100396,0.85184662,0.53827033
2008-02-12,0.30170406,0.31412119,0.87466721,0.54955803
2008-02-13,0.53400192,0.3212361,0.89748778,0.56117265
2008-02-14,0.16404099,0.32244169,0.92030835,0.57311419
2008-02-15,0.43516329,0.32837986,0.94312895,0.58538265
2008-02-16,0.38675522,0.33138726,0.96594952,0.59797803
2008-02-17,0.53947418,0.33732468,0.98877009,0.61090032
2008-02-18,0.19651234,0.33734788,1.0115907,0.62414953
2008-02-19,0.48323843,0.34475075,1.0344113,0.63772567
2008-02-20,0.7340273,0.35491778,1.0572318,0.65162872
2008-02-21,0.68161302,0.36444451,1.0800524,0.66562496
2008-02-22,0.44516361,0.3706223,1.0932378,0.67954537
2008-02-23,0.8766229,0.38278615,1.1064232,0.69338992
2008-02-24,1.1536347,0.39934604,1.1196085,0.70715864
2008-02-25,0.66337447,0.4062872,1.1327939,0.72085151
2008-02-26,0.92319006,0.41712717,1.1459793,0.73446854
2008-02-27,0.86073769,0.43031189,1.1591647,0.74771428
2008-02-28,0.86206411,0.44196475,1.17235,0.76095036
2008-02-29,0.62490516,0.45154386,1.1855354,0.77417678
2008-03-01,0.38194228,0.45432504,1.1987208,0.78739355
2008-03-02,0.34795712,0.45686524,1.2119061,0.80060066
2008-03-03,0.58286156,0.46496116,1.2250915,0.81379812
2008-03-04,0.65128548,0.47365055,1.2382769,0.82698592
2008-03-05,0.62260715,0.47847423,1.2514622,0.84016406
2008-03-06,0.79512417,0.48663546,1.2646476,0.85333255
2008-03-07,0.61190494,0.49011644,1.3134687,0.86711656
2008-03-08,0.53195926,0.49123653,1.3622899,0.88157457
2008-03-09,0.96098565,0.50267154,1.411111,0.89670655
2008-03-10,1.1930363,0.51601338,1.4599321,0.91251252
2008-03-11,0.91915979,0.52345947,1.5087532,0.92899247
2008-03-12,0.97769354,0.53242719,1.5575743,0.9461464
2008-03-13,0.70839218,0.54152986,1.6063955,0.96397432
2008-03-14,0.56040559,0.54334903,1.6552166,0.98247622
2008-03-15,1.0988035,0.55700151,1.7040377,1.0016521
2008-03-16,0.81667251,0.56776981,1.7528588,1.021502
2008-03-17,0.5267582,0.57198398,1.8016799,1.0420258
2008-03-18,0.63357573,0.57919499,1.8505011,1.0632237
2008-03-19,0.69226143,0.58836324,1.8993222,1.0850955
2008-03-20,0.76157511,0.59467114,1.9481433,1.1076413
2008-03-21,0.87245778,0.60190503,1.9289021,1.129667
2008-03-22,0.88178743,0.6086744,1.909661,1.1512459
2008-03-23,0.62293351,0.61063249,1.8904198,1.1723781
2008-03-24,0.93232982,0.62531619,1.8711786,1.1930636
2008-03-25,0.75283124,0.63410801,1.8519374,1.2133023
2008-03-26,1.0615013,0.64517041,1.8326962,1.2330943
2008-03-27,1.2417802,0.66095057,1.813455,1.2524395
2008-03-28,1.7126817,0.68345075,1.7942139,1.271338
2008-03-29,1.529918,0.70435351,1.7749727,1.2897897
2008-03-30,1.8058949,0.73132169,1.7557315,1.3077947
2008-03-31,1.9253389,0.75698945,1.7364903,1.325353
2008-04-01,1.725314,0.77724397,1.7172492,1.3424645
2008-04-02,1.1413403,0.78751652,1.698008,1.3591292
2008-04-03,1.0394758,0.79896828,1.6787668,1.3753472
2008-04-04,1.0591817,0.80834222,1.728818,1.3923341
2008-04-05,1.7786039,0.83101774,1.7788693,1.4097987
2008-04-06,0.82911714,0.83477275,1.8289205,1.4277411
2008-04-07,0.66841829,0.83301418,1.8789718,1.4461612
2008-04-08,1.2604017,0.8435525,1.9290231,1.465059
2008-04-09,1.1206713,0.85792035,1.9790743,1.4844346
2008-04-10,0.84742887,0.86341907,2.0291256,1.5042879
2008-04-11,1.4186096,0.88542904,2.0791768,1.5246189
2008-04-12,1.6181149,0.90618258,2.1292281,1.5454277
2008-04-13,1.8654976,0.93212543,2.1792793,1.5667142
2008-04-14,1.7007277,0.9524983,2.2293306,1.5884784
2008-04-15,0.45229054,0.95698563,2.2793818,1.6107203
2008-04-16,1.2474887,0.97039353,2.3294331,1.63344
2008-04-17,1.5132,0.98406323,2.3794843,1.6566374
2008-04-18,1.1496607,0.99227459,2.4956497,1.6814725
2008-04-19,0.38004897,0.99113223,2.6118152,1.7081142
2008-04-20,0.6720858,0.98754386,2.7279805,1.7365626
2008-04-21,1.6468134,0.99619612,2.8441459,1.7668176
2008-04-22,1.0093407,1.0022657,2.9603114,1.7988793
2008-04-23,1.9517878,1.0203113,3.0764767,1.8327477
2008-04-24,1.895314,1.0384617,3.192642,1.8684227
2008-04-25,0.99893704,1.040863,3.3088076,1.9059044
2008-04-26,1.9885047,1.0647858,3.4249729,1.9451928
2008-04-27,2.1313276,1.0954768,3.5411385,1.9862879
2008-04-28,2.3019844,1.129758,3.6573038,2.0291896
2008-04-29,0.99459717,1.1369814,3.7734691,2.073898
2008-04-30,2.0254477,1.1610895,3.8896346,2.120413
2008-05-01,1.8207585,1.1821097,4.0057999,2.1687347
2008-05-02,1.7825007,1.1994321,3.9324124,2.2155376
2008-05-03,2.0521505,1.2246996,3.8590251,2.2601965
2008-05-04,2.312719,1.255941,3.7856376,2.3027114
2008-05-05,1.2943295,1.2617891,3.7122501,2.3430822
2008-05-06,2.2629117,1.2805589,3.6388628,2.3813091
2008-05-07,2.3531061,1.3057158,3.5654753,2.4173919
2008-05-08,2.666174,1.3353383,3.4920877,2.4513308
2008-05-09,2.7652825,1.3714241,3.4187005,2.4831256
2008-05-10,2.7587598,1.4099917,3.3453129,2.5127764
2008-05-11,2.7574861,1.4390914,3.2719254,2.5402832
2008-05-12,2.9105126,1.4758254,3.1985381,2.565646
2008-05-13,2.8976129,1.5174194,3.1251506,2.5888648
2008-05-14,2.9216562,1.5575611,3.0517631,2.6099395
2008-05-15,2.7914079,1.5943882,2.9783758,2.6288703
2008-05-16,1.9994865,1.616106,3.0630845,2.6484307
2008-05-17,2.4823236,1.6443493,3.1477932,2.6698147
2008-05-18,0.99342606,1.6463078,3.2325019,2.6930225
2008-05-19,1.7234905,1.6656158,3.3172108,2.7180539
2008-05-20,2.1640905,1.6872257,3.4019195,2.744909
2008-05-21,1.767625,1.7050291,3.4866282,2.7735878
2008-05-22,1.4322536,1.7115335,3.5713369,2.8040902
2008-05-23,1.7585211,1.7205991,3.6560458,2.8364164
2008-05-24,2.0323479,1.7262073,3.7407545,2.8705662
2008-05-25,2.80627,1.7485995,3.8254632,2.9065398
2008-05-26,2.1213056,1.754133,3.9101719,2.944337
2008-05-27,2.193518,1.7588379,3.9948808,2.9839578
2008-05-28,2.7336623,1.7765282,4.0795895,3.0254024
2008-05-29,2.6098504,1.8022915,4.1642982,3.0686707
2008-05-30,2.7976437,1.8331366,4.1089221,3.111305
2008-05-31,2.2957721,1.8548311,4.0535456,3.1520897
2008-06-01,2.8133279,1.8729842,3.9981692,3.1910247
2008-06-02,2.8982662,1.9092851,3.942793,3.2281102
2008-06-03,2.3189711,1.9382421,3.8874166,3.2633461
2008-06-04,2.1335952,1.9535613,3.8320402,3.2967324
2008-06-05,2.6858446,1.9810205,3.776664,3.328269
2008-06-06,2.721681,2.0139021,3.7212875,3.3579561
2008-06-07,2.7068607,2.036503,3.6659111,3.3857935
2008-06-08,2.7505557,2.0563704,3.6105349,3.4117814
2008-06-09,2.8849341,2.0742552,3.5551585,3.4359196
2008-06-10,3.1138893,2.0990475,3.4997821,3.4582082
2008-06-11,1.5821097,2.1188689,3.4444059,3.4786472
2008-06-12,1.5881913,2.1248462,3.3890295,3.4972366
2008-06-13,1.5346148,2.1252219,3.4196601,3.5154853
2008-06-14,2.3695782,2.1466239,3.4502904,3.5322334
2008-06-15,2.0591485,2.1760818,3.480921,3.5474809
2008-06-16,1.4669687,2.1900271,3.5115514,3.5612278
2008-06-17,2.3456513,2.2022874,3.542182,3.573474
2008-06-18,1.9567418,2.2189085,3.5728123,3.5842196
2008-06-19,2.1769266,2.2228583,3.6034429,3.5934647
2008-06-20,1.8314268,2.2217375,3.6340733,3.6012091
2008-06-21,1.2447736,2.2260504,3.6647039,3.6074529
2008-06-22,1.9751906,2.2258168,3.6953342,3.612196
2008-06-23,1.8360835,2.2206371,3.7259646,3.6154386
2008-06-24,1.9133535,2.213819,3.7565952,3.6171806
2008-06-25,1.3924166,2.2207983,3.7872255,3.6174219
2008-06-26,1.6654371,2.2144823,3.8178561,3.6161626
2008-06-27,1.4951767,2.2087704,3.7382222,3.6114683
2008-06-28,1.4890646,2.2036224,3.6585882,3.6066643
2008-06-29,1.7687946,2.1986512,3.5789545,3.6017508
2008-06-30,1.5927048,2.1860194,3.4993205,3.5967277
2008-07-01,1.7647283,2.194272,3.4196866,3.591595
2008-07-02,1.9004697,2.1879134,3.3400526,3.5863527
2008-07-03,1.9722019,2.1812308,3.2604187,3.5810009
2008-07-04,1.8568349,2.1670319,3.180785,3.5755394
2008-07-05,1.8142408,2.150347,3.101151,3.5699684
2008-07-06,1.794441,2.1334291,3.021517,3.5642877
2008-07-07,1.5337999,2.1119609,2.9418831,3.5584975
2008-07-08,1.5185566,2.0875406,2.8622494,3.5525977
2008-07-09,1.4702186,2.0624986,2.7826154,3.5465883
2008-07-10,1.5490437,2.0384177,2.7029814,3.5404694
2008-07-11,1.5535921,2.0167016,2.7574312,3.5365931
2008-07-12,0.88922713,1.9972234,2.811881,3.5321861
2008-07-13,0.74485682,1.9667415,2.8663308,3.5272481
2008-07-14,1.5851687,1.977123,2.9207805,3.5217793
2008-07-15,1.6885804,1.9765105,2.9752306,3.5157797
2008-07-16,1.4441621,1.9638802,3.0296803,3.5092492
2008-07-17,1.3328483,1.9562525,3.0841301,3.5021878
2008-07-18,1.4229883,1.95609,3.1385799,3.4945956
2008-07-19,1.5643526,1.9526835,3.1930297,3.4864725
2008-07-20,1.7503027,1.9477354,3.2474795,3.4778185
2008-07-21,1.1659018,1.918957,3.3019292,3.4686337
2008-07-22,1.1362025,1.9016745,3.3563793,3.4589181
2008-07-23,1.532424,1.8900763,3.410829,3.4486715
2008-07-24,1.2713953,1.8644225,3.4652788,3.4378942
2008-07-25,1.4802699,1.8446053,3.4167648,3.4247795
2008-07-26,1.9441982,1.8296326,3.3682508,3.4117853
2008-07-27,1.9539991,1.8236366,3.3197367,3.3989115
2008-07-28,1.9565376,1.8086052,3.2712227,3.386158
2008-07-29,1.8992016,1.7910777,3.2227087,3.373525
2008-07-30,1.7069014,1.7803396,3.1741946,3.3610123
2008-07-31,2.0160434,1.7782773,3.1256806,3.34862
2008-08-01,1.6997339,1.7609771,3.0771666,3.3363481
2008-08-02,1.1679891,1.7337194,3.0286525,3.3241966
2008-08-03,1.5889627,1.7141072,2.9801385,3.3121655
2008-08-04,1.5423613,1.6929108,2.9316245,3.3002548
2008-08-05,1.7283354,1.6726196,2.8831104,3.2884645
2008-08-06,1.8127764,1.649793,2.8345964,3.2767946
2008-08-07,1.8852003,1.6551104,2.7860824,3.2652451
2008-08-08,1.6667785,1.6564891,2.7758212,3.254487
2008-08-09,1.3897681,1.6539479,2.7655603,3.2430116
2008-08-10,1.4555586,1.6379125,2.7552991,3.2308187
2008-08-11,1.7293477,1.6321265,2.7450382,3.2179085
2008-08-12,1.2294793,1.6279601,2.7347771,3.2042809
2008-08-13,1.6623972,1.6159731,2.7245161,3.1899359
2008-08-14,1.6391057,1.6104006,2.714255,3.1748735
2008-08-15,0.25211859,1.576632,2.7039938,3.1590937
2008-08-16,0.62006122,1.55538,2.6937329,3.1425965
2008-08-17,1.5187261,1.5601862,2.6834717,3.1253819
2008-08-18,1.5569558,1.5528487,2.6732108,3.1074499
2008-08-19,1.2022759,1.5417293,2.6629496,3.0888005
2008-08-20,1.5133995,1.5347125,2.6526887,3.0694337
2008-08-21,1.5916281,1.5382075,2.6424276,3.0493495
2008-08-22,1.4909161,1.5351457,2.5960479,3.0279143
2008-08-23,1.32837,1.5322193,2.5496682,3.0070625
2008-08-24,1.0538053,1.5245831,2.5032885,2.9867941
2008-08-25,1.2482716,1.5154512,2.4569087,2.9671091
2008-08-26,1.5310472,1.5143695,2.410529,2.9480075
2008-08-27,1.6450454,1.5122698,2.3641493,2.9294893
2008-08-28,0.79893542,1.4929446,2.3177696,2.9115545
2008-08-29,0.80658399,1.4724952,2.2713899,2.8942031
2008-08-30,1.4807859,1.4658978,2.2250102,2.8774351
2008-08-31,1.6765313,1.4634818,2.1786305,2.8612505
2008-09-01,1.2170144,1.4533516,2.1322508,2.8456494
2008-09-02,1.3942735,1.4509037,2.0858711,2.8306316
2008-09-03,1.5125155,1.4507977,2.0394914,2.8161973
2008-09-04,1.1583463,1.4453263,1.9931117,2.8023463
2008-09-05,1.2650165,1.4403434,1.9559044,2.7892397
2008-09-06,1.213878,1.4343835,1.9186972,2.7745251
2008-09-07,0.75114404,1.431961,1.88149,2.7582024
2008-09-08,1.2005427,1.4399554,1.8442828,2.7402718
2008-09-09,1.4374028,1.4373631,1.8070756,2.7207331
2008-09-10,1.2837878,1.4302614,1.7698683,2.6995864
2008-09-11,1.4053383,1.4295803,1.7326611,2.6768316
2008-09-12,0.99047146,1.4235737,1.6954539,2.6524689
2008-09-13,1.0912188,1.4177532,1.6582467,2.6264981
2008-09-14,0.68194514,1.4022724,1.6210395,2.5989194
2008-09-15,0.30746359,1.3769594,1.5838322,2.5697326
2008-09-16,0.39539616,1.3634417,1.546625,2.5389378
2008-09-17,0.6939915,1.3556837,1.5094178,2.5065349
2008-09-18,0.90805561,1.3447298,1.4722106,2.4725241
2008-09-19,0.69391796,1.3345986,1.46655,2.4374587
2008-09-20,0.5909331,1.3189962,1.4608894,2.4031451
2008-09-21,0.77236599,1.2984378,1.4552288,2.3695833
2008-09-22,0.63657364,1.2753251,1.4495682,2.3367733
2008-09-23,0.7473567,1.2541114,1.4439076,2.3047151
2008-09-24,0.46924326,1.2290244,1.438247,2.2734088
2008-09-25,0.53395659,1.2084464,1.4325864,2.2428543
2008-09-26,1.0705961,1.1918596,1.4269258,2.2130516
2008-09-27,1.0641709,1.1807094,1.4212652,2.1840006
2008-09-28,1.2444068,1.18205,1.4156046,2.1557016
2008-09-29,1.0543861,1.1726715,1.409944,2.1281543
2008-09-30,0.87513288,1.1609657,1.4042834,2.1013588
2008-10-01,0.94172658,1.1471656,1.3986228,2.0753152
2008-10-02,1.0624573,1.1340021,1.3929622,2.0500234
2008-10-03,0.82983507,1.1154869,1.3676871,2.0251392
2008-10-04,0.89203399,1.1018949,1.342412,1.9999917
2008-10-05,1.0650129,1.0961974,1.317137,1.9745808
2008-10-06,0.39420318,1.0775772,1.2918619,1.9489064
2008-10-07,0.91434162,1.0632788,1.2665868,1.9229687
2008-10-08,1.3225075,1.0649109,1.2413117,1.8967675
2008-10-09,0.36422291,1.0421359,1.2160366,1.870303
2008-10-10,0.95768322,1.0301811,1.1907616,1.843575
2008-10-11,1.2864353,1.048327,1.1654865,1.8165837
2008-10-12,1.2668211,1.0596737,1.1402114,1.7893289
2008-10-13,1.2001342,1.0540844,1.1149363,1.7618107
2008-10-14,0.34163677,1.032763,1.0896613,1.7340292
2008-10-15,0.87425718,1.0270083,1.0643862,1.7059842
2008-10-16,0.54613627,1.0100387,1.0391111,1.6776758
2008-10-17,0.72007133,0.99474826,1.0174181,1.6491669
2008-10-18,0.85105669,0.98352266,0.99572521,1.621091
2008-10-19,0.81134427,0.97445203,0.97403228,1.5934483
2008-10-20,1.0209125,0.97387496,0.95233934,1.5662387
2008-10-21,1.1131832,0.97150499,0.93064641,1.5394621
2008-10-22,0.16685552,0.94757181,0.90895347,1.5131187
2008-10-23,0.74556439,0.93179144,0.88726052,1.4872084
2008-10-24,0.75977465,0.93110441,0.86556758,1.4617312
2008-10-25,0.88465448,0.93247406,0.84387465,1.436687
2008-10-26,0.92498994,0.92272326,0.82218171,1.412076
2008-10-27,0.32695656,0.89904651,0.80048878,1.3878981
2008-10-28,0.27057117,0.88244224,0.77879585,1.3641533
2008-10-29,0.14976432,0.86060874,0.75710291,1.3408415
2008-10-30,0.34427348,0.84011327,0.73540995,1.3179629
2008-10-31,0.57139153,0.82981582,0.71346752,1.295513
2008-11-01,0.71384861,0.82014621,0.69152508,1.2733309
2008-11-02,0.77167435,0.81238825,0.66958262,1.2514166
2008-11-03,0.48925712,0.80779374,0.64764019,1.2297701
2008-11-04,0.48600341,0.79525796,0.62569772,1.2083915
2008-11-05,0.58777009,0.78035212,0.60375529,1.1872806
2008-11-06,0.37585958,0.76442356,0.58181285,1.1664375
2008-11-07,0.25100821,0.74417215,0.55987039,1.1458622
2008-11-08,0.27178876,0.73156369,0.53792796,1.1255548
2008-11-09,0.57744848,0.72255017,0.51598549,1.1055151
2008-11-10,0.51310524,0.71958807,0.49404306,1.0857432
2008-11-11,0.56266563,0.7240653,0.47210062,1.0662392
2008-11-12,0.44015235,0.72485049,0.45015816,1.0470029
2008-11-13,0.46921958,0.72090713,0.42821573,1.0280344
2008-11-14,0.49340332,0.71363252,0.42373444,1.0096401
2008-11-15,0.6308118,0.7125254,0.41925316,0.99126649
2008-11-16,0.36675781,0.7085925,0.41477188,0.97291355
2008-11-17,0.40228995,0.70209994,0.41029063,0.9545813
2008-11-18,0.40118267,0.69797027,0.40580934,0.93626974
2008-11-19,0.19187144,0.68822492,0.40132806,0.91797887
2008-11-20,0.098502717,0.6817207,0.39684678,0.89970869
2008-11-21,0.15942159,0.67514991,0.39236553,0.8814592
2008-11-22,0.20275564,0.65992464,0.38788424,0.86323041
2008-11-23,0.19506878,0.64467723,0.38340296,0.8450223
2008-11-24,0.16972223,0.62582312,0.37892168,0.82683488
2008-11-25,0.19348293,0.61071955,0.3744404,0.80866815
2008-11-26,0.27409419,0.60017501,0.36995914,0.79052211
2008-11-27,0.3305812,0.58945316,0.36547786,0.77239676
2008-11-28,0.34822334,0.57692274,0.35409737,0.75417106
2008-11-29,0.17675631,0.56546522,0.34271686,0.73618912
2008-11-30,0.27169607,0.5545821,0.33133636,0.71845096
2008-12-01,0.17932983,0.5390438,0.31995587,0.70095655
2008-12-02,0.26518637,0.53678035,0.30857538,0.68370591
2008-12-03,0.28867122,0.52580367,0.29719487,0.66669903
2008-12-04,0.30588568,0.5079682,0.28581438,0.64993592
2008-12-05,0.32456999,0.50727254,0.27443389,0.63341658
2008-12-06,0.14518971,0.49301827,0.26305339,0.61714099
2008-12-07,0.054266522,0.47140127,0.25167289,0.60110918
2008-12-08,0.27532016,0.45400652,0.24029239,0.58532112
2008-12-09,0.33315759,0.4387964,0.22891189,0.56977684
2008-12-10,0.14403404,0.43532968,0.2175314,0.55447631
2008-12-11,0.11812442,0.4220642,0.2061509,0.53941955
2008-12-12,0.069811883,0.41370763,0.21033712,0.52487966
2008-12-13,0.23855894,0.40526004,0.21452333,0.51079379
2008-12-14,0.24592067,0.39464362,0.21870955,0.49716193
2008-12-15,0.29578805,0.38559878,0.22289577,0.4839841
2008-12-16,0.072172765,0.36895422,0.22708199,0.47126028
2008-12-17,0.069053286,0.35063615,0.2312682,0.45899049
2008-12-18,0.12845177,0.3499624,0.23545442,0.44717472
2008-12-19,0.095322383,0.33855465,0.23964064,0.43581297
2008-12-20,0.09668794,0.32692155,0.24382686,0.42490523
2008-12-21,0.2153333,0.31517907,0.24801307,0.41445152
2008-12-22,0.20104128,0.30247821,0.25219929,0.40445183
2008-12-23,0.19519012,0.30016652,0.25638551,0.39490616
2008-12-24,0.061274856,0.29649466,0.26057173,0.38581451
2008-12-25,0.15450631,0.29657785,0.26475795,0.37717688
2008-12-26,0.13858967,0.29296936,0.28226639,0.36922699
2008-12-27,0.093029055,0.28457704,0.29977486,0.36196922
2008-12-28,0.18328396,0.27526889,0.3172833,0.35540358
2008-12-29,0.20972052,0.26541005,0.33479176,0.34953006
2008-12-30,0.26772876,0.26152359,0.3523002,0.34434865
2008-12-31,0.30531158,0.25835355,0.36980864,0.33985937
2009-01-01,0.047950845,0.32918058,0.41960795,0.45169675
2009-01-02,0.14157306,0.31860387,0.43857607,0.44545212
2009-01-03,0.21326714,0.30910591,0.45754423,0.43953905
2009-01-04,0.18771437,0.3055727,0.47651236,0.43395756
2009-01-05,0.068611454,0.30461074,0.49548051,0.42870762
2009-01-06,0.047317767,0.30063452,0.51444864,0.42378925
2009-01-07,0.13620492,0.29955841,0.5334168,0.41920245
2009-01-08,0.23867492,0.29254782,0.55238492,0.41494722
2009-01-09,0.25531775,0.28620524,0.5451115,0.4109133
2009-01-10,0.36652776,0.28202053,0.53783808,0.40710071
2009-01-11,0.37105093,0.27641309,0.53056468,0.40350944
2009-01-12,0.4657703,0.27776009,0.52329126,0.40013949
2009-01-13,0.50531997,0.28221332,0.51601784,0.39699086
2009-01-14,0.37957063,0.27857312,0.50874441,0.39406355
2009-01-15,0.23493563,0.27067697,0.50147099,0.39135757
2009-01-16,0.46202924,0.26792767,0.49419757,0.3888729
2009-01-17,0.36371267,0.26599613,0.48692415,0.38660956
2009-01-18,0.41169914,0.26509787,0.47965072,0.38456753
2009-01-19,0.43358893,0.2637298,0.4723773,0.38274683
2009-01-20,0.26214111,0.25935289,0.46510388,0.38114745
2009-01-21,0.18983607,0.25228549,0.45783048,0.37976939
2009-01-22,0.53819977,0.25106533,0.45055706,0.37861266
2009-01-23,0.3168031,0.24744576,0.47135192,0.37819844
2009-01-24,0.45850559,0.2471456,0.49214677,0.37852674
2009-01-25,0.35618484,0.24639909,0.5129416,0.37959756
2009-01-26,0.42626899,0.2478331,0.53373646,0.3814109
2009-01-27,0.17492463,0.2499453,0.55453131,0.38396676
2009-01-28,0.14721161,0.24525885,0.57532617,0.38726514
2009-01-29,0.15301483,0.23985642,0.59612103,0.39130604
2009-01-30,0.14919503,0.23735481,0.61691588,0.39608946
2009-01-31,0.19505112,0.23469896,0.63771074,0.4016154
2009-02-01,0.30781825,0.23492816,0.6585056,0.40788385
2009-02-02,0.23747142,0.22967819,0.67930045,0.41489483
2009-02-03,0.43984205,0.23497782,0.70009531,0.42264833
2009-02-04,0.57141801,0.24352081,0.72089016,0.43114434
2009-02-05,0.62430708,0.25251126,0.74168502,0.44038288
2009-02-06,0.63688237,0.26329147,0.74885214,0.44962672
2009-02-07,0.72199502,0.27361052,0.75601926,0.45887586
2009-02-08,0.336033,0.27800127,0.76318638,0.46813031
2009-02-09,0.55183012,0.28563303,0.7703535,0.47739007
2009-02-10,0.56441956,0.29356301,0.77752062,0.48665513
2009-02-11,0.18678394,0.29505957,0.78468774,0.4959255
2009-02-12,0.40131805,0.30011467,0.79185486,0.50520117
2009-02-13,0.47774859,0.30835451,0.79902198,0.51448215
2009-02-14,0.27293571,0.31258178,0.8061891,0.52376843
2009-02-15,0.40462034,0.31843688,0.81335622,0.53306002
2009-02-16,0.29277735,0.3197856,0.82052334,0.54235691
2009-02-17,0.4063108,0.32180776,0.82769046,0.55165911
2009-02-18,0.35021196,0.32442684,0.83485758,0.56096661
2009-02-19,0.43604916,0.3275837,0.8420247,0.57027942
2009-02-20,0.35089368,0.32925125,0.85491813,0.5799171
2009-02-21,0.34094932,0.329352,0.86781159,0.58987966
2009-02-22,0.33997648,0.33067926,0.88070505,0.60016709
2009-02-23,0.41612814,0.33314004,0.8935985,0.6107794
2009-02-24,0.28751203,0.33361246,0.90649196,0.62171658
2009-02-25,0.74030211,0.3422239,0.91938542,0.63297864
2009-02-26,0.4998901,0.34902805,0.93227885,0.64456556
2009-02-27,0.64622509,0.35952409,0.94517231,0.65378599
2009-02-28,0.47157795,0.36531365,0.95806577,0.66289985
2009-03-01,0.95105636,0.37825732,0.97095923,0.67190713
2009-03-02,0.71681619,0.38753981,0.98385269,0.68080784
2009-03-03,0.80236534,0.40041268,0.99674615,0.68960197
2009-03-04,0.92235297,0.41576418,1.0096396,0.69828953
2009-03-05,0.87840719,0.42878527,1.022533,0.70687052
2009-03-06,0.30133955,0.42988465,1.0628745,0.71582647
2009-03-07,0.28586986,0.43042065,1.1032159,0.72561778
2009-03-08,0.69424118,0.43617001,1.1435573,0.73624443
2009-03-09,0.7726007,0.44321474,1.1838987,0.74770643
2009-03-10,0.74231198,0.44806635,1.2242401,0.76000378
2009-03-11,0.4895971,0.44779051,1.2645815,0.77313648
2009-03-12,0.57919504,0.45129269,1.304923,0.78710452
2009-03-13,0.61147087,0.45789857,1.3452644,0.80190792
2009-03-14,1.051322,0.46823704,1.3856058,0.81754666
2009-03-15,0.55641311,0.47161775,1.4259472,0.83402075
2009-03-16,0.7809307,0.4780955,1.4662886,0.85133018
2009-03-17,0.66596069,0.4821722,1.5066301,0.86947497
2009-03-18,0.75169728,0.4907609,1.5469715,0.8884551
2009-03-19,0.74082828,0.50042743,1.5873129,0.90827058
2009-03-20,0.62425013,0.50193709,1.7297438,0.93071245
2009-03-21,1.0555918,0.51489829,1.8721747,0.95528829
2009-03-22,0.55725005,0.51663065,2.0146056,0.9819981
2009-03-23,0.55329838,0.52008878,2.1570365,1.0108419
2009-03-24,0.60783511,0.52327415,2.2994674,1.0418196
2009-03-25,0.89758302,0.53595237,2.4418984,1.0749313
2009-03-26,0.72049503,0.54600997,2.5843293,1.110177
2009-03-27,1.0287897,0.56137445,2.7267602,1.1475566
2009-03-28,0.88460861,0.57427644,2.8691912,1.1870702
2009-03-29,1.0202179,0.58875305,3.011622,1.2287178
2009-03-30,1.094426,0.60255319,3.154053,1.2724993
2009-03-31,1.6008204,0.62647159,3.2964838,1.3184148
2009-04-01,1.7797173,0.64997817,3.4389149,1.3664643
2009-04-02,1.9866244,0.67480635,3.5813457,1.4166477
2009-04-03,2.2174995,0.7027571,3.5781251,1.4664098
2009-04-04,2.2270111,0.73065409,3.5749045,1.5159897
2009-04-05,1.6048378,0.74614256,3.5716841,1.5653873
2009-04-06,1.8189086,0.77215793,3.5684635,1.6146027
2009-04-07,2.1968348,0.80101766,3.5652429,1.6636358
2009-04-08,2.0302646,0.82673424,3.5620223,1.7124867
2009-04-09,2.0167606,0.85883909,3.558802,1.7611554
2009-04-10,2.4336193,0.8944935,3.5555814,1.8096418
2009-04-11,2.5483849,0.93082045,3.5523608,1.857946
2009-04-12,2.5589782,0.97092646,3.5491402,1.906068
2009-04-13,2.585678,1.0091906,3.5459196,1.9540077
2009-04-14,2.5666449,1.049083,3.5426992,2.0017652
2009-04-15,2.6729525,1.0888487,3.5394786,2.0493404
2009-04-16,2.6259613,1.1287741,3.536258,2.0967334
2009-04-17,0.79825062,1.1351285,3.5264624,2.1438288
2009-04-18,1.3804478,1.1531909,3.5166667,2.1905261
2009-04-19,2.1586588,1.1850805,3.506871,2.2368254
2009-04-20,2.4893386,1.2227886,3.4970751,2.2827266
2009-04-21,2.4995011,1.259339,3.4872794,2.3282298
2009-04-22,2.3825585,1.2960942,3.4774838,2.3733349
2009-04-23,1.2670483,1.3053354,3.4676881,2.418042
2009-04-24,2.5604756,1.341486,3.4578924,2.462351
2009-04-25,2.804505,1.3793506,3.4480965,2.506262
2009-04-26,2.5853736,1.4164347,3.4383008,2.5497749
2009-04-27,2.7527187,1.4480428,3.4285051,2.5928897
2009-04-28,2.6801821,1.4824878,3.4187095,2.6356065
2009-04-29,2.3240372,1.5091838,3.4089138,2.6779252
2009-04-30,2.3362589,1.5339892,3.3991179,2.7198459
2009-05-01,2.725916,1.5664016,3.4565553,2.762548
2009-05-02,3.0442117,1.6145222,3.5139927,2.8055501
2009-05-03,3.0673469,1.66332,3.5714298,2.8488521
2009-05-04,1.8089554,1.6828764,3.6288672,2.892454
2009-05-05,1.5796954,1.697036,3.6863043,2.9363559
2009-05-06,1.1252448,1.7037541,3.7437417,2.9805577
2009-05-07,2.5124082,1.739242,3.8011791,3.0250594
2009-05-08,2.5169469,1.7732377,3.8586163,3.069861
2009-05-09,2.6349862,1.8087379,3.9160537,3.1149626
2009-05-10,2.0304577,1.8259157,3.9734908,3.1603641
2009-05-11,0.76430718,1.829563,4.0309282,3.2060655
2009-05-12,2.4574106,1.8589749,4.0883656,3.2520668
2009-05-13,2.67708,1.8942577,4.1458027,3.2983681
2009-05-14,2.6453976,1.9274805,4.2032401,3.3449693
2009-05-15,2.6919089,1.96171,4.1190624,3.389386
2009-05-16,2.3902392,1.9926923,4.0348844,3.4298271
2009-05-17,3.2544182,2.0312682,3.9507067,3.4662925
2009-05-18,2.6219325,2.0674907,3.866529,3.4987824
2009-05-19,2.8368728,2.1075534,3.7823511,3.5272967
2009-05-20,3.0509695,2.1504154,3.6981734,3.5518354
2009-05-21,2.7092356,2.1821988,3.6139957,3.5723985
2009-05-22,1.5549109,2.1968377,3.5298179,3.588986
2009-05-23,3.0827438,2.2328719,3.44564,3.601598
2009-05-24,3.1838994,2.2732104,3.3614623,3.6102343
2009-05-25,3.5218581,2.3170988,3.2772846,3.614895
2009-05-26,2.0932439,2.3346219,3.1931069,3.6155802
2009-05-27,2.5222178,2.3507868,3.1089289,3.6122898
2009-05-28,1.7448399,2.3501749,3.0247512,3.6050237
2009-05-29,1.1058602,2.3347229,3.0437984,3.5955931
2009-05-30,0.58693707,2.3061166,3.0628457,3.5865531
2009-05-31,1.5416622,2.2940929,3.081893,3.5779038
2009-06-01,2.4365276,2.3086839,3.1009402,3.5696451
2009-06-02,2.9114519,2.3278514,3.1199875,3.5617771
2009-06-03,1.6350061,2.3179947,3.1390348,3.5542998
2009-06-04,1.9134088,2.3159446,3.1580821,3.5472131
2009-06-05,2.0247021,2.3160839,3.1771293,3.5405171
2009-06-06,1.6096064,2.3016276,3.1961766,3.5342117
2009-06-07,2.6700322,2.3037617,3.2152241,3.5282971
2009-06-08,2.6851294,2.3059749,3.2342714,3.522773
2009-06-09,2.6680076,2.3074193,3.2533187,3.5176397
2009-06-10,2.8781035,2.3128835,3.2723659,3.512897
2009-06-11,1.953014,2.300253,3.2914132,3.508545
2009-06-12,2.0181801,2.2895902,3.2745935,3.5039544
2009-06-13,2.9943155,2.3281176,3.2577738,3.4992405
2009-06-14,3.0409252,2.3572488,3.2409544,3.4944035
2009-06-15,2.4943716,2.3631385,3.2241347,3.4894432
2009-06-16,2.1474102,2.3571397,3.207315,3.4843597
2009-06-17,2.9476118,2.3650013,3.1904956,3.4791529
2009-06-18,2.5444667,2.3678418,3.1736759,3.473823
2009-06-19,2.4072805,2.3878459,3.1568562,3.4683698
2009-06-20,2.7535699,2.3912335,3.1400365,3.4627934
2009-06-21,2.0483078,2.3779669,3.123217,3.4570937
2009-06-22,1.6609468,2.3617489,3.1063973,3.4512709
2009-06-23,0.70660272,2.3258521,3.0895776,3.4453248
2009-06-24,0.85857036,2.293894,3.0727582,3.4392554
2009-06-25,1.1767718,2.2737666,3.0559385,3.4330629
2009-06-26,1.4616252,2.2584221,3.0794108,3.427454
2009-06-27,0.77548212,2.224204,3.1028828,3.4212492
2009-06-28,2.1406253,2.2083516,3.1263551,3.4144486
2009-06-29,1.8685865,2.1873207,3.1498271,3.407052
2009-06-30,2.2297282,2.1947027,3.1732994,3.3990596
2009-07-01,2.0988429,2.2038105,3.1967714,3.3904713
2009-07-02,1.6876163,2.2136767,3.2202437,3.3812871
2009-07-03,2.7336357,2.2175579,3.2437157,3.3715071
2009-07-04,2.5093471,2.2174245,3.267188,3.3611311
2009-07-05,2.5463232,2.2158691,3.29066,3.3501593
2009-07-06,2.0124978,2.215554,3.3141323,3.3385916
2009-07-07,2.1996202,2.2407349,3.3376046,3.3264281
2009-07-08,2.1509645,2.2353587,3.3610766,3.3136686
2009-07-09,2.0506798,2.2243692,3.3845489,3.3003133
2009-07-10,1.8712377,2.2107874,3.4012339,3.286243
2009-07-11,1.8620922,2.1962292,3.4179189,3.2739422
2009-07-12,2.5187927,2.1984846,3.4346039,3.263411
2009-07-13,2.8698469,2.1917377,3.4512892,3.2546493
2009-07-14,2.3616034,2.1871705,3.4679742,3.2476571
2009-07-15,2.1742776,2.175546,3.4846592,3.2424344
2009-07-16,2.8287417,2.1716473,3.5013442,3.2389813
2009-07-17,2.3686279,2.1656717,3.5180292,3.2372977
2009-07-18,1.231559,2.1599989,3.5347142,3.2373836
2009-07-19,2.2899892,2.1460909,3.5513995,3.239239
2009-07-20,2.2663951,2.1299944,3.5680845,3.2428639
2009-07-21,2.421825,2.1106955,3.5847696,3.2482584
2009-07-22,1.9452939,2.1080999,3.6014546,3.2554224
2009-07-23,1.7527513,2.0946005,3.6181396,3.2643559
2009-07-24,2.2964432,2.1042778,3.636792,3.2750935
2009-07-25,1.7733894,2.1159888,3.6554441,3.2858241
2009-07-26,2.3115145,2.1462445,3.6740962,3.2965478
2009-07-27,2.6517074,2.165719,3.6927483,3.3072646
2009-07-28,1.9453229,2.1571014,3.7114004,3.3179744
2009-07-29,2.6621376,2.1527275,3.7300526,3.3286773
2009-07-30,2.4668266,2.1673208,3.7487047,3.3393732
2009-07-31,2.4043823,2.1759344,3.7673568,3.3500623
2009-08-01,2.6985266,2.1877558,3.7860092,3.3607444
2009-08-02,2.2552952,2.1990837,3.8046613,3.3714196
2009-08-03,1.2748152,2.1746062,3.8233134,3.3820878
2009-08-04,2.2389736,2.1667789,3.8419656,3.3927491
2009-08-05,2.4851532,2.163571,3.8606177,3.4034035
2009-08-06,2.6438123,2.1594606,3.8792698,3.4140509
2009-08-07,2.3828658,2.1670018,3.8518022,3.4238823
2009-08-08,2.4489991,2.1745601,3.8243344,3.4335269
2009-08-09,2.2962068,2.1623126,3.7968668,3.4429846
2009-08-10,1.6785638,2.1384115,3.7693989,3.4522556
2009-08-11,1.613625,2.1229598,3.7419313,3.4613397
2009-08-12,1.5233911,2.1120121,3.7144635,3.4702371
2009-08-13,1.674204,2.0896716,3.6869959,3.4789476
2009-08-14,1.6476321,2.0739377,3.6595281,3.4874713
2009-08-15,1.9607093,2.0661031,3.6320605,3.4958082
2009-08-16,1.941778,2.0518611,3.6045929,3.5039584
2009-08-17,1.7704789,2.0469869,3.577125,3.5119217
2009-08-18,1.6855832,2.0474191,3.5496575,3.5196982
2009-08-19,1.8340466,2.0671988,3.5221896,3.5272878
2009-08-20,1.849048,2.0845756,3.494722,3.5346907
2009-08-21,0.96495107,2.0808595,3.4238648,3.5411456
2009-08-22,1.3101556,2.0782021,3.3530074,3.5459455
2009-08-23,1.6194866,2.0930092,3.2821502,3.5490905
2009-08-24,1.6122836,2.0837401,3.211293,3.5505807
2009-08-25,1.6044836,2.0791067,3.1404358,3.5504159
2009-08-26,0.82893174,2.0545313,3.0695786,3.5485963
2009-08-27,1.5762471,2.045363,2.9987214,3.5451217
2009-08-28,1.4058719,2.0404201,2.9278639,3.5399922
2009-08-29,1.208048,2.0136554,2.8570068,3.5332079
2009-08-30,1.3005357,1.9924482,2.7861496,3.5247686
2009-08-31,1.4736923,1.9736301,2.7152924,3.5146744
2009-09-01,1.4883014,1.9644337,2.6444351,3.5029253
2009-09-02,1.2745494,1.9482043,2.5735779,3.4895214
2009-09-03,0.88009121,1.9259083,2.5027207,3.4744625
2009-09-04,0.84149123,1.9046945,2.491003,3.4587862
2009-09-05,0.61596318,1.8826721,2.4792853,3.4426117
2009-09-06,0.78913171,1.8638483,2.4675677,3.4259389
2009-09-07,1.0162195,1.8374873,2.45585,3.4087678
2009-09-08,1.1505285,1.8073238,2.4441323,3.3910983
2009-09-09,1.1522501,1.7861071,2.4324147,3.3729306
2009-09-10,1.1200457,1.7676118,2.420697,3.3542646
2009-09-11,0.8733035,1.7333059,2.4089794,3.3351003
2009-09-12,0.92664882,1.708008,2.3972617,3.3154377
2009-09-13,0.67920404,1.6983176,2.385544,3.2952769
2009-09-14,0.46583148,1.6663148,2.3738264,3.2746177
2009-09-15,0.75521604,1.6398029,2.3621087,3.2534602
2009-09-16,1.0155388,1.6151312,2.350391,3.2318045
2009-09-17,0.27042587,1.5857476,2.3386734,3.2096504
2009-09-18,0.96324733,1.5718966,2.2576661,3.1857824
2009-09-19,0.98884112,1.5489562,2.1766588,3.1601661
2009-09-20,0.9930505,1.5352661,2.0956515,3.1328013
2009-09-21,1.0079157,1.5123959,2.0146442,3.1036881
2009-09-22,0.90325687,1.4817213,1.9336369,3.0728265
2009-09-23,1.0051511,1.4652271,1.8526296,3.0402165
2009-09-24,0.32644133,1.42425,1.7716223,3.005858
2009-09-25,0.66978537,1.3927229,1.690615,2.9697512
2009-09-26,0.86796641,1.3657683,1.6096077,2.931896
2009-09-27,0.92186706,1.3345988,1.5286004,2.8922923
2009-09-28,0.76227823,1.3084055,1.4475931,2.8509402
2009-09-29,0.2646529,1.2906834,1.3665858,2.8078397
2009-09-30,0.56935139,1.2613918,1.2855786,2.7629908
2009-10-01,0.46242551,1.2259053,1.2045713,2.7163935
2009-10-02,0.48887031,1.1880993,1.1770906,2.6689869
2009-10-03,0.83035617,1.1608623,1.1496099,2.62158
2009-10-04,0.50342744,1.1267295,1.1221292,2.5741729
2009-10-05,0.73201377,1.0992875,1.0946486,2.5267656
2009-10-06,0.62491933,1.0808025,1.0671679,2.479358
2009-10-07,1.0554621,1.0710102,1.0396872,2.4319502
2009-10-08,0.67332203,1.0560967,1.0122066,2.3845422
2009-10-09,0.90635684,1.0426257,0.9847259,2.3371339
2009-10-10,0.62710728,1.0247217,0.95724521,2.2897255
2009-10-11,0.48749027,0.99887576,0.92976456,2.2423168
2009-10-12,0.28279006,0.96977071,0.90228387,2.1949078
2009-10-13,0.52795606,0.94797207,0.87480319,2.1474987
2009-10-14,0.35982794,0.9247132,0.84732253,2.1000893
2009-10-15,0.30443605,0.89787793,0.81984185,2.0526797
2009-10-16,0.39445744,0.8723588,0.81799379,2.0057195
2009-10-17,0.40248629,0.86249099,0.81614573,1.9599701
2009-10-18,0.44350137,0.84728653,0.81429766,1.9154313
2009-10-19,0.68809421,0.83094632,0.8124496,1.8721032
2009-10-20,0.6714859,0.81444109,0.81060154,1.8299859
2009-10-21,0.67011061,0.79804858,0.80875348,1.7890791
2009-10-22,0.66196487,0.79511934,0.80690542,1.7493831
2009-10-23,0.28637514,0.77249001,0.80505736,1.7108978
2009-10-24,0.73155914,0.76065996,0.80320929,1.6736231
2009-10-25,0.53657081,0.74887966,0.80136123,1.6375592
2009-10-26,0.9217974,0.74223513,0.79951317,1.6027059
2009-10-27,0.40138027,0.72342264,0.79766511,1.5690633
2009-10-28,0.61192799,0.70804766,0.79581705,1.5366314
2009-10-29,0.53655029,0.69510031,0.79396898,1.5054102
2009-10-30,0.67694575,0.69153636,0.79403789,1.4754333
2009-10-31,0.67567159,0.68862724,0.79410677,1.4456632
2009-11-01,0.64026931,0.68905366,0.79417565,1.4160999
2009-11-02,0.16381072,0.67808312,0.79424453,1.3867434
2009-11-03,0.24444994,0.6645433,0.79431341,1.3575936
2009-11-04,0.32102189,0.64999056,0.79438229,1.3286506
2009-11-05,0.76733699,0.64323769,0.79445117,1.2999144
2009-11-06,0.74444565,0.63664822,0.79452005,1.271385
2009-11-07,0.75465086,0.63456659,0.79458893,1.2430623
2009-11-08,0.38910759,0.62513605,0.79465781,1.2149465
2009-11-09,0.12344294,0.61538585,0.79472672,1.1870374
2009-11-10,0.2739626,0.61201973,0.79479559,1.1593351
2009-11-11,0.19754303,0.60223599,0.79486447,1.1318396
2009-11-12,0.6382785,0.59561739,0.79493335,1.1045509
2009-11-13,0.61684461,0.60169491,0.77504461,1.0771188
2009-11-14,0.60505667,0.59541087,0.7551559,1.050759
2009-11-15,0.69067487,0.59017988,0.73526715,1.0254714
2009-11-16,0.38899099,0.57958235,0.71537841,1.0012561
2009-11-17,0.25148579,0.56631165,0.69548967,0.97811301
2009-11-18,0.58706251,0.56076438,0.67560095,0.9560422
2009-11-19,0.68501587,0.55514797,0.65571221,0.93504365
2009-11-20,0.61873943,0.56027601,0.63582347,0.91511736
2009-11-21,0.47381045,0.55683785,0.61593475,0.89626332
2009-11-22,0.46290001,0.54973142,0.59604601,0.87848154
2009-11-23,0.51156888,0.54253321,0.57615727,0.86177201
2009-11-24,0.51162508,0.53813578,0.55626856,0.84613473
2009-11-25,0.59267752,0.5438906,0.53637981,0.83156971
2009-11-26,0.60774884,0.54456424,0.51649107,0.81807695
2009-11-27,0.52311908,0.54562904,0.49496233,0.80562767
2009-11-28,0.47561434,0.54539648,0.47343356,0.79328281
2009-11-29,0.39873591,0.53782419,0.45190481,0.78104237
2009-11-30,0.34453056,0.53503653,0.43037607,0.76890635
2009-12-01,0.054529125,0.52315083,0.4088473,0.75687475
2009-12-02,0.41433939,0.51945645,0.38731855,0.74494757
2009-12-03,0.4609531,0.50902647,0.36578981,0.73312481
2009-12-04,0.29178712,0.50233287,0.34426104,0.72140646
2009-12-05,0.34643426,0.49250967,0.32273229,0.70979254
2009-12-06,0.29475404,0.48667891,0.30120352,0.69828304
2009-12-07,0.53671963,0.48754258,0.27967478,0.68687795
2009-12-08,0.13776304,0.48499825,0.25814603,0.67557729
2009-12-09,0.084467763,0.47721775,0.23661728,0.66438105
2009-12-10,0.11185144,0.47286729,0.21508852,0.65328922
2009-12-11,0.02241013,0.46791947,0.22195324,0.64279995
2009-12-12,0.13380923,0.46334669,0.22881796,0.63246353
2009-12-13,0.085760416,0.4577901,0.23568268,0.62227997
2009-12-14,0.11681971,0.45205884,0.2425474,0.61224926
2009-12-15,0.11241075,0.44195913,0.24941212,0.60237141
2009-12-16,0.10148004,0.43195903,0.25627684,0.59264642
2009-12-17,0.11317716,0.42218826,0.26314156,0.58307428
2009-12-18,0.0080782137,0.41071657,0.27000628,0.57365499
2009-12-19,0.031981193,0.40625352,0.276871,0.56438857
2009-12-20,0.070879459,0.39466264,0.28373571,0.55527499
2009-12-21,0.21590043,0.38903685,0.29060043,0.54631428
2009-12-22,0.29104739,0.37797106,0.29746515,0.53750642
2009-12-23,0.20092471,0.37445429,0.30432987,0.52885142
2009-12-24,0.25610833,0.36821184,0.31119459,0.52034927
2009-12-25,0.25584311,0.36328716,0.3055702,0.51178087
2009-12-26,0.33520671,0.35729174,0.29994582,0.50311258
2009-12-27,0.26432225,0.35007508,0.29432143,0.49434442
2009-12-28,0.27586416,0.34368201,0.28869704,0.48547638
2009-12-29,0.26058387,0.34537978,0.28307266,0.47650845
2009-12-30,0.24944998,0.3454675,0.27744829,0.46744064
2009-12-31,0.11205366,0.34180139,0.2718239,0.45827295
2010-01-01,0.1085543,0.22202538,0.23674606,0.28380997
2010-01-02,0.14379823,0.22031686,0.23174398,0.27848027
2010-01-03,0.19373685,0.2199042,0.2267419,0.27350183
2010-01-04,0.1500516,0.21716765,0.22173982,0.26887466
2010-01-05,0.17975459,0.2098013,0.21673774,0.26459876
2010-01-06,0.11479473,0.20057854,0.21173567,0.26067413
2010-01-07,0.16369696,0.19409579,0.20673359,0.25710077
2010-01-08,0.13444371,0.18601352,0.22020459,0.25392861
2010-01-09,0.099917295,0.17380859,0.23367558,0.25115767
2010-01-10,0.10083564,0.16289657,0.24714658,0.24878794
2010-01-11,0.097288806,0.15884411,0.26061759,0.24681942
2010-01-12,0.15573481,0.15991054,0.27408858,0.2452521
2010-01-13,0.18813568,0.16151535,0.28755959,0.244086
2010-01-14,0.16142175,0.16265456,0.30103058,0.24332112
2010-01-15,0.088968609,0.15790376,0.31450156,0.24295744
2010-01-16,0.20023387,0.15569748,0.32797258,0.24299497
2010-01-17,0.19747125,0.15342586,0.34144356,0.24343371
2010-01-18,0.18536922,0.15422216,0.35491458,0.24427367
2010-01-19,0.22170418,0.15614411,0.36838556,0.24551483
2010-01-20,0.2489438,0.15759629,0.38185657,0.24715721
2010-01-21,0.082500194,0.15401678,0.39532756,0.2492008
2010-01-22,0.13346693,0.1536472,0.40535092,0.25154945
2010-01-23,0.15378761,0.15208367,0.4153743,0.25420317
2010-01-24,0.19915953,0.15037331,0.42539766,0.25716196
2010-01-25,0.1749827,0.15082467,0.43542101,0.26042582
2010-01-26,0.22321195,0.15198935,0.4454444,0.26399475
2010-01-27,0.21319158,0.15470719,0.45546775,0.26786875
2010-01-28,0.20934995,0.15709786,0.46549111,0.27204781
2010-01-29,0.32460399,0.16005276,0.47551449,0.27653195
2010-01-30,0.33194894,0.16225813,0.48553785,0.28132115
2010-01-31,0.32848682,0.16424517,0.4955612,0.28641542
2010-02-01,0.40655509,0.16733048,0.50558456,0.29181476
2010-02-02,0.42263986,0.17177459,0.51560794,0.29751916
2010-02-03,0.4353871,0.17673653,0.5256313,0.30352864
2010-02-04,0.52971939,0.18329719,0.53565465,0.30984318
2010-02-05,0.54398002,0.19017446,0.57376705,0.31676553
2010-02-06,0.33691409,0.19390312,0.61187946,0.32429569
2010-02-07,0.24011884,0.19580309,0.64999186,0.33243366
2010-02-08,0.28524588,0.19944404,0.68810423,0.34117943
2010-02-09,0.34528448,0.20315258,0.72621663,0.35053301
2010-02-10,0.31528297,0.20721687,0.76432903,0.3604944
2010-02-11,0.20389627,0.20801517,0.80244143,0.3710636
2010-02-12,0.39143708,0.21272386,0.84055383,0.38224061
2010-02-13,0.31704978,0.21566478,0.87866621,0.39402542
2010-02-14,0.46476895,0.22067873,0.91677861,0.40641805
2010-02-15,0.48293967,0.22576581,0.95489101,0.41941848
2010-02-16,0.28660904,0.22776933,0.99300341,0.43302672
2010-02-17,0.63840518,0.23526979,1.0311158,0.44724276
2010-02-18,0.83710047,0.24527835,1.0692282,0.46206662
2010-02-19,0.73051913,0.25695763,1.0640616,0.47650999
2010-02-20,0.74905847,0.26833236,1.0588949,0.4905729
2010-02-21,0.53831362,0.2757986,1.0537283,0.50425532
2010-02-22,0.82324127,0.28718064,1.0485616,0.51755727
2010-02-23,0.76933323,0.29897536,1.043395,0.53047873
2010-02-24,0.78070807,0.31070552,1.0382283,0.54301973
2010-02-25,1.0480072,0.32601167,1.0330617,0.55518024
2010-02-26,0.70413145,0.33572268,1.027895,0.56696028
2010-02-27,1.0550101,0.35232717,1.0227284,0.58074945
2010-02-28,0.78552793,0.36358558,1.0175617,0.59453572
2010-03-01,0.61338289,0.37094779,1.0123951,0.60831911
2010-03-02,0.76494584,0.38173541,1.0072284,0.62209961
2010-03-03,0.75201151,0.39177501,1.0020618,0.63587723
2010-03-04,0.7509832,0.40293621,0.99689518,0.64965196
2010-03-05,0.44112229,0.40780332,1.0728026,0.66484615
2010-03-06,0.46189055,0.413548,1.1487101,0.68113572
2010-03-07,0.66230393,0.42341443,1.2246176,0.69852067
2010-03-08,0.64769921,0.43300853,1.3005251,0.71700099
2010-03-09,0.70632404,0.44369336,1.3764325,0.73657669
2010-03-10,0.9130914,0.45698032,1.45234,0.75724777
2010-03-11,1.0206918,0.47158656,1.5282475,0.77901423
2010-03-12,0.48600169,0.47728095,1.604155,0.80187606
2010-03-13,0.41010762,0.48291497,1.6800624,0.82583327
2010-03-14,0.47095872,0.48766453,1.7559699,0.85088585
2010-03-15,0.78163327,0.49791298,1.8318774,0.87703381
2010-03-16,0.64635162,0.50600039,1.9077848,0.90427715
2010-03-17,1.1321865,0.52197377,1.9836923,0.93261587
2010-03-18,1.7199611,0.54778109,2.0595998,0.96204996
2010-03-19,1.6972418,0.57610989,2.0457761,0.99100519
2010-03-20,1.1683388,0.59426554,2.0319523,1.0195421
2010-03-21,0.92080067,0.60772191,2.0181286,1.0476606
2010-03-22,1.7802943,0.63546111,2.0043049,1.0753607
2010-03-23,1.563593,0.6598227,1.9904812,1.1026424
2010-03-24,1.8387282,0.68816509,1.9766574,1.1295058
2010-03-25,2.0917558,0.72112236,1.9628337,1.1559508
2010-03-26,2.0622068,0.75362862,1.94901,1.1819775
2010-03-27,1.2614853,0.77006513,1.9351863,1.2075858
2010-03-28,1.4856361,0.79030526,1.9213626,1.2327757
2010-03-29,1.3523919,0.8082685,1.9075388,1.2575472
2010-03-30,1.9438709,0.83523896,1.8937151,1.2819004
2010-03-31,0.9892283,0.8451791,1.8798914,1.3058352
2010-04-01,1.4887553,0.86365925,1.8660677,1.3293516
2010-04-02,1.5033836,0.88074108,1.9364862,1.3539276
2010-04-03,1.4218373,0.89614208,2.0069047,1.3790704
2010-04-04,1.1394249,0.91022122,2.0773233,1.4047799
2010-04-05,1.0412167,0.92427557,2.1477418,1.4310562
2010-04-06,1.5651169,0.94672944,2.2181604,1.4578993
2010-04-07,1.917899,0.97431917,2.2885789,1.4853092
2010-04-08,2.1295351,1.0061482,2.3589974,1.5132858
2010-04-09,1.3426467,1.0261262,2.429416,1.5418292
2010-04-10,1.1448384,1.0393438,2.4998346,1.5709394
2010-04-11,0.51716011,1.0428545,2.5702529,1.6006164
2010-04-12,0.9422644,1.0512316,2.6406715,1.6308601
2010-04-13,1.7805279,1.0739963,2.7110901,1.6616706
2010-04-14,0.66346854,1.0806079,2.7815087,1.6930479
2010-04-15,0.39398486,1.0763198,2.8519273,1.724992
2010-04-16,1.1565051,1.0819234,2.8132584,1.755589
2010-04-17,1.7146444,1.0991888,2.7745893,1.7855982
2010-04-18,1.8861833,1.1191383,2.7359204,1.8150197
2010-04-19,2.1338701,1.1471305,2.6972515,1.8438535
2010-04-20,1.7570977,1.163514,2.6585826,1.8720995
2010-04-21,1.4115358,1.1747807,2.6199136,1.8997577
2010-04-22,1.7383951,1.1915822,2.5812447,1.9268282
2010-04-23,2.211322,1.2119913,2.5425758,1.9533109
2010-04-24,2.3968776,1.2416886,2.5039069,1.9792058
2010-04-25,2.6564196,1.2697835,2.465238,2.004513
2010-04-26,2.0415079,1.2918182,2.4265691,2.0292324
2010-04-27,1.3099145,1.3040381,2.3879002,2.0533641
2010-04-28,2.4589823,1.333758,2.3492313,2.076908
2010-04-29,2.5158273,1.3647021,2.3105623,2.0998641
2010-04-30,2.5210856,1.3957566,2.2928914,2.1226009
2010-05-01,1.4559437,1.4135604,2.2752205,2.143696
2010-05-02,1.0616284,1.4240822,2.2575496,2.1631493
2010-05-03,1.1741788,1.4330624,2.2398786,2.1809609
2010-05-04,1.159256,1.4420371,2.2222077,2.1971308
2010-05-05,1.5446464,1.4567445,2.2045368,2.2116589
2010-05-06,0.43799427,1.4484095,2.1868658,2.2245453
2010-05-07,1.7747442,1.4616385,2.1691949,2.23579
2010-05-08,2.1064745,1.4900678,2.151524,2.245393
2010-05-09,1.9084745,1.5163549,2.133853,2.2533542
2010-05-10,1.6964458,1.5378547,2.1161821,2.2596737
2010-05-11,1.3217523,1.5473305,2.0985112,2.2643515
2010-05-12,2.2443156,1.5753649,2.0808403,2.2673876
2010-05-13,1.1861509,1.5763117,2.0631693,2.2687819
2010-05-14,0.8086799,1.5603243,2.1056856,2.2695904
2010-05-15,0.59845558,1.5410473,2.1482019,2.2713874
2010-05-16,1.7098585,1.5505477,2.1907182,2.2741727
2010-05-17,1.8110324,1.5661658,2.2332345,2.2779465
2010-05-18,1.3500798,1.5586182,2.2757508,2.2827087
2010-05-19,0.55731138,1.5409641,2.3182671,2.2884594
2010-05-20,1.0451446,1.5270416,2.3607834,2.2951984
2010-05-21,1.5909994,1.5182564,2.4032997,2.3029259
2010-05-22,2.371455,1.5236818,2.4458161,2.3116418
2010-05-23,1.9943857,1.5365397,2.4883324,2.3213461
2010-05-24,1.818059,1.5423717,2.5308487,2.3320389
2010-05-25,1.8633211,1.5513353,2.573365,2.34372
2010-05-26,1.6492363,1.5461663,2.6158813,2.3563896
2010-05-27,1.5269846,1.5556006,2.6583975,2.3700476
2010-05-28,2.0171233,1.5648703,2.7196078,2.385022
2010-05-29,2.2132915,1.5773248,2.780818,2.3998348
2010-05-30,1.9469735,1.5865377,2.8420283,2.4144861
2010-05-31,0.92064146,1.5826994,2.9032385,2.4289759
2010-06-01,0.89292863,1.5800978,2.9644488,2.4433041
2010-06-02,0.46368199,1.5607744,3.025659,2.4574707
2010-06-03,0.7540333,1.5403557,3.0868693,2.4714758
2010-06-04,2.1810101,1.5412588,3.1480795,2.4853193
2010-06-05,2.375285,1.5593753,3.2092898,2.4990013
2010-06-06,2.3540694,1.5805898,3.2705001,2.5125218
2010-06-07,2.3077167,1.6120031,3.3317103,2.5258807
2010-06-08,2.0032985,1.6306177,3.3929206,2.539078
2010-06-09,2.0754997,1.6357927,3.4541308,2.5521138
2010-06-10,2.5267632,1.6684821,3.5153411,2.5649881
2010-06-11,2.7559679,1.7099204,3.5624651,2.5774537
2010-06-12,1.496414,1.7158837,3.6095894,2.5914244
2010-06-13,2.1361479,1.7232785,3.6567135,2.6069002
2010-06-14,1.8769468,1.7231164,3.7038375,2.6238812
2010-06-15,2.3164905,1.7263203,3.7509616,2.6423674
2010-06-16,2.5432211,1.7401119,3.7980856,2.6623587
2010-06-17,2.8160019,1.7647517,3.8452097,2.6838551
2010-06-18,1.9058911,1.7676902,3.8923337,2.7068567
2010-06-19,2.1676449,1.766924,3.939458,2.7313634
2010-06-20,2.1293091,1.7622298,3.9865821,2.7573752
2010-06-21,1.8874711,1.7487395,4.0337061,2.7848922
2010-06-22,2.6635859,1.7596531,4.0808302,2.8139143
2010-06-23,2.4525382,1.7796991,4.1279542,2.8444416
2010-06-24,2.8761731,1.7870183,4.1750783,2.876474
2010-06-25,2.9246448,1.7941905,4.134459,2.9084722
2010-06-26,2.7217791,1.7977114,4.0938398,2.9400677
2010-06-27,3.0683953,1.8260001,4.0532205,2.9712607
2010-06-28,3.0757339,1.8613353,4.0126012,3.0020511
2010-06-29,3.1235627,1.895535,3.9719822,3.0324389
2010-06-30,2.9326083,1.9266464,3.931363,3.0624241
2010-07-01,2.7948282,1.9485794,3.8907437,3.0920067
2010-07-02,2.9824332,1.9932187,3.8501245,3.1211866
2010-07-03,2.9670867,2.014137,3.8095052,3.149964
2010-07-04,2.8971052,2.0280077,3.768886,3.1783388
2010-07-05,2.5639943,2.0395081,3.7282667,3.2063109
2010-07-06,1.5985056,2.0377898,3.6876474,3.2338805
2010-07-07,2.7848986,2.063459,3.6470282,3.2610475
2010-07-08,2.9868467,2.0764859,3.6064089,3.2878118
2010-07-09,2.9696305,2.107775,3.5424507,3.3137641
2010-07-10,2.7687387,2.142162,3.4784925,3.3378485
2010-07-11,2.862687,2.1818854,3.4145343,3.3600648
2010-07-12,2.7646279,2.2003901,3.3505764,3.3804132
2010-07-13,2.4228933,2.2111245,3.2866182,3.3988936
2010-07-14,2.7377162,2.235469,3.22266,3.4155061
2010-07-15,1.906909,2.2591462,3.1587018,3.4302506
2010-07-16,2.4326721,2.2834887,3.0947436,3.443127
2010-07-17,1.7246768,2.285834,3.0307854,3.4541356
2010-07-18,1.5834939,2.2720101,2.9668272,3.4632761
2010-07-19,2.4015149,2.2791527,2.9028693,3.4705487
2010-07-20,2.5795421,2.292512,2.8389111,3.4759533
2010-07-21,2.6167478,2.3057301,2.7749529,3.4794899
2010-07-22,1.9943724,2.3117851,2.7109947,3.4811586
2010-07-23,0.8737937,2.3003256,2.6748416,3.4814471
2010-07-24,1.2254989,2.2864374,2.6386887,3.4800274
2010-07-25,1.4893006,2.2737358,2.6025356,3.4768997
2010-07-26,2.0230783,2.275071,2.5663828,3.4720638
2010-07-27,2.1882299,2.2973094,2.5302297,3.4655198
2010-07-28,1.7715949,2.3127246,2.4940766,3.4572676
2010-07-29,1.7868016,2.3359372,2.4579237,3.4473074
2010-07-30,1.8068695,2.354408,2.4217707,3.435639
2010-07-31,2.1484701,2.3538372,2.3856177,3.4222624
2010-08-01,2.2066042,2.3508779,2.3494647,3.4071778
2010-08-02,1.6063908,2.3377607,2.3133117,3.390385
2010-08-03,0.89622678,2.3129977,2.2771587,3.3718841
2010-08-04,1.9617619,2.312269,2.2410057,3.3516751
2010-08-05,1.9615138,2.3102692,2.2048527,3.3297579
2010-08-06,0.53932948,2.275402,2.223344,3.3070913
2010-08-07,0.64776574,2.238416,2.2418353,3.2839223
2010-08-08,1.8159013,2.244021,2.2603265,3.2602511
2010-08-09,1.5069296,2.2329821,2.2788178,3.2360775
2010-08-10,1.9955327,2.2350626,2.2973091,3.2114015
2010-08-11,1.7956291,2.2259246,2.3158004,3.1862233
2010-08-12,1.4574069,2.2068753,2.3342917,3.1605427
2010-08-13,1.2479888,2.1793663,2.352783,3.1343597
2010-08-14,0.93867642,2.1623976,2.3712743,3.1076745
2010-08-15,1.5077128,2.1508198,2.3897655,3.0804869
2010-08-16,1.7604173,2.144348,2.4082568,3.052797
2010-08-17,1.1811662,2.1319567,2.4267481,3.0246047
2010-08-18,1.4292548,2.1103018,2.4452394,2.9959102
2010-08-19,1.6508565,2.0962372,2.4637307,2.9667133
2010-08-20,2.0962209,2.0825538,2.4358735,2.9362009
2010-08-21,2.1571437,2.0690889,2.4080163,2.9059124
2010-08-22,2.1640211,2.0593037,2.3801592,2.8758479
2010-08-23,1.9192057,2.0391425,2.352302,2.8460072
2010-08-24,1.8942166,2.0184141,2.3244448,2.8163904
2010-08-25,1.912366,1.997165,2.2965876,2.7869975
2010-08-26,1.3332752,1.9691065,2.2687305,2.7578285
2010-08-27,1.5469077,1.9472132,2.2408733,2.7288834
2010-08-28,1.2203414,1.9162993,2.2130161,2.7001622
2010-08-29,1.2805479,1.8867109,2.1851589,2.6716649
2010-08-30,0.92889439,1.8521809,2.1573018,2.6433915
2010-08-31,1.0415627,1.8254716,2.1294446,2.615342
2010-09-01,0.89231509,1.8130823,2.1015874,2.5875164
2010-09-02,0.94733806,1.7808444,2.0737302,2.5599147
2010-09-03,1.4932121,1.7546402,2.0447077,2.5325164
2010-09-04,1.3100108,1.7255241,2.0156851,2.505731
2010-09-05,1.3608923,1.700825,1.9866626,2.4795586
2010-09-06,1.5859723,1.6784265,1.95764,2.453999
2010-09-07,1.5709578,1.657485,1.9286175,2.4290524
2010-09-08,1.0940396,1.6341717,1.8995949,2.4047186
2010-09-09,1.1291019,1.6059504,1.8705724,2.3809978
2010-09-10,1.4683788,1.5982569,1.8415498,2.3578899
2010-09-11,1.7363975,1.5860416,1.8125273,2.3353949
2010-09-12,1.8337822,1.5879557,1.7835047,2.3135127
2010-09-13,0.59688209,1.5706467,1.7544822,2.2922435
2010-09-14,0.82545098,1.5429965,1.7254596,2.2715872
2010-09-15,0.99583628,1.5152122,1.6964371,2.2515438
2010-09-16,1.2937529,1.4920017,1.6674145,2.2321133
2010-09-17,1.2606055,1.4791286,1.6722638,2.21389
2010-09-18,1.305609,1.4867043,1.6771131,2.196386
2010-09-19,1.4020387,1.4898015,1.6819624,2.1796013
2010-09-20,1.4121448,1.4884479,1.6868117,2.163536
2010-09-21,1.6512636,1.4819249,1.691661,2.14819
2010-09-22,1.7032615,1.4734166,1.6965103,2.1335633
2010-09-23,1.7298466,1.4726842,1.7013596,2.119656
2010-09-24,1.7211962,1.4715332,1.7062089,2.106468
2010-09-25,0.39776792,1.4468122,1.7110582,2.0939994
2010-09-26,0.32220522,1.4147724,1.7159075,2.0822501
2010-09-27,0.31368216,1.3815633,1.7207568,2.0712201
2010-09-28,0.12835757,1.3556329,1.7256061,2.0609095
2010-09-29,0.5278147,1.3491695,1.7304554,2.0513182
2010-09-30,0.87619764,1.3301245,1.7353047,2.0424463
2010-10-01,1.0710858,1.314503,1.6831958,2.0332944
2010-10-02,1.0192608,1.3229228,1.6310868,2.0229039
2010-10-03,1.2272209,1.3330887,1.5789779,2.0112748
2010-10-04,0.96309319,1.3181271,1.526869,1.9984072
2010-10-05,1.1467799,1.3118087,1.4747601,1.9843009
2010-10-06,1.0696245,1.2955647,1.4226511,1.968956
2010-10-07,0.91932941,1.280191,1.3705422,1.9523725
2010-10-08,1.2303145,1.276207,1.3184332,1.9345504
2010-10-09,1.3589475,1.2781536,1.2663243,1.9154898
2010-10-10,1.2287731,1.283243,1.2142154,1.8951905
2010-10-11,1.2133043,1.278078,1.1621065,1.8736526
2010-10-12,0.44431503,1.2549884,1.1099975,1.8508761
2010-10-13,0.9285903,1.2505573,1.0578886,1.8268611
2010-10-14,0.67277994,1.2372858,1.0057797,1.8016074
2010-10-15,0.52114472,1.2174663,0.98827796,1.7757222
2010-10-16,0.63989649,1.1919167,0.97077627,1.7500188
2010-10-17,0.90775179,1.1699976,0.95327458,1.724497
2010-10-18,0.93404285,1.148419,0.93577287,1.6991569
2010-10-19,0.55065907,1.1244094,0.91827118,1.6739984
2010-10-20,0.5497553,1.1008224,0.90076949,1.6490217
2010-10-21,0.70295942,1.0796047,0.88326778,1.6242266
2010-10-22,0.86112916,1.0713215,0.86576609,1.5996132
2010-10-23,0.99071026,1.0615636,0.8482644,1.5751815
2010-10-24,0.81620995,1.0544736,0.83076271,1.5509314
2010-10-25,0.55507535,1.041746,0.813261,1.526863
2010-10-26,0.66642666,1.0371413,0.79575931,1.5029763
2010-10-27,0.90911153,1.0348176,0.77825762,1.4792713
2010-10-28,0.84523179,1.0339916,0.76075591,1.4557479
2010-10-29,1.088757,1.0364726,0.73573159,1.4322742
2010-10-30,1.1336876,1.0301652,0.71070728,1.4088707
2010-10-31,0.87099581,1.0224632,0.68568294,1.3855374
2010-11-01,0.93809586,1.0150457,0.66065862,1.3622741
2010-11-02,0.51021046,0.99617266,0.63563431,1.339081
2010-11-03,0.60044272,0.97914607,0.61060997,1.3159581
2010-11-04,0.52879761,0.96922955,0.58558565,1.2929053
2010-11-05,0.41386072,0.95668146,0.56056134,1.2699227
2010-11-06,0.24118381,0.93515172,0.535537,1.2470102
2010-11-07,0.21725887,0.90850017,0.51051268,1.2241678
2010-11-08,0.30603468,0.88169758,0.48548837,1.2013956
2010-11-09,0.59963661,0.8817459,0.46046403,1.1786935
2010-11-10,0.64049196,0.87850101,0.43543971,1.1560616
2010-11-11,0.53321374,0.87038482,0.4104154,1.1334998
2010-11-12,0.59513336,0.85812834,0.40101737,1.1112823
2010-11-13,0.7955981,0.84997032,0.39161935,1.0888149
2010-11-14,0.72282071,0.83974596,0.38222132,1.0660975
2010-11-15,0.32827903,0.82090807,0.37282332,1.0431301
2010-11-16,0.094948116,0.79779936,0.3634253,1.0199128
2010-11-17,0.096661498,0.77052564,0.35402727,0.99644554
2010-11-18,0.096486871,0.74233661,0.34462925,0.97272833
2010-11-19,0.3597642,0.71830007,0.33523125,0.94876116
2010-11-20,0.32599167,0.6938228,0.32583322,0.92454404
2010-11-21,0.32695398,0.69258045,0.3164352,0.90007697
2010-11-22,0.13998028,0.68938352,0.30703717,0.87535995
2010-11-23,0.11215267,0.68584792,0.29763917,0.85039297
2010-11-24,0.1661694,0.68651128,0.28824114,0.82517604
2010-11-25,0.28653229,0.68227826,0.27884312,0.79970916
2010-11-26,0.15453339,0.66961748,0.27147761,0.77402799
2010-11-27,0.24290866,0.65508806,0.26411207,0.74913178
2010-11-28,0.29664987,0.64241067,0.25674653,0.72502055
2010-11-29,0.14925538,0.623499,0.24938102,0.70169429
2010-11-30,0.15682507,0.60935394,0.24201548,0.679153
2010-12-01,0.058274896,0.59025737,0.23464995,0.65739668
2010-12-02,0.073081357,0.57277415,0.22728442,0.63642533
2010-12-03,0.15617507,0.55938548,0.21991889,0.61623896
2010-12-04,0.20624249,0.5414193,0.21255336,0.59683756
2010-12-05,0.21522573,0.52135401,0.20518783,0.57822113
2010-12-06,0.23069248,0.50384382,0.19782231,0.56038967
2010-12-07,0.16932536,0.4855284,0.19045678,0.54334319
2010-12-08,0.15255666,0.48040984,0.18309125,0.52708167
2010-12-09,0.15576192,0.46685144,0.17572572,0.51160513
2010-12-10,0.15197545,0.45771452,0.17919306,0.49710361
2010-12-11,0.12438042,0.45075374,0.1826604,0.48296997
2010-12-12,0.13182091,0.44184014,0.18612774,0.46920421
2010-12-13,0.077711431,0.42727803,0.18959508,0.45580632
2010-12-14,0.13389771,0.41324039,0.19306242,0.44277631
2010-12-15,0.083618683,0.4050467,0.19652976,0.43011418
2010-12-16,0.15839282,0.39818069,0.1999971,0.41781993
2010-12-17,0.12304171,0.3880067,0.20346444,0.40589355
2010-12-18,0.14941732,0.37552053,0.20693178,0.39433506
2010-12-19,0.17897432,0.36127954,0.21039912,0.38314444
2010-12-20,0.19297584,0.35034561,0.21386647,0.3723217
2010-12-21,0.17240839,0.34363216,0.21733381,0.36186683
2010-12-22,0.21087897,0.33564009,0.22080115,0.35177985
2010-12-23,0.2666125,0.32436818,0.22426849,0.34206074
2010-12-24,0.064800119,0.3106764,0.24078903,0.33293852
2010-12-25,0.10069882,0.29334204,0.25730956,0.32454515
2010-12-26,0.11273831,0.27543065,0.27383013,0.31688064
2010-12-27,0.17446454,0.2632108,0.29035066,0.30994498
2010-12-28,0.097034475,0.24845534,0.3068712,0.30373818
2010-12-29,0.11208891,0.24147075,0.32339174,0.29826025
2010-12-30,0.17555696,0.23401662,0.33991228,0.29351116
2010-12-31,0.15060367,0.22738163,0.35643284,0.28949094
2011-01-01,0.15880178,0.43016252,0.39001128,0.44391417
2011-01-02,0.18914642,0.41372435,0.40728743,0.43639146
2011-01-03,0.18814339,0.39855377,0.42456357,0.42995172
2011-01-04,0.22911777,0.384617,0.44183972,0.42459494
2011-01-05,0.17311907,0.36973232,0.45911586,0.42032112
2011-01-06,0.20659661,0.36908288,0.47639203,0.41713026
2011-01-07,0.22649379,0.36409891,0.47550533,0.41406855
2011-01-08,0.39370641,0.35811866,0.47461863,0.41113598
2011-01-09,0.35945467,0.34815679,0.47373193,0.40833256
2011-01-10,0.39275408,0.34047932,0.47284522,0.40565829
2011-01-11,0.40107257,0.34219235,0.47195852,0.40311316
2011-01-12,0.32778968,0.34154369,0.47107182,0.40069718
2011-01-13,0.18665507,0.33601561,0.47018512,0.39841035
2011-01-14,0.36866466,0.33703742,0.46929844,0.39625266
2011-01-15,0.3852438,0.33504304,0.46841174,0.39422411
2011-01-16,0.53524187,0.33467716,0.46752504,0.39232472
2011-01-17,0.54980058,0.33563839,0.46663834,0.39055447
2011-01-18,0.41527069,0.32934993,0.46575164,0.38891336
2011-01-19,0.22435708,0.31930464,0.46486494,0.38740141
2011-01-20,0.21375349,0.31200442,0.46397823,0.38601859
2011-01-21,0.10805819,0.30001792,0.48642038,0.3853374
2011-01-22,0.33905082,0.29787523,0.50886254,0.38535783
2011-01-23,0.20287603,0.28868386,0.53130469,0.38607988
2011-01-24,0.33069181,0.28458049,0.55374683,0.38750355
2011-01-25,0.26138175,0.27671031,0.57618897,0.38962883
2011-01-26,0.25720256,0.27510113,0.59863111,0.39245574
2011-01-27,0.13856537,0.26997689,0.62107325,0.39598427
2011-01-28,0.3423893,0.26784137,0.6435154,0.40021441
2011-01-29,0.40950757,0.26711663,0.66595754,0.40514618
2011-01-30,0.35165525,0.27029086,0.68839971,0.41077957
2011-01-31,0.41128147,0.2726979,0.71084185,0.41711457
2011-02-01,0.4455885,0.27314287,0.73328399,0.4241512
2011-02-02,0.40991625,0.27711515,0.75572613,0.43188945
2011-02-03,0.30573516,0.27879236,0.77816827,0.44032931
2011-02-04,0.39326309,0.28083223,0.78561092,0.44887229
2011-02-05,0.69350763,0.28841717,0.79305357,0.45751837
2011-02-06,0.61566842,0.2922438,0.8004962,0.46626756
2011-02-07,0.75964841,0.29888438,0.80793885,0.47511986
2011-02-08,0.70773837,0.30850382,0.8153815,0.48407527
2011-02-09,0.80379476,0.31567156,0.82282415,0.49313379
2011-02-10,0.81213763,0.32446048,0.8302668,0.50229541
2011-02-11,0.29605862,0.32759699,0.83770942,0.51156014
2011-02-12,0.54027849,0.33421777,0.84515207,0.52092799
2011-02-13,0.23032446,0.33573684,0.85259472,0.53039894
2011-02-14,0.59736895,0.34206345,0.86003737,0.539973
2011-02-15,0.69207843,0.3500977,0.86748002,0.54965017
2011-02-16,0.68295868,0.35956776,0.87492264,0.55943044
2011-02-17,0.17850497,0.3582431,0.88236529,0.56931383
2011-02-18,0.24357593,0.35970379,0.93432511,0.58015704
2011-02-19,0.21597307,0.3602733,0.98628491,0.59196009
2011-02-20,0.29387562,0.36182211,1.0382447,0.60472296
2011-02-21,0.31968534,0.36396705,1.0902045,0.61844567
2011-02-22,0.34693603,0.36741144,1.1421643,0.6331282
2011-02-23,0.42380933,0.3683387,1.1941241,0.64877056
2011-02-24,0.76247774,0.37725892,1.2460839,0.66537275
2011-02-25,0.90366857,0.39054351,1.2980437,0.68293478
2011-02-26,1.1141181,0.40467604,1.3500035,0.70145663
2011-02-27,0.95620244,0.41866552,1.4019633,0.71921017
2011-02-28,1.396852,0.43985334,1.4539232,0.7375722
2011-03-01,1.024128,0.45451974,1.5058829,0.75654272
2011-03-02,1.1858492,0.4713045,1.5578427,0.77612172
2011-03-03,1.1950984,0.48923396,1.6098026,0.79630921
2011-03-04,1.4693864,0.51138817,1.630995,0.8165654
2011-03-05,1.2784451,0.52984346,1.6521875,0.83720895
2011-03-06,1.0124611,0.5406988,1.67338,0.85823985
2011-03-07,1.299052,0.55718296,1.6945725,0.8796581
2011-03-08,1.6795199,0.5797578,1.7157649,0.90146371
2011-03-09,1.907399,0.60618458,1.7369574,0.92365667
2011-03-10,1.2140346,0.62173274,1.7581499,0.94623699
2011-03-11,0.60800749,0.62912489,1.7793424,0.96920466
2011-03-12,1.8426332,0.65498398,1.8005348,0.99255969
2011-03-13,1.711427,0.67825035,1.8217273,1.0163021
2011-03-14,1.3900974,0.69324782,1.8429198,1.0404318
2011-03-15,1.7013099,0.71344974,1.8641122,1.0649489
2011-03-16,0.61800836,0.71700654,1.8853047,1.0898533
2011-03-17,0.32430853,0.71876007,1.9064972,1.1151451
2011-03-18,0.15582397,0.71774377,1.9420962,1.141077
2011-03-19,1.0212168,0.73376409,1.9776951,1.1672397
2011-03-20,1.2483977,0.74971754,2.0132941,1.1936333
2011-03-21,1.6792668,0.77561914,2.0488931,1.2202576
2011-03-22,1.9166167,0.80344238,2.084492,1.2471128
2011-03-23,1.8894003,0.83200411,2.120091,1.2741988
2011-03-24,1.9720272,0.86208875,2.15569,1.3015156
2011-03-25,1.4966352,0.88591454,2.191289,1.3290633
2011-03-26,0.70552247,0.8922853,2.2268879,1.3568417
2011-03-27,1.6087332,0.91332434,2.2624869,1.384851
2011-03-28,1.8859545,0.94024187,2.2980859,1.4130911
2011-03-29,2.0906719,0.96970486,2.3336848,1.4415621
2011-03-30,2.3389099,1.002921,2.3692838,1.4702638
2011-03-31,1.7280607,1.0260464,2.4048828,1.4991964
2011-04-01,2.1201952,1.057879,2.4405577,1.5283611
2011-04-02,2.5744959,1.0961462,2.4762327,1.5580211
2011-04-03,2.6866612,1.1311138,2.5119077,1.5881765
2011-04-04,1.0376735,1.1385174,2.5475827,1.6188271
2011-04-05,2.1345134,1.1626379,2.5832576,1.6499731
2011-04-06,2.0354889,1.1859318,2.6189327,1.6816143
2011-04-07,2.3655232,1.2133305,2.6546075,1.7137509
2011-04-08,1.8073999,1.2307912,2.6902825,1.7463827
2011-04-09,1.8039362,1.2572452,2.7259575,1.7795099
2011-04-10,2.4621736,1.2909627,2.7616325,1.8131323
2011-04-11,2.5564641,1.3317722,2.7973076,1.8472501
2011-04-12,1.3068896,1.3442199,2.8329823,1.8818632
2011-04-13,0.55645044,1.3418405,2.8686574,1.9169715
2011-04-14,0.7385916,1.3428165,2.9043324,1.9525752
2011-04-15,1.38407,1.3639667,2.9650523,1.9891136
2011-04-16,1.8975037,1.392983,3.025772,2.0258056
2011-04-17,1.8284485,1.4212721,3.086492,2.0626514
2011-04-18,2.4819135,1.4596587,3.147212,2.0996508
2011-04-19,2.684879,1.5011533,3.2079319,2.1368039
2011-04-20,2.8138,1.5444316,3.2686519,2.1741107
2011-04-21,2.9236304,1.5882881,3.3293716,2.2115712
2011-04-22,3.0002858,1.6275479,3.3900915,2.2491854
2011-04-23,3.0358299,1.6649543,3.4508115,2.2869532
2011-04-24,2.9815893,1.6977169,3.5115314,2.3248748
2011-04-25,1.6670988,1.7101888,3.5722511,2.36295
2011-04-26,1.4594954,1.7112878,3.6329711,2.4011789
2011-04-27,1.7560699,1.7241289,3.693691,2.4395615
2011-04-28,2.1401967,1.7408718,3.754411,2.4780978
2011-04-29,2.1701857,1.7579786,3.7536739,2.5157096
2011-04-30,2.6448325,1.7786005,3.7529366,2.5529366
2011-05-01,2.5442197,1.800807,3.7521995,2.5897789
2011-05-02,1.2013631,1.8041211,3.7514624,2.6262365
2011-05-03,1.1236206,1.8010434,3.7507253,2.6623094
2011-05-04,1.8514296,1.8040593,3.7499882,2.6979975
2011-05-05,2.4472564,1.8135305,3.7492509,2.7333009
2011-05-06,2.911949,1.8433185,3.7485138,2.7682196
2011-05-07,3.1926881,1.8886638,3.7477767,2.8027535
2011-05-08,3.2443501,1.9132553,3.7470397,2.8369027
2011-05-09,3.3849298,1.942615,3.7463026,2.8706672
2011-05-10,3.4501576,1.9787564,3.7455652,2.9040469
2011-05-11,3.1293298,2.0038094,3.7448282,2.9370419
2011-05-12,2.4850836,2.0365651,3.7440911,2.9696522
2011-05-13,2.8912342,2.0815989,3.761599,3.0021979
2011-05-14,2.7956466,2.1279115,3.7791068,3.0344261
2011-05-15,2.1004886,2.1468461,3.7966147,3.066337
2011-05-16,2.0580977,2.1610514,3.8141223,3.0979305
2011-05-17,2.3816604,2.1733741,3.8316302,3.1292066
2011-05-18,3.2959752,2.1975734,3.8491381,3.1601653
2011-05-19,2.8884119,2.2150999,3.866646,3.1908066
2011-05-20,2.7025622,2.2279163,3.8841538,3.2211305
2011-05-21,2.8461406,2.2515918,3.9016617,3.2511371
2011-05-22,2.8722394,2.2896044,3.9191693,3.2808262
2011-05-23,3.079994,2.315416,3.9366772,3.310198
2011-05-24,2.9686833,2.3344112,3.9541851,3.3392523
2011-05-25,2.9245654,2.3490409,3.9716929,3.3679893
2011-05-26,2.9704511,2.3601206,3.9892008,3.3964089
2011-05-27,2.2156336,2.3686745,3.9469014,3.4234619
2011-05-28,2.4548549,2.3745457,3.904602,3.4491469
2011-05-29,2.7668068,2.3779196,3.8623026,3.4734639
2011-05-30,2.8563195,2.3808961,3.8200032,3.4964129
2011-05-31,2.3682881,2.4042402,3.7777037,3.517994
2011-06-01,0.61296454,2.3775464,3.7354043,3.5382071
2011-06-02,1.9430344,2.3759243,3.6931049,3.5570522
2011-06-03,2.5025589,2.3783285,3.6508055,3.5745294
2011-06-04,2.5307018,2.391018,3.6085061,3.5906386
2011-06-05,2.4984189,2.4032019,3.5662066,3.6053798
2011-06-06,1.8933138,2.3932219,3.5239072,3.618753
2011-06-07,1.9750989,2.3830225,3.4816078,3.6307583
2011-06-08,1.8329146,2.392251,3.4393084,3.6413956
2011-06-09,2.1316918,2.4198868,3.397009,3.6506649
2011-06-10,2.0052291,2.4421085,3.3819131,3.6590435
2011-06-11,1.9352496,2.4517784,3.3668174,3.666092
2011-06-12,2.0059389,2.4536807,3.3517218,3.6718104
2011-06-13,1.3980346,2.4461296,3.3366262,3.6761988
2011-06-14,1.8781423,2.4355371,3.3215303,3.679257
2011-06-15,1.9306234,2.4223046,3.3064347,3.6809851
2011-06-16,1.8803296,2.4059279,3.291339,3.6813831
2011-06-17,1.9312594,2.3885179,3.2762434,3.680451
2011-06-18,1.1423102,2.3559218,3.2611475,3.6781889
2011-06-19,1.5618768,2.330063,3.2460519,3.6745966
2011-06-20,1.3994452,2.3023061,3.2309562,3.6696742
2011-06-21,1.3921367,2.2974822,3.2158603,3.6634217
2011-06-22,1.5767804,2.2995398,3.2007647,3.6558392
2011-06-23,1.5800824,2.2964523,3.1856691,3.6469265
2011-06-24,1.4696354,2.2846881,3.2308745,3.6377417
2011-06-25,1.331846,2.2699804,3.2760802,3.6293628
2011-06-26,1.2216243,2.2450118,3.3212857,3.62179
2011-06-27,2.0583707,2.2364881,3.3664914,3.6150232
2011-06-28,2.0817179,2.251933,3.4116969,3.6090624
2011-06-29,2.0520113,2.2682205,3.4569026,3.6039076
2011-06-30,0.57377386,2.2458055,3.5021081,3.5995588
2011-07-01,1.3836581,2.2271459,3.5473138,3.5960161
2011-07-02,1.1408329,2.1960737,3.5925193,3.5932793
2011-07-03,0.57404415,2.1501325,3.6377248,3.5913486
2011-07-04,0.8940129,2.1088986,3.6829305,3.5902239
2011-07-05,2.1967452,2.0880532,3.728136,3.5899052
2011-07-06,2.7297332,2.0754142,3.7733417,3.5903925
2011-07-07,2.9260321,2.0718476,3.8185471,3.5916858
2011-07-08,2.439874,2.0710544,3.7412991,3.5916368
2011-07-09,3.1175349,2.0750246,3.6640509,3.5899254
2011-07-10,2.9184531,2.0771791,3.5868029,3.5865517
2011-07-11,2.2720578,2.0801891,3.5095549,3.5815155
2011-07-12,3.131463,2.0990201,3.4323066,3.574817
2011-07-13,2.3753786,2.0989099,3.3550586,3.5664561
2011-07-14,2.2583206,2.0807054,3.2778107,3.5564328
2011-07-15,2.7942693,2.0790538,3.2005624,3.5447472
2011-07-16,3.152544,2.0869482,3.1233144,3.5313991
2011-07-17,2.5890384,2.0824376,3.0460661,3.5163886
2011-07-18,2.4767156,2.0754986,2.9688181,3.4997158
2011-07-19,3.1509864,2.0767441,2.8915701,3.4813806
2011-07-20,0.71770311,2.0372532,2.8143219,3.461383
2011-07-21,1.1529868,2.0061729,2.7370739,3.439723
2011-07-22,1.1836152,1.9748249,2.7389718,3.4177892
2011-07-23,2.3329343,1.9768828,2.7408695,3.3966307
2011-07-24,2.6222948,1.9798203,2.7427675,3.3762477
2011-07-25,2.3724488,1.9729018,2.7446652,3.35664
2011-07-26,2.6589686,1.9694395,2.7465631,3.3378077
2011-07-27,2.698362,1.9752302,2.748461,3.3197508
2011-07-28,2.5657062,2.0094889,2.7503587,3.3024693
2011-07-29,1.7517961,2.0061338,2.7522567,3.2859632
2011-07-30,0.70563466,1.9746088,2.7541544,3.2702325
2011-07-31,1.1273481,1.9499886,2.7560523,3.2552772
2011-08-01,1.4312763,1.9312668,2.7579502,3.2410972
2011-08-02,2.3510283,1.9392969,2.7598479,3.2276927
2011-08-03,2.5907886,1.9500984,2.7617459,3.2150635
2011-08-04,1.6651546,1.9471553,2.7636438,3.2032098
2011-08-05,2.370466,1.9513443,2.800757,3.1927492
2011-08-06,2.340716,1.95723,2.8378704,3.1832046
2011-08-07,1.438839,1.9485211,2.8749835,3.1745759
2011-08-08,2.148857,1.9510284,2.9120969,3.1668632
2011-08-09,2.0448145,1.9623754,2.94921,3.1600664
2011-08-10,1.8485119,1.9618556,2.9863234,3.1541856
2011-08-11,2.2243469,1.9670086,3.0234368,3.1492207
2011-08-12,2.0659742,1.9702656,3.06055,3.1451718
2011-08-13,1.9777852,1.9710818,3.0976634,3.1420388
2011-08-14,2.2205562,1.9899984,3.1347765,3.1398218
2011-08-15,1.6303893,1.9912004,3.1718899,3.1385207
2011-08-16,1.9703445,2.0012161,3.2090033,3.1381356
2011-08-17,2.4217906,2.0192802,3.2461164,3.1386664
2011-08-18,2.2828822,2.031668,3.2832298,3.1401131
2011-08-19,1.6547608,2.0329781,3.2373996,3.1410207
2011-08-20,2.3859981,2.0490547,3.1915691,3.1403311
2011-08-21,2.2803452,2.065695,3.1457388,3.1380444
2011-08-22,2.5570426,2.0891234,3.0999086,3.1341606
2011-08-23,2.6497428,2.0994984,3.0540781,3.1286797
2011-08-24,2.2504961,2.1024594,3.0082478,3.1216016
2011-08-25,2.5690847,2.1115308,2.9624176,3.1129264
2011-08-26,2.6194925,2.1474206,2.9165873,3.1026541
2011-08-27,0.49529913,2.1318354,2.8707568,3.0907847
2011-08-28,1.9681214,2.1463492,2.8249266,3.0773182
2011-08-29,1.8185979,2.1681835,2.7790963,3.0622545
2011-08-30,1.9238319,2.1862505,2.7332661,3.0455937
2011-08-31,1.9155421,2.1813171,2.6874356,3.0273358
2011-09-01,2.1051062,2.1703587,2.6416053,3.0074808
2011-09-02,2.3152947,2.1596441,2.6193054,2.9864415
2011-09-03,2.3534975,2.1581287,2.5970052,2.9663662
2011-09-04,2.3821675,2.1452275,2.5747052,2.9472548
2011-09-05,1.0038238,2.1116375,2.5524052,2.9291075
2011-09-06,2.1132076,2.1088507,2.5301051,2.9119242
2011-09-07,1.2605787,2.0760281,2.5078051,2.8957048
2011-09-08,0.92595608,2.0505997,2.485505,2.8804495
2011-09-09,1.6004617,2.0390583,2.463205,2.8661582
2011-09-10,1.9159837,2.0236498,2.4409049,2.8528309
2011-09-11,2.2904721,2.0085257,2.4186049,2.8404675
2011-09-12,2.0123643,1.9984086,2.3963049,2.8290682
2011-09-13,1.6234716,1.9834394,2.3740048,2.8186329
2011-09-14,1.9651859,1.9626359,2.3517048,2.8091616
2011-09-15,1.9279443,1.9838682,2.3294047,2.8006543
2011-09-16,1.8677828,1.9964085,2.2915846,2.7928387
2011-09-17,1.8229577,2.007625,2.2537644,2.7843262
2011-09-18,0.73311503,1.979558,2.2159443,2.775117
2011-09-19,1.2858498,1.9561116,2.1781241,2.765211
2011-09-20,1.6019106,1.9425934,2.140304,2.7546082
2011-09-21,1.7163969,1.9260571,2.1024839,2.7433085
2011-09-22,1.4594942,1.9043225,2.0646637,2.7313121
2011-09-23,1.6283337,1.8878774,2.0268436,2.7186189
2011-09-24,1.9140471,1.8907239,1.9890234,2.7052288
2011-09-25,2.0338591,1.9140261,1.9512033,2.6911419
2011-09-26,2.0784102,1.9307114,1.9133831,2.6763583
2011-09-27,1.859856,1.9382303,1.875563,2.6608778
2011-09-28,1.8815658,1.9299941,1.8377429,2.6447005
2011-09-29,2.0645476,1.9207619,1.7999227,2.6278264
2011-09-30,2.0762263,1.9279736,1.7699487,2.6103932
2011-10-01,2.0573253,1.9224799,1.7399746,2.591783
2011-10-02,2.0447973,1.9172884,1.7100005,2.5719958
2011-10-03,1.9850969,1.9268719,1.6800265,2.5510316
2011-10-04,1.9718439,1.9237664,1.6500524,2.5288905
2011-10-05,0.78603787,1.9016826,1.6200783,2.5055724
2011-10-06,1.6646627,1.8984571,1.5901043,2.4810773
2011-10-07,1.0342962,1.8775791,1.5601302,2.4554053
2011-10-08,0.82458313,1.8558003,1.5301561,2.4285562
2011-10-09,0.99072016,1.8384833,1.5001821,2.4005303
2011-10-10,0.60721749,1.8101791,1.470208,2.3713273
2011-10-11,0.55445303,1.7913031,1.4402339,2.3409474
2011-10-12,0.64982834,1.7681361,1.4102599,2.3093905
2011-10-13,1.0763724,1.7445323,1.3802858,2.2766566
2011-10-14,0.96992673,1.721498,1.373166,2.2431467
2011-10-15,1.2150913,1.7137845,1.3660461,2.2103159
2011-10-16,1.3459136,1.6955374,1.3589263,2.1781643
2011-10-17,1.449239,1.6809566,1.3518064,2.1466918
2011-10-18,1.4738078,1.6619525,1.3446866,2.1158984
2011-10-19,0.81292599,1.6297276,1.3375668,2.0857842
2011-10-20,0.78921958,1.6040912,1.3304469,2.0563491
2011-10-21,1.0811476,1.577987,1.3233271,2.0275931
2011-10-22,1.1512286,1.552228,1.3162072,1.9995163
2011-10-23,1.1664964,1.5640034,1.3090874,1.9721186
2011-10-24,0.68392917,1.5414737,1.3019675,1.9454
2011-10-25,0.38942367,1.5164005,1.2948477,1.9193606
2011-10-26,0.61200076,1.4933859,1.2877279,1.8940002
2011-10-27,0.50613563,1.4686595,1.280608,1.869319
2011-10-28,1.0156596,1.4495464,1.2361554,1.844662
2011-10-29,1.3158845,1.4320129,1.1917027,1.8196164
2011-10-30,0.90536569,1.406607,1.1472501,1.7941821
2011-10-31,1.1997992,1.3858637,1.1027974,1.7683591
2011-11-01,1.170495,1.3887878,1.0583448,1.7421475
2011-11-02,1.1788599,1.3723957,1.0138921,1.7155473
2011-11-03,1.1288401,1.3700845,0.96943949,1.6885584
2011-11-04,0.89919111,1.369615,0.92498683,1.6611809
2011-11-05,1.0619456,1.3601673,0.88053418,1.6334148
2011-11-06,1.1261219,1.3463101,0.83608154,1.60526
2011-11-07,1.0528664,1.3245977,0.7916289,1.5767165
2011-11-08,1.0235138,1.3072494,0.74717623,1.5477845
2011-11-09,1.0215459,1.2966893,0.70272358,1.5184637
2011-11-10,0.24361462,1.2664863,0.65827094,1.4887544
2011-11-11,0.51057996,1.2416203,0.6500229,1.4592915
2011-11-12,0.73458066,1.2217396,0.64177488,1.4303475
2011-11-13,0.92728143,1.2060259,0.63352686,1.4019223
2011-11-14,0.83036938,1.2077322,0.62527882,1.3740159
2011-11-15,0.30342996,1.1904967,0.6170308,1.3466283
2011-11-16,0.36476342,1.1687924,0.60878275,1.3197595
2011-11-17,0.50175542,1.1474829,0.60053474,1.2934095
2011-11-18,0.31042186,1.1273237,0.59228669,1.2675783
2011-11-19,0.49892319,1.1075095,0.58403867,1.2422659
2011-11-20,0.55609709,1.0836858,0.57579063,1.2174724
2011-11-21,0.4950103,1.0566885,0.56754261,1.1931976
2011-11-22,0.77371325,1.033799,0.55929457,1.1694417
2011-11-23,0.79693839,1.0151514,0.55104655,1.1462046
2011-11-24,0.62986589,0.99319172,0.54279851,1.1234862
2011-11-25,0.79128884,0.97085385,0.52524833,1.1011235
2011-11-26,0.46118406,0.94251978,0.50769815,1.0789788
2011-11-27,0.72678421,0.91917695,0.49014795,1.057052
2011-11-28,0.56458378,0.89320829,0.47259778,1.0353432
2011-11-29,0.70998229,0.87083786,0.4550476,1.0138523
2011-11-30,0.34892596,0.84236561,0.4374974,0.99257944
2011-12-01,0.43064671,0.83613068,0.41994722,0.9715245
2011-12-02,0.46411424,0.81506843,0.40239704,0.95068754
2011-12-03,0.45081731,0.80483195,0.38484684,0.93006853
2011-12-04,0.17072458,0.79336075,0.36729667,0.90966749
2011-12-05,0.27407998,0.78078812,0.34974649,0.88948441
2011-12-06,0.42022508,0.77750755,0.33219629,0.86951929
2011-12-07,0.18349655,0.77099954,0.31464611,0.84977213
2011-12-08,0.21013405,0.7632856,0.29709594,0.83024294
2011-12-09,0.27699033,0.74926136,0.29866139,0.81126708
2011-12-10,0.26116653,0.73682697,0.30022684,0.79244358
2011-12-11,0.39755051,0.72248415,0.3017923,0.77377246
2011-12-12,0.38113498,0.70555821,0.30335775,0.75525372
2011-12-13,0.1594302,0.68292998,0.30492321,0.73688735
2011-12-14,0.39523353,0.66400763,0.30648866,0.71867335
2011-12-15,0.31116946,0.65520488,0.30805414,0.70061172
2011-12-16,0.11727778,0.64341643,0.30961959,0.68270247
2011-12-17,0.16289382,0.62730671,0.31118505,0.66494559
2011-12-18,0.14373769,0.60963143,0.3127505,0.64734109
2011-12-19,0.23675208,0.59332013,0.31431596,0.62988896
2011-12-20,0.23412588,0.58542884,0.31588141,0.6125892
2011-12-21,0.14316547,0.58110852,0.31744686,0.59544182
2011-12-22,0.25401066,0.574828,0.31901234,0.57844681
2011-12-23,0.16031643,0.56876099,0.31626185,0.56152845
2011-12-24,0.18351081,0.55416189,0.31351137,0.54534172
2011-12-25,0.20559374,0.5346831,0.31076088,0.5298866
2011-12-26,0.19742393,0.52226307,0.30801039,0.51516309
2011-12-27,0.15060541,0.50385617,0.30525992,0.50117121
2011-12-28,0.37095541,0.48982916,0.30250943,0.48791094
2011-12-29,0.25402518,0.47360398,0.29975895,0.47538229
2011-12-30,0.14644745,0.45636903,0.29700846,0.46358525
2011-12-31,0.30856381,0.44600714,0.29425797,0.45251983
2012-01-01,0.20659885,0.26805111,0.30123345,0.36878031
2012-01-02,0.18829266,0.26617945,0.29839119,0.36252532
2012-01-03,0.30586358,0.26848395,0.29554893,0.35614802
2012-01-04,0.21224385,0.26566806,0.29270668,0.34964841
2012-01-05,0.11109552,0.25924698,0.28986442,0.34354291
2012-01-06,0.15261923,0.25405955,0.30415613,0.33813211
2012-01-07,0.13504716,0.25256272,0.31844782,0.33341601
2012-01-08,0.12633937,0.24868595,0.33273951,0.3293946
2012-01-09,0.14129624,0.24187192,0.34703123,0.3260679
2012-01-10,0.20797435,0.23603263,0.36132292,0.3234359
2012-01-11,0.20701573,0.23098496,0.37561463,0.3214986
2012-01-12,0.26778622,0.2281004,0.38990632,0.32025601
2012-01-13,0.15011773,0.22068635,0.40419801,0.31970811
2012-01-14,0.20576489,0.21995525,0.41848972,0.31985491
2012-01-15,0.17309691,0.21390522,0.43278141,0.32069641
2012-01-16,0.16490721,0.21365452,0.44707313,0.32223261
2012-01-17,0.11544525,0.2074407,0.46136482,0.32446352
2012-01-18,0.27941093,0.20502487,0.4756565,0.32738912
2012-01-19,0.16153633,0.19914083,0.48994822,0.33058839
2012-01-20,0.1635154,0.19718487,0.46309525,0.33333947
2012-01-21,0.17069931,0.19260429,0.43624231,0.33564238
2012-01-22,0.23855624,0.19152937,0.40938936,0.33749711
2012-01-23,0.27090458,0.19253925,0.38253642,0.33890366
2012-01-24,0.2035841,0.19511892,0.35568345,0.33986203
2012-01-25,0.26374847,0.1988315,0.32883051,0.34037223
2012-01-26,0.24919771,0.20025396,0.30197757,0.34043425
2012-01-27,0.28120986,0.20179186,0.2751246,0.34004809
2012-01-28,0.29568335,0.20369317,0.24827166,0.33921375
2012-01-29,0.29990311,0.2057719,0.2214187,0.33793124
2012-01-30,0.36571782,0.20805803,0.19456575,0.33620054
2012-01-31,0.28137889,0.20987461,0.1677128,0.33402167
2012-02-01,0.17604192,0.21062201,0.14085985,0.33139463
2012-02-02,0.12571437,0.20958888,0.1140069,0.32821499
2012-02-03,0.20370467,0.21040546,0.1648708,0.32584622
2012-02-04,0.13940227,0.20982455,0.2157347,0.32428832
2012-02-05,0.16147748,0.20997471,0.2665986,0.32354129
2012-02-06,0.068483429,0.20957536,0.3174625,0.32360512
2012-02-07,0.0075263044,0.20722679,0.3683264,0.32447981
2012-02-08,0.22053632,0.20720298,0.41919029,0.32616538
2012-02-09,0.15938217,0.2055642,0.47005421,0.32866181
2012-02-10,0.12750478,0.20399161,0.52091811,0.33196911
2012-02-11,0.098690509,0.20060791,0.57178201,0.33608728
2012-02-12,0.25291778,0.20118384,0.6226459,0.34101631
2012-02-13,0.20673833,0.20200647,0.6735098,0.34675621
2012-02-14,0.32232821,0.20550174,0.72437369,0.35330697
2012-02-15,0.3735929,0.2083238,0.77523759,0.3606686
2012-02-16,0.33729806,0.21080888,0.82610151,0.3690663
2012-02-17,0.60028902,0.21974868,0.8455803,0.37794944
2012-02-18,0.5673828,0.22824426,0.86505908,0.38731803
2012-02-19,0.56079329,0.23479934,0.88453786,0.39717207
2012-02-20,0.47265644,0.23672033,0.90401665,0.40751156
2012-02-21,0.49712174,0.24116813,0.92349543,0.4183365
2012-02-22,0.8531874,0.25149119,0.94297422,0.42964688
2012-02-23,0.32666053,0.25359791,0.962453,0.44144271
2012-02-24,0.4481669,0.2546059,0.98193178,0.45372399
2012-02-25,0.74536032,0.26305592,1.0014106,0.46649071
2012-02-26,0.53416665,0.26638027,1.0208894,0.47974289
2012-02-27,0.67907618,0.27466935,1.0403681,0.49271016
2012-02-28,0.24224567,0.27561589,1.0598469,0.50606903
2012-02-29,0.37740743,0.27687105,1.0793257,0.5198195
2012-03-01,0.4788303,0.281548,1.0988045,0.53396157
2012-03-02,0.62621154,0.29058512,1.2204073,0.55028689
2012-03-03,0.93124447,0.30424522,1.3420102,0.56849485
2012-03-04,0.64785376,0.31324182,1.463613,0.58858547
2012-03-05,0.9827802,0.3282671,1.5852158,0.61055874
2012-03-06,0.97118278,0.34282651,1.7068186,0.63441466
2012-03-07,1.05902,0.35775714,1.8284214,0.66015323
2012-03-08,0.42867823,0.36164596,1.9500243,0.68777445
2012-03-09,1.0522438,0.37540837,2.0716271,0.71727832
2012-03-10,0.81110157,0.38700458,2.1932299,0.74866485
2012-03-11,0.38478981,0.39014537,2.3148327,0.78193402
2012-03-12,0.37624029,0.39370929,2.4364356,0.81708585
2012-03-13,0.50079071,0.39960198,2.5580384,0.85412033
2012-03-14,0.28220521,0.40252759,2.6796412,0.89303746
2012-03-15,0.997497,0.41512559,2.8012441,0.93383724
2012-03-16,1.4781537,0.43822414,2.7125532,0.97283031
2012-03-17,1.5740901,0.46297107,2.6238623,1.0107385
2012-03-18,1.4060552,0.48464398,2.5351714,1.0475618
2012-03-19,1.2360563,0.50214398,2.4464806,1.0833003
2012-03-20,1.4906143,0.5235424,2.3577897,1.1179538
2012-03-21,1.5971581,0.54799107,2.2690988,1.1515225
2012-03-22,1.4505788,0.56881265,2.1804079,1.1840063
2012-03-23,1.8489442,0.59687838,2.0917171,1.2154053
2012-03-24,1.9631105,0.62638541,2.0030262,1.2457193
2012-03-25,1.9440892,0.65530481,1.9143353,1.2749485
2012-03-26,1.7998455,0.68161959,1.8256445,1.3030928
2012-03-27,1.9166533,0.70882898,1.7369536,1.3301523
2012-03-28,2.1642933,0.74186257,1.6482627,1.3561268
2012-03-29,0.48443661,0.747273,1.5595718,1.3810165
2012-03-30,0.81828385,0.75942334,1.6398129,1.407785
2012-03-31,0.76199608,0.76921793,1.7200541,1.435069
2012-04-01,1.3389909,0.79026334,1.8002951,1.4628683
2012-04-02,0.60436968,0.79803338,1.8805362,1.491183
2012-04-03,1.7557383,0.82763434,1.9607773,1.520013
2012-04-04,1.3164141,0.85059729,2.0410185,1.5493585
2012-04-05,0.46464102,0.85487983,2.1212595,1.5792194
2012-04-06,0.36056804,0.8584094,2.2015006,1.6095956
2012-04-07,0.66277433,0.8678001,2.2817417,1.6404873
2012-04-08,0.87793294,0.88147102,2.3619828,1.6718943
2012-04-09,1.498328,0.90332032,2.4422239,1.7038167
2012-04-10,1.8931743,0.93290692,2.522465,1.7362545
2012-04-11,1.3500705,0.95093748,2.6027061,1.7692077
2012-04-12,1.3238584,0.96760881,2.6829473,1.8026763
2012-04-13,1.5465767,0.98882422,2.743,1.8363061
2012-04-14,1.8451921,1.0106646,2.8030526,1.8706478
2012-04-15,0.80242539,1.0147882,2.8631053,1.9057012
2012-04-16,1.3001144,1.0277587,2.9231579,1.9414665
2012-04-17,1.6535299,1.0484758,2.9832105,1.9779435
2012-04-18,1.6851894,1.0693191,3.0432632,2.0151325
2012-04-19,2.0095,1.0896053,3.1033158,2.0530332
2012-04-20,2.2023496,1.1225121,3.1633687,2.0916457
2012-04-21,1.9803934,1.1493933,3.2234214,2.1309701
2012-04-22,2.0398767,1.1721041,3.283474,2.1710063
2012-04-23,2.0125804,1.1980412,3.3435267,2.2117543
2012-04-24,1.961692,1.2205432,3.4035793,2.2532142
2012-04-25,2.1621102,1.254225,3.463632,2.2953859
2012-04-26,2.522449,1.2918573,3.5236846,2.3382693
2012-04-27,2.7425646,1.331572,3.5541877,2.3813462
2012-04-28,3.0602791,1.3742749,3.5846908,2.4228249
2012-04-29,2.6071678,1.4036771,3.6151939,2.4627053
2012-04-30,2.7862825,1.4411934,3.6456967,2.5009875
2012-05-01,3.1808475,1.479756,3.6761998,2.5376714
2012-05-02,2.9547846,1.514556,3.706703,2.5727571
2012-05-03,1.9860248,1.5308192,3.7372061,2.6062446
2012-05-04,2.8615193,1.5735007,3.7677092,2.6381338
2012-05-05,1.7142746,1.5851152,3.798212,2.6684247
2012-05-06,0.96503721,1.5878159,3.8287151,2.6971174
2012-05-07,1.7613137,1.6119654,3.8592182,2.7242119
2012-05-08,2.6189558,1.6513113,3.8897213,2.7497082
2012-05-09,2.1109463,1.6795596,3.9202244,2.7736062
2012-05-10,2.9586423,1.7265147,3.9507275,2.7959059
2012-05-11,2.5921409,1.7544909,3.9306927,2.8157208
2012-05-12,1.7481928,1.7592284,3.9106582,2.8367402
2012-05-13,1.6015816,1.7597107,3.8906237,2.8589641
2012-05-14,2.4836107,1.7786152,3.8705889,2.8823925
2012-05-15,2.0320066,1.7925792,3.8505544,2.9070253
2012-05-16,1.739433,1.7969445,3.8305199,2.9328627
2012-05-17,2.1748336,1.8070791,3.8104853,2.9599046
2012-05-18,2.4536818,1.8246774,3.7904505,2.9881509
2012-05-19,3.1758214,1.847956,3.770416,3.0176018
2012-05-20,3.3117714,1.8716167,3.7503815,3.0482572
2012-05-21,2.4503092,1.8804977,3.7303467,3.080117
2012-05-22,2.9088602,1.8999541,3.7103122,3.1131814
2012-05-23,3.2972548,1.9241752,3.6902777,3.1474502
2012-05-24,3.214502,1.9425999,3.6702431,3.1829235
2012-05-25,3.0526322,1.987656,3.6593785,3.2197623
2012-05-26,3.0485207,2.026783,3.6485138,3.2550026
2012-05-27,2.7312004,2.0613304,3.6376491,3.2886446
2012-05-28,2.8568996,2.0879604,3.6267841,3.3206883
2012-05-29,2.9556298,2.1292106,3.6159194,3.3511336
2012-05-30,3.0394209,2.1517313,3.6050547,3.3799806
2012-05-31,2.2521768,2.1681482,3.59419,3.4072292
2012-06-01,1.4549658,2.1855223,3.5833253,3.4328795
2012-06-02,2.279827,2.2191935,3.5724606,3.4569314
2012-06-03,1.3535486,2.2313124,3.5615959,3.479385
2012-06-04,1.8649572,2.2486286,3.5507312,3.5002402
2012-06-05,1.4388153,2.2475845,3.5398665,3.5194971
2012-06-06,2.1103521,2.2513946,3.5290018,3.5371557
2012-06-07,2.7557311,2.2760554,3.5181371,3.5532159
2012-06-08,2.6698628,2.2996695,3.5189803,3.5678831
2012-06-09,2.6450925,2.3189417,3.5198234,3.5815116
2012-06-10,2.1369329,2.3240599,3.5206666,3.5941013
2012-06-11,1.554147,2.337248,3.5215097,3.6056523
2012-06-12,2.9651232,2.3664587,3.5223529,3.6161645
2012-06-13,1.4904868,2.3635983,3.5231958,3.6256379
2012-06-14,1.5903573,2.3619346,3.5240389,3.6340725
2012-06-15,2.627234,2.372772,3.524882,3.6414684
2012-06-16,2.9280839,2.3855042,3.5257252,3.6478256
2012-06-17,2.6667194,2.397545,3.5265683,3.6531439
2012-06-18,2.7576274,2.4101371,3.5274115,3.6574235
2012-06-19,2.5176878,2.4189987,3.5282546,3.6606644
2012-06-20,1.7711231,2.4156553,3.5290978,3.6628665
2012-06-21,1.1219667,2.3974072,3.5299407,3.6640298
2012-06-22,2.635331,2.3993876,3.5322557,3.6641801
2012-06-23,2.6199931,2.3972372,3.5345705,3.663836
2012-06-24,2.4274962,2.3861358,3.5368852,3.6629973
2012-06-25,2.1196503,2.3775828,3.5392,3.6616641
2012-06-26,1.8336969,2.3608708,3.541515,3.6598363
2012-06-27,2.313557,2.3456552,3.5438298,3.657514
2012-06-28,2.4753268,2.3372436,3.5461446,3.6546972
2012-06-29,2.6757804,2.3493446,3.5484593,3.6513859
2012-06-30,2.5166928,2.343295,3.5507741,3.64758
2012-07-01,1.7704541,2.3442806,3.5530891,3.6432796
2012-07-02,2.0079833,2.3625779,3.5554039,3.6384847
2012-07-03,1.5337775,2.3585861,3.5577187,3.6331952
2012-07-04,2.2178223,2.3515486,3.5600334,3.6274112
2012-07-05,2.2968331,2.3548098,3.5623485,3.6211327
2012-07-06,1.9769839,2.3375877,3.5847712,3.6147124
2012-07-07,1.8457644,2.3244934,3.6071942,3.609037
2012-07-08,2.7743658,2.3424964,3.6296169,3.6041064
2012-07-09,2.5973676,2.3599664,3.6520399,3.5999207
2012-07-10,2.6160157,2.3622893,3.6744626,3.5964799
2012-07-11,2.5586879,2.3715293,3.6968854,3.593784
2012-07-12,2.0838373,2.3775715,3.7193083,3.5918329
2012-07-13,1.9486294,2.373603,3.7417311,3.5906267
2012-07-14,2.3921307,2.3725231,3.7641541,3.5901653
2012-07-15,2.1217265,2.3540302,3.7865768,3.5904489
2012-07-16,1.8903205,2.3290925,3.8089998,3.5914773
2012-07-17,1.8887212,2.3192401,3.8314225,3.5932505
2012-07-18,2.2089359,2.3069607,3.8538455,3.5957686
2012-07-19,2.4840138,2.2926933,3.8762682,3.5990316
2012-07-20,1.9724681,2.2709033,3.8507339,3.6021981
2012-07-21,1.9793103,2.2520731,3.8251994,3.6051073
2012-07-22,2.1821746,2.236874,3.7996651,3.6077591
2012-07-23,2.8805842,2.2394948,3.7741306,3.6101535
2012-07-24,3.0146602,2.2422625,3.7485963,3.6122905
2012-07-25,2.7845217,2.2392606,3.7230618,3.6141702
2012-07-26,2.9922722,2.2384334,3.6975275,3.6157925
2012-07-27,2.7219684,2.2466754,3.671993,3.6171575
2012-07-28,2.2060107,2.2598516,3.6464587,3.6182651
2012-07-29,2.0940304,2.256592,3.6209241,3.6191154
2012-07-30,2.4880295,2.2764952,3.5953899,3.6197082
2012-07-31,2.2949844,2.2840395,3.5698553,3.6200437
2012-08-01,2.7522074,2.3070815,3.5443211,3.6201219
2012-08-02,2.5356928,2.3145436,3.5187865,3.6199427
2012-08-03,2.2433891,2.3055552,3.5017781,3.6196557
2012-08-04,2.2602126,2.2983683,3.4847699,3.6190555
2012-08-05,2.2599903,2.2916121,3.4677614,3.6181421
2012-08-06,1.5477282,2.2812752,3.4507529,3.6169156
2012-08-07,1.9907177,2.2889343,3.4337445,3.6153758
2012-08-08,1.9481138,2.2710921,3.4167363,3.6135229
2012-08-09,1.9374038,2.2789327,3.3997278,3.6113568
2012-08-10,1.6181002,2.2794194,3.3827193,3.6088775
2012-08-11,1.6752202,2.2627175,3.3657109,3.606085
2012-08-12,2.0262761,2.2468963,3.3487027,3.6029794
2012-08-13,2.0349376,2.2358124,3.3316942,3.5995605
2012-08-14,2.1282451,2.2247706,3.3146857,3.5958285
2012-08-15,2.1787604,2.2188245,3.2976773,3.5917833
2012-08-16,1.1977174,2.2087647,3.2806688,3.5874249
2012-08-17,1.9454168,2.2232112,3.2075066,3.5817681
2012-08-18,1.9963012,2.2120002,3.1343442,3.5747872
2012-08-19,1.9551458,2.2003362,3.0611818,3.5664822
2012-08-20,1.6985849,2.1875483,2.9880196,3.5568529
2012-08-21,1.7358368,2.1808147,2.9148572,3.5458996
2012-08-22,1.5573118,2.1759658,2.8416948,3.533622
2012-08-23,1.7500289,2.1660794,2.7685324,3.5200203
2012-08-24,1.3097677,2.145631,2.6953702,3.5050944
2012-08-25,1.5535039,2.1259419,2.6222078,3.4888444
2012-08-26,1.3384994,2.1052719,2.5490454,3.4712702
2012-08-27,1.3800857,2.0984233,2.4758831,3.4523719
2012-08-28,1.5121141,2.0897238,2.4027207,3.4321494
2012-08-29,1.6053746,2.0909799,2.3295584,3.4106027
2012-08-30,0.87252972,2.0673783,2.256396,3.3877319
2012-08-31,0.59547999,2.03753,2.2697941,3.3650555
2012-09-01,0.65282097,2.0142991,2.2831923,3.3422208
2012-09-02,0.980973,1.9991273,2.2965904,3.3192277
2012-09-03,1.3269692,1.9737344,2.3099885,3.2960763
2012-09-04,1.3368785,1.9516205,2.3233866,3.2727666
2012-09-05,0.87452778,1.9210681,2.3367848,3.2492986
2012-09-06,1.0702477,1.8949551,2.3501829,3.2256722
2012-09-07,1.0127584,1.8761643,2.363581,3.2018875
2012-09-08,1.1911018,1.8628743,2.3769791,3.1779445
2012-09-09,1.4003448,1.8454745,2.3903772,3.1538432
2012-09-10,1.2945516,1.8309627,2.4037754,3.1295835
2012-09-11,1.0660023,1.816501,2.4171735,3.1051655
2012-09-12,0.4659544,1.7915402,2.4305716,3.0805892
2012-09-13,0.81453159,1.7670769,2.4439697,3.0558545
2012-09-14,1.0505299,1.7419281,2.3938569,3.0298473
2012-09-15,0.75666156,1.7205981,2.3437441,3.0034089
2012-09-16,1.18585,1.7066778,2.2936313,2.9765393
2012-09-17,1.180321,1.6891014,2.2435185,2.9492384
2012-09-18,1.2622993,1.6607104,2.1934057,2.9215064
2012-09-19,0.79695678,1.6218034,2.1432929,2.8933432
2012-09-20,0.91066811,1.5889287,2.0931801,2.8647488
2012-09-21,1.0011333,1.5539965,2.0430673,2.8357232
2012-09-22,0.84043405,1.5209871,1.9929545,2.8062664
2012-09-23,0.99773129,1.4997892,1.9428417,2.7763783
2012-09-24,1.0859611,1.4821038,1.892729,2.7460591
2012-09-25,1.1922316,1.4593705,1.8426161,2.7153087
2012-09-26,1.131096,1.4389514,1.7925034,2.6841271
2012-09-27,1.0024119,1.4082532,1.7423906,2.6525143
2012-09-28,0.96628199,1.3807197,1.724935,2.6210432
2012-09-29,1.0409771,1.3596248,1.7074794,2.5895643
2012-09-30,1.1527852,1.3401962,1.6900238,2.5580775
2012-10-01,0.8731099,1.315865,1.6725682,2.5265829
2012-10-02,1.1595316,1.3090545,1.6551127,2.4950804
2012-10-03,1.1370545,1.294078,1.6376571,2.4635701
2012-10-04,0.68905316,1.2719892,1.6202015,2.432052
2012-10-05,0.80352584,1.2520966,1.6027459,2.400526
2012-10-06,0.9913431,1.2411008,1.5852904,2.3689921
2012-10-07,0.6460519,1.2230453,1.5678348,2.3374504
2012-10-08,0.76610884,1.2009371,1.5503792,2.3059009
2012-10-09,0.82633778,1.1797336,1.5329236,2.2743435
2012-10-10,0.56615371,1.1523284,1.515468,2.2427783
2012-10-11,0.78226781,1.1278286,1.4980125,2.2112052
2012-10-12,0.78835443,1.1206468,1.4342525,2.178812
2012-10-13,0.97194315,1.1035683,1.3704926,2.1465837
2012-10-14,0.80403571,1.0826513,1.3067327,2.1145203
2012-10-15,0.35522887,1.0545826,1.2429727,2.0826219
2012-10-16,0.96964191,1.0417942,1.1792128,2.0508884
2012-10-17,1.0570732,1.029886,1.1154529,2.0193199
2012-10-18,1.2810763,1.0250398,1.051693,1.9879164
2012-10-19,1.3364605,1.0177842,0.98793305,1.9566778
2012-10-20,1.3863704,1.0191281,0.92417311,1.9256042
2012-10-21,1.3511808,1.0155786,0.8604132,1.8946955
2012-10-22,0.50595608,1.0009726,0.79665325,1.8639518
2012-10-23,0.34429826,0.98280085,0.73289334,1.833373
2012-10-24,0.33780726,0.96219897,0.66913339,1.8029592
2012-10-25,0.27771868,0.93890676,0.60537348,1.7727103
2012-10-26,0.5694812,0.93359012,0.60950283,1.7438175
2012-10-27,0.21294829,0.92687904,0.61363216,1.714762
2012-10-28,0.46417075,0.92356939,0.61776152,1.6855439
2012-10-29,0.49357728,0.91501858,0.62189087,1.6561632
2012-10-30,0.43064438,0.89929359,0.6260202,1.6266199
2012-10-31,0.73703571,0.88877003,0.63014956,1.596914
2012-11-01,0.3265194,0.87915585,0.63427892,1.5670455
2012-11-02,0.64272824,0.87165551,0.63840827,1.5370144
2012-11-03,0.41460007,0.8611615,0.6425376,1.5068206
2012-11-04,0.33591148,0.84615816,0.64666696,1.4764643
2012-11-05,0.56324818,0.83147226,0.65079631,1.4459453
2012-11-06,0.29497732,0.81393587,0.65492564,1.4152637
2012-11-07,0.17450749,0.79829561,0.659055,1.3844195
2012-11-08,0.37274911,0.79666043,0.66318436,1.3534127
2012-11-09,0.4770976,0.79074053,0.6378781,1.3217269
2012-11-10,0.44830256,0.78017514,0.61257188,1.2904763
2012-11-11,0.22036649,0.77076645,0.58726565,1.2596609
2012-11-12,0.34731543,0.75605532,0.5619594,1.2292807
2012-11-13,0.52969558,0.74464084,0.53665317,1.1993357
2012-11-14,0.5408138,0.7319832,0.51134694,1.1698259
2012-11-15,0.4947329,0.72668103,0.48604069,1.1407513
2012-11-16,0.43220631,0.71828696,0.46073447,1.1121119
2012-11-17,0.57271869,0.71077091,0.43542824,1.0839077
2012-11-18,0.24743771,0.70036747,0.41012199,1.0561387
2012-11-19,0.5179483,0.69195022,0.38481576,1.0288049
2012-11-20,0.17919707,0.67604208,0.35950953,1.0019063
2012-11-21,0.46963324,0.66336492,0.33420328,0.97544294
2012-11-22,0.41711333,0.65083891,0.30889705,0.94941476
2012-11-23,0.49692654,0.64197074,0.30759023,0.92424282
2012-11-24,0.27500509,0.62984308,0.30628341,0.8993542
2012-11-25,0.43179246,0.61915563,0.30497661,0.87474889
2012-11-26,0.2998265,0.60419144,0.30366978,0.85042689
2012-11-27,0.21334123,0.59261655,0.30236296,0.8263882
2012-11-28,0.056543264,0.57326588,0.30105614,0.80263282
2012-11-29,0.052131038,0.55423213,0.29974934,0.77916075
2012-11-30,0.16811795,0.54509292,0.29844251,0.755972
2012-12-01,0.19354925,0.53439158,0.29713569,0.73306656
2012-12-02,0.18730882,0.52028571,0.29582887,0.71044442
2012-12-03,0.18141535,0.51213419,0.29452207,0.6881056
2012-12-04,0.23540834,0.50282366,0.29321525,0.6660501
2012-12-05,0.17783419,0.4914464,0.29190842,0.6442779
2012-12-06,0.13344006,0.48385494,0.2906016,0.62278901
2012-12-07,0.18460274,0.47336958,0.29524611,0.60168785
2012-12-08,0.15715927,0.46229598,0.2998906,0.58178676
2012-12-09,0.17251444,0.44827092,0.3045351,0.56308575
2012-12-10,0.15291849,0.43684781,0.30917959,0.54558482
2012-12-11,0.09124621,0.43221653,0.3138241,0.52928397
2012-12-12,0.1413946,0.41768588,0.31846859,0.51418319
2012-12-13,0.22189368,0.40303361,0.32311308,0.50028249
2012-12-14,0.25279242,0.38499354,0.32775757,0.48758187
2012-12-15,0.21714275,0.36535639,0.33240209,0.47608133
2012-12-16,0.29156137,0.34614921,0.33704658,0.46578087
2012-12-17,0.22008986,0.32630551,0.34169107,0.45668048
2012-12-18,0.15984824,0.32023344,0.34633559,0.44878017
2012-12-19,0.12309766,0.31635273,0.35098008,0.44207993
2012-12-20,0.21273546,0.31415849,0.35562457,0.43657978
2012-12-21,0.19564891,0.31271867,0.34743283,0.43205451
2012-12-22,0.090720356,0.30431936,0.3392411,0.42731307
2012-12-23,0.083134633,0.30204192,0.33104936,0.42235548
2012-12-24,0.18715379,0.29718198,0.32285762,0.41718173
2012-12-25,0.36315997,0.29489395,0.31466588,0.41179181
2012-12-26,0.24359691,0.29161242,0.30647415,0.40618574
2012-12-27,0.26477281,0.2833271,0.29828241,0.40036351
2012-12-28,0.20657783,0.28122287,0.29009067,0.39432512
2012-12-29,0.39071163,0.27680152,0.28189893,0.38807057
2012-12-30,0.26370897,0.27415431,0.27370719,0.38159986
2012-12-31,0.34467864,0.27430812,0.26551545,0.37491299
2013-01-01,0.18808274,0.29672652,0.24258361,0.4142305
2013-01-02,0.20395363,0.29189576,0.23486111,0.40889222
2013-01-03,0.11558036,0.28625928,0.22713862,0.40404458
2013-01-04,0.18602837,0.2828526,0.22803082,0.39945604
2013-01-05,0.14817407,0.27670387,0.22892303,0.39512661
2013-01-06,0.10151996,0.27233289,0.22981523,0.39105627
2013-01-07,0.13771769,0.26819011,0.23070744,0.38724503
2013-01-08,0.098734352,0.25968591,0.23159964,0.38369289
2013-01-09,0.16539922,0.25702838,0.23249185,0.38039985
2013-01-10,0.17918701,0.25146413,0.23338405,0.37736591
2013-01-11,0.12147843,0.24867856,0.23427626,0.37459108
2013-01-12,0.14502284,0.24504024,0.23516847,0.37207534
2013-01-13,0.14616383,0.24228409,0.23606067,0.3698187
2013-01-14,0.15240429,0.24055375,0.23695288,0.36782116
2013-01-15,0.16875908,0.2347916,0.23784508,0.36608272
2013-01-16,0.09980046,0.23489399,0.23873729,0.36460338
2013-01-17,0.092831561,0.23429404,0.23962949,0.36338315
2013-01-18,0.096315531,0.23338383,0.25843307,0.36230365
2013-01-19,0.086046623,0.23322279,0.27723667,0.36136491
2013-01-20,0.13165372,0.23207673,0.29604027,0.36056691
2013-01-21,0.10180263,0.22961329,0.31484386,0.35990966
2013-01-22,0.088577308,0.22801788,0.33364744,0.35939316
2013-01-23,0.1137556,0.22527097,0.35245103,0.35901741
2013-01-24,0.10188734,0.22439001,0.37125463,0.3587824
2013-01-25,0.10835398,0.22272547,0.3900582,0.35868814
2013-01-26,0.17025497,0.22323204,0.4088618,0.35873463
2013-01-27,0.25498992,0.22313653,0.42766539,0.35892187
2013-01-28,0.38739448,0.223321,0.44646899,0.35924985
2013-01-29,0.2349841,0.22084126,0.46527256,0.35971858
2013-01-30,0.44680802,0.22631395,0.48407616,0.36032806
2013-01-31,0.42419816,0.22917388,0.50287976,0.36107828
2013-02-01,0.36483011,0.2323706,0.49072808,0.36167966
2013-02-02,0.14632104,0.2312323,0.47857641,0.36213219
2013-02-03,0.2753692,0.23271627,0.46642474,0.36243586
2013-02-04,0.23287766,0.23548051,0.45427307,0.36259069
2013-02-05,0.36219341,0.23783244,0.4421214,0.36259668
2013-02-06,0.38378687,0.23711751,0.42996972,0.36245381
2013-02-07,0.3645291,0.23682126,0.41781808,0.36216209
2013-02-08,0.34147662,0.23497004,0.40566641,0.36172153
2013-02-09,0.35188212,0.23528314,0.39351473,0.36113212
2013-02-10,0.40352006,0.2378995,0.38136306,0.36039386
2013-02-11,0.30666077,0.2343499,0.36921139,0.35950675
2013-02-12,0.16366159,0.22840347,0.35705972,0.35847079
2013-02-13,0.18157411,0.2255179,0.34490805,0.35728598
2013-02-14,0.29522718,0.22695563,0.33275638,0.35595233
2013-02-15,0.31336821,0.23033911,0.37260777,0.3552476
2013-02-16,0.30197011,0.22933742,0.41245914,0.3551718
2013-02-17,0.28300198,0.22781602,0.4523105,0.35572492
2013-02-18,0.34503366,0.22770957,0.4921619,0.35690697
2013-02-19,0.28027904,0.22780953,0.53201326,0.35871795
2013-02-20,0.29953461,0.23026334,0.57186463,0.36115786
2013-02-21,0.23260504,0.22863888,0.61171602,0.36422669
2013-02-22,0.18684605,0.22578122,0.65156739,0.36792445
2013-02-23,0.23148499,0.22642196,0.69141876,0.37225113
2013-02-24,0.34802708,0.22695589,0.73127015,0.37720674
2013-02-25,0.39317997,0.2273233,0.77112152,0.38279128
2013-02-26,0.30635041,0.2262009,0.81097288,0.38900475
2013-02-27,0.26789046,0.22760104,0.85082427,0.39967563
2013-02-28,0.38092241,0.23070575,0.89067564,0.41118115
2013-03-01,0.33991999,0.23464153,0.91397474,0.42323091
2013-03-02,0.51854291,0.24047512,0.93727383,0.43567377
2013-03-03,0.43864379,0.24557108,0.9605729,0.44850973
2013-03-04,0.76062162,0.25713427,0.98387199,0.4617388
2013-03-05,0.9250747,0.27094755,1.0071711,0.47536097
2013-03-06,1.1174355,0.2888195,1.0304702,0.48937624
2013-03-07,0.89977036,0.3017032,1.0537693,0.50378462
2013-03-08,0.46481033,0.30671414,1.0770683,0.51858609
2013-03-09,0.3546955,0.31080567,1.1003674,0.53378068
2013-03-10,0.75767996,0.32155404,1.1236665,0.54936836
2013-03-11,0.17539675,0.3220669,1.1469656,0.56534915
2013-03-12,0.30385613,0.32472395,1.1702647,0.58172304
2013-03-13,0.31211843,0.32723902,1.1935638,0.59849004
2013-03-14,0.48583199,0.33401151,1.2168629,0.61565014
2013-03-15,0.53728601,0.34180895,1.2079875,0.63263887
2013-03-16,0.78563759,0.35390232,1.1991122,0.64914202
2013-03-17,0.9323047,0.36874895,1.1902368,0.66515956
2013-03-18,0.77358135,0.38001084,1.1813614,0.68069151
2013-03-19,0.48103548,0.38666405,1.1724861,0.69573787
2013-03-20,0.99347671,0.40253948,1.1636107,0.71029863
2013-03-21,0.51618261,0.4095996,1.1547354,0.72437379
2013-03-22,0.42876876,0.41533436,1.14586,0.73796336
2013-03-23,0.56149783,0.42328426,1.1369846,0.75106733
2013-03-24,0.74634683,0.43339113,1.1281093,0.76368571
2013-03-25,0.79846375,0.44292576,1.1192339,0.77581849
2013-03-26,0.94295927,0.45267251,1.1103586,0.78746568
2013-03-27,0.96486676,0.46547747,1.1014832,0.79862727
2013-03-28,0.58464893,0.46789573,1.0926078,0.80930326
2013-03-29,0.65605449,0.47196339,1.2082388,0.82167798
2013-03-30,0.98335764,0.48281475,1.3238697,0.8362945
2013-03-31,0.68684999,0.49229771,1.4395006,0.85315282
2013-04-01,0.82712726,0.50197768,1.5551315,0.87225294
2013-04-02,1.021909,0.51582033,1.6707625,0.89359486
2013-04-03,0.51905838,0.51857235,1.7863934,0.91717858
2013-04-04,0.40559182,0.51895489,1.9020243,0.9430041
2013-04-05,0.43663383,0.52021989,2.0176553,0.97107141
2013-04-06,0.4889103,0.52280644,2.1332862,1.0013805
2013-04-07,1.2935017,0.53932608,2.2489171,1.0339315
2013-04-08,1.5705694,0.55980063,2.364548,1.0687242
2013-04-09,1.5926597,0.58236202,2.4801789,1.1057587
2013-04-10,1.3207435,0.6026617,2.5958098,1.145035
2013-04-11,1.6566773,0.6285407,2.7114407,1.1865531
2013-04-12,1.2830413,0.64587078,2.6723994,1.2275995
2013-04-13,1.8146707,0.67220942,2.633358,1.2672618
2013-04-14,1.9508725,0.70113753,2.5943166,1.30554
2013-04-15,2.4922228,0.73989579,2.5552753,1.3424341
2013-04-16,2.0700354,0.77015898,2.516234,1.3779441
2013-04-17,2.5392771,0.80979052,2.4771926,1.4120701
2013-04-18,2.2341562,0.84373125,2.4381513,1.444812
2013-04-19,1.5264059,0.86642951,2.3991099,1.4761697
2013-04-20,1.175357,0.88377181,2.3600686,1.5061435
2013-04-21,2.1281932,0.91704739,2.3210272,1.5347331
2013-04-22,1.9341132,0.94487346,2.2819859,1.5619386
2013-04-23,2.3961592,0.98001345,2.2429445,1.5877601
2013-04-24,2.5568924,1.0194966,2.2039032,1.6121974
2013-04-25,2.4855315,1.0584026,2.1648618,1.6352507
2013-04-26,2.4728508,1.0951031,2.2426253,1.6589692
2013-04-27,0.65522311,1.1006348,2.3203889,1.6836431
2013-04-28,1.2806152,1.1140044,2.3981524,1.7092725
2013-04-29,1.5509378,1.1335184,2.475916,1.7358575
2013-04-30,1.0794622,1.1391121,2.5536795,1.763398
2013-05-01,1.0632435,1.1415361,2.6314431,1.791894
2013-05-02,0.95705885,1.1387225,2.7092068,1.8213455
2013-05-03,1.1582339,1.1432569,2.7869701,1.8517525
2013-05-04,1.6082991,1.1633181,2.8647337,1.8831151
2013-05-05,2.2963308,1.1973819,2.9424973,1.9154332
2013-05-06,1.9752119,1.2187421,3.020261,1.9487067
2013-05-07,1.5675128,1.2431652,3.0980243,1.9829358
2013-05-08,2.4606537,1.2810037,3.1757879,2.0181205
2013-05-09,2.1756621,1.3136975,3.2535516,2.0542606
2013-05-10,1.2242901,1.3266529,3.1380114,2.087965
2013-05-11,1.5601123,1.3445972,3.0224712,2.119798
2013-05-12,1.9654213,1.3652952,2.906931,2.1497597
2013-05-13,1.87147,1.3817718,2.7913908,2.1778502
2013-05-14,2.2335573,1.4073854,2.6758506,2.2040693
2013-05-15,2.8108086,1.4482586,2.5603104,2.2284171
2013-05-16,2.6865077,1.4779609,2.4447702,2.2508935
2013-05-17,2.6903307,1.5161038,2.3292301,2.2714987
2013-05-18,1.7762087,1.5397431,2.2136899,2.2902326
2013-05-19,2.9663405,1.5819334,2.0981497,2.3070951
2013-05-20,2.6741172,1.6157539,1.9826095,2.3220863
2013-05-21,2.3090865,1.642256,1.8670693,2.3352063
2013-05-22,1.2852371,1.6482609,1.7515292,2.3464549
2013-05-23,1.8869256,1.6644374,1.635989,2.3558322
2013-05-24,1.3698755,1.6782133,1.7969205,2.3681885
2013-05-25,1.5270547,1.693494,1.957852,2.3813396
2013-05-26,0.90862918,1.692183,2.1187834,2.3952855
2013-05-27,0.94285298,1.6966742,2.2797149,2.4100261
2013-05-28,1.2516305,1.7041217,2.4406464,2.4255614
2013-05-29,1.9978468,1.7212434,2.6015779,2.4418915
2013-05-30,0.49721495,1.7208602,2.7625094,2.4590164
2013-05-31,1.2720697,1.7360615,2.9234409,2.476936
2013-06-01,0.44454306,1.7362003,3.0843724,2.4956503
2013-06-02,0.46219403,1.7357316,3.2453039,2.5151594
2013-06-03,0.52753428,1.7222936,3.4062352,2.5354632
2013-06-04,1.0906232,1.7138735,3.5671667,2.5565618
2013-06-05,2.0308523,1.721561,3.7280982,2.5784551
2013-06-06,2.0976613,1.7351912,3.8890297,2.6011432
2013-06-07,2.2080427,1.7448643,3.8405504,2.6209521
2013-06-08,1.8505748,1.754821,3.7920712,2.6405955
2013-06-09,1.6283322,1.7515519,3.7435919,2.6600733
2013-06-10,1.424524,1.7423177,3.6951127,2.6793855
2013-06-11,2.1998496,1.7371884,3.6466332,2.6985321
2013-06-12,2.2322997,1.7400351,3.5981539,2.7175132
2013-06-13,2.39897,1.7375736,3.5496747,2.7363286
2013-06-14,2.0327864,1.7340408,3.5011954,2.7549785
2013-06-15,2.4235573,1.7497803,3.4527162,2.7734628
2013-06-16,2.5524455,1.7739397,3.4042369,2.7917816
2013-06-17,2.6586836,1.7832466,3.3557574,2.8099348
2013-06-18,2.873911,1.7997342,3.3072782,2.8279223
2013-06-19,2.8566531,1.8078131,3.2587989,2.8457443
2013-06-20,2.5974952,1.8085254,3.2103197,2.8634008
2013-06-21,2.6108037,1.8107232,3.2615501,2.8826409
2013-06-22,2.7323887,1.8152765,3.3127802,2.9014156
2013-06-23,2.4293632,1.8464017,3.3640106,2.9197247
2013-06-24,1.9283244,1.857765,3.4152408,2.9375684
2013-06-25,0.92256384,1.8467409,3.4664712,2.9549465
2013-06-26,1.3140287,1.8508561,3.5177016,2.9718592
2013-06-27,1.6100691,1.8604496,3.5689317,2.9883064
2013-06-28,2.0261886,1.8792062,3.6201621,3.004288
2013-06-29,1.5997554,1.8869522,3.6713922,3.0198042
2013-06-30,2.0552706,1.8947938,3.7226226,3.0348549
2013-07-01,2.6982086,1.9018443,3.773853,3.0494401
2013-07-02,2.865888,1.9174702,3.8250832,3.0635598
2013-07-03,2.000755,1.925071,3.8763136,3.077214
2013-07-04,2.1784154,1.9201194,3.9275437,3.0904027
2013-07-05,1.8684734,1.9147301,3.9237643,3.1021608
2013-07-06,2.6698623,1.9400911,3.9199848,3.1158796
2013-07-07,2.7845185,1.9615719,3.9162054,3.1315592
2013-07-08,2.7597654,1.9755077,3.9124259,3.1491994
2013-07-09,2.8361267,1.9924315,3.9086462,3.1688004
2013-07-10,2.6248393,1.9992961,3.9048668,3.1903621
2013-07-11,1.3906503,1.9743811,3.9010873,3.2138845
2013-07-12,2.3209469,1.9679677,3.8973079,3.2393676
2013-07-13,2.4267941,1.9633443,3.8935284,3.2668114
2013-07-14,2.4465296,1.9751043,3.889749,3.296216
2013-07-15,2.4677468,1.966357,3.8859693,3.3275812
2013-07-16,2.9330765,1.9709002,3.8821898,3.3609072
2013-07-17,2.9769832,1.9826177,3.8784104,3.3961939
2013-07-18,2.9948554,2.012611,3.8746309,3.4334413
2013-07-19,2.9912175,2.0319845,3.8352111,3.4720241
2013-07-20,2.5475418,2.0526453,3.7957912,3.507092
2013-07-21,3.0676077,2.0796726,3.7563714,3.538645
2013-07-22,3.0846441,2.1178483,3.7169516,3.5666831
2013-07-23,3.1329487,2.156271,3.6775317,3.5912062
2013-07-24,2.8175703,2.1837436,3.6381116,3.6122143
2013-07-25,2.3207983,2.1894094,3.5986918,3.6297075
2013-07-26,2.9448578,2.2323505,3.559272,3.6436858
2013-07-27,2.8037395,2.2592219,3.5198521,3.6541492
2013-07-28,2.6049614,2.297124,3.4804323,3.6610976
2013-07-29,1.8752095,2.3219138,3.4410125,3.6645311
2013-07-30,2.3876635,2.3545476,3.4015926,3.6644496
2013-07-31,1.92527,2.3691905,3.3621728,3.6608533
2013-08-01,2.6984798,2.3809033,3.322753,3.6537419
2013-08-02,2.6466277,2.3905343,3.2851699,3.6431479
2013-08-03,2.4440853,2.3946754,3.2475866,3.632745
2013-08-04,1.7567655,2.3930296,3.2100036,3.6225333
2013-08-05,2.1939723,2.4029531,3.1724206,3.6125128
2013-08-06,1.7042172,2.40786,3.1348375,3.6026834
2013-08-07,2.2006846,2.4078747,3.0972542,3.5930452
2013-08-08,1.7814109,2.3999643,3.0596712,3.5835981
2013-08-09,0.86085364,2.3729798,3.0220882,3.5743422
2013-08-10,1.7885344,2.3686947,2.9845051,3.5652775
2013-08-11,1.748315,2.3568484,2.9469221,3.5564039
2013-08-12,1.8768429,2.3449957,2.9093388,3.5477215
2013-08-13,1.4731049,2.3241961,2.8717557,3.5392302
2013-08-14,1.8749842,2.306671,2.8341727,3.5309301
2013-08-15,2.0181609,2.2919606,2.7965897,3.5228212
2013-08-16,2.2504981,2.285873,2.7618262,3.5149529
2013-08-17,1.9936956,2.2750465,2.7270631,3.5055759
2013-08-18,1.9375134,2.2611013,2.6922999,3.4946903
2013-08-19,1.0181867,2.2363438,2.6575367,3.482296
2013-08-20,1.1681832,2.223008,2.6227736,3.4683931
2013-08-21,1.6301987,2.2354227,2.5880101,3.4529815
2013-08-22,1.9410515,2.2464231,2.553247,3.4360612
2013-08-23,1.190948,2.2390701,2.5184838,3.4176323
2013-08-24,1.7737794,2.2346419,2.4837205,3.3976947
2013-08-25,1.3728946,2.2306618,2.4489573,3.3762485
2013-08-26,1.5657634,2.222074,2.4141941,3.3532936
2013-08-27,1.3764802,2.1988858,2.3794309,3.3288301
2013-08-28,1.3849387,2.1729042,2.3446676,3.3028579
2013-08-29,1.9321836,2.1717012,2.3099044,3.275377
2013-08-30,1.8238922,2.1654815,2.2347854,3.2456795
2013-08-31,1.6655751,2.1619219,2.1596663,3.2147304
2013-09-01,1.4334478,2.1402304,2.0845473,3.1825297
2013-09-02,0.79083594,2.1052535,2.0094283,3.1490775
2013-09-03,0.47711528,2.065207,1.9343092,3.1143737
2013-09-04,1.2179061,2.0368172,1.8591902,3.0784183
2013-09-05,2.0404856,2.0265654,1.7840711,3.0412114
2013-09-06,2.0520008,2.038168,1.7089521,3.0027529
2013-09-07,2.1158749,2.0345702,1.6338331,2.9630428
2013-09-08,1.7616336,2.0229008,1.558714,2.9220811
2013-09-09,0.89229242,1.9956334,1.483595,2.8798679
2013-09-10,1.1301293,1.9721665,1.4084759,2.8364031
2013-09-11,1.0415824,1.9389824,1.3333569,2.7916868
2013-09-12,0.9478803,1.9033841,1.2582378,2.7457188
2013-09-13,1.1640354,1.8712644,1.3048728,2.7006353
2013-09-14,1.5665673,1.8462706,1.3515078,2.6570616
2013-09-15,0.64204762,1.8128408,1.3981428,2.6149976
2013-09-16,0.9005067,1.7748215,1.4447778,2.5744433
2013-09-17,1.1351728,1.7406203,1.4914128,2.5353988
2013-09-18,0.79368279,1.6995805,1.5380478,2.497864
2013-09-19,1.0266392,1.6681607,1.5846828,2.4618389
2013-09-20,0.83647571,1.6421199,1.6313178,2.4273236
2013-09-21,0.8853956,1.605989,1.6779528,2.394318
2013-09-22,0.98919024,1.5741548,1.7245878,2.3628221
2013-09-23,0.67369609,1.540273,1.7712228,2.332836
2013-09-24,0.75823143,1.5206768,1.8178578,2.3043596
2013-09-25,0.70904604,1.4912274,1.8644928,2.2773929
2013-09-26,0.50183112,1.4662548,1.9111278,2.251936
2013-09-27,1.0204116,1.436815,1.8479054,2.2260615
2013-09-28,1.2178113,1.4117481,1.7846831,2.1997371
2013-09-29,1.2541832,1.3908726,1.7214608,2.172963
2013-09-30,1.287596,1.3826415,1.6582385,2.1457391
2013-10-01,1.1699394,1.3646761,1.5950161,2.1180653
2013-10-02,1.3135102,1.3578215,1.5317938,2.0899417
2013-10-03,1.3134242,1.3422556,1.4685715,2.0613683
2013-10-04,1.4700364,1.3367929,1.4053491,2.0323451
2013-10-05,1.4169065,1.3465482,1.3421268,2.0028721
2013-10-06,0.53059863,1.3244791,1.2789045,1.9729493
2013-10-07,0.79000989,1.3076668,1.2156821,1.9425767
2013-10-08,1.5914399,1.3026597,1.1524598,1.9117542
2013-10-09,0.67291768,1.2886213,1.0892375,1.880482
2013-10-10,0.57561371,1.2658253,1.0260151,1.8487599
2013-10-11,0.21127818,1.2341256,1.0243784,1.8176685
2013-10-12,0.64041709,1.2058786,1.0227416,1.7871582
2013-10-13,1.0654021,1.1895928,1.0211048,1.7572292
2013-10-14,1.0543874,1.1740993,1.019468,1.7278812
2013-10-15,0.66214097,1.1678529,1.0178312,1.6991145
2013-10-16,0.48766723,1.155914,1.0161944,1.6709289
2013-10-17,0.8904504,1.142936,1.0145577,1.6433244
2013-10-18,0.55043365,1.1185392,1.0129209,1.6163012
2013-10-19,1.076785,1.1165363,1.0112841,1.5898591
2013-10-20,0.90025282,1.1012113,1.0096473,1.5639981
2013-10-21,0.94836563,1.0937634,1.0080105,1.5387184
2013-10-22,1.2070114,1.0874695,1.0063737,1.5140198
2013-10-23,0.8500335,1.0782336,1.0047369,1.4899023
2013-10-24,1.0788764,1.0728641,1.0031002,1.4663661
2013-10-25,0.87534535,1.0543231,0.96741116,1.4428135
2013-10-26,1.0755596,1.0411944,0.93172214,1.4199528
2013-10-27,0.86483002,1.0271463,0.89603312,1.3977838
2013-10-28,0.84121838,1.0167563,0.8603441,1.3763065
2013-10-29,0.79396731,1.0168112,0.82465511,1.355521
2013-10-30,0.79032187,1.0223061,0.78896609,1.3354273
2013-10-31,0.89501609,1.0166413,0.75327707,1.3160253
2013-11-01,0.63539395,0.99199061,0.71758805,1.2973151
2013-11-02,0.44726947,0.96383742,0.68189903,1.2792966
2013-11-03,0.33077814,0.93251994,0.64621004,1.2619699
2013-11-04,0.55120183,0.91128429,0.61052102,1.2453349
2013-11-05,0.48438253,0.90412798,0.574832,1.2293917
2013-11-06,0.47930684,0.89271004,0.53914298,1.2141403
2013-11-07,0.43685976,0.88210087,0.50345399,1.1995806
2013-11-08,0.38020885,0.87214172,0.4895775,1.1860953
2013-11-09,0.49865171,0.86046833,0.47570101,1.1715484
2013-11-10,0.35066629,0.83913673,0.46182449,1.1559399
2013-11-11,0.37385574,0.83443161,0.447948,1.1392699
2013-11-12,0.58347408,0.82886963,0.43407151,1.1215382
2013-11-13,0.31687844,0.81451359,0.42019502,1.1027449
2013-11-14,0.49634934,0.80929722,0.40631853,1.08289
2013-11-15,0.28025547,0.79620276,0.39244204,1.0619735
2013-11-16,0.3524073,0.78771034,0.37856555,1.0399954
2013-11-17,0.3032644,0.77749751,0.36468906,1.0169556
2013-11-18,0.25103367,0.76454739,0.35081257,0.99285432
2013-11-19,0.49720137,0.76145099,0.33693608,0.96769139
2013-11-20,0.093964575,0.74979719,0.32305959,0.94146686
2013-11-21,0.12702884,0.73958636,0.3091831,0.91418073
2013-11-22,0.14819709,0.73338226,0.31996407,0.88626558
2013-11-23,0.095226125,0.71715093,0.33074507,0.85964873
2013-11-24,0.19697902,0.69924159,0.34152607,0.83433018
2013-11-25,0.24221856,0.68148783,0.35230705,0.81030994
2013-11-26,0.17951568,0.66204782,0.36308804,0.787588
2013-11-27,0.27032969,0.6462652,0.37386902,0.76616437
2013-11-28,0.15210191,0.62588961,0.38465002,0.74603904
2013-11-29,0.20323322,0.60641258,0.39543099,0.72721201
2013-11-30,0.14138034,0.58310282,0.40621199,0.70968329
2013-12-01,0.26043404,0.56281383,0.41699299,0.69345288
2013-12-02,0.37687948,0.560117,0.42777396,0.67852076
2013-12-03,0.37632945,0.55285945,0.43855496,0.66488695
2013-12-04,0.13486438,0.5273055,0.44933593,0.65255144
2013-12-05,0.26118222,0.52008207,0.46011693,0.64151424
2013-12-06,0.18261729,0.51318739,0.45644963,0.63152186
2013-12-07,0.21120418,0.51318609,0.45278233,0.62149386
2013-12-08,0.19078293,0.50529778,0.44911504,0.61143024
2013-12-09,0.075315706,0.48792784,0.44544774,0.60133099
2013-12-10,0.2281332,0.47343215,0.44178044,0.59119612
2013-12-11,0.42453829,0.46926368,0.43811314,0.58102563
2013-12-12,0.38141497,0.46739961,0.43444584,0.57081952
2013-12-13,0.44699618,0.45961971,0.43077855,0.56057778
2013-12-14,0.33403569,0.45582326,0.42711125,0.55030042
2013-12-15,0.25438759,0.44139523,0.42344395,0.53998743
2013-12-16,0.50898813,0.43453094,0.41977663,0.52963882
2013-12-17,0.50260775,0.42671062,0.41610933,0.51925459
2013-12-18,0.34605168,0.41160607,0.41244203,0.50883474
2013-12-19,0.2132765,0.40043489,0.40877473,0.49837926
2013-12-20,0.12050967,0.38362144,0.4127773,0.48802272
2013-12-21,0.35906692,0.37456393,0.41677985,0.47836252
2013-12-22,0.36972174,0.36218081,0.42078239,0.46939867
2013-12-23,0.35110084,0.35316801,0.42478496,0.46113115
2013-12-24,0.27458135,0.34322701,0.42878751,0.45355999
2013-12-25,0.15966796,0.33209895,0.43279005,0.44668516
2013-12-26,0.32519892,0.3239389,0.43679262,0.44050668
2013-12-27,0.34973291,0.31437253,0.44079517,0.43502454
2013-12-28,0.19496274,0.30664567,0.44479771,0.43023874
2013-12-29,0.31759279,0.30437064,0.44880028,0.42614929
2013-12-30,0.37223773,0.305098,0.45280282,0.42275618
2013-12-31,0.37032728,0.30192476,0.45680537,0.42005942
2014-01-01,0.29652259,0.27017492,0.48094396,0.47953141
2014-01-02,0.26835988,0.26764116,0.48512143,0.46874084
2014-01-03,0.41981942,0.26818207,0.47052058,0.4583472
2014-01-04,0.33610213,0.26080322,0.45591972,0.44835049
2014-01-05,0.21153652,0.25175082,0.44131886,0.43875071
2014-01-06,0.36959356,0.24946422,0.42671803,0.42954786
2014-01-07,0.53434038,0.24770081,0.41211717,0.42074193
2014-01-08,0.56564168,0.24507578,0.39751631,0.41233293
2014-01-09,0.34541311,0.24707581,0.38291545,0.40432087
2014-01-10,0.29857103,0.23911438,0.36831462,0.39670573
2014-01-11,0.33541505,0.23657899,0.35371377,0.38948752
2014-01-12,0.35475436,0.238885,0.33911291,0.38266624
2014-01-13,0.35586767,0.23647509,0.32451205,0.37624189
2014-01-14,0.14768687,0.23665073,0.30991122,0.37021447
2014-01-15,0.21856426,0.23893873,0.29531036,0.36458398
2014-01-16,0.32429535,0.24229227,0.2807095,0.35902524
2014-01-17,0.32047777,0.24506262,0.32399911,0.35455386
2014-01-18,0.44132871,0.24560854,0.36728869,0.35116985
2014-01-19,0.17168066,0.23833976,0.4105783,0.34887321
2014-01-20,0.078059328,0.23724397,0.45386791,0.34766394
2014-01-21,0.072978234,0.23125776,0.4971575,0.34754203
2014-01-22,0.13545357,0.22808099,0.54044711,0.34850749
2014-01-23,0.13751452,0.22462606,0.58373669,0.35056032
2014-01-24,0.19638881,0.22557936,0.6270263,0.35370052
2014-01-25,0.070470431,0.2238048,0.67031591,0.35792809
2014-01-26,0.14558271,0.22219678,0.71360549,0.36324303
2014-01-27,0.23825172,0.22403447,0.7568951,0.36964533
2014-01-28,0.26096825,0.22623717,0.80018468,0.37713501
2014-01-29,0.17923621,0.22775891,0.84347429,0.38571205
2014-01-30,0.31571955,0.23055955,0.8867639,0.39513785
2014-01-31,0.39560866,0.23554563,0.91375286,0.40512644
2014-02-01,0.45097496,0.24083424,0.94074181,0.41567782
2014-02-02,0.17499678,0.24136257,0.96773076,0.42679198
2014-02-03,0.38729648,0.2436277,0.99471971,0.43846893
2014-02-04,0.4386498,0.24668662,1.0217087,0.45070866
2014-02-05,0.51903852,0.25310433,1.0486976,0.46351119
2014-02-06,0.66813573,0.26065472,1.0756866,0.4768765
2014-02-07,0.60703689,0.2670557,1.1026755,0.49080459
2014-02-08,0.69936669,0.27740176,1.1296645,0.50529547
2014-02-09,0.50331612,0.28315465,1.1566534,0.52034914
2014-02-10,0.67341656,0.28853162,1.1836424,0.5359656
2014-02-11,0.6112955,0.2950642,1.2106313,0.55214484
2014-02-12,0.69612214,0.30349816,1.2376203,0.56888687
2014-02-13,0.67671457,0.3108455,1.2646093,0.5861398
2014-02-14,0.78393675,0.32160954,1.2889573,0.60385731
2014-02-15,0.25459313,0.3226789,1.3133053,0.6220394
2014-02-16,0.74551387,0.33169916,1.3376533,0.64068606
2014-02-17,0.91110119,0.34471741,1.3620013,0.65979729
2014-02-18,0.74637869,0.35512826,1.3863493,0.67937309
2014-02-19,0.58511242,0.36249047,1.4106973,0.69941347
2014-02-20,0.7139824,0.37123168,1.4350453,0.71991843
2014-02-21,0.65794607,0.38043316,1.4593933,0.74088796
2014-02-22,0.88513673,0.39343121,1.4837413,0.76232206
2014-02-23,1.0735185,0.41094533,1.5080893,0.78422074
2014-02-24,1.1242462,0.42901654,1.5324373,0.80658399
2014-02-25,1.217941,0.44766052,1.5567853,0.82941182
2014-02-26,1.2800487,0.46715823,1.5811333,0.85270422
2014-02-27,1.0083921,0.47964717,1.6054813,0.87243294
2014-02-28,0.70339118,0.4872793,1.6067893,0.89211132
2014-03-01,1.1955898,0.50088931,1.6080972,0.91206881
2014-03-02,1.1887565,0.51584816,1.6094051,0.9323054
2014-03-03,1.1024613,0.53147842,1.6107131,0.95282108
2014-03-04,0.78209871,0.53871535,1.612021,0.97361587
2014-03-05,0.91552179,0.54540274,1.6133289,0.99468976
2014-03-06,0.3600842,0.54179647,1.6146369,1.0160428
2014-03-07,1.2264119,0.55725259,1.6159448,1.0376748
2014-03-08,1.0199438,0.56990825,1.6172527,1.059586
2014-03-09,1.5994209,0.59208379,1.6185607,1.0817763
2014-03-10,1.5922094,0.61379353,1.6198686,1.1042457
2014-03-11,1.5608743,0.634934,1.6211765,1.1269942
2014-03-12,1.5505957,0.65954644,1.6224845,1.1500218
2014-03-13,1.7885331,0.68708975,1.6237924,1.1733285
2014-03-14,1.7619332,0.71231147,1.6913465,1.1980766
2014-03-15,0.59424713,0.71711444,1.7589007,1.2232503
2014-03-16,0.19923805,0.71286723,1.8264548,1.2488497
2014-03-17,0.95923115,0.72668391,1.8940089,1.2748748
2014-03-18,1.2050615,0.74645587,1.961563,1.3013256
2014-03-19,0.89178668,0.76082093,2.0291172,1.3282021
2014-03-20,1.9084677,0.79192644,2.0966713,1.3555042
2014-03-21,2.0013615,0.82462551,2.1642254,1.3832321
2014-03-22,1.0072481,0.83885111,2.2317795,1.4113857
2014-03-23,0.7005974,0.84990597,2.2993337,1.4399649
2014-03-24,0.68007862,0.8592831,2.3668878,1.4689699
2014-03-25,0.89455118,0.87079712,2.4344419,1.4984005
2014-03-26,1.3523113,0.88994349,2.501996,1.5282569
2014-03-27,1.6198256,0.91521699,2.5695502,1.5585389
2014-03-28,0.85578124,0.92469175,2.5706876,1.5880814
2014-03-29,1.9473405,0.95191512,2.5718251,1.6171704
2014-03-30,2.0168416,0.97938646,2.5729626,1.6458059
2014-03-31,1.6371976,1.0050391,2.5741001,1.6739878
2014-04-01,1.8890297,1.0313853,2.5752376,1.7017162
2014-04-02,2.1064794,1.0606455,2.5763751,1.728991
2014-04-03,2.2126762,1.0903584,2.5775126,1.7558123
2014-04-04,2.0654473,1.1148727,2.5786501,1.7821801
2014-04-05,1.5461097,1.1313476,2.5797876,1.8080944
2014-04-06,1.603444,1.1472086,2.5809251,1.8335551
2014-04-07,2.1051995,1.1753118,2.5820626,1.8585622
2014-04-08,1.7524792,1.1942428,2.5832001,1.8831159
2014-04-09,1.2507271,1.2054609,2.5843376,1.907216
2014-04-10,0.99362781,1.2106803,2.5854751,1.9308626
2014-04-11,1.7955201,1.2303084,2.5975719,1.9542479
2014-04-12,1.8111827,1.2483303,2.6096687,1.9774183
2014-04-13,1.8719442,1.2767049,2.6217655,2.0003737
2014-04-14,1.1760659,1.2842584,2.6338623,2.0231142
2014-04-15,1.0941482,1.2874698,2.6459591,2.0456398
2014-04-16,1.3712517,1.2984324,2.6580561,2.0679504
2014-04-17,2.0802165,1.3246623,2.6701528,2.0900461
2014-04-18,1.1499911,1.3323116,2.6822497,2.1119269
2014-04-19,2.0864058,1.3573723,2.6943465,2.1335928
2014-04-20,2.5420197,1.3864404,2.7064432,2.1550437
2014-04-21,2.0259361,1.4031495,2.7185401,2.1762797
2014-04-22,2.278136,1.4233932,2.7306369,2.1973007
2014-04-23,2.4702608,1.4453637,2.7427338,2.2181068
2014-04-24,2.3892689,1.4648237,2.7548305,2.238698
2014-04-25,2.3358293,1.4881121,2.7758507,2.2592308
2014-04-26,2.1376289,1.5132742,2.7968708,2.2801094
2014-04-27,2.6666081,1.5390815,2.8178907,2.3013339
2014-04-28,1.296353,1.5409692,2.8389108,2.3229041
2014-04-29,2.1921429,1.5600864,2.8599309,2.3448202
2014-04-30,2.5587546,1.5912558,2.880951,2.3670822
2014-05-01,2.0419454,1.6110176,2.9019712,2.3896899
2014-05-02,0.60048841,1.6152352,2.922991,2.4126435
2014-05-03,0.83600444,1.608386,2.9440112,2.4359429
2014-05-04,1.5740965,1.6181079,2.9650313,2.4595882
2014-05-05,2.0933918,1.6267741,2.9860514,2.4835792
2014-05-06,2.371105,1.6404389,3.0070713,2.5079161
2014-05-07,1.9537935,1.6473323,3.0280914,2.5325988
2014-05-08,2.1460124,1.6577782,3.0491115,2.5576274
2014-05-09,2.2814692,1.6664262,3.0886103,2.5833259
2014-05-10,2.1641776,1.6734831,3.1281093,2.6085323
2014-05-11,2.1404539,1.7006095,3.1676081,2.6332465
2014-05-12,2.3119069,1.7376739,3.2071071,2.6574684
2014-05-13,1.5546173,1.7481192,3.2466059,2.6811982
2014-05-14,1.8309419,1.7590996,3.2861046,2.7044358
2014-05-15,1.4449508,1.7688042,3.3256037,2.7271812
2014-05-16,2.1036979,1.7722293,3.3651024,2.7494343
2014-05-17,1.189174,1.7579804,3.4046012,2.7711953
2014-05-18,0.90775126,1.7562349,3.4441002,2.7924641
2014-05-19,2.2703259,1.783774,3.483599,2.8132407
2014-05-20,2.7785924,1.82059,3.523098,2.8335251
2014-05-21,2.8872457,1.8555496,3.5625968,2.8533173
2014-05-22,3.0713644,1.8857084,3.6020956,2.8726173
2014-05-23,2.2237174,1.896303,3.6507113,2.891585
2014-05-24,1.659585,1.9104048,3.699327,2.9113857
2014-05-25,3.0165745,1.9291633,3.7479428,2.9320193
2014-05-26,3.2348239,1.9505314,3.7965585,2.9534859
2014-05-27,1.6637422,1.9509971,3.8451742,2.9757855
2014-05-28,0.91462199,1.9339022,3.89379,2.998918
2014-05-29,0.68071048,1.9088887,3.9424057,3.0228834
2014-05-30,1.7268402,1.9003653,3.9910214,3.0476818
2014-05-31,2.5317005,1.9085452,4.0396372,3.0733132
2014-06-01,2.4091269,1.9236858,4.0882529,3.0997775
2014-06-02,2.4086443,1.9378121,4.1368686,3.1270747
2014-06-03,2.6371542,1.9471447,4.1854844,3.1552049
2014-06-04,2.7687618,1.9649742,4.2341001,3.1841681
2014-06-05,2.4863084,1.9866511,4.2827158,3.2139642
2014-06-06,2.7539742,2.0175343,4.2057105,3.2423894
2014-06-07,2.8548602,2.0361193,4.1287052,3.2692514
2014-06-08,2.8858116,2.0549724,4.0516999,3.2945502
2014-06-09,3.1150648,2.0767815,3.9746945,3.3182858
2014-06-10,3.0262098,2.1092402,3.8976892,3.3404582
2014-06-11,3.0178447,2.1429893,3.8206839,3.3610674
2014-06-12,2.8189359,2.1683872,3.7436786,3.3801134
2014-06-13,2.1977133,2.1704486,3.6666732,3.3975962
2014-06-14,1.859012,2.1828875,3.5896679,3.4135158
2014-06-15,2.6077757,2.1920344,3.5126626,3.4278722
2014-06-16,2.5904102,2.1928833,3.4356573,3.4406655
2014-06-17,2.4849446,2.2009361,3.358652,3.4518955
2014-06-18,3.0550439,2.2145661,3.2816466,3.4615623
2014-06-19,1.9753972,2.2058843,3.2046413,3.469666
2014-06-20,1.9771164,2.1986535,3.2425653,3.4782227
2014-06-21,1.729378,2.188014,3.2804895,3.487076
2014-06-22,2.1130035,2.187582,3.3184135,3.4962259
2014-06-23,2.7318806,2.1887271,3.3563375,3.5056723
2014-06-24,2.6902654,2.2131817,3.3942618,3.5154153
2014-06-25,1.4750717,2.2006015,3.4321857,3.5254549
2014-06-26,1.9045651,2.1891245,3.4701097,3.535791
2014-06-27,2.8440624,2.2031967,3.5080337,3.5464237
2014-06-28,2.3368059,2.2336585,3.545958,3.5573529
2014-06-29,1.4294465,2.2440697,3.5838819,3.5685787
2014-06-30,1.9069022,2.2499084,3.6218059,3.5801011
2014-07-01,2.4903076,2.2568719,3.6597299,3.59192
2014-07-02,2.9355954,2.2667752,3.6976542,3.6040355
2014-07-03,3.1544558,2.2878394,3.7355781,3.6164476
2014-07-04,3.1911466,2.3061751,3.7336065,3.6284563
2014-07-05,2.19586,2.3046732,3.7316346,3.6397374
2014-07-06,3.1901288,2.3226724,3.729663,3.650291
2014-07-07,3.1573725,2.340513,3.7276913,3.660117
2014-07-08,1.8188516,2.3318629,3.7257194,3.6692154
2014-07-09,1.7103197,2.3345946,3.7237478,3.6775863
2014-07-10,1.230087,2.3240533,3.7217761,3.6852297
2014-07-11,2.1770783,2.3368976,3.7198045,3.6921455
2014-07-12,2.2139772,2.3388323,3.7178326,3.6983338
2014-07-13,2.4428651,2.3608269,3.7158609,3.7037945
2014-07-14,2.6069666,2.3906377,3.7138893,3.7085276
2014-07-15,2.9514901,2.4025879,3.7119174,3.7125332
2014-07-16,2.9470154,2.4055427,3.7099457,3.7158112
2014-07-17,2.5138017,2.3989911,3.7079741,3.7183617
2014-07-18,3.058444,2.3987644,3.6858786,3.7198316
2014-07-19,3.0855555,2.4138844,3.6637832,3.7200609
2014-07-20,3.0150979,2.4376653,3.6416877,3.7190497
2014-07-21,2.0186369,2.4201576,3.6195922,3.7167979
2014-07-22,2.9978119,2.4159995,3.5974967,3.7133056
2014-07-23,2.9604086,2.4387481,3.5754013,3.7085727
2014-07-24,1.5787144,2.4503988,3.5533058,3.7025993
2014-07-25,1.8354896,2.4706581,3.5312103,3.6953854
2014-07-26,2.7963751,2.4894219,3.5091149,3.6869309
2014-07-27,2.0203687,2.4804511,3.4870194,3.6772358
2014-07-28,2.3925156,2.4801597,3.4649239,3.6663002
2014-07-29,2.022814,2.4733907,3.4428284,3.6541241
2014-07-30,1.5275335,2.4539237,3.420733,3.6407074
2014-07-31,2.2032117,2.4440018,3.3986375,3.6260502
2014-08-01,2.2711452,2.440227,3.3599034,3.6098605
2014-08-02,2.7038408,2.4393475,3.3211694,3.5943422
2014-08-03,2.3137011,2.4298534,3.2824353,3.5794954
2014-08-04,1.8130864,2.4110337,3.2437013,3.56532
2014-08-05,2.0867991,2.3929939,3.2049672,3.551816
2014-08-06,2.2106025,2.378685,3.1662332,3.5389834
2014-08-07,2.2543993,2.3652913,3.1274991,3.5268223
2014-08-08,2.5703977,2.3609309,3.0887651,3.5153326
2014-08-09,2.4949833,2.3661462,3.050031,3.5045143
2014-08-10,2.6197848,2.3794931,3.011297,3.4943674
2014-08-11,1.9474327,2.3679081,2.9725629,3.484892
2014-08-12,2.0877049,2.3590887,2.9338289,3.476088
2014-08-13,1.5858808,2.3433157,2.8950948,3.4679554
2014-08-14,1.957881,2.3240672,2.8563608,3.4604942
2014-08-15,1.9566554,2.3237384,2.8086484,3.453547
2014-08-16,1.6792949,2.3185135,2.7609361,3.4450974
2014-08-17,2.086234,2.3247741,2.7132238,3.4351453
2014-08-18,2.1115571,2.3247487,2.6655115,3.4236909
2014-08-19,2.1541269,2.3146127,2.6177992,3.4107341
2014-08-20,1.9956308,2.3024261,2.5700869,3.3962749
2014-08-21,1.9555583,2.3108557,2.5223746,3.3803133
2014-08-22,1.9413785,2.3115016,2.4746623,3.3628493
2014-08-23,1.5907024,2.2895128,2.42695,3.3438829
2014-08-24,1.7726612,2.2796155,2.3792377,3.3234141
2014-08-25,1.9111343,2.2880662,2.3315254,3.301443
2014-08-26,1.0252788,2.2725991,2.2838131,3.2779694
2014-08-27,2.0485433,2.2648489,2.2361008,3.2529935
2014-08-28,2.2695933,2.2531646,2.1883885,3.2265151
2014-08-29,1.5427285,2.2248887,2.1614596,3.198899
2014-08-30,2.0285984,2.2044931,2.1345307,3.170845
2014-08-31,1.1800646,2.1866721,2.1076018,3.1423532
2014-09-01,1.0399598,2.1489499,2.0806729,3.1134236
2014-09-02,0.60755599,2.1042163,2.053744,3.0840561
2014-09-03,1.1668585,2.0927778,2.026815,3.0542508
2014-09-04,1.5325797,2.0896595,1.9998861,3.0240076
2014-09-05,2.0649465,2.1043062,1.9729572,2.9933265
2014-09-06,1.6857023,2.0956856,1.9460283,2.9622077
2014-09-07,1.7042955,2.0867438,1.9190994,2.9306509
2014-09-08,1.3514674,2.0675964,1.8921705,2.8986564
2014-09-09,1.6648292,2.0510677,1.8652415,2.8662239
2014-09-10,1.0335767,2.0174201,1.8383126,2.8333537
2014-09-11,1.3710394,1.9897714,1.8113837,2.8000456
2014-09-12,0.33658308,1.9515746,1.8165399,2.7668625
2014-09-13,0.78860888,1.9117529,1.8216961,2.7341576
2014-09-14,0.35829122,1.8639062,1.8268523,2.7019307
2014-09-15,1.5103417,1.8375069,1.8320085,2.670182
2014-09-16,1.5676761,1.8295954,1.8371647,2.6389113
2014-09-17,1.7371763,1.8074789,1.8423209,2.6081187
2014-09-18,1.6796736,1.7850099,1.8474771,2.5778043
2014-09-19,1.2574808,1.7793742,1.8526333,2.5479679
2014-09-20,1.5208709,1.7738546,1.8577895,2.5186097
2014-09-21,0.70274579,1.7371243,1.8629457,2.4897295
2014-09-22,0.87438543,1.7170193,1.8681019,2.4613274
2014-09-23,0.91555599,1.6911077,1.8732581,2.4334035
2014-09-24,1.150851,1.6758101,1.8784143,2.4059576
2014-09-25,0.82698215,1.6635198,1.8835705,2.3789899
2014-09-26,0.53918093,1.6343262,1.8505796,2.3518309
2014-09-27,1.2864159,1.6170503,1.8175888,2.3247728
2014-09-28,1.496767,1.5958735,1.7845979,2.2978154
2014-09-29,1.6254155,1.5837984,1.751607,2.2709588
2014-09-30,0.99248156,1.5694018,1.7186162,2.2442029
2014-10-01,1.3297634,1.5561205,1.6856253,2.2175478
2014-10-02,1.3191045,1.5404801,1.6526344,2.1909934
2014-10-03,1.5093092,1.5274084,1.6196436,2.1645398
2014-10-04,1.3616838,1.5062029,1.5866527,2.1381869
2014-10-05,1.0192318,1.4803125,1.5536618,2.1119349
2014-10-06,1.4155,1.4591847,1.520671,2.0857835
2014-10-07,1.1103784,1.4444995,1.4876801,2.0597329
2014-10-08,0.76345417,1.4212671,1.4546892,2.0337831
2014-10-09,1.5077677,1.4198967,1.4216983,2.0079341
2014-10-10,1.0291481,1.4036031,1.401392,1.9824083
2014-10-11,1.0169053,1.3871163,1.3810857,1.9573633
2014-10-12,1.2980706,1.3804281,1.3607794,1.9327992
2014-10-13,1.2789081,1.3662645,1.340473,1.9087158
2014-10-14,1.1219441,1.3489029,1.3201667,1.8851133
2014-10-15,0.9243474,1.3273278,1.2998604,1.8619916
2014-10-16,0.87926316,1.3077424,1.2795541,1.8393506
2014-10-17,0.73413768,1.286314,1.2592477,1.8171905
2014-10-18,1.2249407,1.2737449,1.2389414,1.7955112
2014-10-19,1.4043453,1.2704754,1.2186351,1.7743127
2014-10-20,1.1731111,1.259957,1.1983287,1.753595
2014-10-21,0.93813695,1.2428869,1.1780224,1.7333581
2014-10-22,0.2136274,1.2286474,1.1577161,1.713602
2014-10-23,0.1647948,1.1955992,1.1374097,1.6943267
2014-10-24,0.82440875,1.1702451,1.1001839,1.6752354
2014-10-25,0.87748737,1.1585742,1.0629581,1.6559635
2014-10-26,0.76072763,1.1363308,1.0257323,1.6365109
2014-10-27,0.96946298,1.1326361,0.98850649,1.6168776
2014-10-28,0.98740911,1.1317141,0.95128069,1.5970637
2014-10-29,0.78099714,1.1347569,0.91405486,1.5770692
2014-10-30,0.39863948,1.1212794,0.87682906,1.556894
2014-10-31,0.79820549,1.1083957,0.83960326,1.5365381
2014-11-01,1.0782221,1.0910847,0.80237743,1.5160016
2014-11-02,1.0159275,1.0793343,0.76515163,1.4952845
2014-11-03,0.93775565,1.0658862,0.72792581,1.4743867
2014-11-04,0.88240542,1.057657,0.6907,1.4533083
2014-11-05,0.52578899,1.0376739,0.6534742,1.4320492
2014-11-06,0.41278451,1.0267828,0.61624838,1.4106095
2014-11-07,0.38898743,1.0095538,0.59755799,1.3893143
2014-11-08,0.75669652,1.0169242,0.57886763,1.3676008
2014-11-09,0.72752366,1.0158525,0.56017724,1.3454689
2014-11-10,0.49992954,1.0183374,0.54148685,1.3229186
2014-11-11,0.63485492,1.002978,0.52279647,1.2999499
2014-11-12,0.71526831,0.98802349,0.50410608,1.276563
2014-11-13,0.23141147,0.96160656,0.48541569,1.2527576
2014-11-14,0.75237259,0.94533812,0.4667253,1.2285339
2014-11-15,0.47993215,0.93169692,0.44803492,1.2038918
2014-11-16,0.22331197,0.90893272,0.42934453,1.1788314
2014-11-17,0.49323222,0.90525705,0.41065414,1.1533526
2014-11-18,0.13767545,0.89233231,0.39196375,1.1274554
2014-11-19,0.088148378,0.87781639,0.37327337,1.1011399
2014-11-20,0.13314331,0.85996187,0.35458298,1.074406
2014-11-21,0.16256771,0.84830547,0.3494931,1.0474924
2014-11-22,0.41021124,0.84604285,0.34440322,1.0210682
2014-11-23,0.58600133,0.83375487,0.33931334,0.99513356
2014-11-24,0.14051916,0.80996105,0.33422346,0.96968839
2014-11-25,0.41419249,0.78871152,0.32913358,0.94473272
2014-11-26,0.31652931,0.77685271,0.3240437,0.92026653
2014-11-27,0.33444591,0.759391,0.31895382,0.89628984
2014-11-28,0.14205045,0.73874093,0.31386394,0.87280264
2014-11-29,0.17162059,0.71527271,0.30877406,0.84980493
2014-11-30,0.23723954,0.69554562,0.30368418,0.82729671
2014-12-01,0.13350345,0.68000652,0.2985943,0.80527798
2014-12-02,0.13541441,0.65754888,0.29350442,0.78374874
2014-12-03,0.092497198,0.63969132,0.28841454,0.762709
2014-12-04,0.15608264,0.62903568,0.28332466,0.74215874
2014-12-05,0.11140243,0.60453804,0.28119193,0.72214986
2014-12-06,0.14952411,0.58910604,0.27905922,0.70245981
2014-12-07,0.14488165,0.57380738,0.27692649,0.68308859
2014-12-08,0.25818413,0.55556376,0.27479376,0.66403621
2014-12-09,0.26429176,0.53776347,0.27266105,0.64530267
2014-12-10,0.15322863,0.52076847,0.27052832,0.62688796
2014-12-11,0.2377635,0.50872313,0.26839558,0.60879209
2014-12-12,0.24218128,0.49754626,0.26626288,0.59101505
2014-12-13,0.1096411,0.48659018,0.26413015,0.57355685
2014-12-14,0.17540181,0.46817722,0.26199742,0.55641748
2014-12-15,0.36692905,0.44997693,0.25986469,0.53959694
2014-12-16,0.23893827,0.43358793,0.25773197,0.52309525
2014-12-17,0.21538667,0.4209081,0.25559924,0.50691239
2014-12-18,0.25791614,0.4216851,0.25346652,0.49104836
2014-12-19,0.17038619,0.42178319,,
2014-12-20,0.19363987,0.41071707,,
2014-12-21,0.23135907,0.39938149,,
2014-12-22,0.16906105,0.38900137,,
2014-12-23,0.15296018,0.37467676,,
2014-12-24,0.16546633,0.36025671,,
2014-12-25,0.21573322,0.3503398,,
2014-12-26,0.13346192,0.34568757,,
2014-12-27,0.14424765,0.33421462,,
2014-12-28,0.075214057,0.31661799,,
2014-12-29,0.094187261,0.30044711,,
2014-12-30,0.15523402,0.28671866,,
2014-12-31,0.16867886,0.27419714,,
