,raw_LAI,lagged_LAI,lagged_fAPAR
0,0.27733253154614657,0.6751516253161375,0.28650211951483096
1,0.2795659074982697,0.6583058800032657,0.28046703704105325
2,0.2817990066313606,0.6417872963394176,0.27449959481670805
3,0.2840323825834837,0.6255958820140045,0.2686023168814732
4,0.2862654817165746,0.6097316331823145,0.2627777092449397
5,0.2884988576686977,0.5941945498443728,0.25702826367116405
6,0.2907319568017886,0.5789846320001542,0.2513564545342645
7,0.29296533275391173,0.5641018796496584,0.24576473705767166
8,0.2951984318870026,0.5495462927928985,0.24025554555548123
9,0.2974318078391257,0.5353178714298742,0.23483129167768668
10,0.29966518379124885,0.5214166194052849,0.229494364142249
11,0.30189828292433973,0.5078425290297193,0.22424712107874334
12,0.3041316588764628,0.4945956079925888,0.2190918986536653
13,0.30636475800955376,0.48167584860448187,0.21403099745971899
14,0.30859813396167685,0.46908325855481003,0.20906669277602885
15,0.3159916934938108,0.4568895070599663,0.20422974051212595
16,0.32338525302594473,0.44534116682820646,0.19962153618635237
17,0.3307788125580786,0.43443824170425516,0.19524638831325425
18,0.33817237209021256,0.4241807316880997,0.1911084019083047
19,0.34556593162234645,0.4145686367797402,0.18721147359234724
20,0.35295949115448033,0.40560195697917656,0.18355928547858114
21,0.3603533275056465,0.39728069228640883,0.18015529937598895
22,0.36774688703778047,0.389604842701437,0.17700275132197207
23,0.3751404465699144,0.3825744082242611,0.1741046464562801
24,0.38253400610204835,0.37618938885488107,0.1714637542475984
25,0.3899275656341822,0.3704497845932969,0.16908260408340803
26,0.3973211251663161,0.3653555954395087,0.16696348123294613
27,0.40471468469845007,0.3609068175488169,0.1651084215873353
28,0.41210824423058395,0.3571034547659211,0.16351921320371965
29,0.4238589353301966,0.35400602280703375,0.16222273836619694
30,0.43560962642980916,0.3513443270731563,0.16110704203821535
31,0.44736004071038954,0.34911836371956423,0.16017284977420865
32,0.45911073181000217,0.34732814043568144,0.1594207741692234
33,0.47086142290961475,0.345973653376796,0.15885130451449203
34,0.48261183719019507,0.3450548986982085,0.15846481109844768
35,0.49436252828980765,0.3445718802446183,0.15826154804169135
36,0.5061132193894202,0.3445245980160255,0.15824164817151432
37,0.5178636336700007,0.34491305201242994,0.15840512449313005
38,0.5296143247696132,0.3457372422338444,0.1587518701755154
39,0.5413647390501936,0.34699716483555676,0.15928165705158714
40,0.5531154301498061,0.34869282366225385,0.1599941407160982
41,0.5648661212494187,0.35082422255866025,0.16088885766246785
42,0.5766165355299991,0.3533913538353646,0.16196522095228472
43,0.5836433098444133,0.35632861138172855,0.16319507961775603
44,0.5906703609778596,0.35943765436113356,0.16449490028784142
45,0.5976971352922738,0.36271848277357954,0.16586435118233533
46,0.604723909606688,0.36617109277437976,0.16730308152291062
47,0.6117506839211021,0.369795488208221,0.1688107264894787
48,0.6187774582355162,0.3735916652304165,0.17038690096753029
49,0.6258042325499303,0.37755962768565293,0.17203120610757483
50,0.6328310068643446,0.381699371729231,0.1737432231096776
51,0.6398580579977909,0.3860109050505748,0.17552252135744884
52,0.6468848323122051,0.39049421996024747,0.17736864747953096
53,0.6539116066266192,0.39514932030297384,0.17928113665439793
54,0.6609383809410333,0.39997620223404184,0.1812595048826363
55,0.6679651552554475,0.4049748695981634,0.1833032555076768
56,0.6749919295698616,0.41014531855061404,0.18541187312186636
57,0.7440798699985905,0.4163495135766071,0.1879348895795817
58,0.8131678104273194,0.4235443708695104,0.1908509874986094
59,0.8822557508560482,0.43172988658462447,0.19415587082061814
60,0.9513436912847771,0.440906064566674,0.1978446866196415
61,1.020431631713506,0.45107290097093433,0.2019120307762241
62,1.0895195721422348,0.4622303996421301,0.20635196734256123
63,1.1586075125709638,0.474378560580236,0.21115803834957192
64,1.2276954529996926,0.4875173799405654,0.2163232794995451
65,1.2967831166093893,0.5016468577231181,0.2218402400161057
66,1.365871057038118,0.5167669939278817,0.22770099901344198
67,1.434958997466847,0.5328777920151045,0.23389718576339968
68,1.504046937895576,0.5499792508313577,0.24041999648911383
69,1.5731348783243047,0.5680713703766666,0.24726021743399806
70,1.6422228187530337,0.5871541506510058,0.25440824607771584
71,1.6642454336820258,0.6065739065779907,0.2616128166634448
72,1.6862677717919852,0.6261424515813966,0.26880216942952595
73,1.708290109901945,0.6459858432814498,0.27602102106690096
74,1.7303127248309371,0.666104089367549,0.2832671089516722
75,1.752335062940897,0.6864971821502953,0.29053817624064404
76,1.7743576778698886,0.7071651293191002,0.297831984068494
77,1.7963800159798484,0.7281079231845271,0.3051463016807152
78,1.8184026309088406,0.7493255714360126,0.3124789183669404
79,1.8404249690188001,0.7708180663841327,0.3198276337764737
80,1.862447583947792,0.7925854157183115,0.32719026958369457
81,1.8844699220577519,0.8146276117491248,0.33456465998482643
82,1.9064925369867436,0.8369446583212847,0.3419486618268778
83,1.9285148750967034,0.8595365554347912,0.3493401503584369
84,1.9505374900256955,0.8824033030896443,0.35673702147988084
85,1.9754354242425782,0.905584840120658,0.36414989034444556
86,2.0003336352784933,0.9290811665278321,0.3715762527320893
87,2.025231846314408,0.9528206130947865,0.37899137393880444
88,2.0501300573503234,0.976803179821521,0.3863935945849196
89,2.075028268386238,1.001028866708023,0.3937812796460687
90,2.099926202603121,1.025497669909593,0.4011528178019046
91,2.124824413639036,1.0502095932709306,0.4085066253968459
92,2.149722624674951,1.0751646367920482,0.4158411433876412
93,2.174620835710866,1.1003627966282339,0.4231548378506531
94,2.199519046746781,1.1258040766242,0.43044620375199805
95,2.224416980963664,1.1514884729352213,0.43771376087785074
96,2.2493151919995786,1.1774159894060228,0.4449560586149479
97,2.2742134030354935,1.2035866260366044,0.4521716730035493
98,2.2991116140714087,1.2300003828269535,0.459359208176627
99,2.323435979253487,1.2566492896957646,0.46651517071442683
100,2.347760621254598,1.2835333504877628,0.4736383080360542
101,2.372084986436677,1.3105920456420235,0.48071168136068976
102,2.396409628437788,1.3378253790032457,0.4877347335128315
103,2.4207339936198666,1.3652333505714422,0.4947069269088319
104,2.4450586356209776,1.3928159603465877,0.5016277444900805
105,2.469383000803056,1.4205732044839958,0.5084966886781864
106,2.493707642804167,1.4485050906730774,0.515313285059951
107,2.5180320079862457,1.4766116112244214,0.5220770756453488
108,2.5423566499873567,1.504892769982727,0.5287876253464308
109,2.566681015169435,1.533348566948007,0.5354445180821673
110,2.591005657170546,1.561979002120236,0.5420473575874358
111,2.615330022352625,1.5907840754994267,0.5485957672705218
112,2.6396546643537357,1.6197637870855917,0.5550893900640838
113,2.6011217318847737,1.6480451150110866,0.5613364486191299
114,2.5625887994158116,1.6756280631206109,0.5673447387843268
115,2.5240561437658817,1.7025782413695145,0.5731357024876466
116,2.4855232112969197,1.7288956420683865,0.5787158873603332
117,2.4469902788279576,1.7545802690619388,0.5840915580999375
118,2.4084576231780277,1.7796321261948707,0.5892687055532333
119,2.3699246907090656,1.8040512096224828,0.5942530561882988
120,2.331391758240103,1.8278375193447625,0.5990500849786499
121,2.292858825771141,1.8509910553617221,0.6036650245438449
122,2.254326170121211,1.8735118215180617,0.6081028753528855
123,2.215793237652249,1.8953998101243694,0.6123684116759545
124,2.177260305183287,1.9166550250253573,0.6164661946486908
125,2.138727649533357,1.9372774700657247,0.6204005780493145
126,2.100194717064395,1.9572671414007725,0.6241757145298925
127,2.129236909012963,1.9775625824251821,0.6279701891449314
128,2.1582788241424984,1.9981637892942419,0.6317826516509454
129,2.1873210160910666,2.0182088052121876,0.6354546807468899
130,2.216363208039634,2.037697630179019,0.6389897093462618
131,2.245405399988202,2.0566302641947485,0.6423910228451808
132,2.2744475919367697,2.075006707259364,0.645661764190629
133,2.3034895070663053,2.092826955528153,0.648804938027951
134,2.332531699014873,2.110091012845828,0.6518234173251359
135,2.361573890963441,2.1267988792124015,0.6547199456853225
136,2.390616082912009,2.142950554627848,0.6574971421797451
137,2.4196582748605766,2.1585460429368926,0.6601575059390139
138,2.4487004668091443,2.1735853402948226,0.6627034179221327
139,2.47774238193868,2.188068442856926,0.6651371458001619
140,2.506784573887248,2.2019953544679285,0.667460848595792
141,2.561139098143964,2.215717635298751,0.6697346370961871
142,2.6154936224006797,2.2292352853494197,0.6719593163182589
143,2.6698478698383634,2.2432019858515937,0.6742421590863958
144,2.724202394095079,2.257617744494698,0.6765817404525594
145,2.7785571951708277,2.2724825651234317,0.6789766068214214
146,2.832910612151414,2.2877964246695606,0.6814252737994803
147,2.887266797322323,2.303559365424854,0.683926242465705
148,2.9416202143029104,2.3197713450975295,0.6864779769925066
149,2.9959736312834973,2.3364323675322995,0.6890789270586328
150,3.050329816454407,2.3535424673315344,0.6917275267472549
151,3.104683233434993,2.371101609892877,0.6944221806382562
152,3.1590394186059023,2.389109829818684,0.6971612868135802
153,3.2133928355864896,2.407567092506573,0.6999432172050735
154,3.2677462525670764,2.426473394111857,0.7027663345220571
155,3.20994090225444,2.4442709778223843,0.7053996211316609
156,3.1521355519418033,2.460959839793443,0.7078476656873505
157,3.0943302016291674,2.476500045034931,0.7101089228289852
158,3.0365220831262087,2.4908915512550416,0.7121874203032714
159,2.978716732813572,2.504134396900857,0.7140868536716962
160,2.9209113825009356,2.5162285819723897,0.7158105799060441
161,2.863103263997977,2.5271740680225445,0.7173616274590527
162,2.80529791368534,2.5369708973431293,0.7187427220581017
163,2.7474922865536717,2.5456190622447314,0.7199562760731133
164,2.6896861057839385,2.553118555037915,0.7210044026851958
165,2.631880201833238,2.559469379567392,0.7218889236241619
166,2.5740740210635047,2.5646715319884503,0.7226113717501746
167,2.5162678402937715,2.5687250161458146,0.7231729976275489
168,2.458461936343071,2.571629832039472,0.7235747715252625
169,2.505407122382815,2.574840855919294,0.7240182194543436
170,2.552352308422559,2.578358087785293,0.7245031388923269
171,2.5992977712813357,2.5821895015634606,0.7250304049222362
172,2.6462429573210797,2.586335089564386,0.7255997699571537
173,2.6931884201798564,2.5907948594774806,0.7262109691969443
174,2.7401336062196004,2.5955688036133324,0.7268637166111268
175,2.7870776849832155,2.6006569104378183,0.7275577067565868
176,2.8340234246610243,2.6060591991744864,0.7282926197228292
177,2.8809691643388327,2.6117756736680473,0.729068115074561
178,2.927914904016642,2.617806330073778,0.7298838331812696
179,2.9748606436944502,2.624151172236389,0.730739397580467
180,3.021806383372259,2.630810196311182,0.7316344131879811
181,3.068749354859745,2.6377833676957607,0.7325684635337624
182,3.115695094537554,2.6450707209925337,0.7335411244711366
183,3.108697109402493,2.651923041646013,0.7344524931600449
184,3.101699124267432,2.658340325811486,0.7353031745695318
185,3.0946983709420484,2.665195556909503,0.7362089003974381
186,3.087700385806987,2.6724887733871583,0.7371690914103175
187,3.0807024006719264,2.68021997139974,0.7381831291150944
188,3.073701647346543,2.6883891163448776,0.7392503580280654
189,3.0667036622114816,2.696996246669654,0.740370099934035
190,3.059705677076421,2.706041358529357,0.741541639504688
191,3.0527049237510373,2.7155244173216033,0.7427642266616519
192,3.045706938615976,2.725445461493488,0.7440370907512872
193,3.038708953480915,2.735804491045011,0.7453594269356525
194,3.0317082001555313,2.746601463684379,0.7467303966754968
195,3.0247102150204705,2.757836421703385,0.7481491447313647
196,3.0177122298854093,2.7695093651020293,0.7496147838793781
197,3.0713902084273275,2.782463011753331,0.7512312442725866
198,3.125070955159568,2.796697403949098,0.752995494585146
199,3.178751701891809,2.811273998294635,0.7547891923823431
200,3.2324324486240488,2.8261927986346667,0.7566115127640067
201,3.286113195356289,2.8414538011244557,0.7584616213142534
202,3.339791173898207,2.8570569673169453,0.7603386715443312
203,3.393471920630448,2.8730023356591925,0.7622418189466429
204,3.447152667362688,2.8892899061512103,0.7641702076640815
205,3.5008334140949287,2.9059196826377223,0.7661229762547266
206,3.554511392636847,2.92289162282691,0.7680992525138566
207,3.608192139369087,2.9402057651658677,0.7700981689242556
208,3.6618728861013277,2.957862109654608,0.7721188493073183
209,3.715553632833568,2.975860656293119,0.7741604139891054
210,3.7692316113754862,2.9942013666343175,0.7762219761285871
211,3.6752155634553603,3.0108329385998207,0.7780751503035724
212,3.5811967473449116,3.025755329897846,0.7797248131449511
213,3.4871779312344637,3.038616980357435,0.781136819325408
214,3.3931618833143378,3.049417928425669,0.7823155984018335
215,3.299143067203889,3.0581581395002027,0.7832648265862797
216,3.2051242510934403,3.064837609736287,0.7839874572870053
217,3.111108203173315,3.069456373736317,0.7844857371841574
218,3.0170893870628666,3.072014412276758,0.7847612078755914
219,2.923070570952418,3.0725116869105147,0.7848147176188183
220,2.8290545230322923,3.0709482745317525,0.7846464401885318
221,2.7350362605599083,3.067324144382812,0.7842558517451736
222,2.6410182749065565,3.0616392618613113,0.7836417393006084
223,2.547000289253205,3.0538936654143325,0.7828022027844905
224,2.452982580418886,3.044087320439505,0.7817346294114635
225,2.4704673009523455,3.033768910236265,0.7806056437679909
226,2.487952021485805,3.0229384348045745,0.7794143485131889
227,2.5054367420192647,3.0131536548013096,0.7783325132552045
228,2.5229214625527248,3.0044145702264586,0.7773618085750149
229,2.540406183086184,2.9967211810800336,0.7765037381429095
230,2.557890903619644,2.990073525809104,0.7757596391479809
231,2.5753756241531036,2.9844715659666132,0.7751306659402555
232,2.5928603446865632,2.9799153015525235,0.7746177999014464
233,2.610345065220023,2.9764047710139545,0.7742218469537293
234,2.6278297857534825,2.973939935903786,0.7739434224619854
235,2.645314506286942,2.972520800066756,0.7737829630451003
236,2.662799226820402,2.9721473711922624,0.7737407211148832
237,2.6802839473538618,2.972819645435594,0.7738167624767597
238,2.6977686678873214,2.9745376266414874,0.7740109683298932
239,2.6594940075754403,2.9765268789648442,0.774235631186746
240,2.621219347263559,2.9787873985609647,0.7744906594254177
241,2.5829446869516786,2.979864309179978,0.7746120534416341
242,2.5446703034588296,2.979757614666596,0.7746000292922691
243,2.506395643146949,2.9784673073314076,0.7744545647560473
244,2.468120982835068,2.9759933910191116,0.7741754018695305
245,2.4298463225231868,2.972335861884984,0.7737620439941822
246,2.3915716622113057,2.9674947237737492,0.7732137560820002
247,2.353297001899425,2.961469992064243,0.7725295629418509
248,2.315022341587544,2.9542616436882176,0.7717082406588699
249,2.2767476812756633,2.945869678645661,0.7707483199300074
250,2.238473020963782,2.936294096936586,0.7696480790729533
251,2.200198360651901,2.925534898560992,0.7684055388787172
252,2.16192370034002,2.9135920835188673,0.7670184566768734
253,2.096489771136877,2.9000884781893825,0.765440088853854
254,2.0310558419337337,2.88502404412543,0.7636666621632394
255,1.9656219127305903,2.869147999727198,0.7617831771985694
256,1.9001879835274473,2.8524603449946855,0.759787221779416
257,1.834754054324304,2.8349611183749883,0.7576762311493973
258,1.769320125121161,2.816650281421011,0.7554474685798421
259,1.7038861959180176,2.797527834132754,0.7530980332942608
260,1.6384522667148744,2.7775938149572994,0.7506248544000298
261,1.5730183375117313,2.75684818544759,0.7480246699081493
262,1.507584408308588,2.7352909456036008,0.7452940337876759
263,1.442150479105445,2.7129221338724268,0.7424293086232381
264,1.3767165499023017,2.689741711806972,0.7394266428020869
265,1.3112826206991586,2.6657496794072384,0.7362819765651796
266,1.2458486914960152,2.6409460751203064,0.7329910331826314
267,1.248350028271348,2.6162744058598895,0.7296768551744778
268,1.2508510882276485,2.5917346677813007,0.7263395935763344
269,1.2533524250029813,2.56648414301152,0.7228626567051245
270,1.2558537617783139,2.5405227931034537,0.7192417770456513
271,1.2583548217346143,2.513850614212389,0.7154724823102203
272,1.2608561585099471,2.4864676101830128,0.7115500827309867
273,1.2633572184662476,2.4583737771706513,0.7074696592369654
274,1.2658585552415804,2.4295691574670855,0.7032260611738004
275,1.2683596151978809,2.4000537087805345,0.6988138763661074
276,1.2708609519732137,2.369827434955697,0.6942274388116599
277,1.2733622887485465,2.338890335992548,0.6894608094423111
278,1.275863348704847,2.307242446493496,0.6845077694849078
279,1.2783646854801798,2.274883731856158,0.67936179089842
280,1.28086574543648,2.2418141882358213,0.6740160376653072
281,1.251412754044066,2.2075900093637353,0.6683897696376169
282,1.22195948583262,2.1722112298423073,0.6624715969148192
283,1.192506494440206,2.137729159439333,0.6566018025708595
284,1.163053503047792,2.104143836601856,0.6507865427195578
285,1.1336002348363459,2.071455257485215,0.645031997986581
286,1.1041472434439317,2.039663387487028,0.6393443643348611
287,1.0746939752324856,2.0087682612096263,0.6337298600744128
288,1.0452409838400716,1.9787698824977724,0.6281946971847963
289,1.0157877156286252,1.9496682090596602,0.6227450667433039
290,0.9863347242362114,1.9214632831870455,0.6173871519299498
291,0.9568814560247652,1.8941551010352669,0.6121270923100365
292,0.9274284646323512,1.8677436280019417,0.6069709746552285
293,0.8979754732399371,1.8422288948447152,0.6019248400465502
294,0.868522205028491,1.817610893874189,0.5969946521148777
295,0.8339173346270335,1.793818075059941,0.5921717045038369
296,0.7993124642255759,1.770850434557259,0.5874612826124819
297,0.7647078706431506,1.7471593313585143,0.5825454762105734
298,0.7301030002416932,1.72274476161902,0.5774182588876837
299,0.6954981298402355,1.6976067253387503,0.5720733012494755
300,0.660893259438778,1.6717452225177314,0.5665039571855288
301,0.6262883890373204,1.6451602531559375,0.5607032501831012
302,0.5916837954548951,1.6178518210981059,0.5546638597197708
303,0.5570789250534377,1.5898199224994995,0.5483781034368447
304,0.52247405465198,1.5610645573601434,0.5418379235149995
305,0.48786918425052256,1.5315857256800125,0.535034868784618
306,0.45326431384906507,1.5013834274591065,0.527960076708837
307,0.4186597202666397,1.4704576665421376,0.5206042552741645
308,0.3840548498651822,1.4388084390844194,0.5129576601535673
309,0.37785105853362155,1.4068302045174934,0.5051076932767322
310,0.3716472672020609,1.3745229628413098,0.49704847305097033
311,0.36544375268953255,1.3426611537456665,0.48897183704018865
312,0.35923996135797187,1.3112447733858517,0.48088113065443283
313,0.35303644684544344,1.2802738256066024,0.47277976409903344
314,0.3468326555138828,1.2497483027184697,0.4646712053188956
315,0.3406288641823222,1.2196682085661652,0.4565589838662386
316,0.33442534966979376,1.1900335469944012,0.44844668568773405
317,0.32822155833823313,1.160844314158516,0.440337948609137
318,0.32201776700667245,1.1321005100584596,0.43223646299396923
319,0.3158142524941441,1.1038021385389432,0.42414596926752945
320,0.3096104611625834,1.0759491957552807,0.41607025198085656
321,0.30340666983102277,1.0485416817074464,0.40801314033347347
322,0.2972031553184944,1.0215796002401527,0.39997850542744673
323,0.30354618662327243,0.9952372089342134,0.3920232296865147
324,0.30988949474708266,0.9695145116343156,0.3841533281814421
325,0.31623280287089295,0.9447887204083953,0.3764924221482824
326,0.32257611099470324,0.9210598352564779,0.36905079420467146
327,0.3289194191185135,0.8983278561785382,0.361838522472827
328,0.3352627272423238,0.8765927831745759,0.3548654579333236
329,0.34160575854710185,0.8558546123999046,0.3481412008303577
330,0.34794906667091213,0.8361133476992109,0.3416750824398074
331,0.3542923747947224,0.81736898907252,0.3354761398402202
332,0.36063568291853265,0.7996215365198067,0.32955309613324224
333,0.36697899104234294,0.7828709900410458,0.32391434002020825
334,0.3733222991661532,0.7671173496362876,0.31856790602845164
335,0.3796656072899635,0.7523606153055071,0.31352145545240306
336,0.38600863859474155,0.7386007832039923,0.3087822567440953
337,0.3765812896327305,0.7256188202725045,0.3042809821431035
338,0.36715394067071955,0.713414726511044,0.3000226931539025
339,0.35772659170870846,0.7010449565587906,0.2956799983345333
340,0.3482992427466974,0.6885095142604567,0.29125165364652106
341,0.3388718937846864,0.6758083957713047,0.2867363832122205
342,0.3294445448226754,0.66294160109136,0.28213288276119364
343,0.32001719586066435,0.6499091340653346,0.2774398190505575
344,0.31058984689865327,0.6367109908485165,0.2726558250766835
345,0.30116249793664224,0.6233471752856177,0.26777950495689906
346,0.2917351489746312,0.6098176835319009,0.2628094276805104
347,0.2823078000126202,0.5961225194321034,0.25774413202871505
348,0.2728804233687059,0.5822616787570243,0.2525821200705889
349,0.26345307440669485,0.5682351618911778,0.24732186110429577
350,0.2540257254446838,0.5540429726792253,0.24196179053087996
351,0.2591474311792131,0.5398871774805988,0.23657744124959412
352,0.2642691369137423,0.5257677801399849,0.23116883893884543
353,0.26939087033017484,0.5121285873106243,0.22590780202466476
354,0.2745125760647041,0.4989696024527398,0.22079787634404346
355,0.27963428179923333,0.4862908217216197,0.21584251953332823
356,0.2847559875337626,0.4740922451172638,0.211045101440138
357,0.2898776932682918,0.4623738764843842,0.20640890035718795
358,0.29499939900282107,0.4511357119782436,0.20193709473728305
359,0.3001211047373503,0.4403777554436046,0.1976327656458391
360,0.3052428104718796,0.4301000030357045,0.19349888711067154
361,0.3103645162064088,0.4203024585992807,0.18953832884894484
362,0.31548622194093806,0.41098511828964646,0.1857538467676827
363,0.3206079276754673,0.4021479859514632,0.18214808598187526
364,0.32572991022902886,0.3937910615847563,0.17872357307125586
365,0.3292131241117216,0.3858915845135521,0.17547333134236132
366,0.33269661481344664,0.3784495624272495,0.17239954324981388
367,0.33618010551517163,0.3715365453562451,0.169533985647925
368,0.3396635962168966,0.36515253330056413,0.1668788978504383
369,0.34314681009958936,0.35929751857078274,0.16443635615308816
370,0.3466303008013144,0.3539715088563248,0.16220828073989324
371,0.3501137915030394,0.3491745041571903,0.16019642357521813
372,0.35359728220476444,0.34490650447337934,0.15840236930096407
373,0.3570804960874572,0.34116750596017986,0.1568275315356754
374,0.36056398678918217,0.3379575086175919,0.1554731542479869
375,0.36404747749090716,0.3352765162903274,0.15434031013421445
376,0.36753096819263226,0.3331245289783864,0.15342989596070833
377,0.37101445889435725,0.33150154668176884,0.15274263299866708
378,0.37449767277705,0.3304075655557881,0.1522790644422387
379,0.375879830205031,0.32981340041603996,0.15202718391536252
380,0.377261987633012,0.32971905510726174,0.15198718184328353
381,0.378644145060993,0.3297300701979111,0.151991852299454
382,0.38002602566994176,0.32984644184330136,0.15204119291570406
383,0.3814081830979228,0.3300681700434325,0.15213519589487
384,0.3827903405259038,0.3303952586429912,0.1522738480123742
385,0.38417249795388475,0.3308277037972655,0.15245712573055914
386,0.38555437856283353,0.3313655055062807,0.15268500009450336
387,0.38693653599081457,0.33200866761474873,0.152957436737862
388,0.3883186934187956,0.3327571862779324,0.15327439100617235
389,0.3897008508467765,0.3336110653405437,0.15363581448234598
390,0.3910827314557253,0.3345703009578958,0.15404164848795798
391,0.39246488888370634,0.3356348931299888,0.1544918289821392
392,0.3938470463116874,0.3368048457014841,0.15498628657450741
393,0.39645606569056197,0.33809719842176694,0.15553213808295474
394,0.3990653618884688,0.33951195129081196,0.15612928351998134
395,0.40167438126734345,0.34087484288309294,0.15670413978327524
396,0.4042834006462181,0.3421858693539232,0.15725675023949615
397,0.4068924200250927,0.34344503070330273,0.15778715811847555
398,0.4095017162229996,0.3446523307759182,0.15829540651354157
399,0.41211073560187417,0.345807765727083,0.15878153353091928
400,0.4147197549807488,0.346911335556797,0.1592455771529071
401,0.41732905117865565,0.347963047954459,0.1596875768535292
402,0.4199380705575303,0.34896289523067026,0.16010756390777892
403,0.4225470899364049,0.3499108773854055,0.1605055710950558
404,0.42515610931527953,0.35080699441869,0.16088162946923035
405,0.42776540551318637,0.3516512501752358,0.1612357699750534
406,0.430374424892061,0.35244364081030555,0.16156801861348158
407,0.44406589422671755,0.3533380892399944,0.16194290186337568
408,0.45775764038040645,0.35433460315370113,0.1623603656320125
409,0.4714491097150631,0.35565221176595213,0.16291202449254638
410,0.485140855868752,0.3572909189214594,0.16359761461145916
411,0.49883232520340853,0.3592507207755615,0.1644168046561978
412,0.5125237945380652,0.3615316173282079,0.16536920088850582
413,0.526215540691754,0.3641336124241611,0.16645434747203403
414,0.5399070100264107,0.36705670221865855,0.16767172202662184
415,0.5535987561800995,0.3703008905564123,0.169020742458032
416,0.5672902255147562,0.37386617359276086,0.17050076102006484
417,0.5809816948494128,0.37775255132765373,0.17211106963321277
418,0.5946734410031017,0.38196002760582815,0.17385090043508067
419,0.6083649103377582,0.3864885985825721,0.17571942162142973
420,0.6220566564914471,0.3913382684870612,0.177715744623274
421,0.6888647153706363,0.3972467635004351,0.1801413910903269
422,0.7556730510688578,0.4042140874674563,0.1829925322685434
423,0.8224813867670793,0.4120381701839556,0.18618245564798008
424,0.8892897224653007,0.4207190116499583,0.18970711141239938
425,0.9560980581635222,0.43025661148097544,0.19356203708088404
426,1.0229061170427114,0.44065096621678396,0.19774236584591565
427,1.0897144527409328,0.4519020797020706,0.20224284098111722
428,1.1565227884391542,0.46400995193686057,0.207057822358376
429,1.2233311241373757,0.47697458292115397,0.21218129978146782
430,1.290139459835597,0.4907959726549507,0.2176069054835219
431,1.3569477955338187,0.5054741211382255,0.22332792730957451
432,1.423755854413008,0.5210090245263169,0.22933732106460814
433,1.4905641901112292,0.5374006866638865,0.23562772941868326
434,1.5573725258094508,0.5546491075509342,0.24219149241796434
435,1.623861689163498,0.5727498542382818,0.24901899998540522
436,1.6903505756985129,0.591702919036455,0.25610208123095457
437,1.75683973905256,0.6115310664661896,0.2634407021111579
438,1.8233289024066073,0.6322342926827483,0.2710259514772648
439,1.8898180657606547,0.6538125976861566,0.278848687426811
440,1.9563069522956695,0.6762659776317024,0.2868995527920106
441,2.0227961156497165,0.6995944402087844,0.2951689992147615
442,2.089285279003764,0.7237979815727158,0.3036472976716247
443,2.1557741655387788,0.7488765978787595,0.31232456164921385
444,2.2222633288928257,0.7748302929716525,0.3211907688435529
445,2.288752492246873,0.8016590706960819,0.33023577756751143
446,2.3552416556009206,0.8293629272073607,0.3394493433772421
447,2.4217305421359354,0.8579418586607517,0.34882114088864224
448,2.4882197054899824,0.8873958689009922,0.3583407853000974
449,2.4592276177862504,0.9163988294411511,0.36757865049467675
450,2.4302358069015506,0.9449507479706527,0.37654293280866913
451,2.401243719197818,0.9730808019844517,0.3852504937094554
452,2.3722519083131184,1.0007889953272349,0.3937085680250412
453,2.3432598206093864,1.02807532415429,0.4019241311409205
454,2.314267732905654,1.0549397923103294,0.40990391307947827
455,2.285275922020954,1.0813823997953529,0.4176544039843745
456,2.2562838343172222,1.1074031427646736,0.42518186282245074
457,2.2272920234325224,1.1330020250629786,0.43249232899669166
458,2.19829993572879,1.158179046690293,0.439591626903461
459,2.169307848025058,1.1829342038018795,0.4464853736066082
460,2.1403160371403582,1.2072675002424755,0.4531789893470737
461,2.111323949436626,1.2311789321673434,0.45967770025205
462,2.0823321385519256,1.2546685072659076,0.46598655029890623
463,2.1344004144213606,1.278862056231699,0.47240747602683
464,2.1864689671098274,1.3037595829094546,0.4789346386521569
465,2.238537519798294,1.3293440475498401,0.48555777514027676
466,2.2906060724867614,1.3556154463081436,0.49227114462183263
467,2.342674625175228,1.3825737830290765,0.49906898977172576
468,2.394743177863695,1.4102190577126394,0.5059455419271984
469,2.4468114537331296,1.4385512665141453,0.5128950291617249
470,2.4988800064215964,1.467570409433569,0.5199116861022395
471,2.5509485591100636,1.4972764903156228,0.5269897616469723
472,2.6030171117985303,1.527669509160306,0.5341235247566959
473,2.655085664486997,1.5587494621229072,0.5413072720264922
474,2.707154217175464,1.5905163530481634,0.5485353377021756
475,2.7592224930448985,1.6229701780913375,0.5558020972959468
476,2.8112910457333657,1.6561109410971413,0.5631019780706807
477,2.7733225472711434,1.6886881236215585,0.5701607862837605
478,2.7353534951708567,1.720701721819877,0.5769863626722097
479,2.6973847198896026,1.751997816620739,0.5835541793502841
480,2.6594159446083485,1.7825764041794576,0.5898729142584265
481,2.621447169327094,1.8124374883407453,0.5959508476425519
482,2.5834781172268073,1.8415810614151775,0.6017958759628235
483,2.5455093419455532,1.870007131092153,0.6074155342489787
484,2.5075405666642987,1.8977156973716975,0.6128170074275656
485,2.4695717913830446,1.9247067564090736,0.6180071463238221
486,2.4316030161017905,1.9509803120490181,0.6229924842379593
487,2.3936342408205364,1.9765363604467945,0.627779247577755
488,2.355665465539282,2.001374905447114,0.6323733716439459
489,2.317696690258028,2.0254959470500022,0.636780510626382
490,2.2797279149767733,2.0488994814107477,0.6410060491749691
491,2.384048828191115,2.073561758047592,0.6454056713142017
492,2.4883700182244897,2.0994827769605613,0.649971741252827
493,2.5926909314388316,2.125924807739289,0.654569012983377
494,2.6970118446531735,2.152887846539064,0.6591946968526026
495,2.8013338651436444,2.180371908738733,0.6638460214066652
496,2.905653117443793,2.2083769558912283,0.6685202237304673
497,3.0099751379342643,2.2369030264436183,0.6732145740483164
498,3.114297158424735,2.2659501242405895,0.6779263594163625
499,3.2186164107248834,2.295518206990361,0.6826528847826518
500,3.3229384312153547,2.3256073131400523,0.6873914957811522
501,3.4272604517058256,2.356217442689614,0.6921395617747081
502,3.5315797040059738,2.387348557191975,0.6968944785823932
503,3.635901724496445,2.419000695094231,0.7016536883389426
504,3.740223744986916,2.4511738602410937,0.7064146643309779
505,3.6872184366933443,2.4816829469991717,0.7108591887870261
506,3.634213128399773,2.51052795536849,0.7149993955060251
507,3.5812078201062016,2.537713318298251,0.7188471083307262
508,3.5282025118126294,2.563239039633168,0.7224126220371052
509,3.475199971709381,2.587105153975623,0.7257054025456701
510,3.4221946634158087,2.609311622878522,0.7287341144056769
511,3.3691893551222374,2.6298584463418897,0.7315066743270238
512,3.316184046828666,2.6487456282104125,0.7340302807549959
513,3.2631787385350948,2.665973164639379,0.7363114434606385
514,3.2101761984318453,2.681541094075884,0.7383560181094766
515,3.1571708901382736,2.6954493819175442,0.7401692160885112
516,3.104165581844702,2.7076980243196482,0.7417556404224757
517,3.0511602735511305,2.7182870212822206,0.7431193016554174
518,2.998154965257559,2.7272163728052368,0.7442636342450651
519,3.0825211017137515,2.7363940194660596,0.7454344748018834
520,3.166884469979622,2.745819918972858,0.7466314065759256
521,3.251250606435815,2.756820238259656,0.7480211488825963
522,3.3356139747016855,2.769394935034648,0.7496004576709687
523,3.4199801111578783,2.7835440515896406,0.7513656724062571
524,3.5043434794237487,2.799267545632852,0.7533127090077102
525,3.588709615879942,2.816565459456064,0.7554370966467778
526,3.6730729841458123,2.835437754612182,0.7577339744131748
527,3.757439120602005,2.8558844657035882,0.7601981287045431
528,3.8418024888678755,2.877905558127926,0.7628239956473133
529,3.926168625324068,2.9015010664875516,0.7656056986552049
530,4.010531993589939,2.926670956180058,0.7685370538490801
531,4.094898130046132,2.9534152656525645,0.7716116096483073
532,4.179261498312002,2.9817339526132653,0.7748226525371058
533,4.075999694715016,3.0090211157421183,0.777874014954236
534,3.9727351229277064,3.035276712747342,0.7807709831160101
535,3.8694705511403975,3.059374909090669,0.7833966448681917
536,3.766205979353088,3.081315700927386,0.7857598829016154
537,3.6629414075657794,3.1010990882574685,0.7878686337576679
538,3.5596796039687923,3.118725109528037,0.7897299358596972
539,3.456415032181483,3.1341937262920205,0.7913499564341748
540,3.353150460394174,3.147504938549395,0.7927340378831669
541,3.249885888606865,3.158658750144847,0.7938867234320517
542,3.146621316819556,3.16765515723369,0.7948117807953191
543,3.0433595132225695,3.1744941982630177,0.7955122278412012
544,2.9400949414352606,3.1791758347857617,0.7959903367511505
545,2.8368303696479513,3.1817000668018967,0.7962476581940232
546,2.7335663514987067,3.1820669020008205,0.7962850265323318
547,2.751838345359861,3.1819643443940953,0.7962745800044249
548,2.7701114464971437,3.181392405515832,0.796216312429356
549,2.788381502625072,3.181601557673528,0.796237622214069
550,2.806654326943323,3.182591847003702,0.7963384890944656
551,2.824927151261574,3.184363269661642,0.7965187945408743
552,2.8431972073895024,3.186915787200279,0.7967783235654087
553,2.861470031707753,3.1902494380666817,0.7971167764749484
554,2.8797428560260037,3.194364226105563,0.797533758110826
555,2.8980129121539324,3.1992601090251154,0.7980287774821335
556,2.916285736472183,3.204937125272434,0.7986012615532712
557,2.9345585607904336,3.2113952748475185,0.7992505442864122
558,2.952828616918362,3.2186345193032997,0.799975867987742
559,2.971101441236613,3.2266548970868723,0.8007763963322738
560,2.989374265554863,3.2354564081982113,0.8016512043928774
561,2.987422691377562,3.244758158213775,0.80257155796549
562,2.9854683490099387,3.2545601086864684,0.8035367826676484
563,2.9835167748326366,3.262886052389831,0.8043529534845162
564,2.9815652006553353,3.2697359854791253,0.8050218918736799
565,2.979613626478034,3.275109911799114,0.805545087648555
566,2.9776620523007327,3.2790078313497713,0.805923703377584
567,2.9757104781234314,3.281429728752275,0.8061585775779172
568,2.9737589039461296,3.2823756424536947,0.8062502345300029
569,2.9718073297688283,3.2818455340069352,0.8061988735299619
570,2.969855755591527,3.2798394034120215,0.8060043808172537
571,2.9679041814142253,3.2763572891160493,0.805666329159564
572,2.965952607236924,3.271399152671898,0.8051839650720057
573,2.9639982648693,3.264964955632498,0.8045562134664658
574,2.9620466906919987,3.2570547748920387,0.8037816849729781
575,2.9066109112953478,3.246925735819812,0.8027854127926979
576,2.851172363708375,3.2345777999686964,0.8015640498085279
577,2.795733816121402,3.2221960691274236,0.8003317489778207
578,2.7402963758105585,3.2097805586747907,0.7990884021454316
579,2.6848586586806817,3.1973312647660856,0.7978338980076782
580,2.629420941550806,3.1848481874013337,0.7965681243835141
581,2.5739829476018974,3.172331284288728,0.7952909634888394
582,2.518545230472021,3.1597805977200752,0.794002304852607
583,2.4631072365231126,3.1471961238506387,0.7927020320244338
584,2.4076695193932363,3.1345778665251296,0.791390028023961
585,2.3522318022633604,3.1219258257435993,0.7900661741390765
586,2.296793808314452,3.10923995921419,0.7887303458354183
587,2.2413560911845756,3.0965203092287337,0.7873824260851141
588,2.185918097235667,3.083766871942493,0.7860222916492425
589,2.233205708418294,3.072406391871204,0.7848033883492083
590,2.2804933196009207,3.0624388690148407,0.7837282228177369
591,2.3277809307835473,3.0519563666408027,0.7825917123421504
592,2.375068541966174,3.0409589231961593,0.7813929518635209
593,2.422356153148801,3.0294465002338407,0.780130974844396
594,2.469643487512395,3.0174191323562303,0.7788047683225325
595,2.516931098695022,3.0048767849609197,0.7774132559561167
596,2.5642187098776485,2.991819496495004,0.7759553122739901
597,2.611506321060275,2.9782472285113877,0.7744297445038448
598,2.658793932242902,2.9641600194571915,0.7728353081334094
599,2.7060815434255288,2.949557830885295,0.7711706879195981
600,2.7533691546081553,2.934440701242794,0.7694345135037088
601,2.800655658514653,2.9188085767037695,0.7676253382009677
602,2.847944653792441,2.9026615303176992,0.7657416622605304
603,2.8046114024853823,2.8847408813238014,0.7636331993894121
604,2.761279535273484,2.8650466873927294,0.761294175185618
605,2.7179471144235214,2.8461848459997885,0.7590323105134223
606,2.674614693573559,2.828155395592072,0.7568502323695161
607,2.6312822727235967,2.810958336169607,0.7547504874456967
608,2.587950128692666,2.794593671577104,0.7527355422045198
609,2.5446177078427037,2.7790613979698517,0.7508077766421457
610,2.5012852869927413,2.764361476900755,0.7489694761927749
611,2.457952866142779,2.7504939468168836,0.7472228411415685
612,2.4146204452928166,2.737458807718263,0.7455699679211361
613,2.371288301261886,2.7252560634495797,0.7440128501663631
614,2.3279558804119236,2.7138857101661467,0.742553373240491
615,2.2846234595619612,2.7033477094208695,0.7411933069197385
616,2.241291038711999,2.6936420996608175,0.739934316189133
617,2.197331069115945,2.6847601649312005,0.7387768046415066
618,2.153370822700859,2.676701893697908,0.7377221777705778
619,2.109410853104806,2.667779289638803,0.7365494632181179
620,2.06545060668972,2.6579923335303497,0.735257114336451
621,2.0214906370936663,2.647341071509067,0.7338434303764273
622,1.9775306674976127,2.635825465127886,0.7323065329000267
623,1.933570421082527,2.6234455105420693,0.7306443773719641
624,1.8896104514864736,2.610201250043398,0.7288547503238048
625,1.8456502050713877,2.596092641340116,0.7269352467880629
626,1.8016902354753341,2.5811196882769107,0.7248832825142618
627,1.7577302658792804,2.565282429300876,0.7226960867952152
628,1.7137700194641947,2.5485808221202055,0.7203706802883889
629,1.6698100498681412,2.5310148705796363,0.7179038857076782
630,1.6258498034530553,2.5125846092815007,0.7152923186740389
631,1.6382009150335994,2.4940721019731122,0.7126447578141135
632,1.6505520266141434,2.4754773486544965,0.7099606496449323
633,1.6629031381946875,2.4570812437491694,0.7072805455134786
634,1.675253972956199,2.438883821859539,0.7046050223613716
635,1.6876050845367434,2.4208850483831963,0.7019346508867977
636,1.6999561961172873,2.403084923320168,0.6992700104972382
637,1.7123073076978315,2.3854834466704538,0.69661168409358
638,1.7246584192783756,2.3680806184340275,0.6939602578687448
639,1.7370092540398874,2.3508764347662034,0.6913163205094968
640,1.7493603656204313,2.333870899511668,0.6886804647583489
641,1.7617114772009757,2.317064012670446,0.6860532854423096
642,1.7740625887815196,2.300455774242538,0.6834353798415571
643,1.7864134235430313,2.284046180383206,0.680827346858298
644,1.7987645351235753,2.2678352349371886,0.6782297886269641
645,1.753148634076654,2.251017878953942,0.6755127190600747
646,1.7075327330297327,2.2335940739863975,0.672673467828965
647,1.6619168319828115,2.2163066562181686,0.6698318893784316
648,1.6163012077549226,2.1991556679410373,0.6669883597711778
649,1.5706853067080013,2.1821411053102917,0.6641432511560411
650,1.5250694056610798,2.165262952947109,0.6612969372287913
651,1.4794535046141586,2.148521214696201,0.6584497983296328
652,1.4338376035672373,2.1319158905575426,0.6556022175328731
653,1.388221702520316,2.1154469843758457,0.6527545818780442
654,1.3426058014733948,2.0991144923064238,0.6499072802999086
655,1.2969899004264736,2.0829184181939633,0.6470607062075036
656,1.2513739993795523,2.0668587581937774,0.6442152547212519
657,1.205758098332631,2.0509355123058413,0.6413713246029245
658,1.1601421972857098,2.035148684374892,0.6385293181977529
659,1.1371927922367737,2.0198130830006247,0.6357469794784049
660,1.1142431103688057,2.0049287081830394,0.6330260278781701
661,1.0912934285008373,1.9890688154064011,0.6301043749883759
662,1.0683437466328691,1.9722334046707348,0.6269775607629663
663,1.0453940647649012,1.9544224759760407,0.6236407870223016
664,1.022444659715965,1.9356360331670304,0.6200889059203196
665,0.9994949778479969,1.915874072398967,0.61631640453955
666,0.9765452959800286,1.8951365975165624,0.6123173935582596
667,0.9535956141120604,1.8734236046751296,0.6080855890081064
668,0.9306459322440923,1.8507350938746439,0.6036142980530577
669,0.9076965271951563,1.827071068959842,0.5988964014244749
670,0.8847468453271881,1.8024315260860122,0.5939243322766554
671,0.8617971634592199,1.7768164652531544,0.5886900582985302
672,0.8388474815912517,1.7502258864612434,0.5831850594060356
673,0.7992017366126793,1.7224279153237048,0.5773513068548782
674,0.759555991634107,1.6934225172381554,0.5711770969203187
675,0.7199102466555347,1.6644683345182836,0.5649238332566083
676,0.6802645016769624,1.6355653479405545,0.5585906814227138
677,0.6406187566983901,1.6067135651943925,0.5521768068431484
678,0.6009730117198178,1.5779129862797718,0.5456813673770793
679,0.5613272667412454,1.5491636111966929,0.5391035149679344
680,0.5216815217626731,1.5204654361004435,0.5324423947462541
681,0.48203577678410087,1.4918184648357358,0.5256971477026519
682,0.44239003180552855,1.4632226974025697,0.5188669080460084
683,0.40274428682695623,1.434678133800945,0.5119508040808977
684,0.3630985418483839,1.4061847740308622,0.5049479582124693
685,0.3234527968698116,1.3777426142476594,0.49785748598687896
686,0.2838070518912393,1.3493516582959981,0.49067849896609517
687,0.2851618042350284,1.3215813575275712,0.48355716736436427
688,0.2865168333978497,1.2944317157870904,0.47649874842622075
689,0.2878718625606711,1.2679114490293715,0.46951082399225963
690,0.28922661490446017,1.2420205572544143,0.46259876173571357
691,0.29058164406728154,1.2167590404622186,0.4557679280418664
692,0.2919366732301029,1.1921269024974965,0.44902368225320655
693,0.29329142557389204,1.1681241356708496,0.4423713655566506
694,0.29464645473671336,1.1447507438269389,0.4358163003483927
695,0.29600148389953473,1.122006730810502,0.4293637801310419
696,0.2973565130623561,1.0998920927768268,0.4230190602537758
697,0.2987112654061452,1.078406829725913,0.41678735408959344
698,0.30006629456896655,1.0575509416577613,0.41067382488758053
699,0.30142132373178787,1.037324428572371,0.40468357869887184
700,0.302776076075577,1.0177272904697676,0.39882165731780217
701,0.2910453159462858,0.9985777802763904,0.3930378769630273
702,0.2793145558169946,0.9798759018370018,0.3873355917311654
703,0.2675835465505743,0.9608395494969701,0.3814763033259785
704,0.255852648011767,0.9414687247941502,0.3754565413943064
705,0.24412174947295967,0.9217634277285671,0.36927272072166006
706,0.23239087861605554,0.9017236625293966,0.36292113952240646
707,0.2206599800772482,0.8813494249674628,0.35639797176852195
708,0.20892908153844086,0.860640715042766,0.3496992673809405
709,0.19719821068153676,0.8395975331397444,0.34282094709522437
710,0.1854673121427294,0.8182198788739848,0.3357587979959412
711,0.17373641360392209,0.796507756090149,0.32850847093668256
712,0.16200554274701795,0.7744611613280136,0.32106547229757154
713,0.15027464420821063,0.7520800942031151,0.31342516284049105
714,0.13854377335130652,0.729364555099917,0.3055827522188551
715,0.14939297559052195,0.7066281599894764,0.2976434374142849
716,0.16024220551164062,0.6838709054115194,0.2896059427564277
717,0.1710914354327593,0.6618978887637089,0.28175816161448897
718,0.18194066535387796,0.6407091100459942,0.2741083770784112
719,0.19278989527499665,0.6203045692583752,0.26666472796935925
720,0.2036390975142121,0.6006842621717018,0.25943519290773687
721,0.21448832743533078,0.5818481930151493,0.25242758077790417
722,0.22533755735644945,0.5637963617886927,0.24564951208497432
723,0.23618678727756812,0.546528768492332,0.2391084067165058
724,0.24703601719868679,0.5300454131261176,0.23281147043664696
725,0.2578852471198055,0.514346295689999,0.22676568168196687
726,0.2687344493590209,0.49943141579951267,0.220977778543204
727,0.2795836239163331,0.4853007730702201,0.21545424641092636
728,0.29043299224696795,0.471954370193392,0.2102013070919403
729,0.29307273853842136,0.4592781846407029,0.20517959246582773
730,0.2957124848298748,0.4472722164121276,0.20039394848449799
731,0.2983525079403604,0.43562165690799604,0.19572242629138759
732,0.3009922542318138,0.42432650612830813,0.1911673576196702
733,0.3036322773422995,0.4133867679177759,0.18673102692472776
734,0.3062720236337529,0.40280243843168745,0.18241566480687388
735,0.30891176992520625,0.39257351767001736,0.1782234507985312
736,0.3115517930356919,0.38270000563279105,0.17415650998584287
737,0.31419153932714533,0.3731819023200084,0.17021691121526494
738,0.31683128561859875,0.3640192077316442,0.16640666534124404
739,0.3194713087290844,0.3552119257124357,0.1627277251265894
740,0.3221110550205378,0.34676005241767094,0.1591819787634352
741,0.32475107813102344,0.33866358784734985,0.15577125305692563
742,0.32739082442247686,0.3309225320014472,0.15249731026226188
743,0.33213965492057707,0.32356617771617696,0.149374305278697
744,0.33688876223770947,0.31659452883627637,0.14640399946816818
745,0.3416375927358096,0.3102394712824308,0.14368735979800296
746,0.34638670005294203,0.3045010088993776,0.14122687269586087
747,0.3511355305510422,0.29937913784237935,0.13902479159286973
748,0.3558843610491424,0.2948738581114362,0.13708313841360897
749,0.36063346836627475,0.29098517355126,0.13540370050344608
750,0.36538229886437495,0.28771308031713894,0.1339880229110364
751,0.37013112936247516,0.2850575784090981,0.13283741098826096
752,0.3748802366796075,0.2830186716718244,0.13195292839796147
753,0.3796290671777077,0.2815963562606309,0.13133539047677179
754,0.3843781744948401,0.28079063602020443,0.13098536964777163
755,0.3891270049929403,0.2806015071058583,0.1309031878653003
756,0.39387583549104044,0.28102896951756723,0.1310889211257582
757,0.4013026133070433,0.28211021696807215,0.13155854811294843
758,0.40872939112304624,0.2838452494573984,0.13231160848671708
759,0.41615589212001686,0.2856646117891412,0.1331005693684878
760,0.42358266993601973,0.28756830396330063,0.13392533161379783
761,0.43100917093299035,0.2895563221351394,0.13478578998069257
762,0.4384359487489933,0.29162867399408143,0.13568183980614945
763,0.44586272656499615,0.29378535569544006,0.1366133670440669
764,0.4532892275619667,0.2960263633945033,0.13758025328888568
765,0.46071600537796964,0.29835170478066986,0.13858238076850737
766,0.46814250637494026,0.30076137216454096,0.1396196207626651
767,0.4755692841909432,0.3032553693908287,0.14069184523219413
768,0.482996062006946,0.30583369645950775,0.14179892021640705
769,0.4904225630039167,0.3084963533705781,0.14294070751888566
770,0.49784934081991955,0.31124334012406507,0.14411706473622998
771,0.5275755525971557,0.31438437108052614,0.14546018716026732
772,0.5573020411934242,0.31791945392938536,0.14696928758663264
773,0.5870285297896926,0.3220303318994411,0.1487208394476961
774,0.616755018385961,0.326717004990668,0.15071333755654825
775,0.6464812301631973,0.3319794728186278,0.15294507203014573
776,0.6762077187594656,0.3378177376901274,0.15541413203536392
777,0.705934207355734,0.3442317996051669,0.15811840639661434
778,0.7356606959520025,0.35122165817928264,0.16105558742464554
779,0.7653869077292387,0.3587873099522262,0.16422317307606182
780,0.795113396325507,0.36692875876870956,0.16761847484779602
781,0.8248398849217754,0.37564600424426925,0.17123861674228147
782,0.854566373518044,0.3849390467633687,0.1750805414240152
783,0.8842925852952801,0.39480788248129606,0.17914101246335834
784,0.9140190738915485,0.40525251485829966,0.18341662362850286
785,0.9096386895253615,0.4157992377099365,0.187711428923525
786,0.9052583051591746,0.4264480506517177,0.19202488994740463
787,0.9008779207929876,0.4368853415572984,0.19623044239328602
788,0.8964975364268007,0.4471111100422402,0.20032953507603035
789,0.8921171520606138,0.45712535610651783,0.20432357580776306
790,0.8877367676944268,0.4669280797501314,0.208213932045763
791,0.8833563833282398,0.47651928097310603,0.2120019316711209
792,0.8789759989620529,0.4858989601598801,0.21568886389341235
793,0.8745956145958659,0.4950671169259901,0.21927597952684375
794,0.870215230229679,0.5040237512714612,0.2227644921516292
795,0.8658348458634921,0.5127688631962681,0.22615557864501423
796,0.8614544614973052,0.5213024527004109,0.22945037984210892
797,0.8570740771311182,0.5296245197839148,0.23265000117475476
798,0.8526936927649312,0.5377350648312181,0.23575551343583734
799,0.9124794064342221,0.5465252840328453,0.23910708106738565
800,0.972265120103513,0.5559951746975003,0.24270135139033744
801,1.032050556953772,0.5662587555088218,0.2465776945321777
802,1.0918362706230627,0.5773160303115219,0.25073159997009
803,1.1516219842923536,0.5891669952608632,0.2551582487762063
804,1.2114076979616446,0.6018116542015579,0.25985252870197795
805,1.2711934116309354,0.6152500032888939,0.2648090382754673
806,1.3309788484811942,0.6294820425228712,0.27002210145328864
807,1.390764562150485,0.6445077757482269,0.275485778398311
808,1.4505502758197761,0.6603271991202241,0.28119387255421124
809,1.510335989489067,0.6769403164835744,0.28713994793120756
810,1.5701217031583579,0.6943471278383034,0.2933173369996609
811,1.6299074168276488,0.7125476293396736,0.2997191531876007
812,1.6896928536779077,0.7315418209876852,0.3063383063763989
813,1.7008004941656234,0.7506536184326049,0.31293529698088773
814,1.711907857834307,0.7698830216744328,0.31950956364345773
815,1.7230154983220232,0.7892007417216923,0.32605068477530275
816,1.7341228619907068,0.8086067708849087,0.3325584015154187
817,1.7452302256593908,0.8281011130088447,0.33903246578687163
818,1.7563378661471065,0.847683768093475,0.3454726350542717
819,1.7674452298157903,0.8673547361388247,0.3518786736081492
820,1.778552870303506,0.8871140209895808,0.35825035377351233
821,1.7896602339721899,0.9069616149563191,0.3645874509366763
822,1.8007675976408737,0.9268975218837769,0.37088975095634535
823,1.8118752381285896,0.9469217456166411,0.3771570463607795
824,1.8229826017972734,0.9670342784655127,0.3833891327625024
825,1.8340902422849892,0.9872351281197653,0.38958581722052743
826,1.8451976059536732,1.0075242868900256,0.3957469086771709
827,1.903394655196931,1.0285557820317435,0.4020677890160943
828,1.9615917044401887,1.0503296135449192,0.40854211993026057
829,2.0197887536834465,1.0728085877168116,0.41515258443063985
830,2.077986079745737,1.095992708392133,0.4218930276686488
831,2.1361831289889945,1.119881975570858,0.4287572268447237
832,2.1943801782322527,1.1444763854082995,0.43573890076587807
833,2.2525772274755105,1.16977594174917,0.44283172260924764
834,2.3107742767187682,1.1957806407487572,0.4500293250085109
835,2.368971325962026,1.2224904824070615,0.4573253127235526
836,2.427168375205284,1.2499054705687689,0.46471327190392686
837,2.485365424448542,1.2780256013891933,0.4721867762179174
838,2.5435624736918,1.3068508787130213,0.4797394001354508
839,2.601759522935058,1.336381298695566,0.4873647238561707
840,2.6599565721783156,1.3666168613368528,0.4950563452420462
841,2.713581955104108,1.3974940751160274,0.5027921035125165
842,2.7672073380299,1.4290129361883777,0.5105663967014469
843,2.8208329977747244,1.4608637340380837,0.5182990855750547
844,2.8744583807005166,1.4930464609756706,0.5259882793522608
845,2.928083763626309,1.525561117001189,0.5336321406408391
846,2.9817091465521006,1.5584077021146134,0.5412288839139442
847,3.0353345294778933,1.5915862201606312,0.5487767767168197
848,3.0889599124036855,1.6250966672945804,0.5562741373265716
849,3.1425852953294773,1.6589390435164357,0.5637193376551791
850,3.1962106782552695,1.6931133488261974,0.571110802548441
851,3.249836061181062,1.727619587068577,0.57844701074498
852,3.3034586759165316,1.7624577159517938,0.5857264845557868
853,3.357084058842324,1.7976277739229165,0.5929478165776624
854,3.410709441768116,1.8331297609819457,0.6001096444166079
855,3.36407650759674,1.8675712043472383,0.6069370894441193
856,3.3174408052350417,1.9009520617270128,0.6134430333970005
857,3.270805102873343,1.933746039690176,0.6197297214881934
858,3.2241694005116446,1.9659531382367277,0.6258043796022705
859,3.177536466340269,1.997573395813788,0.6316739390450037
860,3.13090076397857,2.028606773974237,0.6373450279671096
861,3.0842650616168723,2.0590532727180744,0.6428240053120019
862,3.037629359255174,2.0889128920453004,0.6481169651714573
863,2.990993656893475,2.118185631955915,0.653229747887752
864,2.9443607227220996,2.1468715308970383,0.6581679571912742
865,2.8977250203604012,2.17497055042155,0.6629369503605249
866,2.8510893179987025,2.2024826905294503,0.6675418678846594
867,2.804453615637004,2.2294079512207645,0.671987635811031
868,2.7578192973704674,2.255746351719002,0.6762789775303402
869,2.8288496769484337,2.2831321239386853,0.6806814426093984
870,2.8998814406215616,2.3115652871033743,0.6851889443801795
871,2.970913204294689,2.3401546454070083,0.6896570562177049
872,3.041944967967816,2.3689001988495875,0.6940856442654483
873,3.1129767316409436,2.3978019512757984,0.6984745863451276
874,3.184008495314071,2.4268598988409544,0.7028237700807767
875,3.255040258987199,2.456074041545056,0.7071330945484879
876,3.326069254470004,2.485444340941007,0.7114024640066817
877,3.397101018143132,2.514970835475904,0.7156318045746934
878,3.4681327818162595,2.5446535289944574,0.7198210476703688
879,3.539164545489387,2.574492417651931,0.7239701339590401
880,3.610196309162515,2.6044875014483497,0.7280790148673775
881,3.681228072835642,2.6346387803837135,0.7321476518925099
882,3.7522598365087694,2.6649462544580222,0.7361760164640645
883,3.7514044656991437,2.694411491247921,0.7400343431225384
884,3.750549094889518,2.723034494598096,0.7437283456447948
885,3.749693724079892,2.7514913450135685,0.7473488694550576
886,3.7488383532702665,2.779782046339076,0.7508975504520301
887,3.7479829824606408,2.807906594729881,0.7543759827452136
888,3.747130379841338,2.8358650324778156,0.7577857263400288
889,3.7462750090317116,2.863657321135785,0.7611282926652284
890,3.745419638222086,2.891283456859052,0.7644051598720638
891,3.74456426741246,2.9187434434923287,0.7676177704237497
892,3.7437088966028345,2.946037277190928,0.7707675302491307
893,3.7428535257932087,2.9731649617995624,0.7738558114921826
894,3.741998154983583,3.000126497318206,0.7768839520887103
895,3.74114555236428,3.026921918349242,0.7798532609244424
896,3.740290181554654,3.053551190290313,0.7827650071786699
897,3.753599640624818,3.0802110430450336,0.785641519199741
898,3.7669090996949812,3.106901480458115,0.7884831765645217
899,3.7802185587651445,3.13296847911877,0.7912220933341596
900,3.7935280178353086,3.1584120390270476,0.7938612966453884
901,3.806837476905472,3.183232160182923,0.7964036822326688
902,3.820146935975635,3.20742883874166,0.7988520192913645
903,3.833456395045799,3.2310020785480194,0.8012089566356821
904,3.8467658541159624,3.2539518796019515,0.803477026260303
905,3.860075313186126,3.276278241903507,0.8056586482402848
906,3.8733847722562897,3.297981165452635,0.8077561350090887
907,3.8866942313264534,3.3190606502493614,0.8097716954216178
908,3.9000036903966167,3.3395166962936855,0.8117074386121456
909,3.9133131494667808,3.3593493035856077,0.8135653776565694
910,3.926622608536944,3.3785584721251274,0.8153474330478397
911,3.921753361759819,3.3968917198865762,0.8170323394280514
912,3.9168813467923713,3.414349008422884,0.8186224492027179
913,3.9120121000152466,3.4309938715466615,0.820125687480707
914,3.907140085047799,3.446826270810814,0.821543987268547
915,3.9022708382706734,3.4618462408176987,0.8228791693738047
916,3.8974015914935483,3.4760537854120535,0.8241329369116467
917,3.8925295765261008,3.4894488661467573,0.825306878018701
918,3.887660329748975,3.5020315214689313,0.8264024796809712
919,3.8827883147815276,3.5138017129315053,0.8274211173765994
920,3.877919068004403,3.524759478981524,0.8283640713609799
921,3.8730470530369554,3.5349047811719174,0.8292325160217671
922,3.86817780625983,3.5442376579497554,0.8300275355670477
923,3.863308559482705,3.5527581093150626,0.8307501163538815
924,3.8584365445152575,3.5604661352678146,0.8314011522454746
925,3.743362872812533,3.565831118795182,0.8318528112093815
926,3.6282892011098085,3.5688530598971386,0.8321066848138039
927,3.513215529407084,3.5709244352000646,0.8322804798328927
928,3.3981446258946812,3.572045321598125,0.8323744507621712
929,3.283070954191957,3.572215680644225,0.8323887284184156
930,3.167997282489232,3.5714355123383634,0.832323333163522
931,3.052923610786508,3.569704778233447,0.832178168499276
932,2.937849939083783,3.5670235167765694,0.8319530305153333
933,2.822776267381059,3.563391727967731,0.8316475977308541
934,2.7077031493163988,3.5588094194963813,0.8312614342001314
935,2.592629754432706,3.5532765875177574,0.8307939868549008
936,2.4775563595490135,3.54679319358479,0.8302445822148227
937,2.3624832414843535,3.539359279989286,0.8296124345557618
938,2.2474098466006613,3.530974842886533,0.8288966332936497
939,2.262669495752965,3.523450063443685,0.8282516631918386
940,2.2779294217243016,3.5167849262819195,0.8276783453007839
941,2.293189070876605,3.5093451956420267,0.8270361382322305
942,2.3084489968479414,3.501130856145159,0.8263242854421609
943,2.3237086460002447,3.492141903946605,0.8255419473109957
944,2.3389682951525486,3.4823783390463885,0.8246881988394754
945,2.3542282211238845,3.4718401652891973,0.8237620278333639
946,2.369487870276189,3.460527378830319,0.8227623318895665
947,2.3847477962475248,3.4484399835144917,0.8216879175625988
948,2.4000074453998286,3.4355780139440717,0.8205375000796296
949,2.4152670945521324,3.4219414316719647,0.8193096914855804
950,2.4305270205234684,3.407530240542908,0.8180030081377726
951,2.445786669675772,3.3923444367121647,0.8166158632665135
952,2.461046595647108,3.3763840240244463,0.8151465651616803
953,2.4352520445847956,3.3590788014098507,0.8135401604657915
954,2.4094574935224835,3.340428768868378,0.811793287276235
955,2.383663219279203,3.3214323626680957,0.8099971451359076
956,2.3578686682168906,3.3020895789643165,0.8081506383209118
957,2.3320743939736106,3.2824004216017277,0.8062526349921925
958,2.306279842911298,3.262364886735617,0.8043019645808923
959,2.2804852918489855,3.2419829743660102,0.8022974177003552
960,2.2546910176057056,3.2212546498905237,0.8002377410880923
961,2.2288964665433926,3.200179947911516,0.7981216466165391
962,2.2031019154810805,3.178758868429011,0.795947799734165
963,2.1773076412378005,3.156991415287697,0.7937148218623662
964,2.1515130901754875,3.1348775846428603,0.7914212877756942
965,2.1257185391131754,3.1124173764945278,0.7890657252797433
966,2.099924264869895,3.0896107946874105,0.7866466136809827
967,2.1268568189737516,3.0671901178347727,0.784241393539008
968,2.1537896498966407,3.0451553882283964,0.7818511593990904
969,2.1807224808195294,3.0233098721200045,0.7794553115803736
970,2.207655034923386,3.0016535656648355,0.7770542437958634
971,2.234587865846275,2.9801864727076515,0.774648356405662
972,2.2615206967691637,2.9589085932484016,0.7722380550606498
973,2.28845325087302,2.9378199234423743,0.7698237505866745
974,2.3153860817959093,2.9169204671343323,0.7674058602063241
975,2.342318912718798,2.8962102243242245,0.7649848061300146
976,2.3692514668226545,2.8756891911673645,0.7625610154291171
977,2.396184297745543,2.855357371508464,0.7601349212886735
978,2.4231171286684323,2.8352147653475237,0.7577069615458593
979,2.450049682772289,2.8152613688398307,0.7552775785522462
980,2.4769825136951775,2.7954971858300977,0.7528472204578355
981,2.438490827262019,2.775013542466139,0.7503029188602439
982,2.3999994176478934,2.753810442592693,0.747641660981826
983,2.3615080080337676,2.732140368235403,0.7448924821645038
984,2.3230163216006097,2.710003353996626,0.7420531381249893
985,2.2845249119864834,2.687399365274006,0.7391212874750843
986,2.246033225553325,2.664328436669924,0.7360945063001277
987,2.2075418159391993,2.640790533581973,0.7329702668824125
988,2.1690501295060414,2.616785652165466,0.7297459471978931
989,2.130558719891915,2.59231383471221,0.7264188296319047
990,2.092067033458757,2.567375038930398,0.7229860794779276
991,2.053575623844631,2.5419693071118115,0.7194447639821735
992,2.015083937411473,2.5160965969646694,0.715791824915804
993,1.9765925277973468,2.489756950780778,0.7120240978365031
994,1.938100841364189,2.4629503262683303,0.7081382836805941
995,1.9093963686349555,2.4358126569510055,0.704151070565627
996,1.8806921727247543,2.408343985120584,0.700059750519309
997,1.851987699995521,2.38207488549814,0.6960941844196497
998,1.8232832272662876,2.357005358083648,0.6922608218767105
999,1.7945790313560863,2.333135406721845,0.6885659570679936
1000,1.7658745586268527,2.310464989120899,0.6850157037457891
1001,1.7371700858976193,2.28899414372793,0.6816159981957618
1002,1.7084658899874183,2.2687228743876253,0.6783725649079506
1003,1.679761417258185,2.249651177255272,0.6752909046211351
1004,1.6510569445289516,2.231779052330896,0.6723762806269041
1005,1.6223524717997182,2.215106499614472,0.6696337032016204
1006,1.593648275889517,2.199633515261313,0.6670679146269827
1007,1.5649438031602838,2.185360099271419,0.6646833767973142
1008,1.5362393304310504,2.17228625164479,0.6624842576719536
1009,1.509837161592968,2.160443944979635,0.660479846853799
1010,1.4834349927548858,2.1498331831206645,0.6586737763985429
1011,1.4570328239168038,2.1386437849007254,0.6567588070354355
1012,1.4306306550787216,2.126875746475106,0.6547332157966325
1013,1.4042284862406393,2.1145290716884926,0.6525951748129408
1014,1.3778263174025571,2.101603756696199,0.6503427459165647
1015,1.351424148564475,2.088099805342937,0.6479738803801396
1016,1.3250219797263927,2.074017217628681,0.6454864138123164
1017,1.2986198108883107,2.059355989708744,0.6428780628419912
1018,1.272217365231196,2.044116121583127,0.6401464229880236
1019,1.245815196393114,2.028297613251804,0.6372889642974762
1020,1.219413027555032,2.0119004685595123,0.6343030281491082
1021,1.1930108587169497,1.9949246875062525,0.6311858217474948
1022,1.1666086898788675,1.9773702662472867,0.6279344137492686
1023,1.12841596800053,1.9590734509462335,0.6245149887953749
1024,1.0902229693031602,1.9400342339136942,0.6209234505890724
1025,1.0520302474248227,1.9208228200642579,0.617264607599969
1026,1.013837248727453,1.9014392055532123,0.6135371763511229
1027,0.975644250030083,1.8818833865358455,0.6097398430969652
1028,0.9374515281517456,1.8621553707016067,0.6058712653459881
1029,0.8992585294543758,1.8422551503610722,0.6019300658466854
1030,0.8610658075760382,1.8221827332036407,0.5979148378285919
1031,0.8228728088786684,1.8019381153845997,0.5938241388780208
1032,0.7846800870003311,1.7815212969039749,0.5896564931405527
1033,0.7464870883029613,1.7609322777617409,0.585410389704528
1034,0.7082943664246237,1.7401710618026098,0.5810842825235876
1035,0.6701013677272539,1.7192376413371828,0.5766765862964944
1036,0.6319086458489164,1.6981320240548838,0.5721856811632998
1037,0.6338164826191237,1.6774111621591348,0.5677303004752607
1038,0.635724319389331,1.6570750518052237,0.5633125363468722
1039,0.6376324329785705,1.6363913797775291,0.5587729528547625
1040,0.6395402697487779,1.6153601383866014,0.5541086957877125
1041,0.6414481065189852,1.5939813276324155,0.5493168173452068
1042,0.6433559432891924,1.572254951359734,0.5443942722841533
1043,0.6452637800593998,1.5501810057237941,0.5393379121249995
1044,0.6471718936486393,1.5277594945693334,0.5341444853277464
1045,0.6490797304188466,1.5049904178963769,0.5288106312374423
1046,0.6509875671890539,1.4818737718601622,0.5233328764642197
1047,0.6528954039592613,1.4584095564607145,0.5177076329752524
1048,0.6548035175485007,1.4345977793874833,0.5119311952335467
1049,0.6567113543187081,1.4104384329509938,0.50599973061248
1050,0.6586191910889154,1.3859315171512714,0.49990928077886343
1051,0.6497440960962259,1.3609272728918616,0.4936178392937344
1052,0.6408690011035363,1.335425696328078,0.487119727589308
1053,0.6319939061108467,1.3103354613120801,0.48064505646441225
1054,0.6231188111181571,1.285656563999156,0.4741968006619586
1055,0.6142439929444998,1.2613890082340176,0.467777957777226
1056,0.6053688979518103,1.2375327940166647,0.4613915430538359
1057,0.5964938029591207,1.2140879175023858,0.4550405870542358
1058,0.5876187079664311,1.1910543825358926,0.44872813646602294
1059,0.5787436129737416,1.1684321852724981,0.442457247581854
1060,0.569868517981052,1.1462213295568897,0.4362309881201185
1061,0.5609934229883624,1.1244218115443547,0.43005243053110576
1062,0.5521183279956728,1.1030336350796057,0.42392465384248945
1063,0.5432432330029833,1.0820567963179302,0.4178507368034172
1064,0.534368414829326,1.0614913029487525,0.41183376089473356
1065,0.5279495351097138,1.0413712613836499,0.40588693385742813
1066,0.5215309322091338,1.0216966793120466,0.40001362937921725
1067,0.5151120524895216,1.0023316193655774,0.39417602759187764
1068,0.5086934495889418,0.9832760815442422,0.3883762913832163
1069,0.5022748466883619,0.9645300696927532,0.3826165880385569
1070,0.4958559669687497,0.9460935799663983,0.3768990843858039
1071,0.4894373640681698,0.9279666123651522,0.371225948981307
1072,0.4830184843485576,0.9101491668890654,0.36559934960202334
1073,0.47659988144797766,0.8926412473827996,0.36002145312073963
1074,0.4701810017283655,0.8754428461569811,0.3544944192301347
1075,0.4637623988277856,0.8585539709010087,0.34902040766880726
1076,0.45734379592720564,0.8419746216148825,0.34360156947759357
1077,0.45092491620759345,0.8257047944538903,0.3382400467763471
1078,0.44450631330701357,0.809744489418007,0.3329379738817322
1079,0.44040247115403575,0.794125859806829,0.32770828295138654
1080,0.4362986290010578,0.7788489056203061,0.32255333515974327
1081,0.43219506366711224,0.7638816542602298,0.31746456040875193
1082,0.42809122151413437,0.7492241018818883,0.31244403625327766
1083,0.42398737936115655,0.7348762484852815,0.30749382517295365
1084,0.4198835372081787,0.7208380940704097,0.30261597187737
1085,0.41577969505520085,0.7071096386372725,0.29781250190724484
1086,0.4116761297212553,0.6936908860305822,0.29308542159946993
1087,0.4075722875682774,0.6805818324056266,0.2884367126405267
1088,0.4034684454152996,0.6677824777624058,0.28386833472707074
1089,0.39936460326232165,0.6552928221009451,0.279382222854229
1090,0.3952610379283761,0.6431128731106431,0.27498028874224856
1091,0.3911571957753982,0.6312426231020759,0.270664411158028
1092,0.3870533536224204,0.6196820720752435,0.26643644287392987
1093,0.39332967154042825,0.6085753889200178,0.2623513815002003
1094,0.3996059894584361,0.5979225736363989,0.2584118818850576
1095,0.40588230737644404,0.5878873839055055,0.25468154231131135
1096,0.4121586252944519,0.5784698235720498,0.25116372572729917
1097,0.4184349432124598,0.5696698887913195,0.24786161126913986
1098,0.42471126113046764,0.5614875834080268,0.24477819521337474
1099,0.4309875790484755,0.5539229074221718,0.24191628213866123
1100,0.4372638969664834,0.5469758569890423,0.23927848064557344
1101,0.4435402148844913,0.5406464359533503,0.23686720376796278
1102,0.44981653280249917,0.5349346404703839,0.23468465946050288
1103,0.45609285072050704,0.529840474384855,0.2327328530830004
1104,0.4623691686385149,0.5253639338520517,0.23101357845880988
1105,0.4686454865565228,0.5215050227166861,0.22952842101438986
1106,0.47492180447453064,0.5182637371340459,0.2282787494418972
1107,0.47649911932024186,0.5155748170172956,0.22724050326045375
1108,0.47807615734692077,0.5134382546769858,0.22641453773787212
1109,0.4796534721926319,0.5112971017543815,0.22558591187664057
1110,0.4812305102193108,0.5091513544047959,0.22475461753093362
1111,0.48280782506502196,0.5070010126282037,0.22392064801488276
1112,0.48438486309170087,0.5048460764246303,0.2230839966170084
1113,0.4859619011183797,0.5026865457940757,0.22224465660010095
1114,0.4875392159640909,0.5005224245812264,0.2214026226978726
1115,0.48911625399076986,0.49835370894139586,0.2205578866279202
1116,0.4906935688364809,0.4961803988745588,0.21971044157534003
1117,0.4922706068631599,0.4940024943807152,0.21886028069915686
1118,0.49384792170887104,0.4918199993046023,0.21800739863550145
1119,0.49542495973554995,0.4896329098015081,0.2171517869909836
1120,0.4970019977622288,0.4874412220266954,0.21629343733927864
1121,0.511464961739742,0.4854239110186427,0.2155025486012232
1122,0.5259279257172552,0.4835809767773753,0.21477932683217182
1123,0.5403908896947686,0.4820621822440343,0.2141828059297306
1124,0.5548538536722818,0.4808675274185943,0.21371327556060615
1125,0.569316817649795,0.47999701230108055,0.2133709638289636
1126,0.5837797816273083,0.47945063689149314,0.2131560370917136
1127,0.5982427456048215,0.47922839734512007,0.21306859831102332
1128,0.6127057095823347,0.479330297506648,0.21310869150811063
1129,0.627168673559848,0.47975633737610224,0.2132762971909733
1130,0.6416316375373612,0.4805065169534828,0.2135713338823333
1131,0.6560946015148744,0.48158083623876435,0.21399365818564675
1132,0.6705575654923877,0.48297929523197225,0.21454306490128583
1133,0.6850205294699009,0.4847018939331065,0.2152192871926707
1134,0.6994834934474142,0.4867486323421417,0.2160219968022543
1135,0.7060142080560518,0.48900934032897364,0.21690766881317003
1136,0.7125449226646894,0.49148401404889025,0.2178760186083053
1137,0.7190759140923593,0.49413854709031413,0.21891341697949585
1138,0.725606628700997,0.4969729317638212,0.22001958288922985
1139,0.7321373433096346,0.49998717191409825,0.2211942216509024
1140,0.7386683347373046,0.5031812675411705,0.22243701904879798
1141,0.7451990493459423,0.5065552148003007,0.22374764148941806
1142,0.75172976395458,0.5101090175362262,0.2251257406314161
1143,0.7582607553822498,0.5138426757489216,0.2265709490542721
1144,0.7647914699908874,0.5177561894383871,0.22808288191871506
1145,0.7713221845995252,0.5218495547599358,0.22966113565663682
1146,0.7778531760271951,0.5261227794029664,0.23130529407588585
1147,0.7843838906358328,0.5305758556780802,0.23301491817684872
1148,0.7909146052444704,0.535208783585252,0.23478955523688083
1149,0.8411353908927264,0.5406283735114307,0.23686031171593658
1150,0.8913561765409823,0.5468346216119042,0.2392247583533822
1151,0.941576685370206,0.5537953745871265,0.24186794031451486
1152,0.9917974710184619,0.5615106362818096,0.24478690017967786
1153,1.0420182566667178,0.5699804028512416,0.24797837697691083
1154,1.0922387654959416,0.5792046742954224,0.25143881662543655
1155,1.1424595511441975,0.589183454459064,0.2551643784999895
1156,1.1926800599734213,0.5999167394974797,0.25915093822766033
1157,1.2429008456216772,0.6114045332553562,0.2633941010305618
1158,1.2931216312699332,0.6236468318879815,0.26788920409153927
1159,1.3433421400991568,0.6366436353953557,0.272631329365953
1160,1.3935629257474127,0.6503949476221906,0.277615312501195
1161,1.4437837113956689,0.6649007685684865,0.28283574940111966
1162,1.4940042202248924,0.6801610905448191,0.2882870046631727
1163,1.5666401501898586,0.6964872426894494,0.29407312359108484
1164,1.639276356973857,0.7138792288471146,0.30018524482387743
1165,1.711912286938823,0.7321928762832057,0.30656407568679567
1166,1.7845482169037892,0.7514281849977225,0.3132013341352069
1167,1.8571841468687553,0.7715851549906902,0.3200884599903847
1168,1.9298200768337215,0.7926637862620586,0.327216633299362
1169,2.00245628361772,0.8146640826565645,0.33457679438953436
1170,2.075092213582686,0.8375860403295216,0.34215965913699997
1171,2.147728143547652,0.8614296592809043,0.34995574229954085
1172,2.220364073512618,0.8861949395107129,0.3579553758945687
1173,2.2930002802966163,0.9118818848636592,0.3661487302922306
1174,2.3656362102615827,0.9384904914950312,0.3745258305351902
1175,2.438272140226549,0.9660207594048542,0.38307658014120427
1176,2.510908070191515,0.9944726885930777,0.3917907799572873
1177,2.560482483399487,1.0235259802158856,0.4005621562908165
1178,2.6100566197884274,1.0531806304285913,0.4093846474735545
1179,2.6596307561773673,1.0835019031627173,0.41827121881723084
1180,2.70920516938534,1.1144898061076876,0.4272150299133609
1181,2.75877930577428,1.1461443315741033,0.43620928316397567
1182,2.8083539958012853,1.1784654910960752,0.4452472419861746
1183,2.8579267480950636,1.2114532539159326,0.45432222163462643
1184,2.9075022685791656,1.2451076623254822,0.46342762891504885
1185,2.957075020872944,1.2794286778776294,0.47255692752737366
1186,3.006650541357046,1.3144163351747566,0.48170368706989297
1187,3.056226061841147,1.350070638061551,0.49086156198617403
1188,3.105798814134926,1.386391544246256,0.5000242951913159
1189,3.1553743346190273,1.4233790960206534,0.5091857576926739
1190,3.2049470869128065,1.4610332510929362,0.5183399121049985
1191,3.291148533552759,1.4998627451737372,0.5276010288520379
1192,3.3773472120023897,1.5398675398159614,0.5369562652751431
1193,3.4635486586423427,1.5808687022729626,0.546352289915073
1194,3.5497501052822953,1.62286623254469,0.5557790104991015
1195,3.635948783731926,1.6658600921840996,0.5652264882339383
1196,3.722150230371879,1.7098503196382606,0.5746849794557379
1197,3.808351677011832,1.7548369149071732,0.5841449252625548
1198,3.8945503554614627,1.8008198395437678,0.5935969670474359
1199,3.9807518021014157,1.8477991319950888,0.6030319840894718
1200,4.066950480551046,1.8957747538141172,0.6124410748735843
1201,4.153151927190999,1.9447467434478716,0.6218156000372552
1202,4.2393533738309515,1.9947151008963777,0.6311471704656856
1203,4.325552052280583,2.045679787712566,0.6404276584590685
1204,4.411753498920535,2.097640842343506,0.6496492281802575
1205,4.357472054888331,2.1486471135298566,0.6584712980389411
1206,4.303190610856127,2.1986986012716443,0.6669122468137008
1207,4.248909166823923,2.247905475698973,0.6750073583057525
1208,4.194627722791719,2.2962677368118674,0.6827717930632468
1209,4.140346278759514,2.3437853807655906,0.690219931699782
1210,4.086067602917633,2.390458449851925,0.6973654251573023
1211,4.031786158885429,2.4362869056237995,0.7042212152298607
1212,3.9775047148532243,2.481270744236503,0.7107995903249833
1213,3.9232232708210204,2.5254099695347727,0.7171122165160634
1214,3.868941826788816,2.5687045815185834,0.7231701691847989
1215,3.814660382756612,2.611154576343248,0.7289839644743441
1216,3.7603789387244078,2.652759957853454,0.7345635904198093
1217,3.706097494692204,2.6935207260492007,0.739918533154576
1218,3.65181605066,2.733436877085776,0.7450578031510191
1219,3.6782993274745284,2.7736301470418616,0.7501301442134665
1220,3.7047798360987354,2.814100497470387,0.755135491693834
1221,3.731263112913264,2.8542411602762363,0.7600010138773718
1222,3.757746389727793,2.8940521354593836,0.7647310774258811
1223,3.7842268983519993,2.9335333884174464,0.7693298922629644
1224,3.8107101751665278,2.9726849537528324,0.7738015294633881
1225,3.837190683790735,3.011506793018447,0.7781499102288242
1226,3.8636739606052637,3.0499989485060723,0.7823788287211271
1227,3.89015446922947,3.0881613779239263,0.7864919386532693
1228,3.916637746043999,3.1259941235637903,0.7904927767684087
1229,3.9431182546682053,3.163497143133883,0.7943847492940967
1230,3.969601531482734,3.2006704750812736,0.7981711539537777
1231,3.9960820401069412,3.237514084803605,0.8018551682901653
1232,4.02256531692147,3.27402800690326,0.8054398683309492
1233,4.038803521352747,3.310069948708209,0.8089146274988871
1234,4.0550444939743455,3.3456399525102825,0.8122830388241612
1235,4.071282698405623,3.380426654568838,0.8155198348576789
1236,4.087523671027222,3.414430089486233,0.8186298021960129
1237,4.1037618754585,3.4476502226601093,0.8216174917073319
1238,4.120002848080098,3.480087092537562,0.8244872424751297
1239,4.136241052511376,3.511740660671472,0.8272431786590653
1240,4.152482025132975,3.542610965508958,0.8298892328691653
1241,4.168722997754574,3.5726980032053084,0.8324291448936632
1242,4.184961202185851,3.602001739158115,0.8348664716414542
1243,4.201202174807451,3.630522211814499,0.8372046039992483
1244,4.217440379238727,3.6582593827273637,0.8394467621421863
1245,4.2336813518603265,3.6852132864990685,0.8415960151836778
1246,4.249919556291603,3.71138388852728,0.8436552765960891
1247,4.216958714122628,3.7360878687202836,0.8455745671399364
1248,4.183997871953651,3.759325227078105,0.8473584037217452
1249,4.151034261594353,3.78141622399749,0.849035129057667
1250,4.118073419425376,3.8023609017702205,0.8506078350180385
1251,4.0851125772564005,3.822159260396322,0.8520793991913604
1252,4.052151735087424,3.8408112960310823,0.8534524966324226
1253,4.019188124728125,3.8583169740721184,0.8547296060183227
1254,3.9862272825591494,3.8746763252771013,0.8559130241293657
1255,3.953266440390173,3.8898893765589895,0.8570048675738434
1256,3.920305598221197,3.9039560894706886,0.8580070747400894
1257,3.887341987861898,3.9168764640121987,0.8589214190307805
1258,3.854381145692922,3.9286505001835192,0.8597495112997666
1259,3.821420303523946,3.9392781979846756,0.8604928045818274
1260,3.7884594613549694,3.9487595958627377,0.8611526010113162
1261,3.741494344344904,3.956900151553378,0.8617165999085372
1262,3.6945292273348387,3.963699903503665,0.8621859480035078
1263,3.647564110324773,3.968650119847704,0.8625266309023867
1264,3.600598993314707,3.9717508390325897,0.8627395989277045
1265,3.5536338763046413,3.9730020226112277,0.8628254410537496
1266,3.506668759294576,3.9724036705836423,0.8627843955764053
1267,3.45970364228451,3.9699558213968533,0.8626163512077134
1268,3.4127385252744453,3.965658436603841,0.8623208386370378
1269,3.3657734082643795,3.959511516204581,0.8618970362780374
1270,3.318811059444636,3.951515137093212,0.8613437691544794
1271,3.271845942434571,3.94166922237562,0.8606594874797348
1272,3.2248808254245054,3.929973810498849,0.8598422780657912
1273,3.1779157084144396,3.9164288630158555,0.8588898420407369
1274,3.130950591404374,3.901034379926614,0.8577994921105071
1275,3.1852348036269005,3.8851966403619826,0.8566689544230395
1276,3.239519015849427,3.8689156058748924,0.8554974035295493
1277,3.293805996262276,3.854142466171753,0.8544260731497488
1278,3.3480902084848028,3.8408771828054946,0.8534573243240495
1279,3.4023744207073294,3.8291197557761176,0.8525933047426021
1280,3.4566586329298556,3.8188701850835716,0.851835938057546
1281,3.5109428451523823,3.8101284707279066,0.8511869167474448
1282,3.5652298255652313,3.8028946127091228,0.8506476958155846
1283,3.619514037787758,3.7971686110272205,0.8502194873550093
1284,3.6737982500102846,3.7929504656821993,0.8499032560086911
1285,3.728082462232811,3.790240176674009,0.8496997153486341
1286,3.7823666744553375,3.7890377440027,0.8496093251929517
1287,3.8366508866778637,3.789343167668272,0.8496322898750015
1288,3.890937867090713,3.7911564861177944,0.8497685603617107
1289,3.8491105113190467,3.793142778015383,0.8499176880423356
1290,3.8072831555473807,3.7953020433610365,0.8500796343729331
1291,3.7654585679660366,3.7965125883678814,0.850170349591467
1292,3.7236312121943707,3.7967744130358927,0.850189962856868
1293,3.6818066246130265,3.796087517365044,0.8501385020873473
1294,3.63997926884136,3.7944518629082924,0.8500158911434188
1295,3.5981519130696933,3.7918674881127066,0.8498219582962795
1296,3.55632732548835,3.788334392978287,0.8495564271744342
1297,3.514499969716683,3.783852577505033,0.8492189189870473
1298,3.4726726139450173,3.778422003245876,0.8488089487167748
1299,3.430848026363673,3.7720427470949796,0.8483259355882311
1300,3.3890206705920067,3.764714732158154,0.847769181330449
1301,3.347196083010663,3.7564380353295643,0.8471378918163726
1302,3.3053687272389967,3.7472125797150713,0.8464311517726772
1303,3.2583177963289365,3.73696585410706,0.8456423438987958
1304,3.2112668654188763,3.7256978200584094,0.8447702358074506
1305,3.1642159345088157,3.7135507702411257,0.843824575128155
1306,3.1171650035987555,3.700524666208139,0.8428040767903342
1307,3.0701140726886953,3.6866195464065186,0.8417073546225572
1308,3.023063141778634,3.67183537238917,0.8405329061503863
1309,2.976012210868574,3.6561721826032123,0.8392791213134165
1310,2.928961279958514,3.639629938601527,0.8379442665543726
1311,2.8819103490484532,3.622208678831208,0.8365264931543457
1312,2.834859418138393,3.6039083648451853,0.8350238205416564
1313,2.787808487228333,3.5847289966434346,0.8334341410167445
1314,2.7407586635944012,3.564670628051898,0.8317552162695633
1315,2.693707732684341,3.5437332052446333,0.8299846586251879
1316,2.646657078593313,3.5219167705134473,0.8281199424513661
1317,2.6551977761950547,3.499993387518114,0.8262254820100784
1318,2.663738473796797,3.477963094705678,0.8243007491065546
1319,2.672279448217571,3.456509216012541,0.8224058890441596
1320,2.6808201458193133,3.4356317475939906,0.8205423216024319
1321,2.6893611202400876,3.415330731741834,0.8187114586408464
1322,2.6979018178418293,3.3956061261642896,0.8169146905820415
1323,2.7064425154435714,3.376457930861332,0.8151533960017963
1324,2.7149834898643457,3.357886149677673,0.8134289364809169
1325,2.723524187466088,3.3398908172156956,0.8117426574113575
1326,2.732065161886862,3.322471898873017,0.8100958768982093
1327,2.7406058594886042,3.305629390804926,0.8084898933286694
1328,2.749146557090346,3.289363293011446,0.8069259812005856
1329,2.7576875315111202,3.2736736477843604,0.8054053931984794
1330,2.7662282291128624,3.2585604128318613,0.8039293462546937
1331,2.7097449664982105,3.243120477595388,0.8024098293930703
1332,2.6532617038835586,3.2273538420749395,0.8008460073376437
1333,2.5967784412689072,3.211455010087775,0.7992565401053555
1334,2.5402951786542554,3.195423981633894,0.7976410120521484
1335,2.4838119160396035,3.1792607567132714,0.795998999014162
1336,2.427328653424952,3.1629653353259073,0.7943300681265688
1337,2.3708453908103,3.1465377174718268,0.7926337776380544
1338,2.3143621281956483,3.1299779031510044,0.7909096767208287
1339,2.257878865580997,3.113285892363466,0.7891573052760829
1340,2.201395602966345,3.0964616851091855,0.7873761937347374
1341,2.144912340351693,3.0795052813881636,0.7855658628534021
1342,2.0884290777370413,3.062416642753356,0.7837258193478462
1343,2.0319458151223895,3.0451958076518064,0.7818555680797186
1344,1.9754625525077378,3.0278427760835154,0.7799545995067241
1345,1.9679059465656137,3.0110370849467167,0.7780978017211772
1346,1.9603496174425221,2.9947787380861226,0.7762865683259782
1347,1.95279328831943,2.9776614948179687,0.7743636727797697
1348,1.9452369591963383,2.95968535514223,0.7723264962849414
1349,1.9376803532542142,2.9408502767671254,0.7701722441866624
1350,1.9301240241311224,2.921156301984436,0.7678979540969016
1351,1.9225676950080306,2.9006034307941615,0.7655004746981692
1352,1.9150113658849386,2.879191663196328,0.7629764632503707
1353,1.9074547599428144,2.8569209953461976,0.760322377378879
1354,1.8998984308197229,2.833791392641413,0.7575344635219872
1355,1.8923421016966309,2.8098028935290436,0.7546087606381481
1356,1.8847857725735393,2.784955498009089,0.7515410775209639
1357,1.8772294434504473,2.7592492060815754,0.7483269873876167
1358,1.8696728375083234,2.7326840139017654,0.7449618167889738
1359,1.8414209638968044,2.7049724871964775,0.7414034732213435
1360,1.8131690902852855,2.676114587518618,0.7376451477682393
1361,1.7849172166737668,2.647445236204097,0.7338572920744018
1362,1.756665343062248,2.6189644332529145,0.7300401991006977
1363,1.7284134694507292,2.5906721402179755,0.726194169087965
1364,1.7001615958392104,2.5625683955463754,0.7223195252624776
1365,1.6719094454086594,2.534653156946332,0.7184165924461668
1366,1.6436575717971404,2.5069264667096274,0.7144857199232088
1367,1.6154056981856217,2.4793883248362363,0.7105272639561084
1368,1.587153824574103,2.4520386928790887,0.7065415879772338
1369,1.558901950962584,2.42487760928528,0.7025290793959527
1370,1.5306500773510654,2.3979050740548096,0.6984901330136195
1371,1.5023982037395467,2.3711210487405827,0.6944251506641691
1372,1.4741463301280278,2.3445255717896947,0.6903345587000056
1373,1.4157114933360744,2.3176993969331203,0.6861530080018088
1374,1.3572766565441214,2.2906425626179296,0.6818783051843876
1375,1.2988418197521683,2.2634276184988065,0.6775198868340655
1376,1.2404069829602151,2.236054564575776,0.6730759121516198
1377,1.181972422987294,2.208523404693551,0.6685444952499372
1378,1.123537586195341,2.1808341350073936,0.6639237020294235
1379,1.0651027494033878,2.1529867555173294,0.6592115507880086
1380,1.0066679126114344,2.124981266223358,0.6544060102978805
1381,0.9482333526385136,2.0968176709701662,0.6495049991379942
1382,0.8897985158465603,2.0684959659130677,0.644506382311598
1383,0.8313636790546072,2.0400161510520625,0.6394079718089899
1384,0.772928842262654,2.0113782263871247,0.6342075244901338
1385,0.7144940054707007,1.9825821919182798,0.6289027405795435
1386,0.6560594454977797,1.953628036111392,0.6234912599455914
1387,0.6346923380371353,1.9250306000746302,0.6180689942993937
1388,0.613325507395523,1.896789883807969,0.6126377363047734
1389,0.5919583999348786,1.868133781359903,0.6070476379743799
1390,0.5705915692932664,1.8390622965751189,0.6012940687721748
1391,0.5492244618326219,1.8095754217642177,0.5953722259407198
1392,0.5278576311910097,1.7796731646165982,0.5892771333488062
1393,0.5064905237303652,1.7493555174428619,0.5830036285255988
1394,0.48512369308875297,1.718622487932382,0.5765463618508824
1395,0.4637565856281085,1.687474072240497,0.5698997836285933
1396,0.4423897549864963,1.6559102703671822,0.5630581395489513
1397,0.42102264752585183,1.6239310823124622,0.5560154618559774
1398,0.3996558168842396,1.591536508076312,0.5487655609539692
1399,0.3782887094235951,1.5587265476587566,0.5413020166473506
1400,0.3569218787819829,1.525501204904458,0.5336181698934348
1401,0.3614744445862239,1.4922204675860433,0.525792473647559
1402,0.36602701039046504,1.4588843395482247,0.5178221115161453
1403,0.3705795761947061,1.4263959313495636,0.5099255524657118
1404,0.3751321419989472,1.3947552429900598,0.5021107526124688
1405,0.3796847078031882,1.3639622744696882,0.494385691866304
1406,0.38423727360742926,1.334017025788474,0.486758360677472
1407,0.38879011623070253,1.3049195007911294,0.4792367475533842
1408,0.3933426820349436,1.2766696956329422,0.47182882239954116
1409,0.3978952478391846,1.2492676103138871,0.4645425256128969
1410,0.40244781364342574,1.2227132448339892,0.45738575312271257
1411,0.4070003794476668,1.197006599193249,0.45036634230227324
1412,0.4115529452519079,1.1721476733916663,0.4434920578142294
1413,0.4161055110561489,1.148136467429241,0.436770577424864
1414,0.4206583536794222,1.1249729851506598,0.4302094789185148
1415,0.4177138296334711,1.102553096463301,0.42378622398806787
1416,0.4147695824065522,1.0808768052119022,0.41750716998545956
1417,0.41182505836060107,1.059264570653517,0.41117855183883323
1418,0.40888081113368224,1.0377163927881208,0.4048002386339675
1419,0.40593656390676336,1.0162322716157126,0.3983721028371495
1420,0.4029920398608122,0.9948122032916066,0.39189401917922373
1421,0.40004779263389334,0.9734561955052262,0.38536586937207806
1422,0.39710354540697446,0.9521642444118343,0.3787875351852955
1423,0.3941590213610233,0.9309363461667444,0.3721589019308499
1424,0.3912147741341045,0.9097725046146429,0.36547986095472307
1425,0.3882705269071856,0.8886727236002672,0.35875030735295954
1426,0.3853260028612345,0.8676369954341681,0.3519701362883917
1427,0.3823817556343156,0.8466653239610827,0.3451392504009052
1428,0.37943750840739665,0.8257577091809859,0.3382575549683996
1429,0.3758972698040622,0.8049058734358773,0.3313221916420709
1430,0.37235703120072766,0.7841098205704939,0.3243329881263617
1431,0.3688167925973932,0.7636569848579913,0.3173878836874945
1432,0.36527655399405873,0.7435473662983946,0.31048972733906344
1433,0.36173631539072426,0.7237809648916785,0.30364137284050696
1434,0.35819607678738974,0.7043577806378684,0.2968456767765545
1435,0.3546561150030875,0.6852778173816508,0.2901054979795946
1436,0.35111587639975306,0.666541071278314,0.2834236914992333
1437,0.34757563779641854,0.6481475461725696,0.2768031120546094
1438,0.34403539919308407,0.6300972382197314,0.27024660655387
1439,0.3404951605897496,0.612390147419799,0.2637570162034516
1440,0.33695492198641513,0.5950262737727472,0.2573371731204722
1441,0.3334146833830806,0.5780056172785761,0.2509898982994837
1442,0.32987444477974615,0.5613281779373109,0.24471799957088436
1443,0.3320743256289681,0.5450736796302004,0.23855462284841034
1444,0.33427420647819,0.5292421223572698,0.23250327081543032
1445,0.3364740873274119,0.5142527139404743,0.22672950052534913
1446,0.3386736913576016,0.5001054505351021,0.22124027832575544
1447,0.3408735722068235,0.4868003359858398,0.21604226379995606
1448,0.3430734530560454,0.47433737029271267,0.21114179186866777
1449,0.3452733339052674,0.4627165496110087,0.2065448598811246
1450,0.3474729379354571,0.45193787394072793,0.20225711840842464
1451,0.34967281878467893,0.44200134712655703,0.1982838597165385
1452,0.3518726996339009,0.43290696916852134,0.194630003828402
1453,0.35407258048312285,0.42465473622190886,0.1913000883347764
1454,0.35627218451331244,0.4172446482867195,0.18829826209028344
1455,0.3584720653625344,0.41067670920764004,0.1856282766318661
1456,0.36067194621175636,0.4049509189846958,0.18329347525509243
1457,0.3754449475053799,0.40024190429072504,0.18136826817454
1458,0.3902179487990034,0.39654966128101576,0.17985557865515922
1459,0.4049909500926269,0.39335936422622175,0.1785462825059111
1460,0.41976395138625044,0.39067100928165627,0.17744136048505377
1461,0.434536952679874,0.388484600292006,0.1765416439856221
1462,0.4493102307925298,0.38680013725729623,0.17584780926123578
1463,0.4640832320861533,0.38561762017747647,0.17536037815557404
1464,0.47885623337977684,0.3849370452078852,0.1750797158625692
1465,0.49362923467340036,0.38475841619320916,0.17500603522347236
1466,0.5084022359670239,0.38508172928876166,0.17513939012061774
1467,0.5231752372606474,0.38590698833920417,0.17547968175043094
1468,0.537948238554271,0.38723418949987515,0.17602665240702486
1469,0.5527212398478946,0.3890633366154614,0.17677989214398304
1470,0.567494241141518,0.39139442584127615,0.1777388329532249
1471,0.578679944596326,0.39417763744088713,0.17888230054963905
1472,0.5898656480511341,0.3974129675696329,0.18020952017793856
1473,0.6010513515059421,0.4007404246101992,0.18157229502184202
1474,0.6122373317797823,0.40416001240727284,0.18297044210591906
1475,0.6234230352345904,0.40767172711616695,0.18440377073539005
1476,0.6346087386893984,0.41127556873688165,0.1858720872614068
1477,0.6457944421442064,0.41497153726939157,0.18737519354871723
1478,0.6569801455990144,0.4187596327137221,0.1889128870202471
1479,0.6681658490538225,0.42263985122516107,0.19048495914638297
1480,0.6793515525086306,0.4266121966483954,0.19209120016609327
1481,0.6905372559634385,0.43067666898345025,0.1937313944536051
1482,0.7017229594182465,0.4348332682303256,0.19540532212875295
1483,0.7129086628730545,0.4390819943890215,0.19711275910609805
1484,0.7240943663278626,0.4434228474595127,0.19885347714489265
1485,0.7307812068706844,0.4477933432347072,0.200602269423383
1486,0.7374677705944739,0.45219347402518095,0.20235906346794774
1487,0.7441543343182634,0.45672736992358093,0.2041652259415624
1488,0.750840898042053,0.4613950270851951,0.20602040220910467
1489,0.7575274617658426,0.46619644935471016,0.20792423168360286
1490,0.7642143023086643,0.4711316367321514,0.20987634335073724
1491,0.7709008660324539,0.47620058537280685,0.21187635590756548
1492,0.7775874297562434,0.4814032991213632,0.213923882438654
1493,0.784273993480033,0.4867397741331085,0.2160185244740498
1494,0.7909608340228547,0.49221001425277994,0.2181598781696421
1495,0.7976473977466443,0.4978140194803523,0.22034752990032913
1496,0.8043339614704339,0.5035517859711389,0.22258105641371329
1497,0.8110205251942233,0.5094233137251144,0.22486002796758164
1498,0.817707365737045,0.515428610431728,0.2271840099318132
1499,0.8422537397829815,0.5218157213226833,0.22964810394059532
1500,0.8668003906479498,0.5285846502426921,0.2322509254914652
1501,0.8913470415129183,0.5357436748497801,0.23499418006386774
1502,0.9158936923778868,0.5432927951438968,0.2378762977589044
1503,0.9404403432428553,0.5512320111250928,0.24089563334297803
1504,0.9649867172887915,0.5595613189486307,0.24405046635931193
1505,0.98953336815376,0.5682807224592479,0.24733900713079027
1506,1.0140800190187287,0.5773902216568937,0.2507593940698877
1507,1.038626669883697,0.5868898126969069,0.2543096954657801
1508,1.0631730439296334,0.5967794955792619,0.25798791418693
1509,1.0877196947946017,0.6070592741486962,0.26179198951810023
1510,1.1122663456595703,0.6177291484051592,0.26571979622470965
1511,1.1368129965245386,0.6287891183487014,0.2697691479701668
1512,1.1613596473895071,0.6402391839792977,0.2739377993418609
1513,1.175533058659296,0.6519352725248003,0.2781714518765823
1514,1.1897064699290847,0.6638773839852092,0.2824686880790338
1515,1.203880158017906,0.6759857983239626,0.2867996477995223
1516,1.2180535692876946,0.6882605116963229,0.2911634080755078
1517,1.2322269805574833,0.7007015241022904,0.29555904477581896
1518,1.2464003918272721,0.7133088393865769,0.29998563288075264
1519,1.2605740799160934,0.7260824575492077,0.3044422440860143
1520,1.274747491185882,0.739022374745471,0.3089279471650319
1521,1.2889209024556707,0.7521285909753411,0.31344181097039203
1522,1.303094590544492,0.7654011139282425,0.317982906018732
1523,1.3172680018142806,0.7788399359147762,0.3225502969043823
1524,1.3314414130840695,0.792445056934917,0.3271430505492038
1525,1.3456151011728905,0.8062164808333768,0.33176023514172137
1526,1.3597885124426794,0.8201542076101558,0.3364009178505585
1527,1.4122758923269272,0.8347903718735729,0.3412394644019847
1528,1.4647635490302076,0.8501249774682896,0.3462710668400404
1529,1.5172509289144558,0.8659833938767557,0.3514341231349386
1530,1.569738585617736,0.8823656249436832,0.35672490288753167
1531,1.622225965501984,0.8992716668243853,0.36213960322456473
1532,1.674713622205264,0.9167015233635488,0.36767435830139616
1533,1.7272010020895123,0.9346551907164616,0.37332523896109826
1534,1.7796886587927923,0.9531326688831238,0.3790882610482469
1535,1.8321760386770405,0.9721339578635606,0.38495938882923053
1536,1.8846636953803209,0.9916590615024587,0.3909345408449755
1537,1.9371510752645686,1.0117079759551062,0.397009591074452
1538,1.989638731967849,1.032280705066215,0.403180378349949
1539,2.042126111852097,1.0533772449910985,0.40944270640927316
1540,2.0946137685553774,1.0749975995744434,0.41579235321520214
1541,2.0739370477611425,1.0961255969065558,0.4219314382809176
1542,2.05326060378594,1.1167612408321728,0.42786518248405503
1543,2.032583882991706,1.1369543510876763,0.4336127092737101
1544,2.0119071621974713,1.156704927673041,0.43917842032314336
1545,1.991230718222269,1.1760129744329788,0.4445665545306754
1546,1.9705539974280342,1.1948784836780912,0.4497811890817719
1547,1.9498772766337997,1.21330145925309,0.4548262510024874
1548,1.9292008326585974,1.231281905002662,0.4597055187955008
1549,1.908524111864363,1.2488198170821205,0.4644226250742707
1550,1.8878473910701286,1.2659151954914403,0.46898106420530894
1551,1.8671709470949263,1.282568044075333,0.47338419655887254
1552,1.8464942263006914,1.2987783589891124,0.47763524956584535
1553,1.825817505506457,1.3145461402327783,0.48173732471978303
1554,1.8051410615312546,1.3298713916510172,0.4856934012954158
1555,1.8589701832647763,1.345788912767552,0.48977039892371743
1556,1.9127995818173302,1.362298707427145,0.493964955260049
1557,1.9666289803698844,1.3794632598368632,0.49828930485937917
1558,2.0204583789224384,1.3972825738414183,0.5027395206803051
1559,2.0742877774749924,1.4157566494408356,0.5073115858462725
1560,2.128117176027547,1.4348854866350647,0.5120014006499987
1561,2.181946297761068,1.4546690815794439,0.516804787728782
1562,2.235775696313622,1.4751074342739483,0.521717500122536
1563,2.2896050948661766,1.4962005485632897,0.5267352274547574
1564,2.3434344934187306,1.5179484244474932,0.531853600352955
1565,2.3972638919712845,1.5403510619265337,0.5370681976860997
1566,2.4510932905238385,1.5634084571556994,0.5423745520014319
1567,2.5049224122573603,1.5871206101350153,0.5477681576361403
1568,2.5587518108099143,1.611487524709168,0.5532444769796647
1569,2.683690205545591,1.6374968258251608,0.5590167618168295
1570,2.8086280466432036,1.665148501948857,0.5650717704188915
1571,2.9335675486550095,1.6941945270720629,0.5713425927262574
1572,3.0585042824764934,1.7246348589030225,0.5778174305402335
1573,3.1834437844882992,1.75646953588878,0.5844842536052309
1574,3.3083805183097823,1.789698519582291,0.5913308031218439
1575,3.433320020321588,1.8243218484305999,0.598344661173669
1576,3.558256754143072,1.860339487831349,0.6055132570363255
1577,3.683196256154878,1.897751472386921,0.6128239331043508
1578,3.808132989976361,1.9365577636502218,0.62026395339873
1579,3.933072491988167,1.97675840006832,0.6278205691614512
1580,4.058009225809651,2.018353347038884,0.6354810258180666
1581,4.182948727821457,2.0613426391642458,0.6432326247662754
1582,4.307888229833263,2.1057262764444555,0.6510627380836982
1583,4.228969891931579,2.1486728999917784,0.6584757014189884
1584,4.150054322220218,2.1901825482533344,0.6654909264683755
1585,4.071138752508857,2.230399294001245,0.6721501818675617
1586,3.9922231827974963,2.269323137235511,0.6784690809235547
1587,3.9133076130861357,2.306954074111445,0.6844622765822463
1588,3.8343892751844524,2.3432920700266653,0.6901435133584736
1589,3.755473705473092,2.3783371634282653,0.6955256956348119
1590,3.6765581357617303,2.412089354316246,0.700620918395563
1591,3.5976425660503697,2.4445486388458955,0.7054405178141032
1592,3.5187269963390087,2.4757150208619,0.7099951147433591
1593,3.4398086584373258,2.5055884619171898,0.7142946462784461
1594,3.3608930887259647,2.534168996614148,0.7183484184366427
1595,3.281977519014604,2.5614566287974867,0.7221651243927008
1596,3.2030619493032426,2.587451358467206,0.7257528794472001
1597,3.294168629194512,2.6145146019119543,0.7294388926292331
1598,3.3852780772761037,2.6426464014235385,0.7332179379006887
1599,3.4763847571673736,2.671314580101858,0.7370147389608308
1600,3.5674942052489653,2.7005191725493205,0.7408270258339104
1601,3.6586008851402347,2.730260144163569,0.7446525397478287
1602,3.749710333221827,2.7605375295469607,0.7484890533075572
1603,3.8408170131130963,2.7913512940971135,0.7523343547373069
1604,3.931926461194688,2.822701472416409,0.7561862674010699
1605,4.023033141085958,2.854588029902465,0.7600426344473454
1606,4.11414258916755,2.887011001157665,0.7639013376651858
1607,4.205249269058819,2.9199703515796247,0.7677602825253734
1608,4.296358717140411,2.9534661157707283,0.7716174163628073
1609,4.3874681652220024,2.9874982975756867,0.7754707181243358
1610,4.478574845113272,3.0220668547027194,0.7793181985318126
1611,4.419017230326548,3.055079231348196,0.7829309157859284
1612,4.359459615539824,3.0865354236674296,0.7863182909064386
1613,4.2999020007531,3.1174516035701143,0.7895960031334636
1614,4.240344385966376,3.1478277672114876,0.7927674908798215
1615,4.180786771179652,3.1776639184363122,0.79583605567082
1616,4.1212291563929275,3.206960057244588,0.7988048665397313
1617,4.061674309796526,3.2357162182386725,0.8016769692236568
1618,4.002116695009802,3.263932366816208,0.8044552808791486
1619,3.9425590802230777,3.2916085029771693,0.8071426054416747
1620,3.883001465436354,3.3187446228768445,0.8097416343710144
1621,3.82344385064963,3.345340730359971,0.812254952186791
1622,3.7638862358629055,3.3713968254265487,0.8146850395753685
1623,3.7043286210761814,3.39691290423184,0.8170342774428344
1624,3.644771006289458,3.4218889706205826,0.8193049518216391
1625,3.677715239316499,3.447609772479053,0.8216138838684688
1626,3.7106594723435413,3.47407530596254,0.8239588761468465
1627,3.743606473560905,3.5002508099944407,0.826247847304087
1628,3.7765507065879467,3.5261362422829228,0.8284821817276871
1629,3.809494939614989,3.551731602827987,0.8306632260056627
1630,3.8424391726420306,3.5770368916296573,0.8327922864652856
1631,3.875383405669072,3.6020521086879094,0.8348706304381732
1632,3.908327638696114,3.6267772540027434,0.8368994874812904
1633,3.941271871723156,3.6512123314188707,0.8388800508651812
1634,3.9742188729405195,3.675357375538675,0.8408134808350378
1635,4.007163105967562,3.6992123479150854,0.8427008974001752
1636,4.040107338994603,3.722777248548078,0.8445433904047784
1637,4.073051572021645,3.746052077437677,0.8463420174159699
1638,4.105995805048687,3.769036834583858,0.8480978047118966
1639,4.020350764663539,3.790084450589499,0.8496880120555982
1640,3.934705724278391,3.8091949216098886,0.8511174383720274
1641,3.8490579157029208,3.825380584250954,0.8523174575041533
1642,3.763412875317773,3.838641484649214,0.853293420136132
1643,3.677767834932625,3.8489775997363975,0.8540496523738598
1644,3.592122794547478,3.856388967959598,0.854589497392819
1645,3.5064777541623298,3.8608755508717474,0.8549153299256306
1646,3.4208299455868594,3.862437348472819,0.8550285821454514
1647,3.3351849052017117,3.8610743607628137,0.8549297513425651
1648,3.2495398648165637,3.8567866261888515,0.8546184063602423
1649,3.1638948244314156,3.8495741063037863,0.8540931760534328
1650,3.0782470158559456,3.8394368011076696,0.8533517476169267
1651,2.9926019754707975,3.826374710600501,0.8523908468165116
1652,2.90695693508565,3.810387873229325,0.851206216738821
1653,2.9655152331659824,3.793479074692439,0.8499429220121492
1654,3.024076299436638,3.775648353436913,0.8485991277426731
1655,3.0826345975169707,3.7597270299033627,0.8473890665538573
1656,3.1411928955973036,3.7457150656446934,0.8463161229582383
1657,3.199753961867959,3.7336124991080246,0.845383318799837
1658,3.2583122599482914,3.7234192918462363,0.8445932873325255
1659,3.316870558028625,3.7151354438593294,0.8439482696556232
1660,3.3754316242992792,3.708761032041492,0.843450107207129
1661,3.4339899223796126,3.704295979498536,0.8431002150322625
1662,3.492548220459945,3.7017402862304607,0.8428995930153753
1663,3.5511092867306004,3.701093990684361,0.8428488181652649
1664,3.6096675848109334,3.7023570544131417,0.8429480328122172
1665,3.668228651081589,3.705529554310993,0.8431969590053715
1666,3.7267869491619217,3.7106114134837247,0.8435948787343692
1667,3.674612097965074,3.716064671524691,0.8440207566076308
1668,3.6224372467682264,3.7218893284339174,0.8444743585569514
1669,3.570265163761701,3.7257240025251375,0.844772267943217
1670,3.5180903125648535,3.7275686169041617,0.8449153695945196
1671,3.4659154613680063,3.7274232100180598,0.8449040939980426
1672,3.4137406101711587,3.725287743419762,0.8447384044942836
1673,3.3615685271646334,3.721162294003433,0.8444178120316802
1674,3.3093936759677858,3.715046784874883,0.8439413518083253
1675,3.2572188247709386,3.7069412544812317,0.8433075993928474
1676,3.2050467417644133,3.69684570282248,0.8425146516528923
1677,3.1528718905675657,3.684760129898627,0.8415601202116926
1678,3.100697039370718,3.670684497262553,0.8404411163873677
1679,3.048522188173871,3.654618843361378,0.8391542458022629
1680,2.9963501051673456,3.636563168195102,0.8376955820747878
1681,2.9853105621615605,3.6170887570415036,0.8361074712584775
1682,2.9742737873460983,3.5961956867947213,0.834386388174878
1683,2.9632370125306364,3.575976517103123,0.832703611560174
1684,2.952200237715174,3.556431247966657,0.8310606702344241
1685,2.9411634628997123,3.5375598793853493,0.8294590678299806
1686,2.93012668808425,3.519362411359225,0.8279002805081376
1687,2.9190899132687873,3.5018388438882337,0.8263857547002369
1688,2.9080531384533255,3.4849891769724004,0.8249169048780708
1689,2.897016363637863,3.468813372164656,0.8234951079652855
1690,2.885976820632079,3.4533114294649496,0.8221217078875581
1691,2.8749400458166163,3.4384833873204013,0.8207980135962163
1692,2.863903271001154,3.4243292457310366,0.8195252901870724
1693,2.852866496185692,3.410849004696805,0.81830476025386
1694,2.84182972137023,3.3980426642177313,0.8171376019331855
1695,2.791946931760341,3.3853706963105754,0.8159753104716134
1696,2.7420627580552903,3.372833081751777,0.8148180716946304
1697,2.692179691626369,3.3591450880338574,0.8135463402600193
1698,2.642296348378415,3.3443067113121288,0.8121578611126603
1699,2.5924130051304615,3.328317913139472,0.810650157526903
1700,2.5425296618825075,3.311178731963006,0.809020534269894
1701,2.492646318634554,3.2928891677827323,0.8072660587507312
1702,2.4427629753866,3.2734492205986245,0.8053835558132947
1703,2.392879632138646,3.252858890410683,0.8033695981654734
1704,2.3429962888906926,3.231118177218958,0.8012204959887175
1705,2.2931129456427386,3.2082270810234,0.7989322856838361
1706,2.2432296023947846,3.184185563376938,0.7965007137931059
1707,2.193346259146831,3.158993662726642,0.7939212355071378
1708,2.1434629158988776,3.1326513790725383,0.791188988967952
1709,2.103442634769683,3.105295699388484,0.7883132835153971
1710,2.0634220768214555,3.076926619829768,0.7852892080087904
1711,2.0234015188732286,3.049191213638222,0.7822909208667501
1712,1.9833809609250015,3.0220894808138734,0.7793206951031755
1713,1.9433604029767744,2.995621459803791,0.7763808125528726
1714,1.9033401218475792,2.969787116005591,0.7734735486788483
1715,1.8633195638993523,2.944586445574588,0.7706011810629576
1716,1.8232990059511254,2.9200194485107556,0.7677659835841044
1717,1.7832784480028983,2.896086124814095,0.7649702230423647
1718,1.7432578900546711,2.8727865129317,0.7622161607527032
1719,1.7032376089254762,2.8501205782611883,0.7595060364007165
1720,1.663217050977249,2.8280883169578477,0.7568420771555944
1721,1.623196493029022,2.8066897290217034,0.754226491550297
1722,1.5831759350807948,2.785924852899825,0.7516614707784848
1723,1.5770917295711626,2.766264988373425,0.7492082822732484
1724,1.5710075240615302,2.7477101354425537,0.7468707541975025
1725,1.5649233185518978,2.728257469961818,0.7443967228041408
1726,1.5588391130422652,2.7079069534841236,0.7417826164025724
1727,1.552754907532633,2.6866586244565647,0.7390246478245712
1728,1.5466707020230006,2.6645124828791418,0.7361187905856066
1729,1.5405862196943358,2.6414684864600733,0.7330607683306692
1730,1.5345020141847037,2.6175266774911403,0.7298460611987414
1731,1.5284178086750713,2.5926870559723434,0.7264698780232471
1732,1.5223336031654389,2.5669495834565876,0.7229271446652112
1733,1.5162493976558062,2.5403142983909675,0.7192125072175402
1734,1.510165192146174,2.5127812007755086,0.7153203028528672
1735,1.5040809866365417,2.4843502521630905,0.7112445451535763
1736,1.4979967811269093,2.4550214910008084,0.7069789253739716
1737,1.4708106607895197,2.4245017966911746,0.7024731774847851
1738,1.4436248172711623,2.392791211526022,0.6977182065473058
1739,1.4164389737528047,2.3614276959119707,0.6929405334255816
1740,1.3892531302344475,2.330411249848996,0.6881414704473388
1741,1.36206728671609,2.2997418348900283,0.6833223556996899
1742,1.3348814431977325,2.269419489482137,0.6784845706636404
1743,1.307695599679375,2.2394442136253474,0.6736295218452883
1744,1.2805097561610177,2.2098160073196595,0.6687586461674122
1745,1.253323635823628,2.1805348282732413,0.6638734033162458
1746,1.2261377923052708,2.1516007187779502,0.6589752962776245
1747,1.1989519487869131,2.1230136788337353,0.6540658498134122
1748,1.1717661052685557,2.0947736699935025,0.6491466099701975
1749,1.1445802617501986,2.066880730704371,0.6442191634418231
1750,1.117394418231841,2.039334860966341,0.6392851169983385
1751,1.0940679856609923,2.012189663709225,0.6343559032214745
1752,1.0707415530901436,1.9854451004859281,0.6294335693220758
1753,1.047415120519295,1.9585298860186715,0.6244129246849275
1754,1.0240886879484465,1.9314439818603861,0.6192917674015952
1755,1.00076253219663,1.9041873918557333,0.6140678475909593
1756,0.9774360996257814,1.8767601121600517,0.6087388566313818
1757,0.9541096670549326,1.8491621427733156,0.6033024277667414
1758,0.930783234484084,1.8213934836955257,0.597756133758142
1759,0.9074568019132353,1.7934541349267066,0.5920974852090969
1760,0.8841303693423866,1.7653440964668334,0.5863239288406423
1761,0.8608039367715379,1.737063368315906,0.5804328457148373
1762,0.8374777810197215,1.7086119927657566,0.574421558404202
1763,0.8141513484488729,1.6799899275245531,0.5682873023686217
1764,0.7908249158780243,1.65119717259227,0.5620272505006741
1765,0.7672244324652566,1.622229921707281,0.5556376566991432
1766,0.743623949052489,1.5930881748695356,0.5491155079336523
1767,0.7200234656397215,1.5643114600622994,0.5425811239190006
1768,0.6964232590459861,1.5358998003538191,0.5360367350131194
1769,0.6728227756332185,1.5078531765205854,0.529484599484798
1770,0.6492222922204509,1.480171592407285,0.5229270172856575
1771,0.6256218088076834,1.4528550480139175,0.5163663227444111
1772,0.6020213253949158,1.425903543340458,0.5098048842216547
1773,0.5784211188011804,1.3993170822316694,0.5032451037920942
1774,0.5548206353884128,1.3730956608428135,0.49668941308467696
1775,0.5312201519756452,1.3472392791738912,0.49014027473010735
1776,0.5076196685628777,1.3217479372248766,0.48360018001844873
1777,0.48401918515011,1.2966216349958206,0.47707164744164987
1778,0.4604189785563747,1.2718603763314098,0.4705572222099742
1779,0.45560011284311747,1.2477250131883264,0.46412936871929533
1780,0.4507815239488925,1.2242155494112315,0.4577931860148611
1781,0.44596293505466744,1.2011949980262924,0.45151618037218266
1782,0.44114406934141026,1.178663359033534,0.4453021231633374
1783,0.4363254804471852,1.1566206362776181,0.43915478360828686
1784,0.43150661473392804,1.1350668259138577,0.4330779218225216
1785,0.42668802583970306,1.114001931786965,0.4270752893309928
1786,0.42186943694547807,1.0934259500522028,0.4211506209295739
1787,0.41705057123222083,1.073338880709596,0.4153076341174532
1788,0.4122319823379959,1.0537407276038568,0.40955002531086804
1789,0.40741339344377087,1.0346314907349854,0.40388146375056366
1790,0.4025945277305137,1.0160111662582443,0.398305587584865
1791,0.39777593883628865,0.9978797541736841,0.39282600228904785
1792,0.39295734994206366,0.9802372583259916,0.3874462768614173
1793,0.3807219487169965,0.9629806674327787,0.38213811509884155
1794,0.3684868243109616,0.9461099853387572,0.37690419546611054
1795,0.35625142308589436,0.9291538699709084,0.37159909660194845
1796,0.34401629867985944,0.9121123251739189,0.36622175852661254
1797,0.3317808974547923,0.8949853471031273,0.36077110048925476
1798,0.3195457730487573,0.8777729396032201,0.35524602547855244
1799,0.30731037182369014,0.8604750988294856,0.3496454149788486
1800,0.2950752474176552,0.8430918286266357,0.3439681335506153
1801,0.282839846192588,0.8256231289946704,0.33821302475942283
1802,0.2706046110589402,0.8080689983957099,0.3323789115203988
1803,0.25836934824338914,0.7904294364452653,0.3264645966032508
1804,0.24613408542783805,0.772704443143362,0.3204688620013888
1805,0.233898822612287,0.7548940184899998,0.31439046841157836
1806,0.22166355979673594,0.7369981624851284,0.3082281548316489
1807,0.22615721851091608,0.7192492212611543,0.3020617244894225
1808,0.23065087722509617,0.7016471948180778,0.2958920506323214
1809,0.23514453593927626,0.684485165306291,0.2898240925439709
1810,0.23963822233535959,0.6677631292655204,0.2838614066579114
1811,0.2441318810495397,0.6514810863113022,0.278007510974829
1812,0.24862553976371982,0.6356390364436619,0.27226588068929036
1813,0.2531191984778999,0.6202369796625741,0.2666399446332761
1814,0.25761285719208,0.6052749159680642,0.26113308187874196
1815,0.2621065159062601,0.5907528453601066,0.2557486183684047
1816,0.26660017462044017,0.5766707678387016,0.2504898235795746
1817,0.27109383333462034,0.5630286872485866,0.24535990867629454
1818,0.2755874920488004,0.5498265997450239,0.24036201892021059
1819,0.28008106771727087,0.5370645041746229,0.2354992343332124
1820,0.28457494788667675,0.5247424047665592,0.23077456760901638
1821,0.3033994725361845,0.5130593382496803,0.2262679617335086
1822,0.3222239971856923,0.5020153046240365,0.22198358208820745
1823,0.34104879865423227,0.49155670480450275,0.21790444468331893
1824,0.35987332330374006,0.48168353494634175,0.21403401806713696
1825,0.37869812477228004,0.47239579889429073,0.2103756077613942
1826,0.39752264942178783,0.46369349280363775,0.20693234553444995
1827,0.4163471740712956,0.45557661282969597,0.20370718792567077
1828,0.4351719755398356,0.44804516666183897,0.20070291662499673
1829,0.4539965001893434,0.44109915045537995,0.19792212531728348
1830,0.4728213016578834,0.43473856805503097,0.19536722359825787
1831,0.4916458263073912,0.42896341561605467,0.19304042734368743
1832,0.510470350956899,0.4237736931384764,0.19094376012353975
1833,0.5292951524254389,0.4191694044670082,0.18907905029158878
1834,0.5481196770749467,0.41515054191220063,0.18744792210058991
1835,0.5409060499137697,0.411355468321416,0.1859046108527399
1836,0.5336921459335604,0.4077841798499675,0.1844496274590286
1837,0.5264785187723833,0.4044404866042189,0.18308501192682736
1838,0.519264614792174,0.4013243847394834,0.1818112247129957
1839,0.512050987630997,0.3984358781004731,0.18062869913060597
1840,0.5048370836507877,0.39577495899776394,0.1795378332417018
1841,0.49762345648961065,0.3933416351207547,0.1785390006538391
1842,0.4904095525094014,0.39113590262475856,0.1776325392826663
1843,0.4831959253482243,0.3891577653544876,0.1768187590448006
1844,0.475982021368015,0.3874072194652298,0.17609793536335216
1845,0.4687683942068379,0.3858842649569599,0.17547031375203304
1846,0.46155449022662864,0.38458890182970307,0.17493610809668336
1847,0.45434086306545163,0.38352113392817144,0.17449550212067577
1848,0.44712695908524236,0.382680957407653,0.17414864452202383
1849,0.46776077292947943,0.38245514612680787,0.17405539598179576
1850,0.48839458677371667,0.38284369624092407,0.17421584083114738
1851,0.5090284006179537,0.3835857557933448,0.17452217450994956
1852,0.529662214462191,0.38468132093935814,0.17497423305095705
1853,0.5502960283064281,0.38613039167896407,0.1755717769031424
1854,0.5709298421506653,0.3879329718568493,0.1763144911388973
1855,0.5915636559949025,0.39008905762835233,0.17720198097981543
1856,0.6121974698391396,0.39259865283816,0.17823377847950406
1857,0.6328312836833767,0.3954617536415349,0.17940933660789993
1858,0.653465097527614,0.3986783600385277,0.1807280344792379
1859,0.6740989113718511,0.4022484758737998,0.18218917788719724
1860,0.6947324483970561,0.40617209345795247,0.1837919936252077
1861,0.7153662622412931,0.4104492166356724,0.18553563960446373
1862,0.7360000760855303,0.4150798492517222,0.1874192008589156
1863,0.7431209688709066,0.4198763080022066,0.18936562108718602
1864,0.7502418616562827,0.42483859288712567,0.19137442735225307
1865,0.7573627544416589,0.43006971518886733,0.19348667342709958
1866,0.7644839240460674,0.4355696749074064,0.19570152204107227
1867,0.7716048168314436,0.44133847204276816,0.19801809685024307
1868,0.7787257096168199,0.44737610275024053,0.2004354814781234
1869,0.785846602402196,0.4536825708745103,0.20295272473848414
1870,0.7929674951875723,0.4602578725708908,0.2055688351039301
1871,0.8000883879729483,0.4671020116840686,0.20828278749271123
1872,0.8072092807583247,0.4742149843693571,0.2110935178215675
1873,0.8143301735437007,0.481596794471443,0.2139999297966706
1874,0.821451066329077,0.4892474396835193,0.2170008901533773
1875,0.8285719591144532,0.4971669203900749,0.22009523288517086
1876,0.8356928518998293,0.5053552365910845,0.22328175878358758
1877,0.8484926871316366,0.5138912624871763,0.22658973802347593
1878,0.8612925223634439,0.5227749980784009,0.23001750567769486
1879,0.8740923575952513,0.5317740972323514,0.23347429724960744
1880,0.8868921928270584,0.5408885599490532,0.23695958455688637
1881,0.8996920280588657,0.550118386228481,0.24047283688381793
1882,0.912491863290673,0.5594635756861963,0.24401352096970164
1883,0.9252916985224804,0.568924128706663,0.24758110157993096
1884,0.9380912569352552,0.5785000414451689,0.25117503976158895
1885,0.9508910921670626,0.5881913177464008,0.25479479745634326
1886,0.9636909273988699,0.5979979576103839,0.25843983328798403
1887,0.9764907626306771,0.6079199610371183,0.2621096041492863
1888,0.9892905978624843,0.617957328026604,0.26580356533548377
1889,1.0020904330942917,0.6281100585788155,0.2695211706775267
1890,1.014890268326099,0.6383781526937784,0.27326187267513513
1891,1.0549216222165834,0.6491398270618194,0.27716183028547625
1892,1.094952976107068,0.6603950774537629,0.2812182678212657
1893,1.1349843299975526,0.6719448671407362,0.2853571943048564
1894,1.1750156838880368,0.683789196122714,0.28957691926696516
1895,1.2150470377785214,0.6959280605549844,0.29387572514818683
1896,1.2550783916690058,0.7083614642822845,0.2982518725479013
1897,1.2951097455594904,0.7210894034598773,0.3027035959492327
1898,1.335141099449975,0.7341118819324746,0.3072291103125544
1899,1.3751724533404595,0.7474288997001016,0.3118266082095801
1900,1.415203807230944,0.7610404529180465,0.31649426106445555
1901,1.4552351611214285,0.7749465454309958,0.3212302243181162
1902,1.495266515011913,0.7891471733942379,0.32603263336475496
1903,1.5352978689023975,0.8036423406525096,0.33089961000350243
1904,1.5753292227928821,0.818432047205786,0.33582925973230926
1905,1.7167366890327251,0.8349242907697771,0.341283573167114
1906,1.858143878453536,0.8531190713444832,0.34724899755104377
1907,1.9995510678743469,0.8733780299272793,0.35382764990055693
1908,2.14095853411419,0.8957011742075641,0.36099984823695785
1909,2.2823657235350012,0.9200884964959388,0.3687442870703711
1910,2.423772912955812,0.9465400006371156,0.37703815142896235
1911,2.565180379195655,0.9750556866310691,0.385857223785423
1912,2.7065875686164658,1.0056355544778246,0.3951760029481842
1913,2.8479944812182447,1.038279596487958,0.4049678243905024
1914,2.9894019474580875,1.0729878241955804,0.4152049950778217
1915,3.1308094136979308,1.1097602337560046,0.425858913103202
1916,3.272216879937774,1.1485968290139175,0.4369002070999176
1917,3.4136243461776172,1.1894976061246325,0.4482988659014543
1918,3.55503181241746,1.2324625689328361,0.46002437777273264
1919,3.5518317844047504,1.2754832761736705,0.4715154131685634
1920,3.548631756392041,1.318559731691822,0.4827763291597771
1921,3.5454317283793304,1.361305161628631,0.4937135083129045
1922,3.542231700366621,1.4037195659840966,0.5043373788499939
1923,3.5390316723539113,1.4458029447581946,0.5146579953741579
1924,3.5358316443412012,1.4875552979509747,0.5246850532973995
1925,3.532631616328491,1.528976625562387,0.5344279026725871
1926,3.529431588315781,1.5700669275924812,0.5438955614557383
1927,3.526228792112749,1.610826165594113,0.5530967196321686
1928,3.5230287641000393,1.6512543780144016,0.5620397775295284
1929,3.5198287360873297,1.6913515648533475,0.5707328310397464
1930,3.5166287080746192,1.7311177261109252,0.579183691789058
1931,3.5134286800619097,1.7705528617871853,0.5873998979015427
1932,3.5102286520491996,1.8096569757267895,0.595388725103495
1933,3.5005095358272063,1.8483395211932627,0.6031392282143369
1934,3.490790419605213,1.8866004981865798,0.6106592088495256
1935,3.481068535192897,1.9246275477188293,0.6179920174474283
1936,3.4713494189709033,1.9624207082370806,0.6251428856863792
1937,3.46163030274891,1.999979979741334,0.6321168762893412
1938,3.451911186526917,2.0373053583869023,0.6389188953250593
1939,3.442189302114601,2.074396809571403,0.6455536926779368
1940,3.432470185892608,2.1112543717419054,0.6520258855960415
1941,3.4227510696706145,2.1478780448984103,0.6583399432796451
1942,3.4130319534486206,2.1842678290409165,0.6645001985991856
1943,3.403310069036305,2.220423685722355,0.6705108462436997
1944,3.3935909528143116,2.2563456533897956,0.6763759662730542
1945,3.383871836592318,2.2920337320432385,0.682099508830209
1946,3.3741527203703243,2.327487921682708,0.6876853047363667
1947,3.431177441012041,2.363635220042397,0.6932792670415036
1948,3.4882049298440787,2.4004756655694006,0.6988774134281879
1949,3.5452324186761173,2.4379303840630655,0.7044641684218872
1950,3.602259907508155,2.4759993755233913,0.7100363439328505
1951,3.659284628149871,2.514682601503308,0.7155908193341061
1952,3.7163121169819093,2.5539801004498863,0.7211245604913995
1953,3.7733396058139475,2.5938918723631508,0.7266346051889367
1954,3.8303643264556633,2.6344178787959813,0.7321180657541464
1955,3.8873918152877014,2.675558158195498,0.7375721466472969
1956,3.9444193041197395,2.717312714406388,0.7429941308538669
1957,4.0014467929517785,2.759681543583964,0.7483813853486809
1958,4.058471513593494,2.802664607281107,0.7537313593294923
1959,4.115499002425532,2.8462619439449353,0.7590415993912359
1960,4.17252649125757,2.8904735535754247,0.7643097360350354
1961,4.088957593614232,2.933346708582652,0.7693083605292927
1962,4.005388695970894,2.9748814089665907,0.7740498105088617
1963,3.9218170301372344,3.014699400743262,0.7785037678766951
1964,3.8382481324938964,3.052800722359734,0.7826834779356
1965,3.754679234850559,3.0891853738160333,0.786601226362216
1966,3.671110337207221,3.123853355112134,0.7902684034800727
1967,3.587541439563883,3.1568046662480356,0.7936955591836018
1968,3.503972541920545,3.188039307223764,0.7968924533169823
1969,3.420403644277208,3.217557278039294,0.7998681018434126
1970,3.33683474663387,3.2453585786946255,0.8026308191096936
1971,3.253265848990532,3.271443209189758,0.8051882564828006
1972,3.1696941831568717,3.2958111310775973,0.8075474339097132
1973,3.086125285513534,3.3184623828052633,0.8097147832090735
1974,3.002556387870196,3.339396964372731,0.8116961659596866
1975,3.0214686641529247,3.360038225417864,0.813629586038106
1976,3.0403837086259755,3.3803862043877566,0.8155161036919044
1977,3.0592959849087036,3.399032861274918,0.8172281144292528
1978,3.0782082611914316,3.41597819992406,0.8187701384231769
1979,3.0971205374741597,3.4312222203351563,0.8201462233490221
1980,3.116035581947211,3.4447649571106163,0.821359965541247
1981,3.134947858229939,3.4566063756480565,0.8224145163241472
1982,3.153860134512667,3.4667464759474518,0.82331260503104
1983,3.172772410795395,3.4751852541641153,0.8240565473062698
1984,3.191684687078124,3.4819227141427596,0.8246482560786648
1985,3.210599731551174,3.4869588981751654,0.8250892524373333
1986,3.229512007833903,3.4902937601248394,0.8253806610162882
1987,3.248424284116631,3.4919272999917563,0.8255232266125986
1988,3.267336560399359,3.491859517775942,0.8255173133012406
1989,3.2506443727552066,3.489595907033946,0.8253197210624029
1990,3.2339494169207312,3.485136429318724,0.8249297951018152
1991,3.2172544610862563,3.480489522050397,0.8245225546790957
1992,3.2005622734421038,3.4756552236760854,0.8240978864783403
1993,3.183867317607628,3.470633495748694,0.8236556652540225
1994,3.167172361773153,3.465424338268223,0.8231957638841078
1995,3.1504801741290005,3.4600277896817664,0.822718053351676
1996,3.133785218294525,3.4544438115422307,0.8222223924764752
1997,3.1170902624600503,3.4486724038496153,0.8217086380355891
1998,3.1003980748158977,3.4427136050509892,0.8211766447421343
1999,3.083703118981422,3.436567415146404,0.8206262583300368
2000,3.067008163146947,3.4302337956887134,0.8200573154283378
2001,3.0503159755027944,3.4237127851250384,0.8194696538386192
2002,3.033621019668319,3.4170043450083085,0.8188630986392585
2003,3.056923645802395,3.4106639973102677,0.8182879519957331
2004,3.0802262719364712,3.4046917420309404,0.8177445256603366
2005,3.103528898070547,3.3991781220621156,0.8172413887411756
2006,3.126831524204623,3.3941231374037923,0.8167788835101342
2007,3.1501341503386993,3.3895268265030407,0.8163573286889314
2008,3.1734367764727747,3.385389150912791,0.8159770085150008
2009,3.1967394026068505,3.381710110633043,0.8156381829733044
2010,3.2200420287409264,3.3784897056637977,0.8153410839868874
2011,3.2433418866846804,3.3757279360050285,0.8150859151523153
2012,3.266644512818756,3.3734248016567614,0.8148728515071653
2013,3.2899471389528316,3.371580302619021,0.8147020393299207
2014,3.313249765086908,3.3701944388917835,0.8145735959726008
2015,3.336552391220984,3.3692672489221422,0.8144876132926107
2016,3.3598550173550596,3.368798694263003,0.814444146854649
2017,3.3764198682443816,3.3686951947026196,0.8144345441315682
2018,3.3929819509433803,3.3689567117938974,0.8144588068143873
2019,3.409546801832702,3.368656286249739,0.8144309340640549
2020,3.426111652722024,3.367793879623024,0.8143508988134742
2021,3.4426737354210233,3.366369453466708,0.8142186299994624
2022,3.4592385863103448,3.3643830462278603,0.8140340196076774
2023,3.4758006690093444,3.3618346579064817,0.8137969118127709
2024,3.4923655198986663,3.3587242885025463,0.8135071063264439
2025,3.5089303707879878,3.35505193801608,0.8131643581154508
2026,3.5254924534869874,3.350817606447082,0.8127683770562648
2027,3.542057304376309,3.3460212937955274,0.8123188275257439
2028,3.5586221552656307,3.3406630000614417,0.8118153279269897
2029,3.5751842379646295,3.3347426867977297,0.8112574465211384
2030,3.591749088853952,3.3282604308985557,0.8106447153220646
2031,3.610265513920575,3.3212432991137524,0.8099791829793856
2032,3.628781938987198,3.3136912914433196,0.8092603072609663
2033,3.6472955958634987,3.307557097030111,0.8086743920119789
2034,3.6658120209301215,3.302840754321222,0.8082226810472505
2035,3.6843284459967447,3.299542301763722,0.8079061358976246
2036,3.7028448710633683,3.297661700910516,0.8077254250073125
2037,3.7213612961299916,3.297198951761604,0.8076809324123158
2038,3.739874953006292,3.2981540158699167,0.8077727490072859
2039,3.7583913780729152,3.3005269316825485,0.8080006833050725
2040,3.776907803139538,3.3043176991994745,0.8083642510325467
2041,3.7954242282061617,3.3095263184207195,0.8088626805412281
2042,3.813940653272785,3.316152789346284,0.8094949155362522
2043,3.8324543101490858,3.3241970735290476,0.8102596151589078
2044,3.8509707352157085,3.3336592478632006,0.8111551733064231
2045,3.8237040605399364,3.343903397516341,0.8121199776300341
2046,3.7964373858641647,3.354929522488495,0.8131529219736275
2047,3.769170711188393,3.3653142731417724,0.8141205877154822
2048,3.7419012683222985,3.3750575725820102,0.8150239249444622
2049,3.714634593646527,3.3841594977033713,0.8158638314954013
2050,3.6873679189707547,3.3926200485058566,0.8166411329407482
2051,3.660101244294983,3.4004392249894915,0.8173565911266729
2052,3.632834569619211,3.4076169887071552,0.8180109019190498
2053,3.605567894943439,3.4141533781059428,0.8186047068611229
2054,3.5782984520773446,3.420048354738785,0.8191385801890948
2055,3.551031777401573,3.4253019570527763,0.8196130437423848
2056,3.5237651027258012,3.4299141850478665,0.8200285573321848
2057,3.496498428050029,3.433885000277011,0.8203855195298729
2058,3.4692317533742574,3.4372144411872796,0.8206842786853155
2059,3.3988865009010887,3.4393041941981815,0.8208715436181734
2060,3.3285412484279195,3.4401542593096917,0.8209476628660727
2061,3.2581987641450727,3.44025918141233,0.8209570558935336
2062,3.1878535116719036,3.4396189605060954,0.8208997332012613
2063,3.117508259198735,3.4382335965909885,0.8207756307010375
2064,3.047165774915888,3.436103089667035,0.8205846095962883
2065,2.976820522442719,3.4332274397341838,0.8203264561233248
2066,2.9064752699695497,3.4296066467924597,0.8200008811526178
2067,2.836132785686703,3.425240710841889,0.8196075196490206
2068,2.7657878100325664,3.420129635727133,0.8191459303372151
2069,2.695443664835526,3.4142734329823523,0.8186155952290687
2070,2.625099242819454,3.4076720603157407,0.8180159130662448
2071,2.554755097622414,3.400325560019079,0.8173462107528717
2072,2.484410675606342,3.392233928247682,0.8166057302368892
2073,2.472777632595432,3.3842125623739827,0.8158687169931539
2074,2.4611443127654895,3.376261497000314,0.81513524004414
2075,2.4495112697545793,3.3678252139996454,0.8143538073901175
2076,2.437878226743669,3.3589037133719506,0.813523836307535
2077,2.4262449069137273,3.3494969912725434,0.8126447057690072
2078,2.414611863902817,3.339605051546136,0.8117157567468045
2079,2.402978820891907,3.329227894192703,0.8107362903151571
2080,2.3913455010619646,3.318365515367557,0.80970556676519
2081,2.3797124580510545,3.3070179189153857,0.8086228057684411
2082,2.368079138221112,3.2951851009915014,0.8074871839323711
2083,2.3564460952102024,3.282867103887687,0.806297838949616
2084,2.3448130521992923,3.270063889156871,0.8050538562726646
2085,2.33317973236935,3.2567754529543183,0.8037542790192669
2086,2.32154668935844,3.2430017991247393,0.8023981041955601
2087,2.2411288227591055,3.2277875828960987,0.8008891932627571
2088,2.160710956159771,3.2111328042683707,0.7992241971446602
2089,2.0802933663794687,3.1931310472980385,0.7974088810764859
2090,1.999875499780134,3.173782346587435,0.7954394324054579
2091,1.919457633180799,3.1530866636894896,0.7933116822609121
2092,1.8390397665814644,3.1310439986042033,0.7910211021421344
2093,1.7586221768011623,3.1076543936233825,0.7885627884788868
2094,1.6782043102018274,3.0829178064551948,0.7859314318205151
2095,1.5977864436024927,3.056834275546761,0.7831213151523535
2096,1.5173688538221906,3.029403766295698,0.780126276859545
2097,1.4369509872228559,3.0006262748572934,0.7769396993177949
2098,1.3565331206235212,2.970501839678617,0.7735544861246727
2099,1.2761152540241865,2.9390304223126247,0.7699630224802422
2100,1.1956976642438841,2.906212026603978,0.7661571600246799
2101,1.16841465724521,2.8727846713162157,0.7622159417994022
2102,1.1411316502465358,2.8387483180022426,0.7581346612144039
2103,1.1138486432478618,2.8040758614651318,0.7539050718589212
2104,1.0865656362491876,2.7687673017048837,0.7495218657906312
2105,1.0592829060695457,2.732822681013305,0.7449794988800846
2106,1.0319998990708716,2.696241957098588,0.7402721634040916
2107,1.0047168920721976,2.659025129960734,0.7353937917970568
2108,0.9774338850735234,2.6211721995997674,0.7303380387620723
2109,0.9501511548938816,2.582683169860376,0.7250982684322287
2110,0.9228681478952073,2.543558075344941,0.7196675441072733
2111,0.8955851408965333,2.5037968776063937,0.7140385989983766
2112,0.868302133897859,2.463399576644709,0.7082038358109422
2113,0.841019126899185,2.4223661724598866,0.7021553050551623
2114,0.8137363967195431,2.380696668896639,0.6958846882249938
2115,0.8118997024406218,2.3387445215673526,0.6894381680701755
2116,0.8100630081617006,2.296509692024933,0.6828101682511307
2117,0.8082263138827792,2.254628056654686,0.67609791910505
2118,0.806389619603858,2.2130996154566116,0.6693020333800546
2119,0.804553202143969,2.1719243722754475,0.6624231821546395
2120,0.8027165078650476,2.131102361713551,0.6554621002725249
2121,0.8008798135861264,2.0906335453238274,0.6484195693323502
2122,0.7990431193072052,2.050517923106276,0.6412964370543885
2123,0.7972064250282838,2.0107554950608977,0.6340936115400645
2124,0.7953700075683947,1.9713462650324294,0.6268120625647646
2125,0.7935333132894735,1.932290229176134,0.6194528199865728
2126,0.7916966190105522,1.893587425939106,0.6120169837892239
2127,0.7898599247316309,1.8552378168742254,0.6045057017489914
2128,0.7880232304527096,1.817241401981543,0.596920191632585
2129,0.7880979715914148,1.7796247289751743,0.5892671864156133
2130,0.7881727127301199,1.7423877978551192,0.5815483380908505
2131,0.7882474538688251,1.7061289222018938,0.5738928596225477
2132,0.7883221950075303,1.6708481020154977,0.5663094644741172
2133,0.7883969361462354,1.6365452988488616,0.5588069081768244
2134,0.7884716772849406,1.6032205511490298,0.5513939970990054
2135,0.7885464184236457,1.5708738589160527,0.5440795468164954
2136,0.7886211595623509,1.5395051837027849,0.5368723643108929
2137,0.7886959007010561,1.509114563956372,0.5297812570322156
2138,0.788770365020729,1.4797019958321016,0.5228149882146576
2139,0.7888451061594342,1.4512674447275407,0.5159822611224982
2140,0.7889198472981394,1.4238109452451226,0.509291725126723
2141,0.7889945884368444,1.397332485850686,0.5027519301602851
2142,0.7890693295755496,1.371832070388968,0.496371323385008
2143,0.7693235511867427,1.3470344100218072,0.49008804479027823
2144,0.7495777727979357,1.3229395085939157,0.4839077520060906
2145,0.729832271228161,1.2987319341304757,0.47762312407026697
2146,0.7100864928393541,1.2744116866315127,0.4712321780191632
2147,0.6903407144505471,1.2499787622522893,0.4647328875772424
2148,0.6705949360617403,1.225433160992831,0.4581231842004305
2149,0.6508491576729333,1.2007748866978243,0.4514009561378013
2150,0.6311033792841263,1.176003935522557,0.44456404426842344
2151,0.6113576008953193,1.1511203074670548,0.43761024416208805
2152,0.5916120993255447,1.1261240102207164,0.430537306162345
2153,0.5718663209367377,1.1010150360941426,0.42334292776930527
2154,0.5521205425479309,1.0757933889320208,0.41602476008936995
2155,0.5323747641591239,1.0504590648896637,0.40858040120032413
2156,0.5126289857703169,1.0250120639670461,0.4010073982732958
2157,0.4912568955670921,0.9994298023447956,0.39329639445522213
2158,0.469884528544835,0.9737122723335132,0.38544456111355174
2159,0.4485124383416102,0.9488148225499218,0.37774631224966415
2160,0.4271403481383854,0.9247374529940721,0.37020992316513646
2161,0.4057679811161284,0.9014801559765147,0.36284356836161635
2162,0.38439589091290355,0.8790429391866988,0.35565531415523155
2163,0.36302380070967877,0.8574258026245994,0.34865309681910595
2164,0.3416514336874217,0.8366287424455296,0.34184470918462595
2165,0.32027934348419684,0.8166517586494643,0.33523778873993293
2166,0.29890725328097206,0.7974948550811405,0.32883980347085306
2167,0.27753488625871503,0.7791580278957958,0.3226580339956284
2168,0.25616274069168377,0.7616412763245535,0.31669956334852434
2169,0.23479053976084605,0.7449446034431225,0.31097126379663864
2170,0.21341836651191154,0.729068009636017,0.3054797814427229
2171,0.2202313258058225,0.7144029550774272,0.3003684765038439
2172,0.22704428509973346,0.7009494359226665,0.29564635898392966
2173,0.23385724439364436,0.6879694718552654,0.2910602507254404
2174,0.2406702313694585,0.675463063259738,0.2866132160210204
2175,0.24748319066336946,0.6634302097516209,0.2823082393853299
2176,0.2542961499572804,0.6518709113308887,0.27814822262924044
2177,0.26110913693309457,0.6407851645373184,0.2741359802126411
2178,0.2679220962270055,0.6301729728311583,0.270274239825513
2179,0.2747350555209164,0.620034336212383,0.2665656355628522
2180,0.2815479317691177,0.6103692535276019,0.2630127057491036
2181,0.2883610017906415,0.6011777236233987,0.25961789046065187
2182,0.2951740718121654,0.5924597503444855,0.2563835305926254
2183,0.30198686501465694,0.5842153298461249,0.2533118604755975
2184,0.3087999350361808,0.576444465973029,0.2504050110057219
2185,0.3032181560700664,0.5689750080448448,0.24760024262425262
2186,0.29763665392298433,0.5618069560615468,0.24489878418080924
2187,0.29205487495686994,0.5545868890131563,0.2421679171826333
2188,0.28647337280978785,0.547314810744385,0.2394073944291898
2189,0.28089159384367346,0.5399907174105212,0.2366169625856933
2190,0.2753100363327849,0.5326146120873242,0.23379636768856027
2191,0.2697283957761867,0.5251864897766659,0.23094534938986633
2192,0.2641467552195884,0.5177063543232584,0.22806364738985263
2193,0.2585651146629902,0.5101742057271016,0.22515099654537918
2194,0.25298347410639194,0.5025900439882207,0.22220712829714528
2195,0.24740183354979373,0.4949538691065906,0.21923177062877952
2196,0.2418201929931955,0.4872656772374992,0.21622464651868833
2197,0.23623855243659725,0.47952547222565856,0.21318547840634772
2198,0.230656911879999,0.47173325407104333,0.2101139836526682
2199,0.24568165240154285,0.46417522251090304,0.2071233446555525
2200,0.26070639292308667,0.45685137754521243,0.20421456920058279
2201,0.27573110576272725,0.44973517107536687,0.201378039144128
2202,0.2907557632385614,0.4428266023324391,0.19861460168441736
2203,0.3057806698515245,0.436125674776627,0.19592508588854474
2204,0.3208052996454554,0.42963238456326913,0.19331029765533903
2205,0.33582992943938633,0.42334673169234016,0.19077102377516397
2206,0.35085483605234946,0.4172687200085774,0.1883080315607245
2207,0.3658794658462804,0.4113983456672183,0.18592206379041354
2208,0.3809043724592435,0.40573561251302537,0.1836138445653075
2209,0.3959290022531744,0.40028051670126136,0.1813840726942305
2210,0.41095363204710533,0.39503306207661304,0.17923342760807237
2211,0.4259785386600685,0.3899932486391309,0.17716256431243738
2212,0.44100316845399945,0.3851610725440777,0.17517211303451274
2213,0.4521866573565495,0.38048318461240643,0.17324062888938951
2214,0.4633701462590996,0.3759595848441172,0.17136854830185755
2215,0.47455363516164967,0.3718655582326594,0.1696705914174257
2216,0.4857371240641998,0.3682011047780331,0.16814784510029124
2217,0.4969206129667499,0.364966220635501,0.1668012837289401
2218,0.5081041018693,0.3621609096498004,0.16563177295431608
2219,0.5192873139528178,0.3597851679762193,0.16464006237483764
2220,0.5304708028553679,0.3578389994594697,0.1638267911429142
2221,0.541654291757918,0.35632240409952626,0.16319248247158125
2222,0.5528377806604681,0.35523538189641435,0.1627375446752669
2223,0.5640212695630182,0.35457793285013395,0.16246227073172792
2224,0.5752047584655683,0.35435005311594775,0.16236683635738303
2225,0.5863882473681183,0.35455174653859306,0.16245130464798485
2226,0.5975717362706685,0.3551830131180698,0.1627156211822719
2227,0.6401132851455175,0.356679381465104,0.16334182981433099
2228,0.6826548340203663,0.35904085157967025,0.16432911846896725
2229,0.7251961060761831,0.36229000728116667,0.16568562869703463
2230,0.7677376549510321,0.3664268562590173,0.16740956144710462
2231,0.810279203825881,0.37145139466853533,0.16949862751911726
2232,0.85282075270073,0.3773636225096955,0.17195005904676175
2233,0.895362301575579,0.3841635436271847,0.17476061558853895
2234,0.937903850450428,0.391851154176316,0.17792658650121418
2235,0.9804451225062447,0.4004264503123775,0.18144380230425905
2236,1.0229866713810936,0.4098894397247932,0.18530764852807524
2237,1.0655282202559426,0.4202401185688258,0.18951306635259968
2238,1.1080697691307915,0.4314784868445006,0.19405456995167036
2239,1.1506113180056405,0.4436045483965548,0.19892625837569344
2240,1.1931528668804894,0.4566183001491784,0.204121823998479
2241,1.1873687332018068,0.4698485528358813,0.20936928324801096
2242,1.1815848763421561,0.4832953099168612,0.214667163059737
2243,1.1758010194825055,0.49656711121792796,0.21986130079191213
2244,1.170016885803823,0.5096639528943696,0.22495328687649574
2245,1.1642330289441722,0.522585838790898,0.22994467756371273
2246,1.1584491720845218,0.5353327685230498,0.23483699105123212
2247,1.152665038405839,0.5479047386305764,0.2396317087392753
2248,1.1468811815461883,0.5603017529582152,0.244330279932363
2249,1.141097324686538,0.5725238111214518,0.2489341181457949
2250,1.135313191007855,0.5845709096600634,0.2534446022900315
2251,1.1295293341482044,0.596443052418787,0.257863081241796
2252,1.1237452004695219,0.6081402367063018,0.26219086932438396
2253,1.1179613436098712,0.6196624636760235,0.26642925083513325
2254,1.1121774867502208,0.6310097333279272,0.27057947881287325
2255,1.1969289552992937,0.6434394845818789,0.2750986789523697
2256,1.2816804238483663,0.656951713593167,0.27997968838717846
2257,1.3664321692164714,0.6717185748868562,0.2852763306646289
2258,1.451183637765544,0.6877400607735732,0.29097892674400616
2259,1.5359353831336493,0.7050161789426915,0.2970771164868058
2260,1.620686851682722,0.7235469217048123,0.30355987907618376
2261,1.7054383202317949,0.7433322929046476,0.31041557569494116
2262,1.7901900655999,0.7643722933111248,0.31763197914251184
2263,1.8749415341489726,0.7866669202329477,0.32519631005270133
2264,1.9596930026980455,0.8102161736701419,0.3330952766581511
2265,2.0444447480661507,0.8350200574673939,0.3413151139604005
2266,2.1291962166152234,0.8610785677800171,0.3498416197759323
2267,2.2139479619833287,0.8883917084526982,0.3586602005842622
2268,2.2986994305324013,0.9169594756407251,0.3677559079618995
2269,2.2832576344568825,0.9453902962243319,0.37667993748564
2270,2.267816115200396,0.9736841740482305,0.3854359270758796
2271,2.2523743191248777,1.00155490553051,0.393940705969953
2272,2.236932799868391,1.029002494515857,0.40220132599403036
2273,2.2214910037928726,1.0560269375440485,0.41022458599124156
2274,2.206049207717354,1.082628235384037,0.4180170444592608
2275,2.1906076884608674,1.1088063884202863,0.4255850268982332
2276,2.175165892385349,1.134561396652796,0.4329346342143203
2277,2.1597243731288627,1.1598932639262531,0.440071751960575
2278,2.1442825770533442,1.184801982551259,0.44700205373633883
2279,2.128841057796858,1.2092875602172373,0.45373101613682765
2280,2.113399261721339,1.2333499892347644,0.46026391729060023
2281,2.09795746564582,1.256989273448552,0.4666058510939024
2282,2.082515946389334,1.2802054167033121,0.47276173051155546
2283,2.1611131742136176,1.3043045088637781,0.4790765903326387
2284,2.239710678856933,1.3292865576193738,0.4855429873038718
2285,2.318308183500249,1.3552049121491463,0.49216691390531064
2286,2.396905411324532,1.3820595686083834,0.49894018023888964
2287,2.475502915967848,1.4098505308417972,0.5058544973676348
2288,2.554100143792131,1.4385777950046759,0.5129014901986777
2289,2.6326976484354465,1.4682413649417565,0.5200727180387261
2290,2.711295153078762,1.4988412406529885,0.5273596883823768
2291,2.7898929345411103,1.5303774298278212,0.5347538761928885
2292,2.868490162365393,1.5628499209321187,0.5422467339597412
2293,2.947087390189677,1.5962587139659061,0.5498297151336399
2294,3.02568461801396,1.6306038089291581,0.5574942872573377
2295,3.1042818458382437,1.6658852058218752,0.5652319475719068
2296,3.1828790736625265,1.7021029046440566,0.5730342382920124
2297,3.1397395956780363,1.7375661178150241,0.5805383010482096
2298,3.0965973495032237,1.772274806887708,0.5877549823827541
2299,3.0534578715187335,1.8057934816984522,0.5946063630618373
2300,3.0103183935342437,1.8381221422472562,0.6011066021603462
2301,2.9671761473594302,1.869260753931763,0.6072689988686338
2302,2.924036669374941,1.8992093513543296,0.6131060581881076
2303,2.88089719139045,1.9279679345149563,0.6186295121399883
2304,2.8377549452156376,1.9555364649665483,0.6238503586616253
2305,2.7946154672311474,1.9819149811562258,0.6287789198844398
2306,2.7514754356085924,2.007103475394539,0.6334248524822266
2307,2.7083351271670058,2.031101947681489,0.6377971894286242
2308,2.665194541906386,2.0539103903276756,0.6419043663533182
2309,2.6220542334647994,2.075528807177812,0.6457542521001307
2310,2.5789139250232123,2.095957198231872,0.6493541709978701
2311,2.5591900153379523,2.1155207912503706,0.6527673961910991
2312,2.539466382471725,2.13421959007802,0.6559986836574948
2313,2.519742749605497,2.1527247847502875,0.6591669095586786
2314,2.50001911673927,2.1710363714224865,0.6622732646242854
2315,2.480295483873042,2.189154350094567,0.6653189114490345
2316,2.460571574187782,2.207078720766554,0.6683049845359181
2317,2.4408479413215542,2.2248094834384724,0.6712325909868755
2318,2.421124308455327,2.2423466381102974,0.6741028111740719
2319,2.401400675589099,2.259690188626741,0.6769167000134405
2320,2.381676765903839,2.276840127298379,0.679675285109205
2321,2.3619531330376113,2.2937964579699233,0.6823795711127634
2322,2.342229500171384,2.310559184486086,0.6850305384268538
2323,2.322505867305156,2.327128303002155,0.6876291425879646
2324,2.3027822344389284,2.3435038173628424,0.6901763172647297
2325,2.3502445184308995,2.3606188614575734,0.6928163281738455
2326,2.397707079241903,2.378473439131085,0.6955464411529353
2327,2.445169640052906,2.3958101153082225,0.6981741421790586
2328,2.4926322008639095,2.4126288899889863,0.7007016703500322
2329,2.5400947616749128,2.42892975932869,0.7031311676539187
2330,2.587557322485916,2.4447127271720195,0.7054646837089422
2331,2.635019606477887,2.4599777858295764,0.7077041757825437
2332,2.68248216728889,2.4747249429907847,0.7098515154929776
2333,2.7299447280998934,2.4889541986556196,0.7119084880028173
2334,2.7774083961870257,2.5026655643582165,0.7138767972798736
2335,2.824869019264803,2.5158590016515063,0.7157580596450448
2336,2.872332410532903,2.528534548982533,0.717553824143861
2337,2.919795801801003,2.5406922025066354,0.71926555757997
2338,2.9672564248787805,2.5523319276214047,0.7208946483096937
2339,3.0355836666069105,2.5637435346300714,0.7224826339282646
2340,3.1039081401447177,2.574926988930252,0.7240301047692763
2341,3.1722326136825245,2.5872738636417125,0.7257285396447666
2342,3.240557087220332,2.6007841549197668,0.7275750395944363
2343,3.308884328948462,2.6154579050561955,0.7295664731117466
2344,3.377208802486269,2.631295071759243,0.7316994672439587
2345,3.445533276024076,2.648295658873571,0.7339704349139557
2346,3.513860517752206,2.6664597048462735,0.7363755832011087
2347,3.582184991290013,2.6857871673855698,0.738910908638662
2348,3.6505094648278207,2.706278050336146,0.7415722251829702
2349,3.718833938365628,2.727932349853341,0.7443551685440963
2350,3.787161180093758,2.7507501082288854,0.7472552149452618
2351,3.8554856536315647,2.7747312831710484,0.7502676767123921
2352,3.9238101271693724,2.799875878524492,0.7533877315939852
2353,3.9764140478661933,2.825965553277532,0.7565838567410086
2354,4.029017968563015,2.8530003035855063,0.7598520655024035
2355,4.081621889259837,2.8796740357389203,0.7630336231800365
2356,4.134228578146981,2.905986784340156,0.7661308228963218
2357,4.186832498843803,2.9319385109421696,0.7691458736213946
2358,4.239436419540624,2.9575292193896225,0.772080916442216
2359,4.292040340237446,2.982758905837803,0.774938021096924
2360,4.344644260934268,3.0076275741314475,0.7777191901203016
2361,4.397248181631089,3.0321352204258196,0.7804263593920724
2362,4.4498521023279105,3.056281844720969,0.7830614016427335
2363,4.502456023024733,3.080067443172134,0.7856261277218951
2364,4.555059943721554,3.103492023468738,0.7881222902893446
2365,4.607663864418376,3.126555585610807,0.7905515836907688
2366,4.660267785115198,3.149258129598315,0.7929156466875695
2367,4.614924827634066,3.170239282123248,0.7950767255879975
2368,4.569581870152935,3.189499043185631,0.7970406409267181
2369,4.5242389126718034,3.208728200366118,0.7989826588332527
2370,4.47889318700035,3.2279267536646836,0.8009030479827121
2371,4.433550229519218,3.247094703081353,0.8028020734932779
2372,4.388207272038087,3.266232048616151,0.8046799969763287
2373,4.342864314556955,3.2853388287160974,0.8065370803048585
2374,4.297518588885502,3.304414966487078,0.8083735707506738
2375,4.252175631404371,3.323460500376137,0.8101897234528608
2376,4.206832673923239,3.3424754688303944,0.8119857900964479
2377,4.161489716442108,3.3614598334027557,0.8137620118024673
2378,4.116146758960976,3.3804136017826445,0.8155186308636737
2379,4.070801033289523,3.3993367393676786,0.8172558825056706
2380,4.025458075808391,3.4182292884496395,0.818974005901663
2381,3.954069215583673,3.4367294965346296,0.8206407943135563
2382,3.8826831235492762,3.454837402069719,0.8222573748253423
2383,3.811294263324558,3.472227738847323,0.8237961771133924
2384,3.7399054030998387,3.4889005030227054,0.8252589738187168
2385,3.6685165428751194,3.504855694595891,0.8266474414125782
2386,3.5971276826504006,3.5200933135668797,0.8279631630496473
2387,3.525741590616004,3.534613398382766,0.8292076348564363
2388,3.4543527303912853,3.5484159144411427,0.8303822591829074
2389,3.382963870166567,3.5615008578973226,0.8314883562070917
2390,3.3115750099418477,3.5738682287513055,0.8325271640624379
2391,3.2401861497171285,3.5855180270030664,0.8334998408159164
2392,3.1688000576827324,3.5964502949444372,0.834407470120578
2393,3.097411197458013,3.606664990283611,0.8352510526737285
2394,3.0260223372332944,3.616162113020588,0.8360315186486628
2395,2.985667658713152,3.6253726934568125,0.8367849049790318
2396,2.94531298019301,3.634296731592283,0.8375115514842728
2397,2.9049583016728673,3.642001089692864,0.8381362820220684
2398,2.8646036231527248,3.648485763913843,0.8386602488641142
2399,2.8242461764422604,3.653750715808125,0.839084413331965
2400,2.7838914979221174,3.6577959838228304,0.8394095577349611
2401,2.7435376498590722,3.66062157949207,0.8396362793704245
2402,2.703182694519897,3.6622274874369953,0.8397649923747185
2403,2.662827739180723,3.6626137115023187,0.8397959326951743
2404,2.6224727838415482,3.661780247843328,0.839729156648228
2405,2.5821178285023736,3.6597270964600233,0.8395645420161293
2406,2.541762873163199,3.656454241973582,0.8393017861300969
2407,2.5014079178240243,3.6519617266757853,0.8389404108189473
2408,2.46105296248485,3.646249512119564,0.8384797498186076
2409,2.4816928663477964,3.6401647491271536,0.8379875953169373
2410,2.502333047029775,3.63370747999036,0.8374636711419361
2411,2.5229729508927212,3.6265878867165307,0.8368840437994521
2412,2.5436131315747,3.6188060115974974,0.8362481334574725
2413,2.5642530354376465,3.610361850788548,0.8355552983369584
2414,2.5848932161196254,3.60125540813437,0.8348048380047585
2415,2.6055331199825718,3.591486641343181,0.8339959877391476
2416,2.6261733006645507,3.581055592706763,0.8331279280507973
2417,2.646813204527497,3.5699622583804285,0.8321997725035163
2418,2.6674533852094755,3.55820660376177,0.8312105674034401
2419,2.688093289072422,3.5457886634531963,0.8301592985830378
2420,2.7087334697544008,3.532708441299393,0.8290448812962208
2421,2.729373373617347,3.5189659334556485,0.8278661602582729
2422,2.750013554299326,3.50456110531963,0.8266219056295963
2423,2.718913489665076,3.488775380820092,0.8252480414857095
2424,2.687813425030826,3.471608759957058,0.8237416354504178
2425,2.656713360396576,3.4532795837422126,0.8221188755336228
2426,2.625613295762326,3.4337878521755303,0.8203767947150868
2427,2.5945135079471084,3.4131335691017486,0.8185121889988594
2428,2.5634134433128586,3.3913166922290605,0.8165216030323204
2429,2.5323133786786087,3.3683372600045356,0.8144013310019135
2430,2.501213314044359,3.3441952724281996,0.812147394361906
2431,2.470113249410109,3.3188907295000516,0.8097555328670122
2432,2.4390131847758587,3.2924236312200668,0.8072211911808012
2433,2.407913396960641,3.2647939814329825,0.8045395048298131
2434,2.376813332326391,3.236001776294062,0.8017052835717648
2435,2.3457132676921413,3.206047015803329,0.7987129958235697
2436,2.3146132030578914,3.174929699960785,0.7955567503795891
2437,2.2822170717146872,3.1426318278399017,0.7922284071448253
2438,2.2498209403714835,3.1091533994406797,0.7887212019108387
2439,2.217424532209247,3.0758547842264456,0.785174109834328
2440,2.1850284008660434,3.0427359860419125,0.7815871048267746
2441,2.1526322695228397,3.009797004887054,0.7779601708116095
2442,2.1202358613606034,2.9770378753642794,0.7742933062082923
2443,2.0878397300173996,2.9444585628711795,0.7705865125234374
2444,2.0554435986741955,2.91205906740778,0.7668398059872739
2445,2.0230471905119596,2.8798393851293946,0.7630532134931988
2446,1.9906510591687556,2.8477995583277536,0.7592267787497221
2447,1.9582549278255517,2.8159395485558383,0.755360547375647
2448,1.9258585196633156,2.7842593519689114,0.7514545806207032
2449,1.8934623883201116,2.75275897241166,0.7475089524659146
2450,1.8610662569769076,2.721438409884109,0.7435237483819401
2451,1.866471979038517,2.69082272857506,0.7395674468300041
2452,1.8718777011001257,2.6609118900374447,0.7356432983036671
2453,1.8772836999807665,2.6320676467651842,0.7318030883717408
2454,1.8826894220423755,2.604289956466472,0.7280521552278625
2455,1.8880951441039844,2.5775788575884033,0.7243957802427479
2456,1.8935011429846256,2.55193435397569,0.7208391603286317
2457,1.8989068650462344,2.527356441783619,0.7173873991955249
2458,1.9043125871078432,2.5038451210121924,0.7140454967911386
2459,1.909718309169452,2.4814003532143136,0.7108183312024704
2460,1.9151243080500933,2.460022180681815,0.7077106639254965
2461,1.920530030111702,2.439710599569935,0.7047271101164116
2462,1.925935752173311,2.420465609878698,0.7018721342894225
2463,1.9313414742349198,2.402287211608129,0.699150038655699
2464,1.936747473115561,2.3851753701557956,0.6965649470865527
2465,1.8785808739658496,2.368247171218425,0.6939857426931821
2466,1.8204142748161383,2.3515026147959666,0.6914129511594669
2467,1.762247952485459,2.3345106744316886,0.6887800360470766
2468,1.7040813533357477,2.317271346280879,0.6860858296083119
2469,1.6459147541860364,2.2997846303435634,0.6833291318088992
2470,1.587748155036325,2.282050526619716,0.6805087088587325
2471,1.5295818327056458,2.2640690774011443,0.6776232991192049
2472,1.4714152335559345,2.2458402403960664,0.6746715918379915
2473,1.4132486344062234,2.227364004070321,0.6716522444911419
2474,1.355082035256512,2.208640383802756,0.6685638813678323
2475,1.2969157129258329,2.189669383438109,0.6654050863128546
2476,1.2387491137761215,2.1704509991316425,0.6621744022207801
2477,1.1805825146264104,2.1509852308833564,0.6588703318389182
2478,1.1224161922957312,2.131272082537988,0.6554913366601973
2479,1.102889377761427,2.111848213926022,0.652129191112546
2480,1.0833628400461555,2.09271362889217,0.6487850375866704
2481,1.0638360255118513,2.07302117276946,0.6453098141231404
2482,1.0443094877965795,2.0527708455578906,0.6417002752128891
2483,1.0247826732622753,2.0319626472574885,0.6379530297960269
2484,1.0052561355470035,2.0105965778682275,0.634064535976911
2485,0.9857295978317319,1.988672641234795,0.6300310961844133
2486,0.9662027832974278,1.9661908296678423,0.6258488485060135
2487,0.946676245582156,1.943151150856718,0.6215137655387069
2488,0.9271494310478519,1.9195535971120483,0.6170216422414924
2489,0.9076228933325801,1.895398176123207,0.6123680949805922
2490,0.888096078798276,1.8706848802008205,0.6075485485959867
2491,0.8685695410830042,1.8454137170342872,0.6025582349014762
2492,0.8490430033677324,1.8195846827789208,0.5973921796658472
2493,0.8211133471097426,1.7930810712996643,0.5920213913165279
2494,0.7931836908517527,1.7659028787517803,0.5864394901266259
2495,0.7652540345937628,1.7387687196535606,0.5807904479377117
2496,0.7373243783357728,1.7116785940050048,0.5750735980782353
2497,0.709394722077783,1.684632501806138,0.569288269286867
2498,0.6814650658197932,1.6576304430569355,0.5634337857094067
2499,0.6535354095618032,1.6306724139126851,0.5575094660455677
2500,0.6256057533038134,1.6037584182181237,0.551514626075669
2501,0.5976760970458235,1.5768884559732266,0.5454485761527786
2502,0.5697464407878335,1.5500625271779933,0.5393106220295462
2503,0.5418167845298437,1.523280631832424,0.5331000648575257
2504,0.5138871282718538,1.496542769936544,0.526816201187011
2505,0.4859574720138639,1.469848937645616,0.5204583220455057
2506,0.458027815755874,1.443199138804352,0.514025715679409
2507,0.4475319453294114,1.41683550932708,0.5075772850599976
2508,0.43703607490294877,1.3907580492138247,0.5011146776674293
2509,0.42653992765745397,1.3649847555463515,0.49464411633322203
2510,0.41604405723099136,1.3395156321693977,0.4881674796187504
2511,0.4055481868045287,1.3143506829276754,0.4816866731318449
2512,0.3950523163780661,1.289489903976447,0.47520362668922345
2513,0.38455644595160354,1.264933295315738,0.4687202964053806
2514,0.37406057552514094,1.2406808607902349,0.462238663874346
2515,0.3635647050986783,1.2167325965552511,0.45576073218315505
2516,0.35306883467221567,1.193088502610787,0.4492885280239566
2517,0.34257268742672087,1.1697485789568165,0.44282409971716175
2518,0.33207681700025826,1.1467128255933656,0.4363695162153324
2519,0.32158094657379566,1.1239812425204339,0.42992686607947805
2520,0.31108507614733305,1.1015538335827084,0.42349825753668446
2521,0.30286881045137787,1.0794622561123157,0.41709504190468205
2522,0.2946525447554227,1.0577065101092304,0.4107196633850376
2523,0.2864362790594675,1.0357615698317457,0.40421819915569734
2524,0.2782200133635123,1.013627435279861,0.39758802124333326
2525,0.27000377534946035,0.9913041029933033,0.3908264347682864
2526,0.26178750965350517,0.9687915764323457,0.3839306793246555
2527,0.25357127163945326,0.9460898559814521,0.37689792417550894
2528,0.24535500594349804,0.9231989374114468,0.3697252658523329
2529,0.23713874024754286,0.9001188245670164,0.36240973019740985
2530,0.22892247455158768,0.8768495174481612,0.35494826669225943
2531,0.2207062088556325,0.8533910160549314,0.3473377476083077
2532,0.2124899431596773,0.8297433165425647,0.3395749646431866
2533,0.20427367746372216,0.8059064227557984,0.3316566305426415
2534,0.1960574394496702,0.7818803350790707,0.3235793732610468
2535,0.19992534874146878,0.757832888891648,0.31539718735604205
2536,0.2037932303513641,0.73376407996438,0.30710862629727764
2537,0.20766113964316263,0.7105568614320974,0.2990217578390497
2538,0.2115290489349612,0.6882112332948509,0.29114594269326477
2539,0.21539695822675972,0.6667271917079284,0.283490373141676
2540,0.2192648675185583,0.6461047405160419,0.2760640593368545
2541,0.22313277681035687,0.626343879719141,0.2688758076299296
2542,0.2270006861021554,0.607444609317276,0.26193420457162786
2543,0.230868595393954,0.589406925465735,0.25524759843366285
2544,0.23473650468575252,0.5722308320092048,0.24882408677911638
2545,0.23860441397755108,0.5559163289476854,0.24267149591195525
2546,0.24247232326934962,0.5404634162812019,0.23679736641552318
2547,0.2463402325611482,0.5258720901650172,0.23120893629202532
2548,0.25020814185294676,0.5121423544438686,0.22591313052154172
2549,0.2686494659161229,0.499476617656228,0.22099538496965854
2550,0.287090679251686,0.4878748744195036,0.21646334703125547
2551,0.3055320863605718,0.47680046759448186,0.21211271114075425
2552,0.32397349346945753,0.46625339333645066,0.2079467833366001
2553,0.3424149005783433,0.4562336554901473,0.2039687441337935
2554,0.36085603086819684,0.44674124636612256,0.20018163687198876
2555,0.3792974379770826,0.43777617365382565,0.19658837453307254
2556,0.39773884508596835,0.4293384335085193,0.19319172529750506
2557,0.41618025219485405,0.4214280259302288,0.18999431511611486
2558,0.43462138248470755,0.4140449509189289,0.18699862279727075
2559,0.4530627895935933,0.40718920847464485,0.18420697680487197
2560,0.47150419670247906,0.4008608024420634,0.18162155381574185
2561,0.4899456038113648,0.39505972897649777,0.1792443711851217
2562,0.5083867341012184,0.38978598807794795,0.17707728901962094
2563,0.5074311548019212,0.3847701771573813,0.17501088657143915
2564,0.506475298683592,0.380012292370111,0.17304594868488887
2565,0.5055197193842949,0.3756290475405927,0.1712315901818975
2566,0.5045638632659655,0.3716204388241143,0.16956882025426656
2567,0.5036082839666683,0.36798647006541313,0.16805856813578846
2568,0.5026524278483391,0.36472713741977714,0.16670167586120477
2569,0.501696848549042,0.36184244473186783,0.1654989038715856
2570,0.5007409924307126,0.3593323881570238,0.16445092390536442
2571,0.4997854131314155,0.35719697153993163,0.16355832478166688
2572,0.4988295570130861,0.3554361910358794,0.1628216054317343
2573,0.49787397771378905,0.3540500504896045,0.16224118085887118
2574,0.4969181215954597,0.3530385460563694,0.16181737531783735
2575,0.49596254229616255,0.3524016815809116,0.16155042844904566
2576,0.4950066861778332,0.35213945321849377,0.16144048861280846
2577,0.5189595602186441,0.3525978155546707,0.16163264864056892
2578,0.5429121574404226,0.3537767647447304,0.16212669926604562
2579,0.5668647546622012,0.35543416487437046,0.1628207573019851
2580,0.590817628703012,0.35757001978825226,0.16371432678302755
2581,0.6147702259247906,0.3601843294864011,0.16480676750584022
2582,0.6387228231465691,0.36327709012413023,0.16609729580206978
2583,0.66267569718738,0.36684830554610115,0.16758499028624618
2584,0.6866282944091585,0.37089797190762713,0.16926878653952815
2585,0.7105811684499694,0.3754260930534454,0.17114748478078823
2586,0.7345337656717479,0.3804326651388187,0.17321974490152248
2587,0.7584863628935264,0.385917688163747,0.17548409285
2588,0.7824392369343374,0.39188116597294237,0.17793892235870756
2589,0.8063918341561159,0.39832309856640474,0.18058249367109014
2590,0.8303444313778945,0.40524348209944744,0.18341293561981398
2591,0.8382633934332224,0.4124196271946958,0.18633765905053135
2592,0.8461823554885505,0.4198515338522005,0.18935557963614236
2593,0.8541013175438785,0.42750754089514786,0.19245279746945398
2594,0.8620200027801742,0.4353876444788259,0.19562831531133495
2595,0.8699389648355021,0.44349184844794665,0.1988811166190808
2596,0.8778579268908301,0.4518201528024848,0.20221016142645776
2597,0.8857768889461581,0.46037255715800207,0.20561438830292245
2598,0.8936955741824538,0.46914905805425,0.20909271385583583
2599,0.9016145362377818,0.4781496589514518,0.2126440372656485
2600,0.9095334982931099,0.48737436023409625,0.21626723688850324
2601,0.9174524603484379,0.49682316190215814,0.2199611719226212
2602,0.9253714224037658,0.5064960639556628,0.2237246831585895
2603,0.9332901076400616,0.5163930625498728,0.22755659209945667
2604,0.9412090696953895,0.5265141615295256,0.23145570604260668
2605,0.996675852823651,0.5375197472984231,0.23567323138807528
2606,1.0521423591328805,0.5494098156273645,0.24020369990172796
2607,1.1076088654421097,0.5620165311371087,0.24497790523246787
2608,1.1630756485703713,0.575339898056806,0.24999090737734975
2609,1.2185421548796005,0.5893799121573314,0.2552375392525762
2610,1.2740089380078623,0.6041365772833464,0.26071242177880416
2611,1.3294754443170915,0.619609889590164,0.2664099671759038
2612,1.3849422274453531,0.6357998529224713,0.2723243941560649
2613,1.4404087337545821,0.6527064634356066,0.27844973202908996
2614,1.495875516882844,0.6703297249742314,0.2847798363427032
2615,1.5513420231920731,0.688669633693659,0.29130839356695026
2616,1.606808806320335,0.7077261934385761,0.2980289370811766
2617,1.662275312629564,0.7274994003643214,0.3049348523483446
2618,1.7177420957578258,0.7479892583155561,0.3120193931456521
2619,1.7403615325203299,0.7687395541483207,0.3191203930451717
2620,1.7629809692828342,0.7897502878626155,0.3262358424586449
2621,1.7856004060453383,0.8108190509199681,0.3332962772047171
2622,1.8082198428078429,0.8319458448582332,0.34030186673448726
2623,1.8308392795703472,0.8531306669861402,0.3472527820734306
2624,1.8534587163328513,0.874373517303689,0.35414919807838485
2625,1.8760781530953556,0.8956743958108544,0.3609912924798999
2626,1.8986975898578597,0.9170333063523736,0.3677792470467369
2627,1.9213170266203643,0.9384502450835347,0.3745132438631461
2628,1.9439364633828684,0.9599252120043376,0.3811934689764167
2629,1.9665559001453727,0.9814582071147824,0.38782011110485826
2630,1.989175336907877,1.0030492342595556,0.3943933627516736
2631,2.011794773670381,1.024698289593971,0.4009134166371896
2632,2.0344142104328857,1.0464053731180027,0.4073804691918572
2633,2.0724372422444595,1.0683844236518023,0.4138574219962625
2634,2.1104599972370006,1.0906354411953443,0.4203424150747469
2635,2.1484827522295418,1.1134278244929494,0.42691080559663597
2636,2.1865057840411155,1.1367615812340166,0.4335581154451673
2637,2.224528539033657,1.1606367037291472,0.4402798497543118
2638,2.2625512940261983,1.1850531958230528,0.4470715095858778
2639,2.300574325837772,1.2100110575157084,0.4539285924652199
2640,2.338597080830313,1.2355102888071139,0.4608465983568627
2641,2.3766198358228547,1.2615508858525826,0.46782103345232695
2642,2.414642867634428,1.2881328563415133,0.4748474190165832
2643,2.4526656226269696,1.3152561925845072,0.4819212888775031
2644,2.490688654438543,1.342920902270963,0.48903820213639326
2645,2.5287114094310845,1.371126977711482,0.49619373963757074
2646,2.5667341644236257,1.3998744227507762,0.5033835153214707
2647,2.604807023661003,1.4291639294364005,0.5106033458913866
2648,2.642880159717412,1.4589955054577786,0.5178489116430933
2649,2.680953018954789,1.4890231923846688,0.5250337813899968
2650,2.7190258781921663,1.5192469940617837,0.532157462040702
2651,2.7570987374295433,1.5496669104890972,0.5392194848128312
2652,2.7951718734859523,1.5802829416666353,0.5462194059776198
2653,2.833245563180426,1.6110950991285335,0.5531568092314177
2654,2.871316484684577,1.642103344427672,0.5600312917506125
2655,2.909390174379051,1.673307712166459,0.5668424914690628
2656,2.9474638640735247,1.7047082061895809,0.5735900634697972
2657,2.985534785577676,1.736304784205231,0.5802736770427381
2658,3.02360847527215,1.7680974885052416,0.5868930432024229
2659,3.0616821649666237,1.8000863190896124,0.5934478872421847
2660,3.0997558546610975,1.832271272113581,0.5999379568618629
2661,3.164561958299118,1.8650236349489104,0.6064360929097246
2662,3.229365293746815,1.8983433691484555,0.6129385002805989
2663,3.2941713973848348,1.9324532025366858,0.6194838282495629
2664,3.358977501022854,1.9673531351135505,0.626066224296079
2665,3.4237836046608745,2.003043166879075,0.632679892449688
2666,3.4885897082988944,2.0395233016779457,0.6393191020818896
2667,3.553395811936914,2.0767935356654763,0.6459781936308613
2668,3.618201915574934,2.1148538688416414,0.652651588281189
2669,3.683008019212954,2.153704301206441,0.6593337944991509
2670,3.7478141228509734,2.1933448366046124,0.6660194156228116
2671,3.8126202264889932,2.2337754711914184,0.6727031545417055
2672,3.8774263301270135,2.274996204966884,0.67937982197981
2673,3.942232433765033,2.3170070379310093,0.6860443417987903
2674,4.007038537403053,2.3598079700837946,0.692691756627229
2675,4.006274516874067,2.402488309100944,0.6991802872214157
2676,4.005507728154758,2.4450480126906515,0.7055140562834884
2677,4.004743707625773,2.486826732896235,0.7116018725395827
2678,4.003979687096787,2.527824473562406,0.717453527296841
2679,4.003212898377478,2.5680411962420444,0.7230783315377705
2680,4.002448877848492,2.6074769355375844,0.7284851561898498
2681,4.001682089129183,2.646131656846592,0.7336824348748447
2682,4.000918068600197,2.6840053947715004,0.7386782043010891
2683,4.000154048071211,2.721098153156971,0.7434801107850668
2684,3.999387259351902,2.7574098897112234,0.7480954277800561
2685,3.9986232388229164,2.792940646726063,0.7525310905784963
2686,3.9978592182939305,2.8276904203567788,0.7567936964876167
2687,3.997092429574622,2.8616591760009618,0.7608895232411692
2688,3.9963284090456357,2.894846948261046,0.7648245562258617
2689,4.015021998292894,2.927523985561922,0.7686357551457471
2690,4.033715587540151,2.959690284058903,0.7723270573761143
2691,4.052409176787409,2.991802056895949,0.7759533586407104
2692,4.071102766034666,3.0238593040730595,0.7795158904084538
2693,4.089796355281924,3.0558620255902347,0.7830158593761295
2694,4.108489944529181,3.0878102214474743,0.7864544479928353
2695,4.127183533776439,3.1197038916447783,0.7898328149728181
2696,4.145877123023697,3.1515430361821726,0.7931520957969688
2697,4.164570712270954,3.1833276550596312,0.796413403203223
2698,4.183264301518212,3.2150577482771547,0.7996178276661516
2699,4.2019578907654695,3.2467333158347174,0.8027664378659584
2700,4.220651480012727,3.278354357732345,0.8058602811471544
2701,4.2393450692599846,3.3099208739700368,0.8089003839671189
2702,4.2580386585072425,3.341432864547793,0.8118877523348029
2703,4.212886706158358,3.3720035858323425,0.8147412519383719
2704,4.167737521999795,3.401633076270779,0.8174655831272278
2705,4.122588337841233,3.430107397042952,0.8200459428131486
2706,4.077436385492348,3.4574265135465034,0.8224873236877956
2707,4.032287201333785,3.4835904642285036,0.824794416573381
2708,3.9871380171752233,3.5085992452442647,0.8269716149694482
2709,3.941988833016661,3.532452860438449,0.8290230334720685
2710,3.8968368806677764,3.5551512713640125,0.8309525164348491
2711,3.851687696509214,3.576694512623337,0.8327636598096594
2712,3.8065385123506514,3.59708258806111,0.8344598133544829
2713,3.761389328192089,3.6163154976773564,0.8360440932910838
2714,3.716237375843204,3.6343931991802694,0.8375193887296132
2715,3.6710881916846416,3.651315734861631,0.8388883808285617
2716,3.6259390075260796,3.667083100876754,0.8401535401526882
2717,3.609819835278666,3.682098495680192,0.8413491253422374
2718,3.593700663031253,3.696361919271971,0.8424765526346703
2719,3.5775814907838397,3.709872675759799,0.8435370968819705
2720,3.5614623185364267,3.722630761298938,0.8445320037822347
2721,3.5453431462890137,3.7346361797341263,0.8454624376005222
2722,3.5292239740416003,3.745888931065363,0.8463294825335038
2723,3.5131048017941873,3.7563890152926485,0.8471341451173637
2724,3.496985629546774,3.7661364285712704,0.8478773558824848
2725,3.480866457299361,3.7751311632118054,0.8485599711544379
2726,3.46475005324227,3.7833732961084428,0.8491827813736551
2727,3.448630880994857,3.7908627503669927,0.8497464945690143
2728,3.4325117087474437,3.797599525987481,0.8502517552105361
2729,3.4163925365000307,3.803583661416951,0.8506991424588697
2730,3.4002733642526173,3.8088151182083343,0.8510891626356378
2731,3.4485284579529276,3.8141879833886936,0.8514886647042115
2732,3.4967835516532375,3.819702256958029,0.8518975668111427
2733,3.5450386453535483,3.82498665538934,0.8522883664313713
2734,3.593296507244181,3.830041255576816,0.8526612067186371
2735,3.641551600944491,3.8348659806262426,0.8530162129279848
2736,3.689806694644801,3.83946083053767,0.8533535095432998
2737,3.738061788345111,3.843825805311048,0.8536732146559329
2738,3.786316882045422,3.8479609049464267,0.85397544003362
2739,3.8345747439360536,3.8518661678908503,0.854260293987222
2740,3.8828298376363644,3.8555415556972497,0.8545278730169362
2741,3.9310849313366742,3.85898706836565,0.8547782702964668
2742,3.9793400250369846,3.8622027058960007,0.8550115729141732
2743,4.0275951187372945,3.865188468288352,0.855227861923565
2744,4.075852980627928,3.8679443939897484,0.855427215169423
2745,3.9933941273038775,3.8686549730666937,0.8554785712437429
2746,3.91093804217015,3.8673202439662315,0.8553820905751341
2747,3.8284791888461,3.864850864410275,0.8552034220432474
2748,3.7460231037123726,3.8612469112930388,0.854942266776834
2749,3.663564250388322,3.856508307720282,0.8545981737612485
2750,3.5811081652545944,3.850635092139151,0.8541705580630592
2751,3.4986493119305444,3.8436272645496197,0.8536586880192227
2752,3.416190458606495,3.835484786504594,0.8530616831090495
2753,3.333734373472767,3.8262077348982633,0.8523785227310583
2754,3.2512755201487167,3.815796032836412,0.8516080234994214
2755,3.168819435014989,3.8042497187661866,0.8507488556471579
2756,3.086360581690939,3.791568792687561,0.849799527874348
2757,3.0039044965572113,3.7777532546005355,0.8487583858584185
2758,2.9214456432331617,3.7628030660580154,0.8476236045202457
2759,2.9234747267394905,3.747891709074212,0.8464832894768552
2760,2.9255038102458197,3.733019145201979,0.8453374407888342
2761,2.927532893752148,3.7179151298611384,0.8441650064109016
2762,2.9295592090681555,3.7025796246045704,0.8429655093829589
2763,2.931588292574484,3.6870126678793946,0.8417384656837985
2764,2.933617376080813,3.671214259685586,0.8404833749407719
2765,2.935646459587142,3.655184400023169,0.8391997230658711
2766,2.937672774903149,3.6389230504450247,0.8378869787916258
2767,2.9397018584094776,3.6224302493982727,0.8365446026100025
2768,2.941730941915807,3.605705996882863,0.835172037154769
2769,2.9437600254221357,3.588750292898845,0.8337687098863995
2770,2.9457863407381426,3.5715630989991243,0.8323340294753463
2771,2.9478154242444714,3.554144453630771,0.8308673950090999
2772,2.9498445077508006,3.53649435679381,0.8293681860149688
2773,2.9894600794548585,3.5191348430465093,0.8278806971726302
2774,3.0290728829685944,3.5020658739417994,0.8264054614074172
2775,3.0686884546726523,3.4861742315600472,0.8250206156618483
2776,3.10830402637671,3.4714598774541576,0.8237285140688022
2777,3.147919598080768,3.4579228116241563,0.8225313678228211
2778,3.187532401594504,3.445563034070018,0.8214312355683238
2779,3.2271479732985617,3.4343805447917677,0.8204300175022476
2780,3.2667635450026196,3.4243753437893805,0.8195294499059848
2781,3.3063791167066774,3.4155474310628557,0.8187311001286636
2782,3.345994688410736,3.407896845059289,0.8180363655400278
2783,3.385607491924471,3.4014235088844895,0.8174464554947873
2784,3.4252230636285295,3.396127460985579,0.8169624087360206
2785,3.4648386353325873,3.392008701362531,0.8165850764138953
2786,3.5044542070366456,3.3890672684624406,0.8163151266074415
2787,3.455534747658956,3.386073470628768,0.8160399630247666
2788,3.4066152882812664,3.383027307861463,0.8157595634356218
2789,3.3576958289035774,3.379525585550684,0.8154367014512139
2790,3.3087763695258876,3.3755683036964306,0.8150711554321628
2791,3.2598569101481982,3.3711554622987023,0.8146626741266046
2792,3.2109374507705093,3.366287061357525,0.8142109763823534
2793,3.1620179913928195,3.3609631008728735,0.8137157508243531
2794,3.11309853201513,3.355183580844747,0.8131766554969275
2795,3.0641790726374403,3.3489485012731217,0.812593317470225
2796,3.0152596132597513,3.3422578621580215,0.8119653324102478
2797,2.9663401538820615,3.335111663499447,0.8112922641117478
2798,2.9174206945043726,3.327509866850303,0.8105736403518065
2799,2.868501235126683,3.319452510657685,0.8098089632411062
2800,2.819584543939316,3.310939633368662,0.8089977014441947
2801,2.7957753389762385,3.302319950069735,0.8081727353230216
2802,2.7719661340131605,3.293593460760854,0.8073339173826742
2803,2.7481580363262124,3.2838660937938027,0.8063945680415994
2804,2.724349661820231,3.2731378453238955,0.8053532540801656
2805,2.700541287314251,3.2614087153511315,0.8042083817816421
2806,2.6767329128082697,3.2486786654284163,0.8029581887102144
2807,2.652924538302289,3.2349477340028443,0.8016007505199998
2808,2.6291161637963083,3.2202159210743906,0.8001339647341988
2809,2.605307789290327,3.2044832266430805,0.7985555490605907
2810,2.5814994147843464,3.1877496507088887,0.7968630354747077
2811,2.5576910402783657,3.1700151548247453,0.7950537598512623
2812,2.533882665772385,3.1512797774377455,0.7931248667451626
2813,2.510074291266404,3.1315435185478893,0.7910732901882654
2814,2.486265916760423,3.1108063781551767,0.7888957494480948
2815,2.4458982277457655,3.0888383657802985,0.7865641976053557
2816,2.40553081555014,3.0656394468208723,0.7840740433626053
2817,2.365163126535482,3.0430251273657327,0.7816186786412209
2818,2.3247954375208244,3.020995368967811,0.779199938154951
2819,2.284427748506167,2.9995502100742013,0.7768196533593488
2820,2.244060059491509,2.9786896122377837,0.7744796332912397
2821,2.203692370476851,2.9584136139056785,0.7721816793558335
2822,2.1633246814621936,2.938722176630765,0.7699275657954756
2823,2.1229569924475356,2.9196153388601638,0.7677190548395597
2824,2.082589303432878,2.9010931005938496,0.7655578813380987
2825,2.0422218912372525,2.883155427229465,0.7634457507455268
2826,2.001854202222595,2.8658023533693924,0.7613843490843303
2827,1.961486513207937,2.849033840566512,0.7593753239636066
2828,1.9211188241932793,2.8328499272679437,0.7574203002004649
2829,1.8891119004094068,2.8173666967658795,0.755535053485181
2830,1.8571049766255343,2.8025841875074398,0.7537214566962297
2831,1.825098329660694,2.7873289597702193,0.7518357565099099
2832,1.7930914058768215,2.7716010097095327,0.7498765054419483
2833,1.761084482092949,2.7554003373253786,0.7478421928620977
2834,1.7290778351281084,2.738726984909565,0.7457312479645465
2835,1.697070911344236,2.7215809101702586,0.7435420217005673
2836,1.6650639875603632,2.703962113107486,0.7412728006019853
2837,1.6330570637764907,2.685870593721221,0.7389217992646047
2838,1.6010504168116504,2.6673063943032957,0.7364871635881165
2839,1.569043493027778,2.6482694725618785,0.7339669517245975
2840,1.5370365692439054,2.628759828496994,0.7313591480325685
2841,1.505029645460033,2.608777462108618,0.7286616549327067
2842,1.4730229984951924,2.5883224156885567,0.7258722959080659
2843,1.4654312365359738,2.567733746414837,0.7230357585060272
2844,1.4578397513957873,2.5470114581321215,0.7201511740861857
2845,1.4502482662556007,2.5256335162821415,0.7171438340709642
2846,1.4426567811154143,2.5035999593119667,0.7140104420965685
2847,1.4350652959752277,2.480910748774502,0.7107475302222277
2848,1.427473810835041,2.457565884669748,0.7073514688329927
2849,1.419882325694855,2.4335653669977293,0.703818454566072
2850,1.4122908405546684,2.408909234205516,0.7001445090171057
2851,1.4046993554144818,2.3835974478460127,0.696325454153884
2852,1.397107593455263,2.357630004074508,0.692356920890886
2853,1.3895161083150767,2.3310069067357393,0.688234336957917
2854,1.38192462317489,2.3037281558296803,0.6839529164488557
2855,1.3743331380347037,2.275793789803452,0.679507657384364
2856,1.366741652894517,2.247203770209934,0.6748933137402109
2857,1.3192929330351262,2.2174045243446776,0.6700130801655049
2858,1.2718444899947672,2.1863960560524194,0.664857018586879
2859,1.224395770135376,2.155408014697918,0.6596238697355372
2860,1.176947327095017,2.1244404041258855,0.6543125383145147
2861,1.129498607235626,2.0934932204916095,0.6489219130253492
2862,1.0820498873762345,2.0625664637950902,0.6434508683371476
2863,1.0346014443358758,2.0316601378810395,0.6378982643527654
2864,0.9871527244764845,2.0007742389047203,0.6322629445544382
2865,0.9397042814361256,1.96990877071087,0.6265437383772231
2866,0.8922555615767345,1.9390637294547761,0.6207394582105895
2867,0.8448068417173432,1.908239115136439,0.6148489013137878
2868,0.7973583986769843,1.8774349316005707,0.608870849675194
2869,0.7499096788175931,1.846651175002459,0.6028040675812842
2870,0.7024612357772342,1.8158878491867907,0.59664730440062
2871,0.6936603282851853,1.7856817254806476,0.5905092083439771
2872,0.6848594207931364,1.7560327654369605,0.5843935011959533
2873,0.6760587901201197,1.7265922578139654,0.5782304182626786
2874,0.6672578826280708,1.6973601987669502,0.5720205503474052
2875,0.658456975136022,1.6683365729170925,0.565764509178122
2876,0.6496563444630054,1.6395213879538157,0.5594629349341291
2877,0.6408554369709565,1.6109146400323828,0.5531164889532412
2878,0.6320545294789075,1.5825163291527942,0.5467258570996669
2879,0.6232538988058909,1.5543264591597865,0.5402917498785182
2880,0.614452991313842,1.5263450262086482,0.5338148998513497
2881,0.6056520838217931,1.498572030299354,0.527296064267689
2882,0.5968514531487764,1.4710074752766407,0.520736025145145
2883,0.5880505456567275,1.4436513572957967,0.5141355865364008
2884,0.5792496381646787,1.4165036763568222,0.5074955772357871
2885,0.5605195088051652,1.3894265266003964,0.5007824285362971
2886,0.541789656264684,1.362419911871282,0.493995621178984
2887,0.5230595269051705,1.3357138188040507,0.48719360843447945
2888,0.5043293975456571,1.3093082435539902,0.48037824264092743
2889,0.4855992681861436,1.283203189965813,0.4735514089381121
2890,0.4668691388266301,1.2573986580395184,0.4667150215930781
2891,0.44813900946711666,1.231894647775107,0.45987102421031945
2892,0.42940915692663545,1.2066911630172652,0.4530213899885869
2893,0.41067902756712193,1.1817881999213062,0.4461681177662822
2894,0.3919488982076085,1.1571857584872305,0.4393132342652052
2895,0.373218768848095,1.1328838387150124,0.4324587921762635
2896,0.35448863948858156,1.108882440604677,0.42560686923966673
2897,0.33575851012906804,1.085181560311513,0.4187595661774809
2898,0.31702865758858684,1.0617812055249185,0.4119190101700535
2899,0.31870147500042123,1.0389647466609202,0.40517163267770684
2900,0.3203742924122556,1.016732183719518,0.3985224645783424
2901,0.32204710982409007,0.9949673949614003,0.391941203839821
2902,0.32371992723592447,0.9736703803865415,0.3854316885168092
2903,0.32539274464775886,0.9528411361502549,0.37899774640334827
2904,0.3270655620595933,0.9324796660972525,0.3726431948919948
2905,0.3287383794714277,0.9125859702275092,0.36637183371989146
2906,0.3304111968832621,0.8931600446963128,0.36018744116668433
2907,0.33208401429509654,0.8742018933484006,0.35409377396581654
2908,0.33375683170693093,0.8557115161837727,0.3480945598980357
2909,0.3354296491187653,0.8376889132024038,0.3421934952296697
2910,0.3371024665305998,0.820134080559607,0.33639423967082027
2911,0.33877528394243417,0.8030470221000946,0.3307004164212678
2912,0.3404481013542686,0.7864277378238663,0.32511560464085953
2913,0.3375113282412202,0.7702122056402914,0.31962155769682754
2914,0.33457455512817186,0.7544004217046576,0.3142212401994159
2915,0.33163778201512345,0.7386532903918679,0.30880040345584014
2916,0.32870100890207515,0.7229708078572357,0.3033592357803898
2917,0.32576423578902675,0.7073529741007607,0.29789793027035383
2918,0.32282773949501065,0.6917997929671552,0.2924166848606178
2919,0.31989096638196224,0.6763112606117071,0.28691569826587726
2920,0.3169541932689139,0.6608873770344164,0.281395174020327
2921,0.31401742015586553,0.6455281422352578,0.27585531913909833
2922,0.3110806470428172,0.6302335562142566,0.2702963441183658
2923,0.30814387392976883,0.6150036189714128,0.2647184629348346
2924,0.3052073776357527,0.5998383381961503,0.25912189589315904
2925,0.3022706045227043,0.5847377061990452,0.2535068611221041
2926,0.29933383140965597,0.5697017229800976,0.2478735830315888
2927,0.31408773219005487,0.5549760923433446,0.2423153782192644
2928,0.3288416329704537,0.5405608142888367,0.2368345327185013
2929,0.3435955337508526,0.5270094615209978,0.23164601246806293
2930,0.3583494345312515,0.5143220301951159,0.2267563001683579
2931,0.37310333531165035,0.5024985241559029,0.2221715357461973
2932,0.38785723609204925,0.49153893955864686,0.21789749759255328
2933,0.4026108600534159,0.4814432764033477,0.21393959487492487
2934,0.4173647608338148,0.47221153853469233,0.21030285617290634
2935,0.43211866161421364,0.46384372210799385,0.2069919142981973
2936,0.44687256239461254,0.45633983096796427,0.20401100251155713
2937,0.4616264631750114,0.4496998612698917,0.20136393942662079
2938,0.4763803639554103,0.44392381685848803,0.19905412696001212
2939,0.4911342647358091,0.43901169773375337,0.19708453846635066
2940,0.5058881655162081,0.4349635000509756,0.19545771233790854
2941,0.47815726532336744,0.4311891609746554,0.19393797108680855
2942,0.45042636513052686,0.42768867666013144,0.19252593199772972
2943,0.4226954649376863,0.4239252757803216,0.1910050772409787
2944,0.39496428792581334,0.4198989544904887,0.18937480004619967
2945,0.36723338773297276,0.415609712790658,0.18763445081333308
2946,0.3395024875401321,0.41105755452556675,0.18578333669687097
2947,0.31177158734729155,0.40624247969516447,0.1838207180249296
2948,0.28404068715445097,0.4011644844547643,0.18174580778892313
2949,0.2563096762339975,0.3958235711111734,0.17955777519929494
2950,0.22857872067735038,0.39021974043336943,0.1772557419999301
2951,0.20084779280260656,0.38435298896110404,0.17483878076184534
2952,0.1731168372459595,0.3782233201546003,0.17230591885037416
2953,0.14538590937121568,0.3718307343983472,0.16965613366468302
2954,0.11765495381456863,0.36517522746314374,0.16688835128967405
2955,0.17018745520107198,0.3593715734290426,0.1644672943539096
2956,0.22271995658757535,0.3544197722960184,0.16239603539713132
2957,0.2752524579740787,0.35045772992336627,0.16073507954633148
2958,0.32778501472438853,0.3474854432353014,0.15948688430212477
2959,0.3803175161108919,0.34550291530758337,0.15865330085702456
2960,0.43285001749739527,0.3445101461402626,0.15823556565597685
2961,0.4853825188838986,0.3445071357332886,0.15823429862826155
2962,0.537915020270402,0.34549388408666143,0.15864950165449077
2963,0.5904475216569054,0.3474703912004063,0.15948055856194743
2964,0.6429800230434087,0.35043665322981116,0.1607262350349583
2965,0.6955125244299122,0.35439267401956287,0.16238468650835114
2966,0.7480450258164154,0.3593384535696866,0.16445345787649523
2967,0.8005775272029189,0.36527399188018234,0.16692949116703315
2968,0.8531100285894222,0.37219928895102483,0.16980913307320578
2969,0.8732253603862713,0.379664106315709,0.17290196921819234
2970,0.8933404153640883,0.3876684362848361,0.17620553687486373
2971,0.9134557471609375,0.3959289122870662,0.17960098723563955
2972,0.9335710789577865,0.40444553432242475,0.1830870737025545
2973,0.9536861339356033,0.41321829854617437,0.18666251858296046
2974,0.9738014657324525,0.42224720880307764,0.19032601857201348
2975,0.9939167975293017,0.43153226509310927,0.1940762408271648
2976,1.0140318525071186,0.44107346357153193,0.1979118238105282
2977,1.0341471843039676,0.450870808083083,0.20183138275046464
2978,1.0542625161008168,0.4609242986277877,0.20583350581996462
2979,1.074377847897666,0.47123393520559553,0.20991675653913022
2980,1.0944929028754828,0.4817997139718197,0.21407967312200415
2981,1.114608234672332,0.49262163877119747,0.21832077389373195
2982,1.134723566469181,0.5036997096036784,0.22263855360445883
2983,1.2603133163877218,0.5164988489432036,0.227597448020034
2984,1.385903343125295,0.5310190606344602,0.23318486514068582
2985,1.5114930930438357,0.547324362923367,0.2394110270788652
2986,1.6370831197814086,0.565414759654661,0.24625968478604676
2987,1.7626728696999496,0.5852902469836054,0.25371306658887216
2988,1.8882628964375225,0.6069508287549373,0.26175196080369123
2989,2.0138529231750955,0.6303965049686313,0.2703557938474124
2990,2.1394426730936367,0.6556272679352636,0.2795027165861427
2991,2.2650326998312096,0.6826431253442833,0.28916970503745054
2992,2.3906224497497504,0.7114440733509532,0.2993326470034603
2993,2.5162124764873237,0.7420301157999852,0.3099664489756435
2994,2.641802226405864,0.7744012488466928,0.32104513366683407
2995,2.7673922531434374,0.8085574763357626,0.3325419506963462
2996,2.8929831103381067,0.8444988059566185,0.3444294822367233
2997,2.8013809243791252,0.8792086715101656,0.3557087063139487
2998,2.709778738420144,0.912687072996429,0.36640386369134315
2999,2.618176829280195,0.9446883104560331,0.37646111817938666
3000,2.5265751969592776,0.9752123877336645,0.3859053403255116
3001,2.4349732878193286,1.0042593009846366,0.39475966414832775
3002,2.343371655498412,1.0318290540536357,0.40304558603752805
3003,2.2517697463584625,1.0579216430959504,0.41078304679542665
3004,2.1601681140375457,1.0825370719563177,0.4179905160741101
3005,2.0685664817166285,1.105675344479424,0.424685063365163
3006,1.9769645725766793,1.1273364529758712,0.43088242200221294
3007,1.8853629402557623,1.1475204012903457,0.4365970574134461
3008,1.7937610311158132,1.1662271855781607,0.4418422178097058
3009,1.7021593987948964,1.183456809684003,0.4466299897112759
3010,1.610557489654947,1.1992092697631607,0.4509713400294708
3011,1.6934307410702623,1.2159078319344745,0.4555362512536878
3012,1.7763037156665453,1.2335524923532324,0.4603185636439885
3013,1.8591766902628284,1.2527333176996207,0.4654695916079138
3014,1.9420496648591115,1.273450307973639,0.470977943870726
3015,2.0249229162744267,1.2957034670199745,0.47683152429403053
3016,2.10779589087071,1.3194927948386521,0.483017574054186
3017,2.190668865466993,1.34481828758496,0.48952271797738356
3018,2.2735421168823082,1.3716799491035847,0.4963330156073481
3019,2.3564150914785915,1.400077775549865,0.5034340069306411
3020,2.439288066074875,1.4300117669237504,0.5108107663383412
3021,2.522161040671157,1.461481924763171,0.5184479540853681
3022,2.605034292086473,1.494488252143861,0.5263298691683966
3023,2.687907266682756,1.5290307448366447,0.5344405007141482
3024,2.770781348555168,1.565109418604834,0.5427635881666966
3025,2.832841407393354,1.6024351894106985,0.551217803512212
3026,2.8949014662315395,1.6410080576387271,0.5597902798054888
3027,2.956961525069725,1.679713253053554,0.5682275762964266
3028,3.019021583907911,1.7185507756552296,0.5765311781663398
3029,3.081081642746097,1.7575206254437288,0.5847025683635917
3030,3.1431417015842826,1.7966228016501242,0.5927432271013199
3031,3.2052017604224683,1.835857305043343,0.600654631995023
3032,3.267261819260654,1.8752241356233854,0.6084382572497955
3033,3.3293218780988396,1.9147232933902514,0.6160955734998891
3034,3.3913819369370253,1.954354778343966,0.6236280474929299
3035,3.453444763965534,1.9941186289315738,0.6310371488743245
3036,3.51550482280372,2.0340148067060304,0.6383243283278628
3037,3.5775648816419054,2.0740433116673103,0.6454910391277495
3038,3.639624940480091,2.1142041438154138,0.6525387294724263
3039,3.671126946349155,2.1540728857479885,0.6593965708629616
3040,3.7026261840278973,2.1936494990179654,0.6660702874134573
3041,3.7341281898969623,2.233384260538944,0.67263912727364
3042,3.7656301957660263,2.273277174155636,0.6791041255317485
3043,3.7971294334447685,2.3133281975762605,0.6854663139712477
3044,3.8286314393138325,2.353537369247862,0.6917267409468222
3045,3.8601334451828966,2.3939046930152017,0.6978864522990902
3046,3.891635451051961,2.4344301650335183,0.7039464954910559
3047,3.923134688730703,2.475113746855742,0.7099079154367649
3048,3.9546366945997677,2.5159554807737043,0.7157717710207754
3049,3.9861387004688322,2.5569553629426687,0.7215391158798364
3050,4.017640706337896,2.5981133933626097,0.7272110055307567
3051,4.0491399440166385,2.639429533586483,0.7327884913075036
3052,4.0806419498857025,2.6809038259060696,0.7382726361352714
3053,4.05994695903534,2.7218113081888884,0.7435715637039608
3054,4.039251968184978,2.7621519804349393,0.7486919974213229
3055,4.018556977334615,2.800460920170306,0.7534598602675944
3056,3.997861986484253,2.8367381235503015,0.7578914408237376
3057,3.97716699563389,2.870983594419613,0.7620017116658412
3058,3.9564720047835276,2.903197328933528,0.7658044115014696
3059,3.935779782123488,2.933379369383854,0.7693121277854201
3060,3.915084791273125,2.961529673478784,0.7725363507192993
3061,3.8943898004227626,2.9876482412183427,0.775487550862541
3062,3.8736948095723998,3.0117350764472173,0.7781752311332939
3063,3.8529998187220373,3.0337901753206955,0.780607976475344
3064,3.8323048278716754,3.0538135416835153,0.782793501261273
3065,3.8116098370213125,3.0718051716909383,0.7847386883521348
3066,3.79091484617095,3.0877650691876775,0.7864496269062934
3067,3.7797009071748535,3.101824911604783,0.7879456047391474
3068,3.7684869681787565,3.1139846874081183,0.7892309603230252
3069,3.75727302918266,3.1272609666415168,0.7906254411354815
3070,3.7460590901865634,3.141653749304927,0.7921267738279348
3071,3.7348451511904672,3.157163031553662,0.7937325220489434
3072,3.7236339803846925,3.1737888479901053,0.7954400973696872
3073,3.712420041388596,3.1915311640118995,0.7972467551669551
3074,3.7012061023924994,3.210389975774307,0.7991496123009411
3075,3.6899921633964023,3.230365287122039,0.801145652342321
3076,3.678778224400306,3.2514570942104104,0.8032317319809691
3077,3.6675642854042096,3.2736653970393945,0.8054045904215873
3078,3.656350346408113,3.2969901994537043,0.8076608578400746
3079,3.645136407412016,3.321431497608652,0.8099970629540079
3080,3.633925236606242,3.3469893337960204,0.8124096469859006
3081,3.634797216557802,3.3738315257093947,0.8149104955113988
3082,3.6356691965093626,3.401958077193487,0.8174952426442748
3083,3.636541176460923,3.4289457221294573,0.8199413883946189
3084,3.6374159246028057,3.454794502809111,0.8222535622708543
3085,3.6382879045543652,3.4795043807853796,0.8244360983516872
3086,3.6391598845059256,3.5030753560582375,0.8264930595894682
3087,3.640031864457486,3.525507424782998,0.8284282465464456
3088,3.6409066125993688,3.5468006292514676,0.8302452133360011
3089,3.6417785925509283,3.566954931016527,0.8319472676019579
3090,3.6426505725024887,3.5859703262334883,0.8335374905054566
3091,3.643522552454049,3.6038468187470394,0.8350187436434746
3092,3.644397300595932,3.6205844470042745,0.8363936797953845
3093,3.645269280547492,3.6361831725580993,0.8376647416597358
3094,3.646141260499052,3.650642991563826,0.8388341783319831
3095,3.648530208747295,3.6639849768702737,0.8399057361930896
3096,3.6509219251858602,3.6762091515456885,0.840881262029247
3097,3.653310873434103,3.6876045607962675,0.8417852956944565
3098,3.655699821682346,3.69817120462196,0.8426189906300106
3099,3.658088769930588,3.7079090830228174,0.8433834067380186
3100,3.660480486369154,3.716818234445883,0.8440795156244296
3101,3.662869434617396,3.724898620444113,0.8447081936284198
3102,3.665258382865639,3.7321502410174565,0.8452702327181041
3103,3.667647331113882,3.7385730961659647,0.8457663391280357
3104,3.670036279362125,3.7441671858895864,0.8461971348383726
3105,3.6724279958006902,3.7489325486354423,0.8465631618242889
3106,3.674816944048932,3.7528691459564367,0.8468648743197829
3107,3.677205892297175,3.7559769394055014,0.8471026457060556
3108,3.679594840545418,3.758255967429679,0.8472767751533702
3109,3.702759057163373,3.7599947754230367,0.8474094956332199
3110,3.725923273781328,3.761193363385549,0.8475009148078669
3111,3.749084722208961,3.762276110272498,0.8475834514191636
3112,3.772248938826917,3.763243092978049,0.8476571256905505
3113,3.795413155444872,3.7640942730551057,0.8477219475055596
3114,3.8185773720628267,3.7648296505036694,0.8477779281360633
3115,3.84173882049046,3.76544922532374,0.8478250773139684
3116,3.8649030371084154,3.765952997515342,0.8478634032340367
3117,3.8880672537263705,3.7663409670784507,0.8478929125562547
3118,3.9112287021540033,3.766613095565996,0.8479136074841284
3119,3.9343929187719584,3.766769459872143,0.8479254974609504
3120,3.9575571353899135,3.7668100215497966,0.8479285816281512
3121,3.980721352007869,3.7667347805989317,0.8479228605214776
3122,4.003882800435502,3.7665436985725287,0.8479083302233784
3123,3.977507483043547,3.7655488032812374,0.8478326537593468
3124,3.9511293974612696,3.763750017830893,0.8476957339920375
3125,3.924751311878993,3.761872300509266,0.8475526746670823
3126,3.898375994487038,3.759915689763476,0.8474034616535799
3127,3.8719979089047607,3.7578801471464027,0.8472480742140435
3128,3.845622591512806,3.755765711105116,0.8470864967291499
3129,3.819244505930529,3.7535723431925714,0.8469187069540551
3130,3.7928664203482514,3.7513000434087442,0.8467446848206125
3131,3.7664911029562966,3.748948811753659,0.8465644094999352
3132,3.7401130173740196,3.746518648227291,0.8463778593982342
3133,3.713734931791742,3.7440095528296147,0.8461850121525109
3134,3.6873596143997878,3.741421564007775,0.8459858475867935
3135,3.6609815288175107,3.738754643314653,0.845780338833306
3136,3.634606211425556,3.7360088291973423,0.8455684641630714
3137,3.61703927563952,3.7333064602892643,0.8453596576363369
3138,3.5994751080438077,3.730647575037488,0.8451539354558986
3139,3.581908172257772,3.727900453719207,0.8449410988548898
3140,3.5643412364717366,3.7250650963343963,0.8447211192613204
3141,3.546777068876023,3.7221415413301253,0.8444939701065854
3142,3.5292101330899883,3.7191297502593494,0.844259617859729
3143,3.511645965494275,3.7160297615691382,0.844018033969642
3144,3.4940790297082396,3.7128414983653024,0.8437691798878859
3145,3.4765148621125275,3.7095650375420064,0.8435130280465617
3146,3.4589479263264913,3.7062003406522055,0.8432495408561617
3147,3.441383758730779,3.7027474461429697,0.8429786857150317
3148,3.423816822944743,3.6992063155671784,0.8427004229580035
3149,3.4062526553490304,3.695576987371977,0.8424147179120353
3150,3.3886857195629947,3.6918594231102464,0.8421215288026798
3151,3.313111355570787,3.687247964056875,0.8417570837556202
3152,3.237536991578579,3.68174257176482,0.8413208890095727
3153,3.1619626275863713,3.6751754246957566,0.8407989981155904
3154,3.0863882635941633,3.667546522849711,0.8401905740428393
3155,3.0108138996019553,3.658855866226683,0.8394946386810123
3156,2.9352395356097474,3.6491034163795524,0.8387100671186792
3157,2.8596651716175394,3.6382892117554397,0.8378355938971586
3158,2.784088039435009,3.6264132139072243,0.8368697972161824
3159,2.70851478271893,3.6134754766608492,0.8358111087996035
3160,2.63294014190769,3.599475942345685,0.8346577930294696
3161,2.55736550109645,3.584414649408801,0.8334079592006752
3162,2.48179086028521,3.5682915978502225,0.8320595453351524
3163,2.4062162194739694,3.5511067876699247,0.8306103156496905
3164,2.3306415786627293,3.5328601804208626,0.8290578510939695
3165,2.3444736720657646,3.5147935747475256,0.8275066833594007
3166,2.3583057654688,3.4969069706498885,0.8259571046804648
3167,2.372137858871835,3.4791792991238455,0.8244075597299777
3168,2.3859699522748703,3.4616105217223017,0.8228582927625893
3169,2.3998020456779052,3.4442006768923523,0.8213095569116158
3170,2.4136341390809406,3.4269497646339966,0.8197616040313256
3171,2.427466232483976,3.409857784947235,0.8182146879803299
3172,2.441298325887011,3.3929246993849724,0.8166690610336363
3173,2.4551304192900463,3.3761505463943045,0.8151249843310997
3174,2.4689625126930816,3.3595353259752554,0.8135827173571445
3175,2.4827946060961166,3.343079038127775,0.812042521337993
3176,2.496626699499152,3.326781682851914,0.8105046591728363
3177,2.510458516083155,3.3106432178558407,0.8089693913242186
3178,2.52429060948619,3.2946636854313613,0.8074369878004823
3179,2.4725276650093178,3.2779320433856913,0.8058192828244983
3180,2.4207649973514775,3.260448295563568,0.8041143381309157
3181,2.369002052874605,3.2419238927262137,0.8022915773177137
3182,2.3172391083977324,3.2223588348736536,0.8003479978925581
3183,2.26547616392086,3.2017531604529825,0.7982803829555511
3184,2.2137132194439877,3.1801068310171052,0.7960852807651275
3185,2.1619502749671153,3.1574198465660226,0.7937590066409466
3186,2.110187330490243,3.1336922070997337,0.7912976288729701
3187,2.05842438601337,3.108923951065334,0.7886969617319146
3188,2.00666171835553,3.083115043860415,0.785952541944035
3189,1.9548987738786576,3.0562654816402905,0.7830596267435792
3190,1.9031358294017855,3.028375302852055,0.7800131817402545
3191,1.851372884924913,2.9994444690486137,0.7768078533880438
3192,1.7996099404480403,2.969472980229966,0.7734379658532191
3193,1.781578502325904,2.9389293295399614,0.7699513946484359
3194,1.7635467873847355,2.907813551580906,0.7663443376467169
3195,1.7455153492625992,2.876813660833957,0.7626944743758753
3196,1.7274839111404627,2.8459296957461597,0.7590015670688702
3197,1.7094521961992943,2.815161652472827,0.7552653768326754
3198,1.691420758077158,2.784509496411576,0.7514856648044825
3199,1.6733893199550216,2.7539732660094765,0.7476622050690565
3200,1.6553578818328853,2.723552922819484,0.7437947662648217
3201,1.6373261668917167,2.693248501443956,0.7398831304579376
3202,1.6192947287695805,2.663060005727579,0.7359270802666175
3203,1.601263290647444,2.632987397223284,0.7319263971324108
3204,1.5832315757062756,2.603030710533454,0.7278808767043135
3205,1.5652001375841391,2.5731899495027997,0.7237903153590318
3206,1.5471686994620029,2.5434650756842276,0.7196545083925538
3207,1.4813123444156593,2.513191892567546,0.7153787546587316
3208,1.415456266188348,2.4823703655503473,0.7109585520887685
3209,1.3496001879610369,2.450878155999261,0.7063712539073467
3210,1.2837441097337257,2.4187152254671926,0.7016111008945003
3211,1.217887754687382,2.385881608556474,0.6966720769138797
3212,1.1520316764600707,2.352377309111868,0.6915478813204459
3213,1.0861755982327594,2.3182022886862796,0.6862319136131625
3214,1.0203195200054482,2.2833565857267533,0.6807172780056192
3215,0.9544631649591049,2.247840157941533,0.6749967442371616
3216,0.8886070867317934,2.2116530476224248,0.6690627583379192
3217,0.8227510085044822,2.1747952163223343,0.6629073997421424
3218,0.756894930277171,2.137266702488306,0.6565223899482979
3219,0.6910385752308276,2.0990674638285833,0.6498990480392661
3220,0.6251824970035164,2.060197542634973,0.6430282997373178
3221,0.6294474478332587,2.02163080364168,0.6360778841995258
3222,0.6337121218439687,1.9833672814511374,0.6290483842788589
3223,0.6379767958546788,1.9462126347884299,0.6220926870984896
3224,0.642241746684421,1.9101668674982193,0.6152199604276063
3225,0.6465064206951311,1.875229975735844,0.6084394006304321
3226,0.6507710947058412,1.8414019595012785,0.6017602148057333
3227,0.6550360455355835,1.808682822639235,0.5951916004386422
3228,0.6593007195462935,1.7770725613050269,0.5887427223527769
3229,0.6635653935570036,1.7465711754986286,0.5824226939954872
3230,0.667830344386746,1.7171787075118472,0.5762405644522062
3231,0.6720950183974561,1.688895099674053,0.5702052671939312
3232,0.6763596924081661,1.661720371208781,0.5643256357229725
3233,0.6806246432379084,1.6356545259607427,0.5586103629884815
3234,0.6848893172486185,1.6106975600852265,0.5530679815963138
3235,0.6587537251385848,1.5864272476639043,0.5476113501627382
3236,0.632618133028551,1.5628435886967509,0.5422452846567365
3237,0.6064825409185172,1.538704822986372,0.5366869926391704
3238,0.5803469488084834,1.5140109505327675,0.5309310353886258
3239,0.5542113566984496,1.4887619713359124,0.5249717417516956
3240,0.5280757645884159,1.4629578853958316,0.5188031989185719
3241,0.5019401724783821,1.4365986927124998,0.5124192427451376
3242,0.47580458036834833,1.4096843932859429,0.5058134475996594
3243,0.44966898825831453,1.3822149871161349,0.49897911571078757
3244,0.4235333961482808,1.3541904742031017,0.49190926599248375
3245,0.39739780403824704,1.3256108545468175,0.48459662231994727
3246,0.3712622119282132,1.2964761281472823,0.47703360122937444
3247,0.3451266198181795,1.2667862950045472,0.4692122990127321
3248,0.3189910277081457,1.2365413551185611,0.4611244781771461
3249,0.3176398740117757,1.2060855406453659,0.4528557336669724
3250,0.316288997134438,1.175418851584911,0.4444015321707332
3251,0.314937843438068,1.1454523262852945,0.43601417633326645
3252,0.313586689741698,1.1161859609018039,0.4277005899745069
3253,0.31223581286436025,1.0876197631238886,0.419467725460992
3254,0.31088465916799035,1.0597537291068118,0.411322547723339
3255,0.30953350547162034,1.0325878588505728,0.40327202901474113
3256,0.3081826285942826,1.0061221561998839,0.3953231392475184
3257,0.3068314748979126,0.9803566173100333,0.3874828326656229
3258,0.3054805980205749,0.9552912460257327,0.37975804248314526
3259,0.3041294443242049,0.9309260385022703,0.37215566613482054
3260,0.3027782906278349,0.9072609908949593,0.36468255743249944
3261,0.3014274137504972,0.8842961108931983,0.35734552008447584
3262,0.30007626005412724,0.8620313946522755,0.3501512901924523
3263,0.30487436433996634,0.8405522485330342,0.34313458171029787
3264,0.3096724686258055,0.8198586725354997,0.33630285220313494
3265,0.3144705729116446,0.7994821735158489,0.32950637675826444
3266,0.31926867719748375,0.7794227553188193,0.32274768355890604
3267,0.32406678148332285,0.7596804140996483,0.3160293058243039
3268,0.328864885769162,0.7402551498583863,0.30935378412523085
3269,0.3336627132359689,0.7211469625950081,0.30272366354943636
3270,0.338460817521808,0.7023558523095138,0.2961414921241158
3271,0.34325892180764717,0.6838818190019285,0.28960981922073603
3272,0.34805702609348627,0.6657248626722018,0.2831311939435701
3273,0.35285513037932537,0.6478849871650709,0.27670816489387506
3274,0.3576532346651646,0.6303621886358491,0.27034327438331174
3275,0.3624513389510037,0.6131564670845111,0.26403906090414564
3276,0.3672494432368428,0.596267826355769,0.2577980575281281
3277,0.3587904072496119,0.57951213565669,0.25155388460068706
3278,0.3503313712623811,0.5628893949872489,0.2453073490836214
3279,0.3418726120941825,0.5470638431494435,0.23931194639224873
3280,0.33341357610695166,0.5320354724538751,0.23357446611672994
3281,0.32495454011972086,0.5178042829005184,0.22810144377888153
3282,0.31649550413249,0.5043702744893734,0.22289914556078683
3283,0.3080367449642914,0.4917334549098895,0.21797355936517948
3284,0.2995777089770606,0.4798938164726173,0.21333037436426627
3285,0.29111867298982974,0.4688513591775821,0.20897497898835193
3286,0.2826599138216312,0.4586060868694959,0.20491244906951467
3287,0.2742008224705939,0.44915799877938095,0.20114753465013968
3288,0.26574186952907275,0.4405070929848939,0.19768465207075658
3289,0.2572829165875516,0.4326533694860346,0.19452787656602177
3290,0.24882393596412716,0.4255968278983649,0.19168093335776815
3291,0.24979670572532645,0.419468468599689,0.18920029991125842
3292,0.2507694478046225,0.414268287360806,0.18708940414589337
3293,0.25174218988391855,0.4090223810004166,0.18495437890171706
3294,0.25271493196321465,0.40373075336318226,0.18279506462249184
3295,0.2536877017244139,0.39839340483359187,0.18061129825787037
3296,0.25466044380371,0.3930103311824698,0.1784029127504203
3297,0.25563318588300604,0.38758153625452807,0.17616974221532355
3298,0.25660592796230214,0.38210702004974134,0.17391161704142355
3299,0.2575786977235014,0.37658677910791183,0.1716283640076507
3300,0.2585514398027975,0.3710208168892627,0.16931981055283196
3301,0.25952418188209353,0.36540913339376857,0.16698578047000023
3302,0.2604969239613896,0.35975172477676803,0.16462609370354486
3303,0.2614696937225889,0.35404859526741145,0.16224057129603642
3304,0.262442435801885,0.3482997444812099,0.15982903008362193
3305,0.28303970953386626,0.34277773151310004,0.15750610726114755
3306,0.3036369832658476,0.3374825602077938,0.15527257709176834
3307,0.3242342569978289,0.33283645648361926,0.15330795039769562
3308,0.34483153072981015,0.32883942034060154,0.15161412903302962
3309,0.36542880446179143,0.3254914517786902,0.15019275507393082
3310,0.3860260781937728,0.3227925507979105,0.14904520816580136
3311,0.4066233519257541,0.32074271739828775,0.14817260329159798
3312,0.4272206256577354,0.31934195157979656,0.1475757889664362
3313,0.44781789938971667,0.31859025334246227,0.14725534586263178
3314,0.46841517312169795,0.3184876226862596,0.14721158586814842
3315,0.48901244685367934,0.3190340596111885,0.14744455158074898
3316,0.5096099974046929,0.3202295679619864,0.14795401787682805
3317,0.5302072711366742,0.32207414389391587,0.14873948736238407
3318,0.5508045448686555,0.324567787406977,0.14980019609524164
3319,0.5374984076268787,0.32723961779318717,0.15093523260538821
3320,0.5241925472041343,0.3300896388972837,0.15214429718880385
3321,0.5108866867813899,0.33277362240796216,0.15328134942368443
3322,0.4975805495396132,0.33529156063582377,0.15434667130856283
3323,0.48427468911686883,0.33764346127026734,0.15534053312810536
3324,0.4709685518750921,0.3398293204665808,0.15626318217274648
3325,0.4576626914523477,0.3418491382247642,0.15711484935117825
3326,0.44435683102960327,0.3437029183895043,0.15789574927778538
3327,0.4310506937878266,0.3453906571161143,0.15860607550225658
3328,0.4177448333650821,0.3469123544045942,0.1592460054531939
3329,0.40443897294233766,0.3482680140996561,0.15981570050516103
3330,0.391132835700561,0.34945762851187584,0.1603152995836653
3331,0.37782697527781656,0.35048120533067756,0.16074493053144223
3332,0.36452083803603985,0.3513387407113492,0.16110469885515255
3333,0.4081680021256608,0.35282124888322464,0.16172630301302715
3334,0.45181488939624936,0.3549287298463039,0.16260916070901388
3335,0.4954620534858703,0.35757578108445565,0.1637167358242947
3336,0.5391089407564589,0.3607623987529425,0.16504813239241833
3337,0.5827561048460798,0.3644885866964766,0.166602277974489
3338,0.6264029921166684,0.3687543410703458,0.16837791867852536
3339,0.670049879387257,0.3735596618745755,0.1703736256597077
3340,0.7136970434768779,0.37890455295385234,0.1725877970193983
3341,0.7573439307474665,0.38478901430817636,0.175018656757014
3342,0.8009910948370873,0.3912130459375476,0.17766425874605107
3343,0.844637982107676,0.39817664399725394,0.18052248775515978
3344,0.8882851461972969,0.40567981233203276,0.18359106699994432
3345,0.9319320334678856,0.4137225470971468,0.18686755485779127
3346,0.9755791975575063,0.42230485213730795,0.1903493543896878
3347,1.001074507245966,0.4311746183636337,0.19393210994222654
3348,1.0265698169344255,0.44033184577609874,0.19761434722797067
3349,1.0520654034419172,0.44996066516766103,0.20146807633539354
3350,1.0775607131303768,0.4600610726936086,0.20549065927986465
3351,1.1030562996378686,0.47063306835394136,0.20967935346348465
3352,1.1285516093263281,0.48167665214865946,0.21403131324006341
3353,1.1540471958338199,0.49319182792247473,0.21854359463698236
3354,1.1795425055222795,0.5051785918306754,0.2232131541501574
3355,1.205037815210739,0.5176369400285492,0.2280368552161769
3356,1.2305334017182308,0.5305668802055202,0.2330114761423473
3357,1.2560287114066904,0.5439684085168514,0.23813370476209306
3358,1.281524297914182,0.5578415249625677,0.24340014806514954
3359,1.3070196076026417,0.5721862303116217,0.248807334731868
3360,1.3325149172911013,0.587002522641645,0.25435171763819775
3361,1.3228162856774939,0.601801597212342,0.25984880686505185
3362,1.3131176540638863,0.6165834544081766,0.26529904551254
3363,1.3034190224502786,0.6312170976960059,0.27065510280509497
3364,1.2937203908366712,0.6457025274603438,0.2759184564530881
3365,1.2840214824040315,0.6600397398564534,0.28109055138913797
3366,1.2743228507904238,0.6742287387290465,0.28617280472871587
3367,1.2646242191768162,0.6882695236936596,0.29116660208505096
3368,1.2549255875632088,0.7021620951347813,0.2960733000030422
3369,1.2452269559496012,0.7159064530523614,0.30089422615258954
3370,1.2355280475169614,0.7295025936017383,0.3056306787231716
3371,1.2258294159033538,0.7429505202431351,0.31028393089024175
3372,1.2161307842897462,0.7562502333609902,0.31485522773660857
3373,1.2064321526761386,0.7694017329553541,0.31934578775314626
3374,1.1967335210625312,0.7824050190262015,0.32375680350850766
3375,1.323443834423585,0.7971546598692688,0.3287256310182689
3376,1.450154424603671,0.8136506597137314,0.33423953137760243
3377,1.5768647379647245,0.8316204517752794,0.3401945273981536
3378,1.7035753281448107,0.8510640398985996,0.3465779409312887
3379,1.8302856415058644,0.8719814202390049,0.3533762670352566
3380,1.9569962316859506,0.8943725966411572,0.3605752265835904
3381,2.083706545047004,0.9182375652603949,0.36815981119758656
3382,2.210416858408058,0.9435763260967178,0.37611433904307123
3383,2.3371274485881437,0.9703888829948129,0.3844225086823724
3384,2.463837761949198,0.998675232109968,0.3930674510284107
3385,2.5905483521292836,1.0284353772868953,0.40203179099487196
3386,2.7172586654903372,1.0596693146809077,0.411297700764394
3387,2.843969532489455,1.0923770519814044,0.4208469643118289
3388,2.9706806763076057,1.1265585891883854,0.43066103097461483
3389,2.9279065994456746,1.1598599687482267,0.4400624304276345
3390,2.8851352907740653,1.1922812291080238,0.4490661957667432
3391,2.8423612139121333,1.2242932125286643,0.45781424034180596
3392,2.7995871370502017,1.2558959151654108,0.46631417591935675
3393,2.7568152747405277,1.2870893677759594,0.47457335216968155
3394,2.7140425819737577,1.317873562670886,0.48259884728596436
3395,2.6712696123879547,1.3482484921607667,0.49039748835693
3396,2.6284969196211843,1.3782141639350003,0.49797586460372234
3397,2.5857239500353817,1.407770570304188,0.5053403284785709
3398,2.542951257268611,1.436917715113067,0.5124970111343331
3399,2.5001782876828083,1.465655598361612,0.519451826791957
3400,2.4574053180970057,1.4939842162051111,0.5262104807404883
3401,2.4146326253302353,1.5219035724882763,0.5327784797005339
3402,2.3718596557444322,1.5494136672111078,0.5391611363347695
3403,2.4570653843254133,1.5782919784478762,0.5457674508223778
3404,2.542271112906394,1.6085385100432934,0.5525852467845025
3405,2.6274768414873746,1.639362243923314,0.5594278791173566
3406,2.7126822932493235,1.6707631800879374,0.5662910491650333
3407,2.79788746819224,1.7027413108477403,0.5731705053379409
3408,2.883092366316124,1.735296636202722,0.580062050582476
3409,2.9683000326303306,1.7684291907552658,0.5869615517746891
3410,3.053504930754215,1.8021389399030139,0.5938649218662813
3411,3.138709828878099,1.836425883645941,0.6007681454745717
3412,3.2239174951923055,1.87129005658643,0.6076672818068909
3413,3.3091223933161897,1.9067314241221236,0.6145584474235413
3414,3.394327291440073,1.9427499824082841,0.6214378395564681
3415,3.4795321895639573,1.9793457352896238,0.6283017343354719
3416,3.564739855878164,2.016518717368525,0.6351464937431857
3417,3.438142207863233,2.051327192012928,0.6414415515133522
3418,3.311544559848301,2.083771155378094,0.647211156361393
3419,3.1849496800236916,2.1141027550000016,0.6525211146826342
3420,3.0583520320087603,2.1423219524315806,0.6573894762365425
3421,2.9317543839938285,2.168428743828119,0.661832644666253
3422,2.80515950416922,2.1924231714814244,0.6658654710259733
3423,2.6785621329733207,2.2143051969444008,0.6695013149847703
3424,2.551965592234518,2.234074835595897,0.6727521413879987
3425,2.425368774676683,2.251732079746489,0.6756285729097251
3426,2.2987722339378807,2.2672769370856005,0.6781399542801094
3427,2.1721754163800457,2.28070940376852,0.6802943984769715
3428,2.0455788756412434,2.292029479795221,0.6820988329336238
3429,1.9189820580834085,2.3012371651657304,0.6835590360444235
3430,1.792385517344606,2.308332459880047,0.6846796680150352
3431,1.9687247772629837,2.317522809458675,0.6861252960545914
3432,2.145064037181361,2.3288082139016146,0.6878914100300813
3433,2.3214035739187713,2.342677481793847,0.6900482816518754
3434,2.497742833837149,2.359130609290686,0.6925876597227038
3435,2.6740820937555267,2.378167596392157,0.6954998801377819
3436,2.850422184131001,2.399788454632345,0.6987739282827319
3437,3.0267614440493786,2.4239931763218516,0.7023975037617181
3438,3.2031007039677566,2.45078175761599,0.706357100898065
3439,3.379439963886134,2.4801541985147346,0.7106380925091758
3440,3.5557792238045116,2.5121104990180863,0.7152248192569186
3441,3.73211848372289,2.5466506591260694,0.7201006849430973
3442,3.9084577436412675,2.583774682683346,0.7252482568824581
3443,4.084797003559645,2.6234825658452285,0.73064936785286
3444,4.261136263478023,2.665774308611743,0.7362852241277487
3445,4.20801469119091,2.707462954979999,0.7417252859731235
3446,4.154895887094119,2.7485485433970904,0.7469768447457623
3447,4.101774314807007,2.7871364667357486,0.7518118704163134
3448,4.048655510710216,2.823226759598356,0.7562502951067269
3449,3.9955367066134255,2.856819425829599,0.7603102050996638
3450,3.9424151343263127,2.887914423137671,0.7640079619421956
3451,3.889296330229522,2.9165117938143794,0.7673583278405315
3452,3.836174757942409,2.942611495567942,0.7703745435824585
3453,3.7830559538456185,2.9662135706901407,0.773068435594664
3454,3.7299343815585053,2.9873179807339056,0.775450474006263
3455,3.6768155774617153,3.0059247603015944,0.7775298581138619
3456,3.623694005174602,3.02203387479085,0.7793145594686269
3457,3.570575201077812,3.0356453588040293,0.7808113883483812
3458,3.517453628790699,3.0467591777387497,0.7820260216902689
3459,3.5735869921485977,3.056892753567354,0.7831276563777467
3460,3.629720355506496,3.066046082445104,0.7841179404930023
3461,3.685850950674072,3.076573087323292,0.785251251031903
3462,3.741984314031971,3.088473768201892,0.7865252849702512
3463,3.7981149091995476,3.101748125080879,0.7879374631229115
3464,3.8542482725574465,3.116396196407373,0.7894849428899154
3465,3.9103816359153445,3.132417951423678,0.7911646164139919
3466,3.966512231082921,3.1498133632168597,0.792973128805616
3467,4.02264559444082,3.168582474078701,0.7949068959891679
3468,4.078778957798718,3.188725280164514,0.796962104512134
3469,4.1349095529662945,3.210241746871892,0.7991347258330376
3470,4.191042916324193,3.233131908803216,0.8014205395460754
3471,4.247176279682092,3.2573957698031992,0.8038151368446179
3472,4.303306874849668,3.283033291424772,0.8063139337234555
3473,4.299171198507983,3.3092074382744716,0.8088322031634438
3474,4.295032753975975,3.335918175749915,0.8113683463207844
3475,4.290894309443966,3.3613880219321195,0.8137553246705045
3476,4.286755864911959,3.385616976821085,0.8159979699236811
3477,4.2826174203799505,3.4086050404168113,0.8181007870341852
3478,4.278481744038265,3.430352255011106,0.8200679730569528
3479,4.274343299506257,3.4508585860015852,0.8219034202555298
3480,4.270204854974249,3.470124037232962,0.8236107394707909
3481,4.2660664104422406,3.488148570258141,0.8251932647158342
3482,4.261927965910234,3.5049322235241913,0.8266540745284344
3483,4.257792289568547,3.520475035478234,0.8279959950314879
3484,4.253653845036539,3.5347769292260787,0.8292215991952802
3485,4.2495154005045315,3.5478379432147955,0.8303332350127735
3486,4.245376955972523,3.559658077444409,0.8313330196736644
3487,4.202184882371908,3.5696949204000754,0.8321773413174118
3488,4.158992808771291,3.5779484336346994,0.832868477528355
3489,4.115800735170676,3.587360357625079,0.8336531443670367
3490,4.072608661570059,3.5979306923712153,0.8345299961457442
3491,4.029413819779121,3.6096593609789176,0.8354975278281709
3492,3.9862217461785043,3.6225464403423757,0.8365540983526407
3493,3.943029672577888,3.636591930461615,0.8376979161794664
3494,3.899837598977272,3.6517957928895157,0.8389270476508808
3495,3.856645525376656,3.66815806222846,0.8402394314514352
3496,3.8134506835857174,3.6856786884972177,0.8416328716607661
3497,3.770258609985101,3.704357713987621,0.8431050580215486
3498,3.727066536384485,3.7241951348549316,0.8446535612467596
3499,3.6838744627838693,3.7451909549438622,0.8462758439985589
3500,3.640682389183253,3.767345170409726,0.8479692666078631
3501,3.5995000217567092,3.790685697682976,0.8497331925870253
3502,3.558317654330165,3.8152125329188746,0.8515647238303646
3503,3.5171380550939437,3.8367182728887506,0.8531522783757688
3504,3.4759556876674,3.8552028791454833,0.8545032369319066
3505,3.4347760884311778,3.8706663862915067,0.8556238443369777
3506,3.393593721004634,3.8831087597243874,0.8565192472365384
3507,3.3524113535780895,3.8925299994441502,0.8571935411021014
3508,3.3112317543418683,3.898930132363754,0.8576498008413617
3509,3.2700493869153244,3.9023091315702407,0.8578900983978897
3510,3.22886701948878,3.9026669970635846,0.857915524238087
3511,3.187687420252559,3.90000376729088,0.8577261964071402
3512,3.146505052826015,3.894319403805058,0.8573212532115896
3513,3.105325453589793,3.885613945053188,0.8566988576620979
3514,3.064143086163249,3.873887352588225,0.8558561725721291
3515,3.0260527873268406,3.8591825718072212,0.8547924652766377
3516,2.9879624884904326,3.8414996027101753,0.8535029227674498
3517,2.9498694214637022,3.8240253628528587,0.8522173523209543
3518,2.9117791226272938,3.806759852235271,0.8509360582930474
3519,2.8736888237908857,3.7897031093044813,0.8496593492397881
3520,2.8355985249544773,3.772855095613421,0.8483875291792742
3521,2.797505457927747,3.756215772714995,0.8471209031064845
3522,2.7594157127294032,3.7397852251928168,0.8458597863562811
3523,2.7213248602549305,3.723563399220944,0.8446044845558072
3524,2.6832337309614256,3.707550329401758,0.8433553108332417
3525,2.645142878486953,3.691745981132903,0.8421125735257299
3526,2.60705202601248,3.6761503928614223,0.8408765871567323
3527,2.5689611735380073,3.6607635261402467,0.8396476605128573
3528,2.5308700442445025,3.645585415571759,0.838426108393056
3529,2.448562334112056,3.630001903530557,0.8371622465931965
3530,2.36625462397961,3.6140130284637357,0.8358552328868316
3531,2.2839469138471635,3.5961013607095538,0.8343785771488565
3532,2.201638926895685,3.5762668964232995,0.8327278995027239
3533,2.1193312167632388,3.554509677896754,0.8308982778549787
3534,2.0370235066307925,3.5308296666828483,0.8288842127742562
3535,1.9547155196793138,3.505226897383965,0.8266796129034827
3536,1.872407809546868,3.4777013353977204,0.8242777521445088
3537,1.7901000994144216,3.448252980724116,0.8216712443546401
3538,1.7077923892819753,3.416881871810195,0.8188520060918241
3539,1.6254844023304968,3.3835879663642014,0.815811204180732
3540,1.5431766921980505,3.3483712682308475,0.8125392209992833
3541,1.4608689820656042,3.3112318158572283,0.8090256031695031
3542,1.3785609951141258,3.272169566951536,0.805258995147623
3543,1.42964241113362,3.2330371521106067,0.8014111309567491
3544,1.4807238271531142,3.193834609781485,0.7974801362980029
3545,1.5318052431726084,3.1553989715129216,0.7935505076818968
3546,1.5828866591921027,3.117730275752036,0.7896253179615553
3547,1.6339680752115968,3.0808285224988037,0.7857076899632613
3548,1.6850494912310914,3.044693711753224,0.7818007964925761
3549,1.7361309072505855,3.0093258435153225,0.7779078563544638
3550,1.7872123232700798,2.974724879337979,0.7740321258672052
3551,1.8382937392895742,2.9408908576682884,0.770176907448074
3552,1.8893751553090683,2.907823778506276,0.7663455324331728
3553,1.9404565713285626,2.8755236418519163,0.7625413606849927
3554,1.9915379873480568,2.8439904477052096,0.7587677758729406
3555,2.042619403367551,2.813224157619086,0.7550281759208799
3556,2.0937008193870454,2.7832248100406156,0.7513259820346965
3557,2.0244434657105845,2.752321033168477,0.7474536585431572
3558,1.9551863888531564,2.720512830847383,0.7434050263914549
3559,1.885929311995728,2.6883426145921527,0.7392442952998967
3560,1.8166719583192676,2.655810380558099,0.7349681284635903
3561,1.747414881461839,2.622916132589909,0.730573072471615
3562,1.6781575277853786,2.5896598668428954,0.7260555508347455
3563,1.6089004509279503,2.556041625608865,0.7214118667610698
3564,1.5396433740705222,2.522061370440699,0.7166381809002433
3565,1.4703860203940615,2.487719097493684,0.7117305219763558
3566,1.401128943536633,2.453014810612558,0.706684778011814
3567,1.3318715898601725,2.4179485059526087,0.7014966886694405
3568,1.2626145130027442,2.382520225805643,0.6961618476407614
3569,1.1933574361453159,2.3467299317245156,0.6906756777241956
3570,1.1241000824688552,2.310577619864565,0.6850334417040898
3571,1.1223062951399314,2.2750002842028354,0.6793804759218215
3572,1.1205122309919753,2.2399979208946155,0.6737198661917453
3573,1.1187181668440191,2.205542617354164,0.6680501277542901
3574,1.1169243795150952,2.1716343774261935,0.6623742308366163
3575,1.1151303153671392,2.1382731588188713,0.6566951940722221
3576,1.1133365280382153,2.1054590038240297,0.6510161042796045
3577,1.1115424638902591,2.0731918701498366,0.645340085174112
3578,1.109748399742303,2.041471796243412,0.6396703233506563
3579,1.1079546124133792,2.010298785949443,0.6340100456083224
3580,1.1061605482654229,1.9796727969761478,0.6283625134965258
3581,1.104366760936499,1.9495938716153078,0.6227310443989054
3582,1.102572696788543,1.9200620060222617,0.6171189846732799
3583,1.1007786326405868,1.8910771617498894,0.6115297081197184
3584,1.098984845311663,1.8626393810899724,0.6059666350065089
3585,1.059880835179187,1.8342304280564956,0.6003296569448289
3586,1.0207771018657432,1.8058503449412404,0.5946178888963884
3587,0.9816730917332672,1.7774561825024446,0.5888215982925633
3588,0.9425690816007913,1.7490479407400825,0.5829394944096807
3589,0.9034653482873474,1.720625661945961,0.5769702751843486
3590,0.8643613381548715,1.6921893038282987,0.5709126003062402
3591,0.8252576048414276,1.6637388702317821,0.5647651180513257
3592,0.7861535947089516,1.6352743573116995,0.5585264537628177
3593,0.7470498613955078,1.6067958073598574,0.552195221439107
3594,0.7079458512630319,1.5783031703950503,0.5457699926886133
3595,0.6688418411305558,1.5497964617961013,0.5392493312051533
3596,0.629738107817112,1.521275689252434,0.5326317763935917
3597,0.590634097684636,1.4927408450746245,0.525915841058272
3598,0.5515303643711922,1.464191933107385,0.519100017242752
3599,0.5363277399395301,1.4359609131962923,0.5122637334415563
3600,0.5211253923269004,1.4080477930307704,0.5054088891782498
3601,0.5059230447142705,1.3810666917891519,0.498691373145256
3602,0.4907204202826083,1.3550176056266992,0.49211935145348595
3603,0.47551807266997853,1.3299005383881246,0.4857008964204136
3604,0.4603157250573487,1.30571549391814,0.4794439682989501
3605,0.4451131006256866,1.2824624645273464,0.47335639589583867
3606,0.4299107530130567,1.260141454060431,0.4674458662974411
3607,0.41470840540042686,1.2387524663621055,0.46171990583988587
3608,0.3995060577877971,1.218295497587658,0.45618586210929435
3609,0.3843034333561349,1.198770543892402,0.45085089028039005
3610,0.3691010857435051,1.1801776091210487,0.4457219398706834
3611,0.35389873813087525,1.1625166971182859,0.44080573764026676
3612,0.33869611369921315,1.1457878001946886,0.4361087696642002
3613,0.3505049367955964,1.130366077343726,0.4317438756085137
3614,0.36231375989197967,1.1162515324100848,0.4277193529346782
3615,0.374122582988363,1.101591534796954,0.42350912484210934
3616,0.38593140608474624,1.0863860845043343,0.41910951986717415
3617,0.3977402291811295,1.070635181532225,0.4145166834804356
3618,0.4095490522775128,1.0543388258806266,0.4097265724676049
3619,0.4213578753738961,1.037497017549539,0.4047349490084745
3620,0.43316642165124714,1.0201097526942755,0.3995373732874179
3621,0.4449752447476304,1.0021770351594972,0.39412920037331434
3622,0.45678406784401365,0.9836988649452552,0.38850556989436724
3623,0.46859289094039697,0.9646752420515239,0.38266139991526593
3624,0.4804017140367802,0.9451061664782779,0.37659137930974973
3625,0.49221053713316354,0.9249916382255682,0.37028995974723655
3626,0.5040193602295467,0.9043316572933691,0.363751347276578
3627,0.5000029928907571,0.8829064293700716,0.35689882238231574
3628,0.49598662555196754,0.8607159544557008,0.34972373104345633
3629,0.491970258213178,0.8394316043515775,0.3427664223715218
3630,0.48795389087438845,0.8190533752129644,0.3360355616266022
3631,0.4839375235355988,0.7995812670399118,0.32953959672328115
3632,0.4799214330158415,0.7810152875218187,0.32328674197519647
3633,0.4759050656770519,0.763355428969261,0.3172849530761602
3634,0.4718886983382623,0.7466016952269506,0.31154191928565433
3635,0.4678723309994728,0.7307540824501504,0.30606504054038464
3636,0.46385596366068316,0.7158125906389109,0.3008614155050786
3637,0.4598395963218936,0.7017772236379187,0.2959378263071145
3638,0.45582322898310396,0.688647977602462,0.29130071978037464
3639,0.4518068616443144,0.6764248563772273,0.28695619879426226
3640,0.44779049430552476,0.6651078561175281,0.2829100034502394
3641,0.45217558459525986,0.6548136637348863,0.2792095571531761
3642,0.45656039806596266,0.645542279229302,0.27586043773552815
3643,0.4609454883556977,0.6363567124684172,0.2725269725065672
3644,0.4653303018264005,0.6272569634522319,0.2692095202507031
3645,0.46971511529710336,0.6182430321807462,0.26590843933024144
3646,0.4741002055868384,0.60931491865396,0.2626240876218128
3647,0.4784850190575412,0.6004726228718735,0.2593568224526177
3648,0.4828701093472762,0.5917161448344864,0.2561070005365039
3649,0.487254922817979,0.5830454845418243,0.2528749779098992
3650,0.49163973628868185,0.5744606419938615,0.2496611098675705
3651,0.4960248265784169,0.5659616171905983,0.24646575089831857
3652,0.5004096400491197,0.55754841013206,0.24328925462053874
3653,0.5047947303388548,0.5492210208182213,0.24013197371766604
3654,0.5091795438095575,0.5409794492490568,0.23699425987359368
3655,0.4938531812704836,0.5325499290911466,0.23377158711453194
3656,0.4785268187314096,0.5239324564997534,0.23046298811958388
3657,0.46320017937330343,0.5156452251691108,0.22726770706559007
3658,0.44787381683422944,0.5076882350992441,0.22418727178979436
3659,0.43254745429515545,0.5000614901348146,0.22122316084308702
3660,0.41722109175608146,0.49276499027587306,0.2183767993324932
3661,0.4018947292170076,0.48579873167768206,0.21564955775115036
3662,0.3865683666779336,0.47916271818492834,0.2130427553898946
3663,0.3712420041388596,0.4728569459529505,0.21055765325611497
3664,0.3559153647807534,0.46688141498172325,0.20819545757349212
3665,0.34058900224167943,0.4612361252712718,0.20595731730390787
3666,0.32526263970260544,0.4559210806662577,0.20384432474664826
3667,0.30993627716353145,0.45093628116670614,0.2018575116030895
3668,0.2946099146244575,0.4462817229279305,0.19999784811691024
3669,0.3400411773768738,0.44280126570141776,0.19860444941703992
3670,0.38547271694832236,0.4404949094872184,0.19767976455228153
3671,0.4309039797007386,0.4390306905950183,0.19709216326113055
3672,0.47633524245315495,0.4384086051801053,0.19684238579003666
3673,0.5217667820246035,0.43862865708719156,0.19693074911116704
3674,0.5671980447770198,0.4396908463162769,0.19735714162801188
3675,0.6126293075294361,0.4415951690226494,0.1981210234110965
3676,0.6580608471008846,0.44434162905104635,0.19922143195955422
3677,0.7034921098533009,0.4479302264014172,0.20065697959754714
3678,0.7489233726057173,0.45236095722910047,0.20242585640104904
3679,0.7943549121771658,0.4576338253787829,0.20452583860175344
3680,0.839786174929582,0.4637488270057525,0.20695428711386
3681,0.8852174376819985,0.47070596595472125,0.20970815917800434
3682,0.9306489772534469,0.4785052422256892,0.21278401012788728
3683,0.9589797442891546,0.4869091450890058,0.21608491350887438
3684,0.9873107881438944,0.4959176822340699,0.2196079373173948
3685,1.0156415551796019,0.5051556908227263,0.22320425949836753
3686,1.0439725990343418,0.5146231746997122,0.22687272044876505
3687,1.0723033660700494,0.5243201300202903,0.2306121382250198
3688,1.1006344099247891,0.5342465606291726,0.2344213151336222
3689,1.1289651769604967,0.5444024626816726,0.23829903244039485
3690,1.1572959439962043,0.5547878361777647,0.2422440554617722
3691,1.1856269878509442,0.5654026849621864,0.24625513418105394
3692,1.2139577548866518,0.576247009034887,0.2503310009866473
3693,1.2422887987413915,0.5873208083959172,0.25447037280937124
3694,1.2706195657770991,0.5986240792005396,0.2586719503680984
3695,1.298950609631839,0.6101568252934663,0.26293442313706894
3696,1.3272813766675466,0.6219190428300104,0.2672564643094766
3697,1.3528342647147125,0.6338721501575341,0.27162268489998986
3698,1.3783874295809104,0.646016151120749,0.2760319921030484
3699,1.403940317628076,0.6585708361865525,0.2805623530810776
3700,1.4294932056752419,0.6715362053549193,0.2852111557826754
3701,1.4550460937224075,0.6849122586258747,0.2899757320452421
3702,1.4805989817695733,0.6986989959994188,0.2948533601416218
3703,1.5061518698167393,0.7128964174755512,0.29984126736487227
3704,1.5317047578639047,0.7275045192095604,0.3049366313115289
3705,1.5572576459110707,0.7425233050461328,0.31013658656069765
3706,1.5828105339582366,0.7579527749852938,0.3154382233045733
3707,1.6083634220054022,0.7737929290270434,0.3208385914065699
3708,1.6339165868716001,0.7900437710160936,0.32633470441971535
3709,1.659469474918766,0.806705297107707,0.3319235384206921
3710,1.6850223629659316,0.8237775073019091,0.33760203869175087
3711,1.6864064581271383,0.840924723919746,0.3432569034198354
3712,1.6877908301073772,0.8581469508058793,0.348887913299498
3713,1.6891752020876163,0.8753275010488374,0.3544571902010878
3714,1.6905592972488228,0.892466374648595,0.35996549327515004
3715,1.6919436692290617,0.9095635716051775,0.36541357139115527
3716,1.6933280412093006,0.9266190957632716,0.37080216449689163
3717,1.6947121363705075,0.9436329432781653,0.3761320001169245
3718,1.6960965083507464,0.9606051141498837,0.3814037971678045
3719,1.6974808803309853,0.9775356122231389,0.38661826604982663
3720,1.6988649754921918,0.994424429808507,0.39177610406136587
3721,1.700249347472431,1.0112715745953613,0.3968780038015738
3722,1.7016337194526698,1.0280770465837525,0.4019246462124474
3723,1.7030178146138766,1.0448408380842567,0.40691670081122167
3724,1.7044021865941157,1.0615629567862723,0.41185483270132817
3725,1.7753207312830566,1.079209151243832,0.4170212691953439
3726,1.8462395527910294,1.0977794291463598,0.42240925490864856
3727,1.9171580974799702,1.1175475529825891,0.4280900765512683
3728,1.9880769189879433,1.138513526597257,0.4340540858018068
3729,2.0589954636768844,1.1606773499903638,0.4402912249044396
3730,2.1299140083658252,1.184039019317197,0.4467910549420616
3731,2.2008328298737982,1.208598538422469,0.4535427880975401
3732,2.271751374562739,1.2343559034614424,0.46053531313676777
3733,2.34266991925168,1.2613111144341422,0.4677572289749442
3734,2.413588740759653,1.2894641751852811,0.47519687545765155
3735,2.484507285448594,1.3188150818701212,0.48284236152262827
3736,2.555426106956567,1.349363842178137,0.49068160171321396
3737,2.626344651645508,1.3811104484198546,0.4987023408135052
3738,2.6972631963344487,1.4140549005952987,0.5068921914756062
3739,2.6984521340779253,1.447228731941348,0.5150038692786854
3740,2.699641071821402,1.480631942457977,0.5230368149347226
3741,2.7008300095648785,1.5134206762383604,0.5307925752812133
3742,2.7020189473083547,1.5455949294377862,0.5382803843741066
3743,2.7032078850518317,1.5771547059009916,0.5455090842670014
3744,2.704396822795308,1.6081000056279764,0.552487139357379
3745,2.7055857605387845,1.6384308247740036,0.5592226526780858
3746,2.706774698282261,1.6681471671838102,0.5657233838850331
3747,2.7079636360257378,1.6972490328573713,0.5719967613238783
3748,2.7091525737692144,1.7257364179499746,0.5780498960301679
3749,2.7103415115126905,1.7536093263063575,0.5838895974365192
3750,2.711530449256167,1.7808677579264947,0.5895223834923311
3751,2.7127193869996438,1.8075117089656993,0.594954492699444
3752,2.713908047924088,1.8335411794239715,0.6001918970897888
3753,2.726615702418159,1.8591161553230853,0.6052718889971354
3754,2.7393233569122297,1.8842366328183542,0.6101987621883298
3755,2.752031011406301,1.9091401226394282,0.6150223742505998
3756,2.7647386659003717,1.9338266209416208,0.6197450425070095
3757,2.7774471508515393,1.9582961431037296,0.6243690267108679
3758,2.790153144431417,1.982548650678685,0.6288965169963114
3759,2.8028619062016165,2.006584185958294,0.6333296608239077
3760,2.815570667971816,2.0304027450978435,0.6376705407211607
3761,2.828276661551694,2.0540042934949523,0.6419211791157158
3762,2.840985423321894,2.077388869596689,0.6460835585451166
3763,2.8536914169017717,2.100556431111272,0.6501595954721351
3764,2.866400178671971,2.1235070203305337,0.654151171125567
3765,2.879108940442171,2.146240633409712,0.6580601096935419
3766,2.8918149340220487,2.1687572357464484,0.6618881827268122
3767,2.9138857154626505,2.191186889994116,0.6656588650105334
3768,2.9359564969032523,2.2135295999974005,0.6693731232445536
3769,2.9580245101535323,2.2358239089618213,0.6730382065393091
3770,2.9800952915941337,2.2580698514897852,0.6766548420185559
3771,3.0021660730347355,2.28026743142598,0.6802237401531888
3772,3.0242340862850154,2.302416610323336,0.6837455934117735
3773,3.0463048677256173,2.3245174266289217,0.6872210954601099
3774,3.0683756491662195,2.3465698803427637,0.6906509228411006
3775,3.0904464306068213,2.368573971464861,0.6940357413755258
3776,3.1125144438571013,2.3905296615480944,0.6973762005261651
3777,3.1345852252977027,2.412436989039583,0.7006729511554366
3778,3.1566560067383045,2.4342959539393028,0.7039266279920604
3779,3.1787240199885844,2.456106517800183,0.7071378501200468
3780,3.2007948014291863,2.4778687152245817,0.710307237602151
3781,3.2422678288395836,2.4998520256957213,0.7134740046816188
3782,3.2837380880596583,2.522056410766456,0.7166374782082143
3783,3.325211115470056,2.5448175865628855,0.7198440294665935
3784,3.3666841428804535,2.5681355492402975,0.7230913954244642
3785,3.408154402100528,2.592010260351597,0.7263773003657442
3786,3.449627429510926,2.6164417621885656,0.7296994743726352
3787,3.4911004569213233,2.6414300509065165,0.733055638302808
3788,3.532570716141398,2.6669750880583556,0.7364435082482321
3789,3.5740437435517958,2.6930769159358885,0.73986081335802
3790,3.615516770962193,2.719735530694379,0.7433052813536292
3791,3.65698979837259,2.7469509323338266,0.7467746477024075
3792,3.6984600575926656,2.774723086251874,0.75026665319246
3793,3.739933085003063,2.803052027050929,0.753779059379399
3794,3.78140611241346,2.8319377547309412,0.7573096376964632
3795,3.832451541958763,2.861513223166286,0.7608720731785137
3796,3.8834997396943884,2.8917784669593454,0.7644634635692565
3797,3.9345451692396916,2.921767695264281,0.7679688960685397
3798,3.9855933669753165,2.9514809426835,0.7713906143417971
3799,4.036638796520619,2.98091817461462,0.7747307864398675
3800,4.087684226065923,3.010079387212929,0.7779915186602393
3801,4.138732423801548,3.038964622770234,0.7811748590813553
3802,4.18977785334685,3.0675738428394146,0.7842827855542261
3803,4.240826051082475,3.095907082022854,0.7873172246494149
3804,4.291871480627779,3.1239643057181943,0.7902800380812252
3805,4.342919678363404,3.15174555237253,0.7931730397613492
3806,4.393965107908707,3.1792507796940552,0.7959979813506702
3807,4.445013305644332,3.206480029974551,0.7987565711688596
3808,4.496058735189635,3.23343326092221,0.8014504584625848
3809,4.415208200442907,3.258278587988823,0.8039017155173743
3810,4.334360433886502,3.281016049621485,0.8061184793555414
3811,4.253509899139774,3.3026140741362218,0.8082009437563509
3812,4.172659364393046,3.3230726615330344,0.8101529119847143
3813,4.091808829646318,3.342391811811947,0.8119779255778554
3814,4.0109582948995905,3.360571524972935,0.8136792750424527
3815,3.930107760152863,3.377611801015999,0.8152600097340106
3816,3.849257225406135,3.3935126399411377,0.8167229469599271
3817,3.7684066906594067,3.4082740417483515,0.8180706803442925
3818,3.6875561559126786,3.421896006437641,0.8193055874891721
3819,3.606705621165951,3.4343785340090562,0.8204298369640488
3820,3.5258550864192233,3.445721624462547,0.821445394652165
3821,3.445004551672495,3.4559252777981126,0.8223540294798104
3822,3.3641540169257675,3.4649894940157537,0.8231573185518827
3823,3.4039744347136844,3.474590258567332,0.8240041967297473
3824,3.4437948525016004,3.4847275752975597,0.8248940023648094
3825,3.4836152702895173,3.4952414581846623,0.8258121090100006
3826,3.5234329198871115,3.50613186878152,0.8267580201595316
3827,3.5632533376750284,3.5173988455352525,0.8277312329739714
3828,3.6030737554629444,3.5290423884458355,0.8287312286668868
3829,3.6428941732508613,3.541062485979157,0.8297574753494411
3830,3.6827145910387777,3.553459172737601,0.8308094334083664
3831,3.7225350088266946,3.566232410274046,0.8318865458419415
3832,3.762352658424289,3.5793821601414493,0.8329882450417019
3833,3.8021730762122057,3.592908499233949,0.8341139628555823
3834,3.8419934940001217,3.6068113891044757,0.8352631117581777
3835,3.8818139117880386,3.6210908682001244,0.8364351014051312
3836,3.9216343295759555,3.6357468980737746,0.8376293264316261
3837,3.9195637232147895,3.650197658945621,0.8387982881376985
3838,3.9174931168536244,3.664443189262733,0.8399424105795836
3839,3.9154225104924594,3.6783534225270262,0.8410517674566632
3840,3.9133519041312943,3.6919283587385254,0.8421269704347005
3841,3.9112812977701292,3.7051680363443262,0.8431686128852669
3842,3.909210691408964,3.718072416897308,0.8441772613411465
3843,3.907140085047799,3.730641500397496,0.8451534651381363
3844,3.905069478686633,3.7428753252919855,0.8460977568155396
3845,3.902998872325468,3.7547738531336563,0.847010643683261
3846,3.900928265964303,3.7663370839225334,0.8478926172281995
3847,3.8988548914128156,3.7775649792114967,0.8487441476513824
3848,3.8967842850516505,3.7884576158947616,0.8495656959368045
3849,3.8947136786904846,3.799014955525207,0.8503576967623627
3850,3.8926430723293195,3.8092369981028593,0.8511205705671082
3851,3.8694484056178178,3.8188303923477127,0.8518329901015289
3852,3.8462537389063165,3.8277950998126724,0.8524956408244372
3853,3.823056304004492,3.8358616064121835,0.8530893651426784
3854,3.79986163729299,3.8430299890404362,0.8536149784520701
3855,3.7766642023911663,3.849300170803215,0.854073190155325
3856,3.753469535679664,3.8546721901476406,0.8544646250437161
3857,3.7302748689681624,3.8591460855208073,0.8547898162106234
3858,3.707077434066338,3.8627217800285254,0.8550491979024304
3859,3.6838827673548367,3.865399312117865,0.8552431232751099
3860,3.660685332453012,3.8671786817888765,0.8553718539997891
3861,3.6374906657415105,3.868059889041509,0.8554355636490023
3862,3.6142959990300083,3.868042933875788,0.8554343380868195
3863,3.5910985641281843,3.8671277778446185,0.8553681728814023
3864,3.5679038974166826,3.8653144978421654,0.8552369844201192
3865,3.5272336451997854,3.8623603389559977,0.8550229999485606
3866,3.48656616117321,3.858265339633211,0.8547258554922674
3867,3.445895908956312,3.852896511397072,0.8543353556305872
3868,3.4052284249297378,3.846253854247556,0.8538507511650633
3869,3.3645581727128397,3.838337368184688,0.8532711104967974
3870,3.3238879204959426,3.8291470147613733,0.8525953138073771
3871,3.2832204364693673,3.8186828708717764,0.8518220607904642
3872,3.24255018425247,3.8069448980688017,0.8509498494857082
3873,3.201882700225895,3.7939330963524753,0.8499769827277514
3874,3.161212448008997,3.7796474657227717,0.848901559821114
3875,3.120544963982422,3.764088006179716,0.8477214703510223
3876,3.0798747117655245,3.747254717723308,0.8464343872812885
3877,3.0392072277389492,3.729147600353523,0.84503775930766
3878,2.998536975522052,3.709766654070361,0.8435288024314631
3879,2.948452108018626,3.6889810818811384,0.8418941511679023
3880,2.898367240515201,3.6667909222328996,0.8401301865859447
3881,2.848279604821453,3.645028025071497,0.8383810722415307
3882,2.798194737318028,3.6236923903969305,0.836647721948043
3883,2.74810959299557,3.602784052811608,0.8349310521170261
3884,2.69802417185408,3.582303008470793,0.8332319750265278
3885,2.64793875071259,3.5622492573745097,0.8315514014236616
3886,2.5978533295711004,3.542622799522734,0.8298902394127683
3887,2.5477679084296105,3.523423634915465,0.8282493936489604
3888,2.4976824872881203,3.5046517635527277,0.8266297645273231
3889,2.4475967893275983,3.486307181589786,0.825032247032422
3890,2.3975113681861084,3.4683898928713766,0.8234577309248547
3891,2.347425947044618,3.4508998973974485,0.8219070989266908
3892,2.2973405259031283,3.433837195168053,0.8203812262336581
3893,2.2690698285974173,3.417504768458659,0.8189084155461938
3894,2.240799408110738,3.4019026211140044,0.8174901820749503
3895,2.212528710805027,3.3853547638374897,0.8159738444815676
3896,2.184258290318348,3.367861200473852,0.8143571477360265
3897,2.155987593012637,3.3494219271783296,0.8126376738093173
3898,2.127717172525958,3.330036986242754,0.8108128407114684
3899,2.0994464752202466,3.309706335375318,0.8088798837460789
3900,2.071176054733568,3.288429978420734,0.8068358607751275
3901,2.0429053574278564,3.2662079115343152,0.804677639734656
3902,2.0146349369411776,3.2430401385607235,0.8024018921318705
3903,1.9863642396354662,3.218926655655297,0.8000050830141159
3904,1.958093819148787,3.1938675051097913,0.7974834672493122
3905,1.9298231218430761,3.167862644632452,0.7948330666760917
3906,1.901552424537365,3.1409120742232517,0.7920496723367552
3907,1.9069631293415539,3.113483591133723,0.789178145916756
3908,1.9123738341457432,3.085577195363865,0.7862158884463598
3909,1.9177842621309,3.057774702848797,0.7832232704983074
3910,1.9231949669350894,3.0300761174332567,0.7802001806104677
3911,1.9286056717392788,3.002481439117244,0.7771465101347771
3912,1.9340160997244356,2.974990664056046,0.7740621532758137
3913,1.939426804528625,2.947603796094351,0.770947008449528
3914,1.9448372325137817,2.920320831387471,0.7678009766254317
3915,1.950247937317971,2.8931417737801186,0.7646239631438293
3916,1.9556586421221602,2.8660666232722685,0.7614158764687958
3917,1.9610690701073172,2.8390953760192335,0.7581766282254805
3918,1.9664797749115064,2.812228035865726,0.7549061346499488
3919,1.9718904797156955,2.7854646412588155,0.7516043200623513
3920,1.9773009077008528,2.7588051499067205,0.7482711027062143
3921,1.9426694626723,2.731693424684257,0.7448354664640685
3922,1.908038017643747,2.704129465591399,0.7412944490159812
3923,1.8734062957961624,2.676406658510536,0.7376834580918006
3924,1.8387748507676096,2.648525007286404,0.7340009398941147
3925,1.8041434057390566,2.6204845503660485,0.7302453064006473
3926,1.769511683891472,2.5922852454576866,0.7264149188630971
3927,1.7348802388629194,2.563927134853126,0.722508108884101
3928,1.7002487938343664,2.535410180105297,0.7185231548576905
3929,1.6656173488058137,2.5067343812141494,0.7144582970303675
3930,1.6309856269582286,2.47789977278209,0.7103117361420365
3931,1.596354181929676,2.4489063202067376,0.7060816173162292
3932,1.5617227369011233,2.4197540619351607,0.7017660492845209
3933,1.5270910150535384,2.3904429556756037,0.6973630806114889
3934,1.4924595700249856,2.3609730052727524,0.6928707169570911
3935,1.4711370304285323,2.3315290950824874,0.6883157265303614
3936,1.4498142140130463,2.302111182813001,0.6836972933258054
3937,1.4284913975975604,2.272961984929629,0.6790535500854928
3938,1.407168858001107,2.2440814668300137,0.6743853765071661
3939,1.385846041585621,2.215469663116513,0.6696936862461932
3940,1.3645235019891673,2.1871265391867687,0.6649794043830874
3941,1.3432006855736816,2.1590521296431637,0.6602434899439498
3942,1.321878145977228,2.1312464383303853,0.6554869193060356
3943,1.300555329561742,2.103709422956677,0.6507106829357635
3944,1.2792327899652884,2.0764411258138202,0.6459158077485401
3945,1.2579099735498025,2.0494415046099825,0.6411033275174601
3946,1.236587433953349,2.0227106016369967,0.6362743123546188
3947,1.2152646175378632,1.9962483746030557,0.6314298382726415
3948,1.1939418011223772,1.970054861955229,0.6265710167259161
3949,1.1548657497121577,1.9438834525381783,0.6216523232236053
3950,1.1157894214829056,1.9177341809543123,0.6166730852168751
3951,1.076713093253654,1.8917378057492442,0.6116580072121746
3952,1.0376367650244018,1.8658943269229742,0.6066073920874065
3953,0.9985604367951502,1.8402037829226225,0.6015215625343262
3954,0.9594843853849304,1.8146661391457808,0.5964008391118634
3955,0.9204080571556786,1.7892813955924491,0.5912455613700944
3956,0.8813317289264267,1.7640495561073395,0.5860560819804148
3957,0.8422554006971747,1.738970620690452,0.5808327652233178
3958,0.803179072467923,1.7140445893417866,0.5755759877994215
3959,0.764102744238671,1.6892714620613687,0.5702861388702756
3960,0.7250266928284514,1.6646512426938596,0.5649636209311557
3961,0.6859503645991996,1.6401839312393096,0.5596088482015662
3962,0.6468740363699477,1.6158695238529819,0.5542222466017908
3963,0.6272517192695204,1.5919782151339001,0.5488652066681872
3964,0.607629402169093,1.5685100050820386,0.5435403635860449
3965,0.5880068082496335,1.5451619075772163,0.5381804062078044
3966,0.5683844911492062,1.5219339226194077,0.532785569763942
3967,0.5487621740487788,1.49882605405335,0.5273560994691582
3968,0.5291398569483515,1.4758382980343059,0.5218922478645802
3969,0.5095175398479243,1.4529706584070128,0.5163942784761808
3970,0.48989494592846466,1.4302231274820718,0.5108624612615018
3971,0.4702726288280374,1.4075957129488568,0.5052970791470068
3972,0.45065031172761005,1.3850884109626804,0.4996984215476893
3973,0.4310279946271828,1.3627012253682298,0.4940667891043806
3974,0.4114054007077232,1.3404341484761062,0.4884024889077906
3975,0.3917830836072959,1.3182871879757083,0.48270584132647576
3976,0.37216076650686863,1.2962603400223491,0.4769771732160085
3977,0.36681926646073976,1.274551953142034,0.47126926092740795
3978,0.36147748959557857,1.2531620234900755,0.465584157469339
3979,0.3561359895494497,1.23162275765963,0.4597975913542157
3980,0.3507942126842887,1.2099341518059847,0.45390759405691994
3981,0.34545271263815974,1.1880962136185897,0.44791215551656705
3982,0.3401109357729986,1.1661089354079952,0.4418092157077277
3983,0.33476943572686974,1.1439723210189388,0.4355966708801631
3984,0.32942765886170866,1.121686370451395,0.42927236819788916
3985,0.3240861588155798,1.099251083705364,0.42283410560773826
3986,0.31874438195041865,1.0766664607808707,0.41627963062644546
3987,0.3134028819042898,1.0539325016778902,0.40960663909514017
3988,0.30806110503912865,1.0310492025517357,0.40281277275238314
3989,0.30271960499299977,1.008016571091831,0.3958956224994289
3990,0.2973778281278387,0.984834599608727,0.3888527190281077
3991,0.295138085337974,0.9615463719090308,0.3816948579094842
3992,0.29289861936714157,0.9381518956821664,0.3744199301036645
3993,0.2906588765772769,0.915207304208631,0.3672017652409918
3994,0.28841941060644444,0.8927126013331114,0.3600442852121646
3995,0.2861796678165798,0.8706677870556329,0.3529514143289879
3996,0.2839399250267151,0.8490728575314329,0.3459270757460625
3997,0.2817004590558827,0.827927816605274,0.3389751916572792
3998,0.279460716266018,0.8072326642771562,0.33209967599363754
3999,0.2772212502951856,0.7869874005470542,0.3253044320389853
4000,0.2749815351872241,0.7671920219547196,0.3185933476106585
4001,0.2727419031249723,0.7478465296535938,0.31197029411797716
4002,0.27050227106272057,0.7289509274883889,0.30543912229323944
4003,0.26826263900046876,0.7105052116143674,0.2990036549060773
4004,0.266023006938217,0.6925093820315548,0.2926676870221748
