,time,Ls_daily_hh,Ls_daily_lagged_hh,Ls_daily_ft,Ls_daily_lagged_ft
0,2004-01-01,0,0,0,0
1,2004-01-02,0,0,0,0
2,2004-01-03,0,0,0,0
3,2004-01-04,0,0,0,0
4,2004-01-05,0,0,0,0
5,2004-01-06,0,0,0,0
6,2004-01-07,0,0,0,0
7,2004-01-08,0,0,0,0
8,2004-01-09,0,0,0,0
9,2004-01-10,0,0,0,0
10,2004-01-11,0,0,0,0
11,2004-01-12,0,0,0,0
12,2004-01-13,0,0,0,0
13,2004-01-14,0,0,0,0
14,2004-01-15,0,0,0,0
15,2004-01-16,0,0,0,0
16,2004-01-17,0,0,0,0
17,2004-01-18,0,0,0,0
18,2004-01-19,0,0,0,0
19,2004-01-20,0,0,0,0
20,2004-01-21,0,0,0,0
21,2004-01-22,0,0,0,0
22,2004-01-23,0,0,0,0
23,2004-01-24,0,0,0,0
24,2004-01-25,0,0,0,0
25,2004-01-26,0,0,0,0
26,2004-01-27,0,0,0,0
27,2004-01-28,0,0,0,0
28,2004-01-29,0,0,0,0
29,2004-01-30,0,0,0,0
30,2004-01-31,0,0,0,0
31,2004-02-01,0,0,0,0
32,2004-02-02,0,0,0,0
33,2004-02-03,0,0,0,0
34,2004-02-04,0,0,0,0
35,2004-02-05,0,0,0,0
36,2004-02-06,0,0,0,0
37,2004-02-07,0,0,0,0
38,2004-02-08,0,0,0,0
39,2004-02-09,0,0,0,0
40,2004-02-10,0,0,0,0
41,2004-02-11,0,0,0,0
42,2004-02-12,0,0,0,0
43,2004-02-13,0,0,0,0
44,2004-02-14,0,0,0,0
45,2004-02-15,0,0,0,0
46,2004-02-16,0,0,0,0
47,2004-02-17,0,0,0,0
48,2004-02-18,0,0,0,0
49,2004-02-19,0,0,0,0
50,2004-02-20,0,0,0,0
51,2004-02-21,0,0,0,0
52,2004-02-22,0,0,0,0
53,2004-02-23,0,0,0,0
54,2004-02-24,0,0,0,0
55,2004-02-25,0,0,0,0
56,2004-02-26,0,0,0,0
57,2004-02-27,0,0,0,0
58,2004-02-28,0,0,0,0
59,2004-02-29,0,0,0,0
60,2004-03-01,0,0,0,0
61,2004-03-02,0,0,0,0
62,2004-03-03,0,0,0.06158617,0.0041057447
63,2004-03-04,0,0,0.31139564,0.024591738
64,2004-03-05,0,0,0.55171047,0.059732987
65,2004-03-06,0,0,0.78357861,0.10798936
66,2004-03-07,0,0,1.0078882,0.16798262
67,2004-03-08,0,0,1.2253986,0.23847702
68,2004-03-09,0,0,1.4367642,0.31836283
69,2004-03-10,0,0,1.6425533,0.4066422
70,2004-03-11,0,0,1.8432625,0.50241688
71,2004-03-12,0.32697177,0.021798118,1.9062452,0.59600544
72,2004-03-13,0.68795888,0.066208835,1.9687695,0.68752305
73,2004-03-14,0.9026865,0.12197401,2.0308478,0.77707803
74,2004-03-15,1.5519345,0.21730471,2.0924923,0.86477232
75,2004-03-16,1.9773388,0.33464032,2.1537144,0.95070179
76,2004-03-17,2.4822947,0.47781728,2.2145254,1.0349567
77,2004-03-18,2.4343441,0.60825239,2.2749359,1.117622
78,2004-03-19,1.7654618,0.68539968,2.3349564,1.1987776
79,2004-03-20,0,0.63970637,2.3945969,1.2784989
80,2004-03-21,0.52980837,0.63237984,2.4538671,1.3568568
81,2004-03-22,1.194909,0.66988178,2.5127761,1.4339181
82,2004-03-23,0.42758265,0.65372851,2.5713332,1.5097457
83,2004-03-24,0,0.61014661,2.629547,1.5843992
84,2004-03-25,0,0.56947017,2.6874257,1.6579343
85,2004-03-26,0,0.53150549,2.7524692,1.7309033
86,2004-03-27,0,0.49607179,2.8171063,1.8033168
87,2004-03-28,0.21819993,0.477547,2.881348,1.8751855
88,2004-03-29,1.6753608,0.55740126,2.9452048,1.9465202
89,2004-03-30,2.3560111,0.67730858,3.008687,2.0173313
90,2004-03-31,2.538917,0.80141581,3.0718042,2.0876295
91,2004-04-01,2.1930329,0.89419028,3.134566,2.1574252
92,2004-04-02,3.1343106,1.0435316,3.1969816,2.226729
93,2004-04-03,3.1343106,1.1829169,3.2590598,2.2955511
94,2004-04-04,2.6707594,1.2821064,3.3208091,2.3639016
95,2004-04-05,2.4194424,1.3579288,3.3822378,2.4317907
96,2004-04-06,1.0191063,1.3353406,3.4433539,2.4992282
97,2004-04-07,1.8809662,1.3717157,3.5041651,2.566224
98,2004-04-08,1.171315,1.3583556,3.5646789,2.6327877
99,2004-04-09,0.26594948,1.2855286,3.6235182,2.6988364
100,2004-04-10,1.8279788,1.3216919,3.6820871,2.7643864
101,2004-04-11,2.1490717,1.3768506,3.740392,2.8294535
102,2004-04-12,2.3703807,1.4430859,3.798439,2.8940525
103,2004-04-13,0,1.3468802,3.856234,2.9581979
104,2004-04-14,3.1343106,1.4660422,3.913783,3.0219036
105,2004-04-15,3.1343106,1.5772601,3.9710914,3.0851828
106,2004-04-16,3.1343106,1.6810635,4.0281649,3.1480483
107,2004-04-17,3.1343106,1.7779466,4.0850086,3.2105123
108,2004-04-18,3.1343106,1.8683709,4.1416278,3.2725867
109,2004-04-19,0,1.7438128,4.1980274,3.3342827
110,2004-04-20,3.0691444,1.8321683,4.2542123,3.3956113
111,2004-04-21,3.1343106,1.9189777,4.3101873,3.4565831
112,2004-04-22,3.1343106,1.9999999,4.3659569,3.517208
113,2004-04-23,3.1343106,2.0756207,4.2775166,3.5678952
114,2004-04-24,0,1.9372459,4.1885542,3.6092725
115,2004-04-25,2.0726785,1.9462748,4.099051,3.6419244
116,2004-04-26,2.2777401,1.9683725,4.0089874,3.6663953
117,2004-04-27,3.1343106,2.0461017,3.9183429,3.6831918
118,2004-04-28,3.1343106,2.1186489,3.8270959,3.6927854
119,2004-04-29,3.1343106,2.1863597,3.7352239,3.6956146
120,2004-04-30,3.1343106,2.2495564,3.6427035,3.6920872
121,2004-05-01,3.1343106,2.3085401,3.5495097,3.682582
122,2004-05-02,0,2.1546374,3.4556166,3.667451
123,2004-05-03,3.1343106,2.2199489,3.3609968,3.6470207
124,2004-05-04,3.1343106,2.2809064,3.2656216,3.6215941
125,2004-05-05,3.1343106,2.3378,3.1694608,3.5914519
126,2004-05-06,0.52945734,2.2172438,3.0724825,3.5568539
127,2004-05-07,0.97794732,2.1346241,3.145652,3.5294405
128,2004-05-08,2.8930782,2.1851877,3.2183525,3.5087013
129,2004-05-09,1.8499371,2.1628376,3.290598,3.4941611
130,2004-05-10,1.8069859,2.1391142,3.3624018,3.4853771
131,2004-05-11,3.1343106,2.2054606,3.4337769,3.4819371
132,2004-05-12,0.62777989,2.1002819,3.5047354,3.483457
133,2004-05-13,0,1.9602631,3.5752893,3.4895791
134,2004-05-14,2.8403163,2.0189333,3.6454502,3.4999705
135,2004-05-15,1.6903641,1.9970287,3.7152291,3.5143211
136,2004-05-16,2.6984014,2.0437869,3.7846366,3.5323421
137,2004-05-17,2.2399137,2.056862,3.8536829,3.5537649
138,2004-05-18,3.1343106,2.1286919,3.922378,3.5783391
139,2004-05-19,3.1343106,2.1957332,3.9907315,3.6058319
140,2004-05-20,3.1343106,2.258305,4.0587526,3.6360266
141,2004-05-21,0.79197042,2.1605494,4.1851964,3.6726379
142,2004-05-22,2.163264,2.1607303,4.3105626,3.7151663
143,2004-05-23,0.54217805,2.0528268,4.3748485,3.7591451
144,2004-05-24,2.326636,2.0710808,4.3748485,3.800192
145,2004-05-25,2.4295581,2.0949793,4.3748485,3.8385024
146,2004-05-26,0.81023802,2.0093299,4.3748485,3.8742588
147,2004-05-27,3.0900062,2.081375,4.3748485,3.9076315
148,2004-05-28,3.1343106,2.1515707,4.3748485,3.9387793
149,2004-05-29,3.1343106,2.2170867,4.3748485,3.9678505
150,2004-05-30,3.1343106,2.2782349,4.3748485,3.9949837
151,2004-05-31,3.1343106,2.3353066,4.3748485,4.0203081
152,2004-06-01,1.1751642,2.2579638,4.3748485,4.0439441
153,2004-06-02,0,2.1074329,4.3748485,4.0660044
154,2004-06-03,3.1343106,2.1758914,4.3748485,4.086594
155,2004-06-04,3.1343106,2.239786,4.3748485,4.105811
156,2004-06-05,2.1438078,2.2333875,4.3748485,4.1237468
157,2004-06-06,3.1343106,2.293449,4.3748485,4.1404869
158,2004-06-07,3.1343106,2.3495065,4.3748485,4.156111
159,2004-06-08,3.1343106,2.4018267,4.3748485,4.1706935
160,2004-06-09,3.1343106,2.450659,4.3748485,4.1843038
161,2004-06-10,3.1343106,2.4962358,4.3748485,4.1970068
162,2004-06-11,3.1343106,2.5387741,4.3748485,4.2088629
163,2004-06-12,3.1343106,2.5784765,4.3748485,4.2199286
164,2004-06-13,3.1343106,2.6155321,4.3748485,4.2302566
165,2004-06-14,3.1343106,2.6501174,4.348154,4.2381165
166,2004-06-15,3.1343106,2.6823969,4.215126,4.2365838
167,2004-06-16,3.1343106,2.7125245,4.0808935,4.2262044
168,2004-06-17,3.1343106,2.7406436,3.9453904,4.2074835
169,2004-06-18,3.1343106,2.766888,4.0555338,4.1973535
170,2004-06-19,3.1343106,2.7913829,4.1648307,4.1951853
171,2004-06-20,3.1343106,2.8142447,4.2733173,4.2003941
172,2004-06-21,3.1343106,2.8355825,4.3748485,4.2120244
173,2004-06-22,3.1343106,2.8554977,4.3748485,4.2228793
174,2004-06-23,3.1343106,2.8740852,4.3748485,4.2330106
175,2004-06-24,3.1343106,2.8914336,4.3748485,4.2424665
176,2004-06-25,3.1343106,2.9076254,4.3748485,4.2512919
177,2004-06-26,3.1343106,2.9227377,4.3748485,4.259529
178,2004-06-27,3.1343106,2.9368426,4.3748485,4.267217
179,2004-06-28,3.1343106,2.9500071,4.3748485,4.2743924
180,2004-06-29,2.8084838,2.9405722,4.3748485,4.2810895
181,2004-06-30,2.8616368,2.9353099,4.3748485,4.2873401
182,2004-07-01,2.823282,2.9278413,4.3748485,4.293174
183,2004-07-02,3.1343106,2.941606,4.3748485,4.298619
184,2004-07-03,3.1343106,2.9544529,4.3748485,4.3037009
185,2004-07-04,3.1343106,2.9664434,4.3748485,4.3084441
186,2004-07-05,3.1343106,2.9776346,4.3748485,4.3128711
187,2004-07-06,3.1343106,2.9880797,4.3748485,4.3170029
188,2004-07-07,3.1343106,2.9978284,4.3748485,4.3208593
189,2004-07-08,3.1343106,3.0069272,4.3748485,4.3244586
190,2004-07-09,3.1343106,3.0154194,4.3748485,4.3278179
191,2004-07-10,3.1343106,3.0233455,4.3748485,4.3309533
192,2004-07-11,3.1343106,3.0307432,4.3748485,4.3338796
193,2004-07-12,2.8285992,3.0172669,4.3748485,4.3366109
194,2004-07-13,1.0333859,2.8850082,4.3748485,4.33916
195,2004-07-14,3.1343106,2.9016283,4.3748485,4.3415393
196,2004-07-15,1.915223,2.835868,4.3748485,4.3437599
197,2004-07-16,3.1343106,2.8557642,4.3748485,4.3458325
198,2004-07-17,3.1343106,2.8743339,4.3748485,4.3477669
199,2004-07-18,3.1343106,2.8916657,4.3748485,4.3495723
200,2004-07-19,3.1343106,2.907842,4.3748485,4.3512574
201,2004-07-20,3.1343106,2.9229399,4.3748485,4.3528301
202,2004-07-21,3.1343106,2.9370313,4.3748485,4.354298
203,2004-07-22,0.85292615,2.798091,4.3748485,4.3556681
204,2004-07-23,3.1343106,2.8205056,4.3748485,4.3569467
205,2004-07-24,1.7490737,2.7490768,4.3748485,4.3581402
206,2004-07-25,3.1343106,2.7747591,4.3748485,4.3592541
207,2004-07-26,2.0547384,2.7267577,4.3748485,4.3602937
208,2004-07-27,2.1132023,2.685854,4.3748485,4.361264
209,2004-07-28,3.1343106,2.7157511,4.3748485,4.3621697
210,2004-07-29,3.1343106,2.7436551,4.3748485,4.3630149
211,2004-07-30,3.1343106,2.7696988,4.3748485,4.3638038
212,2004-07-31,3.1343106,2.7940062,4.3748485,4.3645401
213,2004-08-01,3.1343106,2.8166932,4.3748485,4.3652274
214,2004-08-02,3.1343106,2.8378677,4.3748485,4.3658688
215,2004-08-03,3.1343106,2.8576306,4.3748485,4.3664674
216,2004-08-04,3.1343106,2.8760759,4.3748485,4.3670262
217,2004-08-05,3.1343106,2.8932915,4.3748485,4.3675476
218,2004-08-06,3.1343106,2.9093595,4.3748485,4.3680344
219,2004-08-07,3.1343106,2.9243562,4.3748485,4.3684886
220,2004-08-08,3.1343106,2.9383532,4.3748485,4.3689126
221,2004-08-09,3.1343106,2.951417,4.3748485,4.3693084
222,2004-08-10,3.1343106,2.9636099,4.3690773,4.369293
223,2004-08-11,3.1343106,2.97499,4.1524117,4.3548342
224,2004-08-12,3.1343106,2.9856113,3.9324778,4.3266771
225,2004-08-13,3.1343106,2.9955246,3.9736401,4.3031413
226,2004-08-14,1.8467601,2.9189403,4.0146812,4.2839106
227,2004-08-15,3.1343106,2.9332983,4.0556028,4.2686901
228,2004-08-16,3.1343106,2.9466992,4.0964071,4.2572046
229,2004-08-17,3.1343106,2.9592066,4.1370959,4.2491973
230,2004-08-18,3.107879,2.9691181,4.177671,4.2444289
231,2004-08-19,0,2.7711769,4.2181344,4.2426759
232,2004-08-20,0.90398483,2.6466974,4.2584877,4.2437301
233,2004-08-21,1.9848766,2.602576,4.2987327,4.2473969
234,2004-08-22,1.9209801,2.5571363,4.3388711,4.2534952
235,2004-08-23,2.4825786,2.5521658,4.3748485,4.2615854
236,2004-08-24,0.62708337,2.423827,4.3748485,4.2691363
237,2004-08-25,2.1326136,2.4044127,4.3748485,4.2761838
238,2004-08-26,1.1389411,2.320048,4.3748485,4.2827614
239,2004-08-27,1.348414,2.2552724,4.3748485,4.2889005
240,2004-08-28,0.81743366,2.1594164,4.3237086,4.2912211
241,2004-08-29,1.7972434,2.1352716,4.2356169,4.2875141
242,2004-08-30,0.44446465,2.0225511,4.1470014,4.2781466
243,2004-08-31,1.7340131,2.0033152,4.0578435,4.2634597
244,2004-09-01,1.8251585,1.9914381,3.9681235,4.2437707
245,2004-09-02,2.2329747,2.0075406,3.8778208,4.219374
246,2004-09-03,2.5659149,2.0447655,3.786914,4.1905433
247,2004-09-04,2.577907,2.0803083,3.6953805,4.1575325
248,2004-09-05,2.4225855,2.1031268,3.6031968,4.1205768
249,2004-09-06,2.5539252,2.13318,3.5103379,4.0798942
250,2004-09-07,2.5744523,2.1625982,3.416778,4.0356864
251,2004-09-08,2.1393147,2.1610459,3.3224896,3.98814
252,2004-09-09,1.6670973,2.128116,3.227444,3.9374269
253,2004-09-10,2.3573219,2.1433964,3.0631139,3.8791394
254,2004-09-11,0.76921566,2.0517843,2.8963191,3.813618
255,2004-09-12,0,1.9149987,2.7268816,3.7411689
256,2004-09-13,1.4233424,1.8822216,2.5546055,3.6620647
257,2004-09-14,1.4925051,1.8562405,2.3792749,3.5765454
258,2004-09-15,1.5743861,1.8374502,2.2006511,3.4848191
259,2004-09-16,0.33786041,1.7374776,2.0184687,3.3870624
260,2004-09-17,1.5180512,1.7228492,1.8324322,3.2834204
261,2004-09-18,1.9654073,1.7390197,1.6422108,3.1740064
262,2004-09-19,1.4960772,1.7228235,1.4474322,3.0589015
263,2004-09-20,0.98199577,1.673435,1.2476761,2.9381531
264,2004-09-21,0.0567896,1.5656587,1.0424652,2.8117739
265,2004-09-22,0,1.4612814,0.831254,2.6797393
266,2004-09-23,0,1.3638627,0.61341534,2.5419843
267,2004-09-24,0,1.2729385,0.62187239,2.4139769
268,2004-09-25,0,1.1880759,0.63031885,2.2950663
269,2004-09-26,0,1.1088708,0.63875466,2.1846456
270,2004-09-27,0,1.0349461,0.64717978,2.0821478
271,2004-09-28,0,0.96594972,0.65559444,1.9870443
272,2004-09-29,0,0.90155307,0.66399858,1.8988412
273,2004-09-30,0,0.84144953,0.67239224,1.817078
274,2004-10-01,0.05379422,0.78893918,0.68077538,1.7413245
275,2004-10-02,0,0.73634323,0.68914823,1.6711794
276,2004-10-03,0.28777504,0.70643869,0.69751072,1.6062681
277,2004-10-04,0.59777994,0.69919477,0.70586282,1.5462411
278,2004-10-05,1.1165744,0.72702008,0.71420474,1.490772
279,2004-10-06,0,0.67855207,0.72253644,1.4395563
280,2004-10-07,0.05564094,0.63702466,0.73085786,1.3923098
281,2004-10-08,0,0.59455635,0.63221353,1.3416367
282,2004-10-09,0,0.55491926,0.53209426,1.2876672
283,2004-10-10,0,0.51792464,0.43042715,1.2305178
284,2004-10-11,0,0.48339633,0.32713425,1.1702923
285,2004-10-12,0,0.45116991,0.22213137,1.1070815
286,2004-10-13,0.10332191,0.42798005,0.11532821,1.0409647
287,2004-10-14,0.11971802,0.40742924,0.00662691,0.9720088
288,2004-10-15,0,0.38026729,0,0.90720822
289,2004-10-16,0,0.35491614,0,0.84672767
290,2004-10-17,0,0.33125507,0,0.79027916
291,2004-10-18,0,0.30917139,0,0.73759388
292,2004-10-19,0.4696058,0.31986702,0,0.68842095
293,2004-10-20,0.11160278,0.30598274,0,0.64252622
294,2004-10-21,1.1886204,0.36482525,0,0.59969114
295,2004-10-22,1.0408499,0.40989356,0,0.55971173
296,2004-10-23,1.0714898,0.45399997,0,0.52239762
297,2004-10-24,1.3603573,0.51442379,0,0.48757111
298,2004-10-25,0,0.48012887,0,0.45506637
299,2004-10-26,0,0.44812028,0,0.42472861
300,2004-10-27,0,0.4182456,0,0.39641337
301,2004-10-28,0,0.39036256,0,0.36998581
302,2004-10-29,0,0.36433839,0,0.34532009
303,2004-10-30,0,0.34004916,0,0.32229875
304,2004-10-31,0,0.31737922,0,0.30081217
305,2004-11-01,0,0.2962206,0,0.28075802
306,2004-11-02,0,0.27647256,0,0.26204082
307,2004-11-03,0,0.25804106,0,0.24457143
308,2004-11-04,0,0.24083832,0,0.22826667
309,2004-11-05,0,0.22478243,0,0.21304889
310,2004-11-06,0,0.20979694,0,0.19884563
311,2004-11-07,0,0.19581047,0,0.18558926
312,2004-11-08,0,0.18275644,0,0.17321664
313,2004-11-09,0,0.17057268,0,0.16166887
314,2004-11-10,0,0.15920117,0,0.15089094
315,2004-11-11,0,0.14858776,0,0.14083154
316,2004-11-12,0,0.13868191,0,0.13144278
317,2004-11-13,0,0.12943645,0,0.12267992
318,2004-11-14,0,0.12080735,0,0.11450126
319,2004-11-15,0,0.11275353,0,0.10686784
320,2004-11-16,0,0.10523662,0,0.099743322
321,2004-11-17,0,0.098220849,0,0.093093767
322,2004-11-18,0,0.091672793,0,0.086887516
323,2004-11-19,0,0.085561273,0,0.081095015
324,2004-11-20,0,0.079857188,0,0.07568868
325,2004-11-21,0,0.074533376,0,0.070642768
326,2004-11-22,0,0.069564484,0,0.06593325
327,2004-11-23,0,0.064926852,0,0.0615377
328,2004-11-24,0,0.060598395,0,0.057435187
329,2004-11-25,0,0.056558502,0,0.053606175
330,2004-11-26,0,0.052787935,0,0.05003243
331,2004-11-27,0,0.04926874,0,0.046696934
332,2004-11-28,0,0.045984157,0,0.043583805
333,2004-11-29,0,0.042918546,0,0.040678218
334,2004-11-30,0,0.04005731,0,0.037966337
335,2004-12-01,0,0.037386823,0,0.035435248
336,2004-12-02,0,0.034894368,0,0.033072898
337,2004-12-03,0,0.032568077,0,0.030868038
338,2004-12-04,0,0.030396872,0,0.028810169
339,2004-12-05,0,0.028370413,0,0.026889491
340,2004-12-06,0,0.026479053,0,0.025096858
341,2004-12-07,0,0.024713782,0,0.023423734
342,2004-12-08,0,0.023066197,0,0.021862152
343,2004-12-09,0,0.02152845,0,0.020404675
344,2004-12-10,0,0.02009322,0,0.019044364
345,2004-12-11,0,0.018753672,0,0.017774739
346,2004-12-12,0,0.017503428,0,0.016589757
347,2004-12-13,0,0.016336532,0,0.015483773
348,2004-12-14,0,0.01524743,0,0.014451521
349,2004-12-15,0,0.014230935,0,0.013488087
350,2004-12-16,0,0.013282206,0,0.012588881
351,2004-12-17,0,0.012396725,0,0.011749622
352,2004-12-18,0,0.011570277,0,0.010966314
353,2004-12-19,0,0.010798925,0,0.010235226
354,2004-12-20,0,0.010078997,0,0.009552878
355,2004-12-21,0,0.0094070638,0,0.0089160195
356,2004-12-22,0,0.0087799262,0,0.0083216182
357,2004-12-23,0,0.0081945978,0,0.0077668436
358,2004-12-24,0,0.0076482913,0,0.0072490541
359,2004-12-25,0,0.0071384052,0,0.0067657838
360,2004-12-26,0,0.0066625115,0,0.0063147315
361,2004-12-27,0,0.0062183441,0,0.0058937494
362,2004-12-28,0,0.0058037878,0,0.0055008328
363,2004-12-29,0,0.0054168686,0,0.0051341106
364,2004-12-30,0,0.0050557441,0,0.0047918366
365,2004-12-31,0,0.0047186945,0,0.0044723808
366,2005-01-01,0,0.0044041148,0,0.0041742221
367,2005-01-02,0,0.0041105072,0,0.0038959406
368,2005-01-03,0,0.0038364734,0,0.0036362112
369,2005-01-04,0,0.0035807085,0,0.0033937972
370,2005-01-05,0,0.0033419946,0,0.003167544
371,2005-01-06,0,0.0031191949,0,0.0029563744
372,2005-01-07,0,0.0029112486,0,0.0027592828
373,2005-01-08,0,0.0027171654,0,0.0025753306
374,2005-01-09,0,0.002536021,0,0.0024036419
375,2005-01-10,0,0.0023669529,0,0.0022433991
376,2005-01-11,0,0.0022091561,0,0.0020938392
377,2005-01-12,0,0.002061879,0,0.0019542499
378,2005-01-13,0,0.0019244204,0,0.0018239666
379,2005-01-14,0,0.0017961257,0,0.0017023688
380,2005-01-15,0,0.001676384,0,0.0015888775
381,2005-01-16,0,0.0015646251,0,0.0014829524
382,2005-01-17,0,0.0014603167,0,0.0013840889
383,2005-01-18,0,0.0013629623,0,0.0012918163
384,2005-01-19,0,0.0012720981,0,0.0012056952
385,2005-01-20,0,0.0011872916,0,0.0011253155
386,2005-01-21,0,0.0011081388,0,0.0010502945
387,2005-01-22,0,0.0010342629,0,0.00098027485
388,2005-01-23,0,0.00096531203,0,0.00091492319
389,2005-01-24,0,0.0009009579,0,0.00085392831
390,2005-01-25,0,0.00084089404,0,0.00079699976
391,2005-01-26,0,0.00078483443,0,0.00074386644
392,2005-01-27,0,0.00073251214,0,0.00069427535
393,2005-01-28,0,0.000683678,0,0.00064799032
394,2005-01-29,0,0.00063809946,0,0.00060479097
395,2005-01-30,0,0.0005955595,0,0.00056447157
396,2005-01-31,0,0.00055585553,0,0.00052684013
397,2005-02-01,0,0.0005187985,0,0.00049171746
398,2005-02-02,0,0.00048421193,0,0.00045893629
399,2005-02-03,0,0.00045193113,0,0.00042834054
400,2005-02-04,0,0.00042180239,0,0.0003997845
401,2005-02-05,0,0.00039368223,0,0.0003731322
402,2005-02-06,0,0.00036743675,0,0.00034825672
403,2005-02-07,0,0.00034294097,0,0.00032503961
404,2005-02-08,0,0.00032007824,0,0.0003033703
405,2005-02-09,0,0.00029873969,0,0.00028314561
406,2005-02-10,0,0.00027882371,0,0.00026426924
407,2005-02-11,0,0.00026023546,0,0.00024665129
408,2005-02-12,0,0.00024288643,0,0.00023020787
409,2005-02-13,0,0.000226694,0,0.00021486068
410,2005-02-14,0,0.00021158107,0,0.00020053663
411,2005-02-15,0,0.00019747566,0,0.00018716753
412,2005-02-16,0,0.00018431062,0,0.00017468969
413,2005-02-17,0,0.00017202324,0,0.00016304371
414,2005-02-18,0,0.00016055503,0,0.00015217413
415,2005-02-19,0,0.00014985136,0,0.00014202919
416,2005-02-20,0,0.00013986127,0,0.00013256058
417,2005-02-21,0,0.00013053718,0,0.0001237232
418,2005-02-22,0,0.00012183471,0,0.00011547499
419,2005-02-23,0,0.00011371239,0,0.00010777666
420,2005-02-24,0,0.00010613157,0,0.00010059155
421,2005-02-25,0,9.9056128e-05,0,9.3885444e-05
422,2005-02-26,0,9.2452386e-05,0,8.7626415e-05
423,2005-02-27,0,8.6288894e-05,0,8.1784654e-05
424,2005-02-28,0,8.0536301e-05,0,7.6332343e-05
425,2005-03-01,0,7.5167214e-05,0,7.1243521e-05
426,2005-03-02,0,7.0156066e-05,0,6.6493953e-05
427,2005-03-03,0,6.5478995e-05,0,6.2061022e-05
428,2005-03-04,0,6.1113729e-05,0,5.7923621e-05
429,2005-03-05,0,5.703948e-05,0.07495727,0.0050512134
430,2005-03-06,0,5.3236848e-05,0.29094041,0.024110493
431,2005-03-07,0,4.9687725e-05,0.4997658,0.055820847
432,2005-03-08,0,4.637521e-05,0.70212653,0.098907892
433,2005-03-09,0,4.3283529e-05,0.89862226,0.15222218
434,2005-03-10,0,4.0397961e-05,1.0897755,0.21472574
435,2005-03-11,0,3.7704763e-05,1.275165,0.28542169
436,2005-03-12,0,3.5191113e-05,1.4561147,0.36346789
437,2005-03-13,0,3.2845038e-05,1.6329777,0.44810187
438,2005-03-14,0,3.0655369e-05,1.8060685,0.53863298
439,2005-03-15,0.91049502,0.06072828,1.9756687,0.63443536
440,2005-03-16,1.4988269,0.15660152,2.1420313,0.73494176
441,2005-03-17,0.52104711,0.18089789,2.3053844,0.83963793
442,2005-03-18,0.40474588,0.19582109,2.4659346,0.94805771
443,2005-03-19,0,0.18276635,2.6238693,1.0597785
444,2005-03-20,0.77319104,0.222128,2.7793594,1.1744172
445,2005-03-21,1.4155954,0.30169249,2.9325608,1.2916268
446,2005-03-22,2.229171,0.43019106,3.0836166,1.4110928
447,2005-03-23,0,0.40151165,3.2326578,1.5325304
448,2005-03-24,3.3142855,0.59569658,3.3798052,1.6556821
449,2005-03-25,3.1293457,0.76460652,3.3158684,1.7663612
450,2005-03-26,0,0.71363275,3.2515837,1.865376
451,2005-03-27,3.2253025,0.88107741,3.186942,1.9534804
452,2005-03-28,0,0.82233891,3.1219334,2.0313773
453,2005-03-29,2.1794424,0.91281248,3.056548,2.099722
454,2005-03-30,2.4013223,1.0120465,2.9907753,2.1591255
455,2005-03-31,2.1798483,1.0898999,2.9246046,2.2101575
456,2005-04-01,2.6164543,1.1916702,2.8580247,2.2533486
457,2005-04-02,3.2963426,1.3319817,2.791024,2.2891937
458,2005-04-03,3.3142855,1.4641353,2.7235905,2.3181535
459,2005-04-04,3.3142855,1.5874786,2.6557117,2.3406573
460,2005-04-05,2.3865504,1.6407501,2.5873745,2.3571051
461,2005-04-06,3.3142855,1.7523191,2.5185654,2.3678692
462,2005-04-07,1.6135382,1.7430671,2.4492703,2.3732959
463,2005-04-08,0.87758781,1.6853684,2.5733737,2.3866344
464,2005-04-09,0,1.5730105,2.6959454,2.4072552
465,2005-04-10,1.038551,1.5373799,2.8170635,2.4345757
466,2005-04-11,1.9182818,1.5627734,2.9368005,2.4680574
467,2005-04-12,2.5156319,1.6262973,3.0552241,2.5072018
468,2005-04-13,1.7776778,1.6363893,3.1723977,2.5515482
469,2005-04-14,3.0286183,1.7292046,3.2883808,2.6006704
470,2005-04-15,3.0360294,1.8163262,3.4032291,2.6541743
471,2005-04-16,3.3142855,1.9161902,3.5169948,2.7116957
472,2005-04-17,2.2160022,1.9361776,3.6297273,2.7728978
473,2005-04-18,3.2869763,2.0262309,3.7414728,2.8374694
474,2005-04-19,2.9813095,2.0899028,3.852275,2.9051231
475,2005-04-20,2.095002,2.0902428,3.9621753,2.9755933
476,2005-04-21,1.8564155,2.0746543,4.0712122,3.0486345
477,2005-04-22,3.1993521,2.1496341,3.9917851,3.1115112
478,2005-04-23,3.3142855,2.2272776,3.9119045,3.1648708
479,2005-04-24,1.163029,2.1563276,3.8315556,3.2093165
480,2005-04-25,0,2.0125725,3.750723,3.2454102
481,2005-04-26,2.4906649,2.0444453,3.6693909,3.2736756
482,2005-04-27,1.6925004,2.0209823,3.5875423,3.2946001
483,2005-04-28,3.3142855,2.1072025,3.5051599,3.3086374
484,2005-04-29,3.3142855,2.1876747,3.4222254,3.3162099
485,2005-04-30,3.3142855,2.2627821,3.3387199,3.3177106
486,2005-05-01,3.3142855,2.3328823,3.2546234,3.3135048
487,2005-05-02,3.3142855,2.3983092,3.169915,3.3039321
488,2005-05-03,2.5126612,2.4059327,3.084573,3.2893082
489,2005-05-04,3.3142855,2.4664895,2.9985745,3.2699259
490,2005-05-05,1.4545078,2.3990241,2.9118955,3.2460572
491,2005-05-06,0.86587512,2.2968142,3.1484307,3.2395488
492,2005-05-07,1.8297516,2.2656767,3.3801354,3.2489212
493,2005-05-08,1.5358704,2.2170229,3.6074502,3.2728232
494,2005-05-09,2.3302022,2.2245682,3.8307646,3.3100193
495,2005-05-10,3.246662,2.2927078,4.0504241,3.3593796
496,2005-05-11,2.4574465,2.3036904,4.2667368,3.4198701
497,2005-05-12,3.0438567,2.3530348,4.4799798,3.4905441
498,2005-05-13,3.3142855,2.4171182,4.5230687,3.559379
499,2005-05-14,1.957927,2.3865054,4.5230687,3.623625
500,2005-05-15,1.9131078,2.3549456,4.5230687,3.6835879
501,2005-05-16,3.3142855,2.4189016,4.5230687,3.7395533
502,2005-05-17,0,2.2576415,4.5230687,3.7917877
503,2005-05-18,0,2.107132,4.5230687,3.8405397
504,2005-05-19,3.3142855,2.1876089,4.5230687,3.8860417
505,2005-05-20,3.3142855,2.2627207,4.5230687,3.9285102
506,2005-05-21,3.3142855,2.332825,4.5230687,3.9681474
507,2005-05-22,3.0357567,2.3796871,4.5230687,4.0051421
508,2005-05-23,0.48140512,2.253135,4.5230687,4.0396706
509,2005-05-24,3.3142855,2.3238784,4.5230687,4.0718971
510,2005-05-25,3.3142855,2.3899055,4.5230687,4.1019752
511,2005-05-26,3.3142855,2.4515309,4.5230687,4.1300481
512,2005-05-27,3.3142855,2.5090478,4.5230687,4.1562495
513,2005-05-28,3.3142855,2.5627304,4.5230687,4.1807041
514,2005-05-29,3.3142855,2.612834,4.5230687,4.2035284
515,2005-05-30,3.3142855,2.6595975,4.5230687,4.2248311
516,2005-05-31,3.3142855,2.7032433,4.5230687,4.2447136
517,2005-06-01,3.3142855,2.7439795,4.5230687,4.2632706
518,2005-06-02,3.3142855,2.7819999,4.4559666,4.276117
519,2005-06-03,3.3142855,2.8174856,4.5230687,4.2925805
520,2005-06-04,3.3142855,2.8506056,4.5230687,4.3079464
521,2005-06-05,3.3142855,2.8815176,4.5230687,4.3222879
522,2005-06-06,1.3770134,2.7812173,4.5230687,4.3356732
523,2005-06-07,2.0954647,2.7355005,4.5230687,4.3481663
524,2005-06-08,3.2380947,2.7690068,4.5230687,4.3598264
525,2005-06-09,3.3142855,2.8053587,4.5230687,4.3707093
526,2005-06-10,3.3142855,2.8392871,4.5230687,4.3808666
527,2005-06-11,3.284122,2.8689428,4.5230687,4.3903467
528,2005-06-12,3.3142855,2.8986323,4.5230687,4.3991948
529,2005-06-13,3.3142855,2.9263425,4.5230687,4.4074531
530,2005-06-14,3.3142855,2.9522054,4.5230687,4.4151608
531,2005-06-15,3.3142855,2.9763441,4.5230687,4.4223547
532,2005-06-16,3.3142855,2.9988735,4.5230687,4.4290689
533,2005-06-17,3.3142855,3.019901,4.5230687,4.4353356
534,2005-06-18,3.3142855,3.0395266,4.5230687,4.4411845
535,2005-06-19,3.3142855,3.0578439,4.5230687,4.4466434
536,2005-06-20,3.3142855,3.07494,4.5230687,4.4517384
537,2005-06-21,3.3142855,3.0908963,4.5230687,4.4564938
538,2005-06-22,3.3142855,3.105789,4.5230687,4.4609321
539,2005-06-23,3.3142855,3.1196887,4.5230687,4.4650746
540,2005-06-24,3.3142855,3.1326619,4.5230687,4.4689408
541,2005-06-25,3.3142855,3.1447701,4.5230687,4.4725494
542,2005-06-26,3.3142855,3.1560711,4.5230687,4.4759173
543,2005-06-27,3.3142855,3.1666188,4.5230687,4.4790608
544,2005-06-28,3.3142855,3.1764632,4.3374634,4.4696209
545,2005-06-29,3.3142855,3.1856514,4.1243901,4.4466055
546,2005-06-30,1.4825699,3.0721126,3.9081335,4.4107074
547,2005-07-01,0.95474274,2.9309546,3.9466429,4.3797698
548,2005-07-02,2.1602538,2.8795746,3.9850455,4.3534548
549,2005-07-03,3.3142855,2.9085553,4.0233428,4.3314473
550,2005-07-04,3.3142855,2.935604,4.0615359,4.3134532
551,2005-07-05,0,2.739897,4.0996274,4.2991982
552,2005-07-06,3.3142855,2.7781896,4.1376183,4.2884262
553,2005-07-07,2.8188866,2.7809027,4.1755096,4.2808984
554,2005-07-08,0.38238155,2.6210013,4.2133039,4.2763921
555,2005-07-09,1.1344494,2.5218979,4.251002,4.2746995
556,2005-07-10,3.3142855,2.5747237,4.2886054,4.2756265
557,2005-07-11,3.3142855,2.6240278,4.3261149,4.2789924
558,2005-07-12,3.3142855,2.670045,4.3635331,4.2846285
559,2005-07-13,3.3142855,2.7129944,4.4008607,4.2923773
560,2005-07-14,3.3142855,2.7530805,4.4380984,4.302092
561,2005-07-15,3.3142855,2.7904941,4.4341253,4.3108942
562,2005-07-16,3.3142855,2.8254136,4.4301507,4.3188447
563,2005-07-17,3.3142855,2.858005,4.426175,4.326
564,2005-07-18,3.3142855,2.8884237,4.4221983,4.3324132
565,2005-07-19,2.1359465,2.8382586,4.4182207,4.3381337
566,2005-07-20,3.3142855,2.8699937,4.414242,4.3432076
567,2005-07-21,1.7199423,2.7933236,4.4102622,4.3476779
568,2005-07-22,0.25744437,2.624265,4.4062815,4.3515848
569,2005-07-23,2.1419008,2.5921074,4.4022998,4.3549658
570,2005-07-24,3.3142855,2.6402526,4.398317,4.3578559
571,2005-07-25,3.3142855,2.6851881,4.3943338,4.3602878
572,2005-07-26,3.3142855,2.727128,4.390349,4.3622919
573,2005-07-27,3.3142855,2.7662718,4.3863632,4.3638966
574,2005-07-28,3.3142855,2.802806,4.3823764,4.3651286
575,2005-07-29,3.3142855,2.8369047,4.2687048,4.3587003
576,2005-07-30,3.3142855,2.8687301,4.1541667,4.3450648
577,2005-07-31,3.3142855,2.8984338,4.038723,4.324642
578,2005-08-01,3.3142855,2.9261572,3.92233,4.2978212
579,2005-08-02,3.3142855,2.9520324,3.8049429,4.2649626
580,2005-08-03,0,2.7552303,3.6865135,4.2263994
581,2005-08-04,2.5216922,2.7396611,3.5669908,4.1824388
582,2005-08-05,3.3142855,2.7779694,3.4463203,4.1333642
583,2005-08-06,2.2469236,2.7425663,3.3244441,4.0794362
584,2005-08-07,2.1540188,2.7033298,3.2013003,4.0208938
585,2005-08-08,2.9730453,2.7213109,3.076823,3.9579558
586,2005-08-09,2.2485679,2.6897947,2.9509413,3.8908215
587,2005-08-10,2.2806841,2.6625206,2.8235796,3.819672
588,2005-08-11,1.6185346,2.5929215,2.6946565,3.744671
589,2005-08-12,3.3142855,2.6410125,2.8047258,3.682008
590,2005-08-13,0.09226549,2.471096,2.91365,3.6307841
591,2005-08-14,1.3715805,2.397795,3.0214806,3.5901639
592,2005-08-15,0.0128473,2.2387985,3.1282656,3.5593707
593,2005-08-16,3.2192372,2.3041611,3.2340506,3.5376826
594,2005-08-17,2.6777725,2.3290685,3.3388784,3.524429
595,2005-08-18,3.3142855,2.3947496,3.4427894,3.5189864
596,2005-08-19,3.3142855,2.456052,3.5458221,3.5207754
597,2005-08-20,2.4802524,2.4576654,3.6480125,3.5292579
598,2005-08-21,3.1167844,2.5016066,3.7493948,3.5439337
599,2005-08-22,2.46863,2.4994082,3.8500018,3.5643382
600,2005-08-23,0,2.332781,3.9498641,3.59004
601,2005-08-24,0,2.1772622,4.0490112,3.620638
602,2005-08-25,0.99823836,2.0986607,4.14747,3.6557602
603,2005-08-26,2.0054241,2.0924449,4.0572724,3.6825277
604,2005-08-27,2.3885207,2.1121833,3.9664987,3.7014591
605,2005-08-28,2.7908945,2.1574307,3.8751285,3.713037
606,2005-08-29,3.1035016,2.2205021,3.7831393,3.7177105
607,2005-08-30,3.251934,2.2892642,3.6905078,3.715897
608,2005-08-31,3.3142855,2.357599,3.5972094,3.7079845
609,2005-09-01,3.3142855,2.4213781,3.5032184,3.6943334
610,2005-09-02,1.2177089,2.3411335,3.4085078,3.6752784
611,2005-09-03,0,2.1850579,3.313049,3.6511297
612,2005-09-04,2.5849477,2.2117172,3.2168124,3.6221753
613,2005-09-05,2.7970874,2.2507419,3.1197662,3.5886813
614,2005-09-06,2.9247492,2.2956757,3.0218774,3.5508944
615,2005-09-07,3.0184569,2.3438611,2.9231109,3.5090422
616,2005-09-08,2.9615896,2.385043,2.8234295,3.4633346
617,2005-09-09,3.2798869,2.4446993,2.7213293,3.4138676
618,2005-09-10,3.3142855,2.5026717,2.618204,3.3608234
619,2005-09-11,1.0450776,2.4054988,2.5140078,3.304369
620,2005-09-12,0,2.2451322,2.408692,3.2446572
621,2005-09-13,0.93175012,2.1575734,2.3022047,3.181827
622,2005-09-14,2.1568201,2.1575232,2.1944908,3.1160046
623,2005-09-15,1.9681256,2.1448967,2.0854917,3.0473038
624,2005-09-16,0,2.0019035,1.9751444,2.9758265
625,2005-09-17,0,1.8684433,1.8633821,2.9016635
626,2005-09-18,1.1958915,1.8236065,1.7501329,2.8248948
627,2005-09-19,1.6317316,1.8108149,1.6353198,2.7455898
628,2005-09-20,1.8904611,1.8161246,1.5188601,2.6638078
629,2005-09-21,2.3208242,1.8497713,1.400665,2.5795983
630,2005-09-22,2.4677537,1.8909701,1.2806385,2.493001
631,2005-09-23,2.9289162,1.9601665,1.3145521,2.4144377
632,2005-09-24,2.2731447,1.9810317,1.3483154,2.3433629
633,2005-09-25,2.9700494,2.0469662,1.3819306,2.2792674
634,2005-09-26,0.77270282,1.9620153,1.4153999,2.2216763
635,2005-09-27,2.4561765,1.9949594,1.4487258,2.1701462
636,2005-09-28,0,1.8619621,1.4819103,2.1242638
637,2005-09-29,0.3513972,1.7612578,1.5149556,2.0836433
638,2005-09-30,0.26968481,1.6618196,1.5478636,2.0479246
639,2005-10-01,0,1.5510316,1.5806364,2.0167721
640,2005-10-02,0,1.4476295,1.6132761,1.9898723
641,2005-10-03,0,1.3511209,1.6457845,1.9669332
642,2005-10-04,0.47911653,1.2929873,1.6781636,1.9476819
643,2005-10-05,0.75771224,1.2573023,1.7104153,1.9318641
644,2005-10-06,1.5447613,1.2764662,1.7425413,1.9192426
645,2005-10-07,1.4146294,1.2856771,1.6232609,1.8995105
646,2005-10-08,1.5088628,1.3005561,1.502198,1.873023
647,2005-10-09,1.3036009,1.3007591,1.3792522,1.8401049
648,2005-10-10,1.4602293,1.3113904,1.2543149,1.8010522
649,2005-10-11,1.4359001,1.3196911,1.1272687,1.7561333
650,2005-10-12,1.2370429,1.3141812,0.99798566,1.7055902
651,2005-10-13,1.1550764,1.3035742,0.86632691,1.6496393
652,2005-10-14,1.2054411,1.297032,0.73214055,1.5884727
653,2005-10-15,1.2198391,1.2918858,0.59526037,1.5222585
654,2005-10-16,0,1.2057601,0.45550391,1.4511416
655,2005-10-17,0,1.1253761,0.31267025,1.3752435
656,2005-10-18,0,1.050351,0.1665373,1.2946631
657,2005-10-19,0.36331708,1.0045488,0.01685909,1.2094761
658,2005-10-20,0.71405737,0.98518267,0,1.1288444
659,2005-10-21,0,0.91950382,0,1.0535881
660,2005-10-22,0,0.85820357,0,0.98334889
661,2005-10-23,0,0.80099,0,0.9177923
662,2005-10-24,0,0.74759066,0,0.85660614
663,2005-10-25,0,0.69775129,0,0.79949907
664,2005-10-26,0.43293114,0.68009661,0,0.74619913
665,2005-10-27,0,0.63475684,0,0.69645252
666,2005-10-28,0.51807922,0.62697833,0,0.65002235
667,2005-10-29,0.40473287,0.61216196,0,0.60668753
668,2005-10-30,0.47346823,0.60291571,0,0.56624169
669,2005-10-31,0,0.56272133,0,0.52849225
670,2005-11-01,0,0.52520658,0,0.49325943
671,2005-11-02,0,0.49019281,0,0.46037547
672,2005-11-03,0,0.45751329,0,0.42968377
673,2005-11-04,0,0.4270124,0,0.40103819
674,2005-11-05,0,0.39854491,0,0.37430231
675,2005-11-06,0,0.37197525,0,0.34934882
676,2005-11-07,0,0.3471769,0,0.3260589
677,2005-11-08,0,0.32403177,0,0.30432164
678,2005-11-09,0,0.30242965,0,0.28403353
679,2005-11-10,0,0.28226768,0,0.26509796
680,2005-11-11,0,0.26344983,0,0.24742476
681,2005-11-12,0,0.24588651,0,0.23092978
682,2005-11-13,0,0.22949407,0,0.21553446
683,2005-11-14,0,0.21419447,0,0.2011655
684,2005-11-15,0,0.19991484,0,0.18775446
685,2005-11-16,0,0.18658718,0,0.1752375
686,2005-11-17,0,0.17414804,0,0.163555
687,2005-11-18,0,0.16253817,0,0.15265133
688,2005-11-19,0,0.15170229,0,0.14247458
689,2005-11-20,0,0.1415888,0,0.13297627
690,2005-11-21,0,0.13214955,0,0.12411119
691,2005-11-22,0,0.12333958,0,0.11583711
692,2005-11-23,0,0.11511694,0,0.10811463
693,2005-11-24,0,0.10744248,0,0.10090699
694,2005-11-25,0,0.10027965,0,0.094179859
695,2005-11-26,0,0.093594337,0,0.087901202
696,2005-11-27,0,0.087354715,0,0.082041122
697,2005-11-28,0,0.081531067,0,0.076571714
698,2005-11-29,0,0.076095662,0,0.071466933
699,2005-11-30,0,0.071022618,0,0.066702471
700,2005-12-01,0,0.066287777,0,0.062255639
701,2005-12-02,0,0.061868592,0,0.058105263
702,2005-12-03,0,0.057744019,0,0.054231579
703,2005-12-04,0,0.053894418,0,0.050616141
704,2005-12-05,0,0.050301457,0,0.047241731
705,2005-12-06,0,0.046948026,0,0.044092282
706,2005-12-07,0,0.043818158,0,0.041152797
707,2005-12-08,0,0.040896947,0,0.038409277
708,2005-12-09,0,0.038170484,0,0.035848659
709,2005-12-10,0,0.035625785,0,0.033458748
710,2005-12-11,0,0.033250733,0,0.031228165
711,2005-12-12,0,0.031034017,0,0.029146287
712,2005-12-13,0,0.028965083,0,0.027203201
713,2005-12-14,0,0.027034077,0,0.025389655
714,2005-12-15,0,0.025231806,0,0.023697011
715,2005-12-16,0,0.023549685,0,0.02211721
716,2005-12-17,0,0.021979706,0,0.02064273
717,2005-12-18,0,0.020514392,0,0.019266548
718,2005-12-19,0,0.019146766,0,0.017982111
719,2005-12-20,0,0.017870315,0,0.016783304
720,2005-12-21,0,0.016678961,0,0.015664417
721,2005-12-22,0,0.01556703,0,0.014620122
722,2005-12-23,0,0.014529228,0,0.013645448
723,2005-12-24,0,0.013560613,0,0.012735751
724,2005-12-25,0,0.012656572,0,0.011886701
725,2005-12-26,0,0.011812801,0,0.011094254
726,2005-12-27,0,0.011025281,0,0.010354637
727,2005-12-28,0,0.010290262,0,0.0096643281
728,2005-12-29,0,0.0096042444,0,0.0090200396
729,2005-12-30,0,0.0089639614,0,0.0084187036
730,2005-12-31,0,0.008366364,0,0.0078574567
731,2006-01-01,0,0.0078086064,0,0.0073336262
732,2006-01-02,0,0.0072880326,0,0.0068447178
733,2006-01-03,0,0.0068021638,0,0.0063884033
734,2006-01-04,0,0.0063486862,0,0.0059625098
735,2006-01-05,0,0.0059254404,0,0.0055650091
736,2006-01-06,0,0.0055304111,0,0.0051940085
737,2006-01-07,0,0.005161717,0,0.0048477413
738,2006-01-08,0,0.0048176025,0,0.0045245585
739,2006-01-09,0,0.004496429,0,0.0042229213
740,2006-01-10,0,0.0041966671,0,0.0039413932
741,2006-01-11,0,0.0039168893,0,0.0036786336
742,2006-01-12,0,0.0036557633,0,0.0034333914
743,2006-01-13,0,0.0034120458,0,0.0032044986
744,2006-01-14,0,0.0031845761,0,0.0029908654
745,2006-01-15,0,0.002972271,0,0.0027914744
746,2006-01-16,0,0.0027741196,0,0.0026053761
747,2006-01-17,0,0.0025891783,0,0.0024316843
748,2006-01-18,0,0.0024165664,0,0.0022695721
749,2006-01-19,0,0.002255462,0,0.0021182672
750,2006-01-20,0,0.0021050978,0,0.0019770494
751,2006-01-21,0,0.001964758,0,0.0018452461
752,2006-01-22,0,0.0018337741,0,0.0017222297
753,2006-01-23,0,0.0017115225,0,0.0016074144
754,2006-01-24,0,0.001597421,0,0.0015002535
755,2006-01-25,0,0.0014909263,0,0.0014002366
756,2006-01-26,0,0.0013915312,0,0.0013068875
757,2006-01-27,0,0.0012987624,0,0.0012197616
758,2006-01-28,0,0.0012121783,0,0.0011384442
759,2006-01-29,0,0.0011313664,0,0.0010625479
760,2006-01-30,0,0.001055942,0,0.00099171137
761,2006-01-31,0,0.00098554584,0,0.00092559728
762,2006-02-01,0,0.00091984279,0,0.0008638908
763,2006-02-02,0,0.00085851993,0,0.00080629808
764,2006-02-03,0,0.00080128527,0,0.00075254487
765,2006-02-04,0,0.00074786625,0,0.00070237521
766,2006-02-05,0,0.0006980085,0,0.0006555502
767,2006-02-06,0,0.0006514746,0,0.00061184685
768,2006-02-07,0,0.00060804296,0,0.00057105706
769,2006-02-08,0,0.00056750676,0,0.00053298659
770,2006-02-09,0,0.00052967298,0,0.00049745415
771,2006-02-10,0,0.00049436145,0,0.00046429054
772,2006-02-11,0,0.00046140402,0,0.00043333784
773,2006-02-12,0,0.00043064375,0,0.00040444865
774,2006-02-13,0,0.00040193417,0,0.00037748541
775,2006-02-14,0,0.00037513856,0,0.00035231971
776,2006-02-15,0,0.00035012932,0,0.00032883173
777,2006-02-16,0,0.00032678736,0,0.00030690962
778,2006-02-17,0,0.00030500154,0,0.00028644898
779,2006-02-18,0,0.0002846681,0,0.00026735238
780,2006-02-19,0,0.00026569023,0,0.00024952889
781,2006-02-20,0,0.00024797755,0,0.00023289363
782,2006-02-21,0,0.00023144571,0,0.00021736738
783,2006-02-22,0,0.000216016,0,0.00020287623
784,2006-02-23,0,0.00020161493,0,0.00018935114
785,2006-02-24,0,0.00018817394,0,0.00017672773
786,2006-02-25,0,0.00017562901,0,0.00016494589
787,2006-02-26,0,0.00016392041,0,0.00015394949
788,2006-02-27,0,0.00015299238,0,0.00014368619
789,2006-02-28,0,0.00014279289,0,0.00013410711
790,2006-03-01,0,0.00013327336,0,0.00012516664
791,2006-03-02,0,0.00012438847,0,0.0001168222
792,2006-03-03,0,0.00011609591,0,0.00010903405
793,2006-03-04,0,0.00010835618,0,0.00010176511
794,2006-03-05,0,0.00010113243,0,9.4980773e-05
795,2006-03-06,0,9.4390271e-05,0,8.8648721e-05
796,2006-03-07,0,8.8097587e-05,0,8.2738807e-05
797,2006-03-08,0,8.2224414e-05,0,7.7222886e-05
798,2006-03-09,0,7.6742787e-05,0,7.2074694e-05
799,2006-03-10,0,7.1626601e-05,0,6.7269714e-05
800,2006-03-11,0,6.6851494e-05,0,6.2785067e-05
801,2006-03-12,0,6.2394728e-05,0,5.8599396e-05
802,2006-03-13,0,5.8235079e-05,0,5.4692769e-05
803,2006-03-14,0,5.4352741e-05,0,5.1046585e-05
804,2006-03-15,0,5.0729225e-05,0.07773627,0.0052300615
805,2006-03-16,0,4.7347276e-05,0.2732881,0.023100597
806,2006-03-17,0,4.4190791e-05,0.46293702,0.052423026
807,2006-03-18,0,4.1244738e-05,0.64720508,0.092075163
808,2006-03-19,0,3.8495089e-05,0.82655003,0.14104015
809,2006-03-20,0,3.592875e-05,1.0013753,0.19839583
810,2006-03-21,0.01513236,0.0010423575,1.1720382,0.26330532
811,2006-03-22,0.22423589,0.015921926,1.338857,0.33500877
812,2006-03-23,0.33686585,0.037318188,1.5021164,0.41281594
813,2006-03-24,1.3328551,0.12368731,1.5320769,0.48743334
814,2006-03-25,0,0.11544149,1.561925,0.55906612
815,2006-03-26,0,0.10774539,1.5916622,0.62790586
816,2006-03-27,2.7978499,0.2870857,1.6212899,0.69413146
817,2006-03-28,0.85659632,0.32505307,1.6508096,0.75791001
818,2006-03-29,1.3387113,0.39263028,1.6802228,0.81939752
819,2006-03-30,0.7956958,0.41950132,1.7095308,0.87873974
820,2006-03-31,2.0830098,0.53040188,1.738735,0.93607276
821,2006-04-01,2.1615219,0.63914322,1.7678367,0.99152369
822,2006-04-02,2.2297019,0.74518047,1.7968373,1.0452113
823,2006-04-03,0.93480808,0.75782231,1.8257381,1.0972464
824,2006-04-04,0.55729696,0.74445395,1.8545403,1.1477327
825,2006-04-05,0.64017679,0.73750214,1.8832453,1.1967668
826,2006-04-06,1.1528269,0.76519046,1.9118542,1.2444393
827,2006-04-07,2.0273905,0.84933712,2.0602257,1.2988251
828,2006-04-08,3.0754114,0.99774208,2.206157,1.3593139
829,2006-04-09,2.1084736,1.0717908,2.3497992,1.4253462
830,2006-04-10,0,1.0003381,2.4912904,1.4964092
831,2006-04-11,0.1188542,0.94157253,2.6307578,1.5720324
832,2006-04-12,0,0.87880103,2.7683184,1.6517848
833,2006-04-13,1.1685793,0.89811958,2.9040803,1.7352712
834,2006-04-14,1.1458101,0.91463228,3.0381434,1.8221293
835,2006-04-15,3.0696242,1.0582984,3.1706003,1.9120274
836,2006-04-16,0,0.98774518,3.3015373,2.0046614
837,2006-04-17,1.686574,1.0343338,3.4310342,2.0997529
838,2006-04-18,2.4009201,1.1254395,3.5591657,2.1970471
839,2006-04-19,2.723088,1.2319494,3.6860014,2.2963107
840,2006-04-20,3.1635902,1.3607255,3.8116064,2.3973304
841,2006-04-21,3.1635902,1.4809165,3.9263072,2.4992622
842,2006-04-22,3.1635902,1.5930947,4.0400595,2.601982
843,2006-04-23,2.6154643,1.6612527,4.1529055,2.7053769
844,2006-04-24,3.1635902,1.7614085,4.2648856,2.8093442
845,2006-04-25,3.1635902,1.8548873,4.3760364,2.9137903
846,2006-04-26,2.1555879,1.874934,4.4863948,3.0186306
847,2006-04-27,3.1635902,1.9608444,4.5552873,3.1210744
848,2006-04-28,0.76934454,1.8814111,4.5552873,3.2166886
849,2006-04-29,0,1.7559837,4.5552873,3.3059285
850,2006-04-30,2.058601,1.7761582,4.5552873,3.3892191
851,2006-05-01,3.1387428,1.8669971,4.5552873,3.466957
852,2006-05-02,3.1635902,1.9534367,4.5552873,3.5395123
853,2006-05-03,3.1635902,2.0341136,4.5552873,3.6072307
854,2006-05-04,3.1635902,2.109412,4.5552873,3.6704344
855,2006-05-05,3.1635902,2.1796906,4.5552873,3.7294246
856,2006-05-06,3.1635902,2.2452839,4.5552873,3.7844821
857,2006-05-07,3.1635902,2.3065043,4.5552873,3.8358691
858,2006-05-08,3.1635902,2.3636434,4.5552873,3.8838303
859,2006-05-09,3.1635902,2.4169731,4.5552873,3.9285941
860,2006-05-10,3.1635902,2.4667476,4.5552873,3.9703737
861,2006-05-11,3.1635902,2.5132038,4.5552873,4.0093679
862,2006-05-12,3.1635902,2.5565629,4.5552873,4.0457625
863,2006-05-13,2.8879068,2.5786525,4.5054278,4.0764069
864,2006-05-14,3.1635902,2.6176483,4.4096152,4.0986208
865,2006-05-15,3.1635902,2.6540444,4.3132114,4.1129268
866,2006-05-16,3.1635902,2.6880142,4.2161923,4.1198112
867,2006-05-17,3.1635902,2.7197192,4.1185343,4.1197261
868,2006-05-18,1.8637028,2.6626515,4.0202123,4.1130918
869,2006-05-19,3.1635902,2.6960474,4.1697035,4.1168659
870,2006-05-20,3.1635902,2.7272169,4.3176849,4.1302539
871,2006-05-21,3.1635902,2.7563085,4.4642416,4.1525197
872,2006-05-22,3.1635902,2.7834606,4.5552873,4.1793709
873,2006-05-23,3.1635902,2.8088025,4.5552873,4.204432
874,2006-05-24,3.1635902,2.8324551,4.5552873,4.2278223
875,2006-05-25,2.3476787,2.8001366,4.5552873,4.2496533
876,2006-05-26,3.1635902,2.8243669,4.5552873,4.2700289
877,2006-05-27,3.1427285,2.845591,4.5552873,4.2890461
878,2006-05-28,3.1635902,2.8667909,4.5552873,4.3067956
879,2006-05-29,3.1635902,2.8865775,4.5552873,4.3233617
880,2006-05-30,2.612262,2.8682898,4.5552873,4.3388234
881,2006-05-31,0.52478462,2.7120562,4.5552873,4.3532543
882,2006-06-01,2.3360478,2.6869889,4.5552873,4.3667232
883,2006-06-02,3.1635902,2.7187624,4.5552873,4.3792941
884,2006-06-03,3.1635902,2.7484175,4.5552873,4.391027
885,2006-06-04,2.1235782,2.7067616,4.5552873,4.4019777
886,2006-06-05,2.5934825,2.6992097,4.5552873,4.4121983
887,2006-06-06,3.1635902,2.7301684,4.5552873,4.4217376
888,2006-06-07,3.1635902,2.7590631,4.5552873,4.4306409
889,2006-06-08,3.1635902,2.7860316,4.5552873,4.4389507
890,2006-06-09,3.1635902,2.8112022,4.5552873,4.4467064
891,2006-06-10,3.1635902,2.8346947,4.5552873,4.4539452
892,2006-06-11,3.1635902,2.8566211,4.5552873,4.4607013
893,2006-06-12,3.1635902,2.8770857,4.5552873,4.467007
894,2006-06-13,3.1635902,2.896186,4.5552873,4.4728924
895,2006-06-14,3.1635902,2.9140129,4.5552873,4.4783854
896,2006-06-15,3.1635902,2.9306514,4.5552873,4.4835122
897,2006-06-16,3.1635902,2.9461807,4.5552873,4.4882972
898,2006-06-17,3.1635902,2.9606746,4.5552873,4.4927632
899,2006-06-18,3.1635902,2.9742023,4.5552873,4.4969315
900,2006-06-19,3.1635902,2.9868282,4.5552873,4.5008218
901,2006-06-20,3.1635902,2.9986123,4.5552873,4.5044529
902,2006-06-21,3.1635902,3.0096109,4.5552873,4.5078418
903,2006-06-22,3.1635902,3.0198761,4.5552873,4.5110049
904,2006-06-23,3.1635902,3.0294571,4.5552873,4.513957
905,2006-06-24,3.1635902,3.0383993,4.5552873,4.5167124
906,2006-06-25,3.1635902,3.0467453,4.5552873,4.519284
907,2006-06-26,3.1635902,3.054535,4.5552873,4.5216842
908,2006-06-27,3.1635902,3.0618054,4.5552873,4.5239245
909,2006-06-28,3.1635902,3.068591,4.5552873,4.5260153
910,2006-06-29,3.1635902,3.0749243,4.5552873,4.5279668
911,2006-06-30,1.2335798,2.952168,4.5552873,4.5297881
912,2006-07-01,3.1635902,2.9662628,4.5552873,4.5314881
913,2006-07-02,3.1635902,2.979418,4.5552873,4.5330747
914,2006-07-03,3.1635902,2.9916961,4.5552873,4.5345555
915,2006-07-04,3.1635902,3.0031557,4.5552873,4.5359376
916,2006-07-05,3.1635902,3.0138513,4.5552873,4.5372276
917,2006-07-06,3.1635902,3.0238339,4.5552873,4.5384316
918,2006-07-07,3.1635902,3.033151,4.5552873,4.5395553
919,2006-07-08,1.0903406,2.9036303,4.5552873,4.5406041
920,2006-07-09,2.9703482,2.9080782,4.5552873,4.541583
921,2006-07-10,3.0486542,2.9174499,4.5552873,4.5424966
922,2006-07-11,2.7978226,2.9094748,4.5552873,4.5433493
923,2006-07-12,2.5857814,2.8878952,4.5552873,4.5441452
924,2006-07-13,1.9800612,2.8273729,4.5552873,4.544888
925,2006-07-14,0.64318747,2.6817606,4.5552873,4.5455813
926,2006-07-15,1.8799287,2.6283051,4.5552873,4.5462283
927,2006-07-16,2.1249216,2.5947462,4.5552873,4.5468323
928,2006-07-17,2.4404565,2.5844602,4.5552873,4.5473959
929,2006-07-18,2.4377731,2.5746811,4.5552873,4.547922
930,2006-07-19,2.2603657,2.5537267,4.5552873,4.548413
931,2006-07-20,1.9964957,2.516578,4.5552873,4.5488713
932,2006-07-21,2.0890867,2.4880786,4.3961945,4.5386929
933,2006-07-22,2.1216646,2.463651,4.1569801,4.5132454
934,2006-07-23,0.11108737,2.3068134,3.91378,4.473281
935,2006-07-24,1.9991715,2.2863039,3.6661869,4.4194747
936,2006-07-25,1.6524954,2.24405,3.4137391,4.3524257
937,2006-07-26,1.2276342,2.176289,3.1559101,4.272658
938,2006-07-27,1.4766369,2.1296455,2.892096,4.1806205
939,2006-07-28,0.11511345,1.9953434,2.9274482,4.0970757
940,2006-07-29,0.0082108,1.8628679,2.9626849,4.0214496
941,2006-07-30,1.185706,1.8177237,2.9978076,3.9532068
942,2006-07-31,0.31489595,1.7175352,3.032818,3.8918476
943,2006-08-01,0.49073018,1.6357482,3.0677178,3.8369056
944,2006-08-02,0.76933991,1.5779877,3.1025086,3.7879458
945,2006-08-03,0.50902209,1.5067233,3.1371919,3.7445622
946,2006-08-04,0.21673519,1.4207241,3.1717693,3.706376
947,2006-08-05,0,1.3260092,3.2062422,3.6730337
948,2006-08-06,0,1.2376085,3.2406122,3.6442056
949,2006-08-07,0,1.1551013,3.2748807,3.619584
950,2006-08-08,0,1.0780946,3.3090491,3.5988817
951,2006-08-09,0.97866281,1.0714658,3.3431189,3.5818308
952,2006-08-10,0.55676315,1.0371523,3.3770913,3.5681815
953,2006-08-11,1.188625,1.0472504,3.3196091,3.55161
954,2006-08-12,1.0593829,1.0480593,3.2618461,3.5322924
955,2006-08-13,1.4554665,1.0752198,3.2037956,3.5103926
956,2006-08-14,1.7760327,1.1219406,3.1454507,3.4860632
957,2006-08-15,0.69681514,1.0935989,3.086804,3.4594459
958,2006-08-16,2.5812946,1.1927786,3.0278484,3.4306727
959,2006-08-17,2.9890461,1.3125298,2.9685759,3.3998663
960,2006-08-18,2.5747747,1.3966795,2.9089786,3.3671404
961,2006-08-19,3.1635902,1.5144735,2.8490485,3.332601
962,2006-08-20,3.1635902,1.6244146,2.7887769,3.296346
963,2006-08-21,2.4808243,1.6815086,2.7281551,3.2584666
964,2006-08-22,1.7516084,1.6861819,2.667174,3.2190471
965,2006-08-23,1.2041212,1.6540445,2.6058242,3.1781656
966,2006-08-24,2.9455842,1.7401472,2.5440959,3.1358943
967,2006-08-25,1.9015326,1.7509062,2.6085394,3.1007373
968,2006-08-26,2.0362408,1.7699285,2.6725708,3.0721928
969,2006-08-27,1.9145563,1.7795704,2.736201,3.0497934
970,2006-08-28,0.92755138,1.7227691,2.799441,3.0331032
971,2006-08-29,0.14047706,1.617283,2.8623009,3.0217164
972,2006-08-30,1.5849785,1.6151293,2.9247905,3.0152547
973,2006-08-31,1.4947302,1.6071027,2.9869196,3.0133657
974,2006-09-01,2.2933507,1.6528526,3.0486974,3.0157211
975,2006-09-02,2.1383188,1.685217,3.1101328,3.0220152
976,2006-09-03,1.5684159,1.6774302,3.1712345,3.0319632
977,2006-09-04,2.3805621,1.7243057,3.2320108,3.0452997
978,2006-09-05,2.2650767,1.7603571,3.2924698,3.0617777
979,2006-09-06,2.0475623,1.7795041,3.3526193,3.0811671
980,2006-09-07,2.94636,1.8572945,3.4124668,3.1032538
981,2006-09-08,1.3764947,1.8252412,3.3268421,3.1181597
982,2006-09-09,1.3728037,1.7950787,3.2405941,3.126322
983,2006-09-10,2.5330701,1.8442781,3.1537002,3.1281472
984,2006-09-11,2.5193032,1.8892798,3.0661369,3.1240132
985,2006-09-12,2.5928181,1.9361823,2.9778792,3.1142709
986,2006-09-13,2.3948899,1.9667628,2.8889012,3.0992463
987,2006-09-14,2.292956,1.9885091,2.7991754,3.0792415
988,2006-09-15,2.2744839,2.007574,2.7086732,3.054537
989,2006-09-16,0.6826108,1.9192432,2.6173641,3.0253921
990,2006-09-17,1.6627597,1.9021443,2.5252164,2.9920471
991,2006-09-18,1.815154,1.8963449,2.4321962,2.9547237
992,2006-09-19,0,1.7699219,2.3382683,2.9136267
993,2006-09-20,0,1.6519271,2.2433949,2.8689445
994,2006-09-21,1.1178469,1.6163218,2.1475365,2.8208507
995,2006-09-22,1.1272584,1.5837176,2.0753856,2.771153
996,2006-09-23,0.92998163,1.5401352,2.0026452,2.7199191
997,2006-09-24,1.0440019,1.5070596,1.9292962,2.6672109
998,2006-09-25,0.91361488,1.4674966,1.8553186,2.6130848
999,2006-09-26,0.6579404,1.4135262,1.7806914,2.5575919
1000,2006-09-27,0,1.3192911,1.7053926,2.5007786
1001,2006-09-28,0.08881179,1.2372592,1.6293993,2.4426867
1002,2006-09-29,0.42538109,1.183134,1.5526872,2.3833534
1003,2006-09-30,0.19587372,1.1173166,1.4752312,2.3228119
1004,2006-10-01,0,1.0428288,1.3970046,2.2610914
1005,2006-10-02,0,0.97330692,1.3179795,2.1982173
1006,2006-10-03,0,0.90841979,1.2381263,2.1342112
1007,2006-10-04,0,0.84785847,1.1574141,2.0690914
1008,2006-10-05,0,0.79133458,1.0758103,2.0028727
1009,2006-10-06,0,0.73857894,0.9999346,1.9360101
1010,2006-10-07,0,0.68934034,0.92324708,1.8684926
1011,2006-10-08,0,0.64338432,0.84571803,1.8003076
1012,2006-10-09,0.10194668,0.60728848,0.76731607,1.7314415
1013,2006-10-10,0.33489746,0.58912907,0.68800815,1.6618793
1014,2006-10-11,0.6292199,0.5918018,0.60775938,1.5916046
1015,2006-10-12,0.67930258,0.59763518,0.52653285,1.5205998
1016,2006-10-13,0,0.55779284,0.44428958,1.4488458
1017,2006-10-14,0,0.52060665,0.36098824,1.376322
1018,2006-10-15,0,0.48589954,0.27658503,1.3030062
1019,2006-10-16,0,0.45350624,0.19103348,1.2288747
1020,2006-10-17,0.50209176,0.45674527,0.10428416,1.153902
1021,2006-10-18,0.85095495,0.48302592,0.01628451,1.0780608
1022,2006-10-19,0.86234232,0.50831368,0,1.0061901
1023,2006-10-20,0,0.4744261,0,0.93911075
1024,2006-10-21,0,0.44279769,0,0.87650336
1025,2006-10-22,0.98718543,0.47909021,0,0.81806981
1026,2006-10-23,0,0.44715086,0,0.76353182
1027,2006-10-24,0,0.4173408,0,0.7126297
1028,2006-10-25,0.90384546,0.44977445,0,0.66512105
1029,2006-10-26,1.0311913,0.48853557,0,0.62077965
1030,2006-10-27,0.02928762,0.45791904,0,0.57939434
1031,2006-10-28,0,0.4273911,0,0.54076805
1032,2006-10-29,0,0.39889836,0,0.50471685
1033,2006-10-30,0,0.37230514,0,0.47106906
1034,2006-10-31,0,0.3474848,0,0.43966445
1035,2006-11-01,0,0.32431914,0,0.41035349
1036,2006-11-02,0,0.30269787,0,0.38299659
1037,2006-11-03,0,0.28251801,0,0.35746348
1038,2006-11-04,0,0.26368348,0,0.33363258
1039,2006-11-05,0,0.24610458,0,0.31139041
1040,2006-11-06,0,0.22969761,0,0.29063105
1041,2006-11-07,0,0.21438443,0,0.27125565
1042,2006-11-08,0,0.20009214,0,0.25317194
1043,2006-11-09,0,0.18675266,0,0.23629381
1044,2006-11-10,0,0.17430248,0,0.22054089
1045,2006-11-11,0,0.16268232,0,0.20583816
1046,2006-11-12,0,0.15183683,0,0.19211562
1047,2006-11-13,0,0.14171437,0,0.17930791
1048,2006-11-14,0,0.13226675,0,0.16735405
1049,2006-11-15,0,0.12344897,0,0.15619711
1050,2006-11-16,0,0.11521903,0,0.14578397
1051,2006-11-17,0,0.10753777,0,0.13606504
1052,2006-11-18,0,0.10036858,0,0.12699404
1053,2006-11-19,0,0.093677343,0,0.11852777
1054,2006-11-20,0,0.087432187,0,0.11062592
1055,2006-11-21,0,0.081603374,0,0.10325086
1056,2006-11-22,0,0.076163149,0,0.096367466
1057,2006-11-23,0,0.071085606,0,0.089942968
1058,2006-11-24,0,0.066346566,0,0.08394677
1059,2006-11-25,0,0.061923461,0,0.078350319
1060,2006-11-26,0,0.05779523,0,0.073126964
1061,2006-11-27,0,0.053942215,0,0.068251833
1062,2006-11-28,0,0.050346067,0,0.063701711
1063,2006-11-29,0,0.046989663,0,0.059454931
1064,2006-11-30,0,0.043857019,0,0.055491268
1065,2006-12-01,0,0.040933217,0,0.051791851
1066,2006-12-02,0,0.038204336,0,0.048339061
1067,2006-12-03,0,0.035657381,0,0.045116457
1068,2006-12-04,0,0.033280222,0,0.042108693
1069,2006-12-05,0,0.03106154,0,0.039301447
1070,2006-12-06,0,0.028990771,0,0.03668135
1071,2006-12-07,0,0.027058053,0,0.034235927
1072,2006-12-08,0,0.025254183,0,0.031953532
1073,2006-12-09,0,0.023570571,0,0.029823296
1074,2006-12-10,0,0.021999199,0,0.027835076
1075,2006-12-11,0,0.020532586,0,0.025979405
1076,2006-12-12,0,0.019163747,0,0.024247444
1077,2006-12-13,0,0.017886164,0,0.022630948
1078,2006-12-14,0,0.016693753,0,0.021122218
1079,2006-12-15,0,0.015580836,0,0.01971407
1080,2006-12-16,0,0.014542114,0,0.018399799
1081,2006-12-17,0,0.013572639,0,0.017173146
1082,2006-12-18,0,0.012667797,0,0.016028269
1083,2006-12-19,0,0.011823277,0,0.014959718
1084,2006-12-20,0,0.011035058,0,0.013962404
1085,2006-12-21,0,0.010299388,0,0.013031577
1086,2006-12-22,0,0.009612762,0,0.012162805
1087,2006-12-23,0,0.0089719112,0,0.011351951
1088,2006-12-24,0,0.0083737838,0,0.010595154
1089,2006-12-25,0,0.0078155316,0,0.0098888108
1090,2006-12-26,0,0.0072944961,0,0.0092295568
1091,2006-12-27,0,0.0068081964,0,0.008614253
1092,2006-12-28,0,0.0063543166,0,0.0080399694
1093,2006-12-29,0,0.0059306955,0,0.0075039715
1094,2006-12-30,0,0.0055353158,0,0.0070037067
1095,2006-12-31,0,0.0051662948,0,0.0065367929
1096,2007-01-01,0,0.0048218751,0,0.0061010067
1097,2007-01-02,0,0.0045004168,0,0.005694273
1098,2007-01-03,0,0.004200389,0,0.0053146548
1099,2007-01-04,0,0.0039203631,0,0.0049603444
1100,2007-01-05,0,0.0036590055,0,0.0046296548
1101,2007-01-06,0,0.0034150718,0,0.0043210112
1102,2007-01-07,0,0.0031874004,0,0.0040329437
1103,2007-01-08,0,0.002974907,0,0.0037640808
1104,2007-01-09,0,0.0027765799,0,0.0035131421
1105,2007-01-10,0,0.0025914745,0,0.0032789326
1106,2007-01-11,0,0.0024187096,0,0.0030603371
1107,2007-01-12,0,0.0022574623,0,0.0028563146
1108,2007-01-13,0,0.0021069648,0,0.0026658937
1109,2007-01-14,0,0.0019665005,0,0.0024881674
1110,2007-01-15,0,0.0018354004,0,0.0023222896
1111,2007-01-16,0,0.0017130404,0,0.0021674703
1112,2007-01-17,0,0.0015988377,0,0.0020229723
1113,2007-01-18,0,0.0014922485,0,0.0018881075
1114,2007-01-19,0,0.0013927653,0,0.0017622336
1115,2007-01-20,0,0.0012999143,0,0.0016447514
1116,2007-01-21,0,0.0012132533,0,0.0015351013
1117,2007-01-22,0,0.0011323698,0,0.0014327612
1118,2007-01-23,0,0.0010568785,0,0.0013372438
1119,2007-01-24,0,0.00098641989,0,0.0012480942
1120,2007-01-25,0,0.00092065856,0,0.0011648879
1121,2007-01-26,0,0.00085928133,0,0.0010872287
1122,2007-01-27,0,0.0008019959,0,0.0010147468
1123,2007-01-28,0,0.00074852951,0,0.00094709703
1124,2007-01-29,0,0.00069862754,0,0.00088395722
1125,2007-01-30,0,0.00065205237,0,0.00082502674
1126,2007-01-31,0,0.00060858222,0,0.00077002496
1127,2007-02-01,0,0.00056801007,0,0.00071868996
1128,2007-02-02,0,0.00053014273,0,0.0006707773
1129,2007-02-03,0,0.00049479988,0,0.00062605881
1130,2007-02-04,0,0.00046181322,0,0.00058432156
1131,2007-02-05,0,0.00043102567,0,0.00054536679
1132,2007-02-06,0,0.00040229063,0,0.000509009
1133,2007-02-07,0,0.00037547125,0,0.00047507507
1134,2007-02-08,0,0.00035043984,0,0.0004434034
1135,2007-02-09,0,0.00032707718,0,0.00041384317
1136,2007-02-10,0,0.00030527204,0,0.00038625363
1137,2007-02-11,0,0.00028492057,0,0.00036050338
1138,2007-02-12,0,0.00026592586,0,0.00033646983
1139,2007-02-13,0,0.00024819747,0,0.0003140385
1140,2007-02-14,0,0.00023165097,0,0.0002931026
1141,2007-02-15,0,0.00021620758,0,0.00027356243
1142,2007-02-16,0,0.00020179374,0,0.00025532493
1143,2007-02-17,0,0.00018834082,0,0.00023830327
1144,2007-02-18,0,0.00017578477,0,0.00022241639
1145,2007-02-19,0,0.00016406578,0,0.00020758863
1146,2007-02-20,0,0.00015312806,0,0.00019374939
1147,2007-02-21,0,0.00014291953,0,0.00018083276
1148,2007-02-22,0,0.00013339156,0,0.00016877724
1149,2007-02-23,0,0.00012449879,0,0.00015752543
1150,2007-02-24,0,0.00011619887,0,0.00014702373
1151,2007-02-25,0,0.00010845228,0,0.00013722215
1152,2007-02-26,0,0.00010122212,0,0.00012807401
1153,2007-02-27,0,9.4473983e-05,0,0.00011953574
1154,2007-02-28,0,8.8175717e-05,0.17402032,0.011712921
1155,2007-03-01,0,8.2297336e-05,0.35791002,0.034792728
1156,2007-03-02,0,7.6810847e-05,0.53664476,0.06824953
1157,2007-03-03,0,7.1690124e-05,0.71065329,0.11107645
1158,2007-03-04,0,6.6910782e-05,0.88031456,0.16235899
1159,2007-03-05,0,6.2450064e-05,1.0459649,0.22126605
1160,2007-03-06,0,5.8286726e-05,1.2079045,0.28704195
1161,2007-03-07,0,5.4400944e-05,1.3664026,0.35899932
1162,2007-03-08,0,5.0774215e-05,1.5217012,0.43651278
1163,2007-03-09,0,4.7389267e-05,1.7410944,0.52348489
1164,2007-03-10,0,4.4229983e-05,1.9548352,0.61890824
1165,2007-03-11,0.7553916,0.050400721,2.1634364,0.72187678
1166,2007-03-12,1.5379648,0.14957166,2.3673482,0.83157488
1167,2007-03-13,1.9683951,0.27082655,2.5669681,0.94726777
1168,2007-03-14,1.1562002,0.32985147,2.7626486,1.0682932
1169,2007-03-15,1.0258839,0.37625363,2.9547041,1.1940539
1170,2007-03-16,1.7591862,0.46844913,3.1434161,1.3240114
1171,2007-03-17,0,0.43721919,3.3290375,1.4576798
1172,2007-03-18,0,0.40807125,3.5117967,1.5946209
1173,2007-03-19,0.02710234,0.38267332,3.6918999,1.7344395
1174,2007-03-20,0,0.35716176,3.8695349,1.8767792
1175,2007-03-21,0,0.33335098,4.0448725,2.0213188
1176,2007-03-22,0,0.31112758,4.2180685,2.1677687
1177,2007-03-23,0,0.29038574,4.3351194,2.3122588
1178,2007-03-24,0.27930234,0.28964685,4.4512817,2.4548603
1179,2007-03-25,2.0786095,0.40891103,4.5665953,2.5956426
1180,2007-03-26,2.1799702,0.52698164,4.6810976,2.734673
1181,2007-03-27,2.3921517,0.65132631,4.7948244,2.8720164
1182,2007-03-28,2.7677673,0.79242238,4.8039238,3.0008102
1183,2007-03-29,2.7921944,0.92574051,4.8039238,3.1210178
1184,2007-03-30,2.5609453,1.0347542,4.8039238,3.2332115
1185,2007-03-31,3.2220047,1.1805709,4.8039238,3.3379257
1186,2007-04-01,3.6532798,1.3454181,4.8039238,3.4356589
1187,2007-04-02,3.6532798,1.4992756,4.8039238,3.5268766
1188,2007-04-03,2.5714562,1.5707543,4.8039238,3.612013
1189,2007-04-04,2.4364757,1.628469,4.8039238,3.6914738
1190,2007-04-05,3.6532798,1.7634564,4.8039238,3.7656371
1191,2007-04-06,2.7266789,1.8276713,4.8039238,3.8348562
1192,2007-04-07,3.0764473,1.910923,4.8039238,3.8994607
1193,2007-04-08,0,1.7835281,4.8039238,3.9597583
1194,2007-04-09,3.6532798,1.9081782,4.8039238,4.016036
1195,2007-04-10,2.2674013,1.9321264,4.8039238,4.0685618
1196,2007-04-11,2.9459934,1.9997176,4.8039238,4.117586
1197,2007-04-12,3.6532798,2.1099551,4.8039238,4.1633418
1198,2007-04-13,3.6532798,2.2128434,4.8039238,4.2060473
1199,2007-04-14,3.6532798,2.3088725,4.8039238,4.2459057
1200,2007-04-15,3.6532798,2.3984996,4.8039238,4.2831069
1201,2007-04-16,3.6532798,2.4821516,4.8039238,4.3178281
1202,2007-04-17,3.6532798,2.5602269,4.8039238,4.3502344
1203,2007-04-18,3.6532798,2.633097,4.8039238,4.3804804
1204,2007-04-19,3.6532798,2.7011092,4.8039238,4.40871
1205,2007-04-20,3.6532798,2.7645873,4.8039238,4.4350576
1206,2007-04-21,3.6532798,2.8238334,4.8039238,4.4596486
1207,2007-04-22,3.6532798,2.8791299,4.8039238,4.4826003
1208,2007-04-23,3.6532798,2.9307399,4.8039238,4.5040219
1209,2007-04-24,3.6532798,2.9789092,4.8039238,4.5240153
1210,2007-04-25,3.6532798,3.0238672,4.8039238,4.5426759
1211,2007-04-26,3.6532798,3.0658281,4.8039238,4.5600924
1212,2007-04-27,3.6532798,3.1049915,4.8039238,4.5763479
1213,2007-04-28,3.6532798,3.1415441,4.8039238,4.5915196
1214,2007-04-29,3.6532798,3.1756598,4.8039238,4.6056799
1215,2007-04-30,3.6532798,3.2075011,4.8039238,4.6188961
1216,2007-05-01,3.6532798,3.2372197,4.8039238,4.6312313
1217,2007-05-02,3.6532798,3.264957,4.8039238,4.6427442
1218,2007-05-03,3.6532798,3.2908452,4.8039238,4.6534895
1219,2007-05-04,3.6532798,3.3150075,4.8039238,4.6635184
1220,2007-05-05,3.6532798,3.337559,4.8039238,4.6728788
1221,2007-05-06,3.6532798,3.3586071,4.8039238,4.6816151
1222,2007-05-07,3.6532798,3.3782519,4.8039238,4.689769
1223,2007-05-08,3.6532798,3.3965871,4.8039238,4.6973794
1224,2007-05-09,3.6532798,3.4137,4.8039238,4.7044823
1225,2007-05-10,3.6532798,3.429672,4.8039238,4.7111118
1226,2007-05-11,3.6532798,3.4445791,4.8039238,4.7172992
1227,2007-05-12,3.6532798,3.4584925,4.8039238,4.7230742
1228,2007-05-13,3.6532798,3.4714783,4.8039238,4.7284642
1229,2007-05-14,3.6532798,3.4835984,4.8039238,4.7334948
1230,2007-05-15,3.6532798,3.4949105,4.8039238,4.7381901
1231,2007-05-16,3.6532798,3.5054685,4.8039238,4.7425723
1232,2007-05-17,3.6532798,3.5153226,4.8039238,4.7466624
1233,2007-05-18,3.6532798,3.5245197,4.8039238,4.7504799
1234,2007-05-19,3.6532798,3.5331037,4.8039238,4.7540428
1235,2007-05-20,3.6532798,3.5411155,4.8039238,4.7573682
1236,2007-05-21,3.6532798,3.5485931,4.8039238,4.7604719
1237,2007-05-22,3.6532798,3.5555722,4.8039238,4.7633687
1238,2007-05-23,3.6532798,3.5620861,4.8039238,4.7660724
1239,2007-05-24,3.6532798,3.5681656,4.8039238,4.7685958
1240,2007-05-25,3.6532798,3.5738399,4.8039238,4.770951
1241,2007-05-26,3.6532798,3.5791359,4.8039238,4.7731492
1242,2007-05-27,3.6532798,3.5840788,4.8039238,4.7752008
1243,2007-05-28,3.0285734,3.5470451,4.8039238,4.7771157
1244,2007-05-29,3.6532798,3.5541275,4.8039238,4.7789029
1245,2007-05-30,3.2833211,3.5360737,4.8039238,4.780571
1246,2007-05-31,3.6532798,3.5438874,4.8039238,4.7821278
1247,2007-06-01,3.6532798,3.5511803,4.8039238,4.7835809
1248,2007-06-02,3.6532798,3.5579869,4.8039238,4.7849371
1249,2007-06-03,3.6532798,3.5643398,4.8039238,4.7862029
1250,2007-06-04,3.6532798,3.5702691,4.8039238,4.7873843
1251,2007-06-05,3.6532798,3.5758031,4.8039238,4.7884869
1252,2007-06-06,3.6532798,3.5809683,4.8039238,4.789516
1253,2007-06-07,3.6532798,3.585789,4.8039238,4.7904766
1254,2007-06-08,3.6532798,3.5902884,4.8039238,4.791373
1255,2007-06-09,3.6532798,3.5944878,4.8039238,4.7922098
1256,2007-06-10,3.6532798,3.5984073,4.8039238,4.7929907
1257,2007-06-11,3.6532798,3.6020655,4.8039238,4.7937196
1258,2007-06-12,3.6532798,3.6054798,4.8039238,4.7943999
1259,2007-06-13,3.6532798,3.6086664,4.8039238,4.7950348
1260,2007-06-14,3.6532798,3.6116407,4.8039238,4.7956274
1261,2007-06-15,3.6532798,3.6144166,4.8039238,4.7961805
1262,2007-06-16,3.6532798,3.6170075,4.8039238,4.7966967
1263,2007-06-17,3.6532798,3.6194256,4.8039238,4.7971785
1264,2007-06-18,3.6532798,3.6216826,4.8039238,4.7976282
1265,2007-06-19,3.6532798,3.6237891,4.8039238,4.7980479
1266,2007-06-20,3.6532798,3.6257551,4.8039238,4.7984396
1267,2007-06-21,1.4131108,3.4782455,4.8039238,4.7988053
1268,2007-06-22,3.6532798,3.4899145,4.8039238,4.7991465
1269,2007-06-23,3.6532798,3.5008055,4.8039238,4.799465
1270,2007-06-24,3.6532798,3.5109704,4.8039238,4.7997622
1271,2007-06-25,3.6532798,3.5204577,4.8039238,4.8000397
1272,2007-06-26,3.6532798,3.5293125,4.8039238,4.8002986
1273,2007-06-27,3.6532798,3.537577,4.8039238,4.8005403
1274,2007-06-28,3.6532798,3.5452905,4.8039238,4.8007659
1275,2007-06-29,3.6532798,3.5524898,4.8039238,4.8009764
1276,2007-06-30,3.6532798,3.5592092,4.8039238,4.8011729
1277,2007-07-01,3.6532798,3.5654805,4.8039238,4.8013563
1278,2007-07-02,1.825032,3.4494506,4.8039238,4.8015275
1279,2007-07-03,3.6532798,3.4630392,4.8039238,4.8016872
1280,2007-07-04,3.6532798,3.475722,4.8039238,4.8018363
1281,2007-07-05,3.1648053,3.4549942,4.8039238,4.8019755
1282,2007-07-06,3.6532798,3.4682132,4.8039238,4.8021054
1283,2007-07-07,3.6532798,3.480551,4.8039238,4.8022266
1284,2007-07-08,3.6532798,3.4920662,4.8039238,4.8023398
1285,2007-07-09,0.92264952,3.3207718,4.8039238,4.8024454
1286,2007-07-10,3.213342,3.3136098,4.8039238,4.8025439
1287,2007-07-11,3.6532798,3.3362545,4.8039238,4.8026359
1288,2007-07-12,3.4852444,3.3461871,4.8039238,4.8027218
1289,2007-07-13,3.6532798,3.36666,4.8039238,4.8028019
1290,2007-07-14,3.6532798,3.385768,4.8039238,4.8028767
1291,2007-07-15,3.6532798,3.4036021,4.8039238,4.8029465
1292,2007-07-16,3.6532798,3.4202473,4.8039238,4.8030117
1293,2007-07-17,3.6532798,3.4357828,4.8039238,4.8030725
1294,2007-07-18,3.6532798,3.4502826,4.8039238,4.8031292
1295,2007-07-19,3.6532798,3.4638157,4.8039238,4.8031822
1296,2007-07-20,3.6532798,3.4764467,4.8039238,4.8032317
1297,2007-07-21,3.6532798,3.4882355,4.8039238,4.8032778
1298,2007-07-22,3.1553098,3.4660405,4.8039238,4.8033209
1299,2007-07-23,3.6532798,3.4785231,4.8039238,4.8033611
1300,2007-07-24,3.6532798,3.4901736,4.8039238,4.8033986
1301,2007-07-25,3.6532798,3.5010473,4.8039238,4.8034336
1302,2007-07-26,3.6532798,3.5111962,4.8039238,4.8034663
1303,2007-07-27,3.6532798,3.5206684,4.8039238,4.8034968
1304,2007-07-28,3.0458196,3.4890118,4.8039238,4.8035253
1305,2007-07-29,1.2854637,3.3421086,4.8039238,4.8035518
1306,2007-07-30,2.7967763,3.3057531,4.8039238,4.8035766
1307,2007-07-31,0.86474373,3.1430192,4.8039238,4.8035998
1308,2007-08-01,3.6532798,3.1770365,4.8039238,4.8036214
1309,2007-08-02,3.6532798,3.2087861,4.8039238,4.8036415
1310,2007-08-03,3.1887147,3.207448,4.8039238,4.8036604
1311,2007-08-04,3.6532798,3.2371701,4.8039238,4.8036779
1312,2007-08-05,3.6532798,3.2649108,4.8039238,4.8036943
1313,2007-08-06,3.6532798,3.290802,4.8039238,4.8037096
1314,2007-08-07,3.6532798,3.3149672,4.7535713,4.8003671
1315,2007-08-08,3.6532798,3.3375214,4.6453883,4.7900351
1316,2007-08-09,2.7409553,3.2977503,4.5364969,4.7731326
1317,2007-08-10,0.35502205,3.1015684,4.5563172,4.7586782
1318,2007-08-11,0.59009982,2.9341372,4.5761133,4.7465072
1319,2007-08-12,3.6532798,2.98208,4.5958854,4.7364658
1320,2007-08-13,3.6532798,3.0268267,4.6156337,4.7284103
1321,2007-08-14,3.6532798,3.0685902,4.6353585,4.7222069
1322,2007-08-15,3.6532798,3.1075695,4.6550598,4.7177304
1323,2007-08-16,0.18922975,2.9130136,4.6747378,4.7148642
1324,2007-08-17,3.1077097,2.9259933,4.6943928,4.7134995
1325,2007-08-18,3.6532798,2.9744791,4.7140248,4.7135345
1326,2007-08-19,3.6532798,3.0197324,4.7336342,4.7148745
1327,2007-08-20,2.4022622,2.9785678,4.753221,4.7174309
1328,2007-08-21,2.9595665,2.977301,4.7727854,4.7211212
1329,2007-08-22,3.2712169,2.9968954,4.7923277,4.7258683
1330,2007-08-23,3.6320308,3.0392378,4.8039238,4.731072
1331,2007-08-24,3.6532798,3.0801739,4.6823402,4.7278232
1332,2007-08-25,3.6532798,3.118381,4.5518263,4.7160901
1333,2007-08-26,3.6532798,3.1540409,4.4202531,4.6963676
1334,2007-08-27,3.2198661,3.1584292,4.2875644,4.6691141
1335,2007-08-28,2.273986,3.0994664,4.1537003,4.6347532
1336,2007-08-29,3.1580144,3.1033696,4.0185963,4.593676
1337,2007-08-30,3.6532798,3.1400302,3.882184,4.5462432
1338,2007-08-31,1.8883333,3.0565838,3.7443898,4.4927863
1339,2007-09-01,2.4348197,3.0151328,3.6051347,4.4336096
1340,2007-09-02,3.6532798,3.057676,3.4643339,4.3689912
1341,2007-09-03,1.1167032,2.9282778,3.3218961,4.2991848
1342,2007-09-04,1.4427296,2.8292412,3.1777229,4.2244207
1343,2007-09-05,1.7689741,2.7585568,3.0317076,4.1449065
1344,2007-09-06,3.0327005,2.776833,2.8837351,4.0608284
1345,2007-09-07,0.15322682,2.6019259,2.8637841,3.9810255
1346,2007-09-08,0,2.4284642,2.8437956,3.9052101
1347,2007-09-09,1.4977233,2.3664148,2.8237691,3.8331141
1348,2007-09-10,0,2.2086538,2.8037045,3.7644868
1349,2007-09-11,0.85247751,2.1182421,2.7836014,3.6990944
1350,2007-09-12,1.3609944,2.0677589,2.7634594,3.6367187
1351,2007-09-13,2.3057113,2.0836224,2.7432782,3.577156
1352,2007-09-14,3.4067893,2.1718335,2.7230575,3.5202161
1353,2007-09-15,2.9751952,2.225391,2.7027969,3.4657215
1354,2007-09-16,3.6532798,2.3205835,2.682496,3.4135065
1355,2007-09-17,3.6532798,2.40943,2.6621547,3.3634164
1356,2007-09-18,0,2.2488013,2.6417725,3.3153068
1357,2007-09-19,1.3857013,2.1912613,2.6213489,3.2690429
1358,2007-09-20,3.1296186,2.2538185,2.6008838,3.224499
1359,2007-09-21,3.6532798,2.3471159,2.5239936,3.1777986
1360,2007-09-22,3.6532798,2.4341935,2.4464968,3.1290452
1361,2007-09-23,3.6532798,2.5154659,2.3683728,3.0783337
1362,2007-09-24,3.6532798,2.5913202,2.2896004,3.0257514
1363,2007-09-25,0,2.4185655,2.2101569,2.9713785
1364,2007-09-26,0.54907773,2.293933,2.1300188,2.9152878
1365,2007-09-27,0,2.1410041,2.0491615,2.8575461
1366,2007-09-28,0,1.9982705,1.9675589,2.7982136
1367,2007-09-29,0,1.8650525,1.8851838,2.7373449
1368,2007-09-30,1.4911149,1.8401233,1.8020074,2.6749891
1369,2007-10-01,2.4792258,1.8827301,1.7179998,2.6111898
1370,2007-10-02,0,1.7572148,1.6331289,2.5459858
1371,2007-10-03,0.86098183,1.6974659,1.5473613,2.4794108
1372,2007-10-04,1.5388654,1.6868926,1.4606616,2.4114942
1373,2007-10-05,0,1.5744331,1.2782153,2.3359423
1374,2007-10-06,0,1.4694708,1.0912572,2.2529633
1375,2007-10-07,0.10685847,1.37863,0.89937925,2.1627243
1376,2007-10-08,1.4336696,1.3822993,0.70211827,2.0653506
1377,2007-10-09,0.11534968,1.297836,0.49894588,1.9609236
1378,2007-10-10,0.26719024,1.2291263,0.28925494,1.849479
1379,2007-10-11,0,1.1471845,0.07234365,1.7310033
1380,2007-10-12,0,1.0707056,0,1.6156031
1381,2007-10-13,0,0.99932521,0,1.5078962
1382,2007-10-14,0.86351393,0.99027112,0,1.4073698
1383,2007-10-15,1.6490689,1.034191,0,1.3135452
1384,2007-10-16,1.9754387,1.0969408,0,1.2259755
1385,2007-10-17,1.9679718,1.1550096,0,1.1442438
1386,2007-10-18,0,1.0780089,0,1.0679609
1387,2007-10-19,0,1.0061417,0,0.99676348
1388,2007-10-20,0,0.93906554,0,0.93031258
1389,2007-10-21,0,0.87646117,0,0.86829174
1390,2007-10-22,0,0.81803043,0,0.81040563
1391,2007-10-23,0,0.76349507,0,0.75637859
1392,2007-10-24,0,0.7125954,0,0.70595335
1393,2007-10-25,0,0.66508904,0,0.65888979
1394,2007-10-26,0,0.62074977,0,0.6149638
1395,2007-10-27,0,0.57936645,0,0.57396622
1396,2007-10-28,0,0.54074202,0,0.5357018
1397,2007-10-29,0,0.50469255,0,0.49998835
1398,2007-10-30,0,0.47104638,0,0.46665579
1399,2007-10-31,0,0.43964329,0,0.43554541
1400,2007-11-01,0,0.41033374,0,0.40650905
1401,2007-11-02,0,0.38297815,0,0.37940844
1402,2007-11-03,0,0.35744628,0,0.35411455
1403,2007-11-04,0,0.33361653,0,0.33050691
1404,2007-11-05,0,0.31137542,0,0.30847312
1405,2007-11-06,0,0.29061706,0,0.28790824
1406,2007-11-07,0,0.27124259,0,0.26871436
1407,2007-11-08,0,0.25315975,0,0.25080007
1408,2007-11-09,0,0.23628243,0,0.23408006
1409,2007-11-10,0,0.22053027,0,0.21847473
1410,2007-11-11,0,0.20582825,0,0.20390974
1411,2007-11-12,0,0.19210637,0,0.19031576
1412,2007-11-13,0,0.17929928,0,0.17762804
1413,2007-11-14,0,0.16734599,0,0.16578617
1414,2007-11-15,0,0.15618959,0,0.15473376
1415,2007-11-16,0,0.14577695,0,0.14441818
1416,2007-11-17,0,0.13605849,0,0.1347903
1417,2007-11-18,0,0.12698793,0,0.12580428
1418,2007-11-19,0,0.11852206,0,0.11741733
1419,2007-11-20,0,0.11062059,0,0.10958951
1420,2007-11-21,0,0.10324589,0,0.10228354
1421,2007-11-22,0,0.096362827,0,0.095464637
1422,2007-11-23,0,0.089938639,0,0.089100327
1423,2007-11-24,0,0.08394273,0,0.083160306
1424,2007-11-25,0,0.078346548,0,0.077616285
1425,2007-11-26,0,0.073123444,0,0.072441866
1426,2007-11-27,0,0.068248548,0,0.067612408
1427,2007-11-28,0,0.063698645,0,0.063104915
1428,2007-11-29,0,0.059452069,0,0.05889792
1429,2007-11-30,0,0.055488597,0,0.054971392
1430,2007-12-01,0,0.051789358,0,0.051306633
1431,2007-12-02,0,0.048336734,0,0.047886191
1432,2007-12-03,0,0.045114285,0,0.044693778
1433,2007-12-04,0,0.042106666,0,0.041714193
1434,2007-12-05,0,0.039299555,0,0.038933246
1435,2007-12-06,0,0.036679584,0,0.036337697
1436,2007-12-07,0,0.034234279,0,0.033915184
1437,2007-12-08,0,0.031951994,0,0.031654171
1438,2007-12-09,0,0.029821861,0,0.029543893
1439,2007-12-10,0,0.027833737,0,0.0275743
1440,2007-12-11,0,0.025978154,0,0.025736014
1441,2007-12-12,0,0.024246277,0,0.024020279
1442,2007-12-13,0,0.022629859,0,0.022418927
1443,2007-12-14,0,0.021121201,0,0.020924332
1444,2007-12-15,0,0.019713121,0,0.019529377
1445,2007-12-16,0,0.018398913,0,0.018227418
1446,2007-12-17,0,0.017172319,0,0.017012257
1447,2007-12-18,0,0.016027498,0,0.015878107
1448,2007-12-19,0,0.014958998,0,0.014819566
1449,2007-12-20,0,0.013961731,0,0.013831595
1450,2007-12-21,0,0.013030949,0,0.012909489
1451,2007-12-22,0,0.012162219,0,0.012048856
1452,2007-12-23,0,0.011351405,0,0.011245599
1453,2007-12-24,0,0.010594644,0,0.010495893
1454,2007-12-25,0,0.0098883348,0,0.0097961664
1455,2007-12-26,0,0.0092291125,0,0.0091430886
1456,2007-12-27,0,0.0086138383,0,0.0085335494
1457,2007-12-28,0,0.0080395824,0,0.0079646461
1458,2007-12-29,0,0.0075036103,0,0.0074336697
1459,2007-12-30,0,0.0070033696,0,0.0069380917
1460,2007-12-31,0,0.0065364783,0,0.0064755522
1461,2008-01-01,0,0.0061007131,0,0.0060438488
1462,2008-01-02,0,0.0056939989,0,0.0056409255
1463,2008-01-03,0,0.0053143989,0,0.0052648638
1464,2008-01-04,0,0.0049601057,0,0.0049138729
1465,2008-01-05,0,0.004629432,0,0.0045862814
1466,2008-01-06,0,0.0043208032,0,0.0042805293
1467,2008-01-07,0,0.0040327496,0,0.0039951607
1468,2008-01-08,0,0.0037638996,0,0.0037288166
1469,2008-01-09,0,0.003512973,0,0.0034802288
1470,2008-01-10,0,0.0032787748,0,0.0032482136
1471,2008-01-11,0,0.0030601898,0,0.003031666
1472,2008-01-12,0,0.0028561772,0,0.0028295549
1473,2008-01-13,0,0.0026657653,0,0.0026409179
1474,2008-01-14,0,0.0024880477,0,0.0024648567
1475,2008-01-15,0,0.0023221778,0,0.002300533
1476,2008-01-16,0,0.002167366,0,0.0021471641
1477,2008-01-17,0,0.0020228749,0,0.0020040198
1478,2008-01-18,0,0.0018880166,0,0.0018704185
1479,2008-01-19,0,0.0017621488,0,0.0017457239
1480,2008-01-20,0,0.0016446722,0,0.0016293423
1481,2008-01-21,0,0.0015350274,0,0.0015207195
1482,2008-01-22,0,0.0014326922,0,0.0014193382
1483,2008-01-23,0,0.0013371794,0,0.0013247157
1484,2008-01-24,0,0.0012480341,0,0.0012364013
1485,2008-01-25,0,0.0011648319,0,0.0011539745
1486,2008-01-26,0,0.0010871764,0,0.0010770429
1487,2008-01-27,0,0.001014698,0,0.00100524
1488,2008-01-28,0,0.00094705144,0,0.00093822404
1489,2008-01-29,0,0.00088391467,0,0.00087567577
1490,2008-01-30,0,0.00082498703,0,0.00081729739
1491,2008-01-31,0,0.00076998789,0,0.00076281089
1492,2008-02-01,0,0.00071865537,0,0.00071195683
1493,2008-02-02,0,0.00067074501,0,0.00066449305
1494,2008-02-03,0,0.00062602868,0,0.00062019351
1495,2008-02-04,0,0.00058429343,0,0.00057884728
1496,2008-02-05,0,0.00054534054,0,0.00054025746
1497,2008-02-06,0,0.0005089845,0,0.00050424029
1498,2008-02-07,0,0.0004750522,0,0.00047062427
1499,2008-02-08,0,0.00044338205,0,0.00043924932
1500,2008-02-09,0,0.00041382325,0,0.00040996603
1501,2008-02-10,0.33273306,0.022568439,0,0.00038263496
1502,2008-02-11,0,0.021063876,0,0.00035712597
1503,2008-02-12,0,0.019659618,0,0.00033331757
1504,2008-02-13,0,0.018348977,0,0.0003110964
1505,2008-02-14,0,0.017125712,0,0.00029035664
1506,2008-02-15,0,0.015983998,0.04486214,0.0032618089
1507,2008-02-16,0,0.014918398,0.14127976,0.012463006
1508,2008-02-17,0,0.013923838,0.23620763,0.027379314
1509,2008-02-18,0,0.012995582,0.32971397,0.047534958
1510,2008-02-19,0,0.01212921,0.42186246,0.072490124
1511,2008-02-20,0.14435565,0.020944306,0.51271297,0.10183831
1512,2008-02-21,0,0.019548019,0.60232134,0.13520385
1513,2008-02-22,0,0.018244818,0.65351728,0.16975808
1514,2008-02-23,0.88616152,0.076105931,0.70432626,0.20539596
1515,2008-02-24,2.1398642,0.21368982,0.75475758,0.24202006
1516,2008-02-25,0,0.19944383,0.8048202,0.27954007
1517,2008-02-26,1.112061,0.26028497,0.85452279,0.31787226
1518,2008-02-27,0.8081899,0.29681196,0.90387382,0.35693903
1519,2008-02-28,0.8148596,0.33134847,0.9528812,0.3966685
1520,2008-02-29,0,0.30925858,1.0015528,0.43699413
1521,2008-03-01,0,0.28864134,1.0498963,0.47785427
1522,2008-03-02,0,0.26939858,1.097919,0.51919192
1523,2008-03-03,0,0.25143868,1.1456279,0.56095432
1524,2008-03-04,0,0.2346761,1.19303,0.6030927
1525,2008-03-05,0,0.21903102,1.240132,0.64556199
1526,2008-03-06,0.47316006,0.23597296,1.2869402,0.68832053
1527,2008-03-07,0,0.22024143,1.4578249,0.73962082
1528,2008-03-08,0,0.20555867,1.6250616,0.79865021
1529,2008-03-09,1.2907909,0.27790748,1.7889165,0.86466797
1530,2008-03-10,2.3056927,0.41309316,1.9496291,0.93699871
1531,2008-03-11,1.09335,0.45844362,2.1074159,1.0150265
1532,2008-03-12,1.3683158,0.51910176,2.2624731,1.0981896
1533,2008-03-13,0.00200888,0.48462891,2.4149793,1.1859756
1534,2008-03-14,0,0.45232031,2.5650972,1.277917
1535,2008-03-15,1.9081284,0.54937418,2.7129756,1.3735876
1536,2008-03-16,0.58513792,0.55175843,2.8587513,1.4725985
1537,2008-03-17,0,0.51497454,3.0025496,1.5745953
1538,2008-03-18,0,0.4806429,3.1444863,1.6792547
1539,2008-03-19,0,0.44860004,3.2846683,1.7862822
1540,2008-03-20,0.29540684,0.43838716,3.4231942,1.8954097
1541,2008-03-21,0.86653322,0.46693023,3.3688158,1.9936368
1542,2008-03-22,0.91231846,0.49662278,3.3141892,2.0816736
1543,2008-03-23,0,0.46351459,3.2593088,2.1601826
1544,2008-03-24,1.1562327,0.5096958,3.2041688,2.2297817
1545,2008-03-25,0.2480754,0.49225444,3.1487632,2.2910471
1546,2008-03-26,1.7459631,0.57583502,3.0930859,2.3445164
1547,2008-03-27,2.505134,0.70445495,3.0371304,2.3906906
1548,2008-03-28,3.335326,0.87984635,2.9808903,2.4300373
1549,2008-03-29,3.335326,1.043545,2.9243588,2.4629921
1550,2008-03-30,3.335326,1.1963304,2.8675289,2.4899612
1551,2008-03-31,3.335326,1.3389301,2.8103933,2.5113233
1552,2008-04-01,3.335326,1.4720232,2.7529448,2.5274314
1553,2008-04-02,2.0903299,1.5132436,2.6951755,2.5386144
1554,2008-04-03,1.6486377,1.5222699,2.6370775,2.5451786
1555,2008-04-04,1.7358338,1.5365075,2.7876466,2.5613431
1556,2008-04-05,3.335326,1.6564287,2.9360728,2.5863251
1557,2008-04-06,0.64918974,1.5892794,3.0824856,2.6194024
1558,2008-04-07,0,1.4833275,3.2270045,2.6599092
1559,2008-04-08,2.5804368,1.5564681,3.3697398,2.7072313
1560,2008-04-09,2.0023262,1.586192,3.5107933,2.7608021
1561,2008-04-10,0.74191391,1.5299068,3.6502592,2.8200992
1562,2008-04-11,3.1968459,1.641036,3.7882253,2.884641
1563,2008-04-12,3.335326,1.7539887,3.924773,2.9539831
1564,2008-04-13,3.335326,1.8594112,4.0599779,3.0277161
1565,2008-04-14,3.335326,1.9578055,4.193911,3.1054624
1566,2008-04-15,0,1.8272851,4.3266383,3.1868741
1567,2008-04-16,2.5288544,1.8740564,4.4582217,3.2716306
1568,2008-04-17,3.335326,1.9714744,4.5887189,3.3594365
1569,2008-04-18,2.1256098,1.9817501,4.7461298,3.4518827
1570,2008-04-19,0,1.8496334,4.7461298,3.5381659
1571,2008-04-20,0,1.7263245,4.7461298,3.6186968
1572,2008-04-21,3.335326,1.8335913,4.7461298,3.693859
1573,2008-04-22,1.5133634,1.8122428,4.7461298,3.7640104
1574,2008-04-23,3.335326,1.9137816,4.7461298,3.829485
1575,2008-04-24,3.335326,2.0085513,4.7461298,3.8905947
1576,2008-04-25,1.4661643,1.9723921,4.7461298,3.9476304
1577,2008-04-26,3.335326,2.0632544,4.7461298,4.0008636
1578,2008-04-27,3.335326,2.1480592,4.7461298,4.0505481
1579,2008-04-28,3.335326,2.2272103,4.7461298,4.0969202
1580,2008-04-29,1.4464656,2.1751606,4.7461298,4.1402008
1581,2008-04-30,3.335326,2.252505,4.7461298,4.1805961
1582,2008-05-01,3.335326,2.3246931,4.7461298,4.2182983
1583,2008-05-02,3.335326,2.3920686,4.7461298,4.2534871
1584,2008-05-03,3.335326,2.4549524,4.7461298,4.2863299
1585,2008-05-04,3.335326,2.513644,4.7461298,4.3169833
1586,2008-05-05,2.7162097,2.5271484,4.7461298,4.345593
1587,2008-05-06,3.335326,2.5810269,4.7461298,4.3722955
1588,2008-05-07,3.335326,2.6313135,4.7461298,4.3972178
1589,2008-05-08,3.335326,2.6782477,4.7461298,4.4204786
1590,2008-05-09,3.335326,2.7220529,4.7461298,4.4421887
1591,2008-05-10,3.335326,2.7629378,4.7461298,4.4624514
1592,2008-05-11,3.335326,2.801097,4.7461298,4.4813633
1593,2008-05-12,3.335326,2.8367122,4.7461298,4.4990144
1594,2008-05-13,3.335326,2.8699532,4.7461298,4.5154888
1595,2008-05-14,3.335326,2.900978,4.7461298,4.5308648
1596,2008-05-15,3.335326,2.9299345,4.7461298,4.5452158
1597,2008-05-16,3.335326,2.9569606,4.7461298,4.5586101
1598,2008-05-17,3.335326,2.982185,4.7461298,4.5711114
1599,2008-05-18,1.4413372,2.8794618,4.7461298,4.5827793
1600,2008-05-19,3.335326,2.9098528,4.7461298,4.5936693
1601,2008-05-20,3.335326,2.9382176,4.7461298,4.6038334
1602,2008-05-21,3.335326,2.9646915,4.7461298,4.6133198
1603,2008-05-22,3.2491087,2.9836527,4.7461298,4.6221738
1604,2008-05-23,3.335326,3.0070976,4.7461298,4.6304375
1605,2008-05-24,3.335326,3.0289795,4.7461298,4.6381503
1606,2008-05-25,3.335326,3.0494026,4.7461298,4.645349
1607,2008-05-26,3.335326,3.0684641,4.7461298,4.6520677
1608,2008-05-27,3.335326,3.0862549,4.7461298,4.6583385
1609,2008-05-28,3.335326,3.1028597,4.7461298,4.6641913
1610,2008-05-29,3.335326,3.1183574,4.7461298,4.6696538
1611,2008-05-30,3.335326,3.132822,4.7461298,4.6747522
1612,2008-05-31,3.335326,3.1463222,4.7461298,4.6795107
1613,2008-06-01,3.335326,3.1589225,4.7461298,4.683952
1614,2008-06-02,3.335326,3.1706827,4.7461298,4.6880972
1615,2008-06-03,3.335326,3.1816589,4.7461298,4.691966
1616,2008-06-04,3.335326,3.1919034,4.7461298,4.6955769
1617,2008-06-05,3.335326,3.2014649,4.7461298,4.6989471
1618,2008-06-06,3.335326,3.210389,4.7461298,4.7020926
1619,2008-06-07,3.335326,3.2187181,4.7461298,4.7050285
1620,2008-06-08,3.335326,3.226492,4.7461298,4.7077685
1621,2008-06-09,3.335326,3.2337476,4.7461298,4.710326
1622,2008-06-10,3.335326,3.2405195,4.7461298,4.7127129
1623,2008-06-11,3.335326,3.2468399,4.7461298,4.7149407
1624,2008-06-12,3.335326,3.252739,4.7461298,4.71702
1625,2008-06-13,3.335326,3.2582448,4.7461298,4.7189606
1626,2008-06-14,3.335326,3.2633835,4.7461298,4.7207719
1627,2008-06-15,3.335326,3.2681797,4.7461298,4.7224624
1628,2008-06-16,3.335326,3.2726561,4.7461298,4.7240402
1629,2008-06-17,3.335326,3.2768341,4.7461298,4.7255129
1630,2008-06-18,3.335326,3.2807336,4.7461298,4.7268873
1631,2008-06-19,3.335326,3.2843731,4.7461298,4.7281702
1632,2008-06-20,3.335326,3.2877699,4.7461298,4.7293675
1633,2008-06-21,2.5181866,3.2364644,4.7461298,4.730485
1634,2008-06-22,3.335326,3.2430551,4.7461298,4.731528
1635,2008-06-23,3.335326,3.2492065,4.7461298,4.7325014
1636,2008-06-24,3.335326,3.2549478,4.7461298,4.73341
1637,2008-06-25,3.0978847,3.244477,4.7461298,4.734258
1638,2008-06-26,3.335326,3.2505336,4.7461298,4.7350494
1639,2008-06-27,3.335326,3.2561864,4.7461298,4.7357881
1640,2008-06-28,3.335326,3.2614624,4.7461298,4.7364776
1641,2008-06-29,3.335326,3.2663866,4.7461298,4.737121
1642,2008-06-30,3.335326,3.2709826,4.7461298,4.7377216
1643,2008-07-01,3.335326,3.2752721,4.7461298,4.7382822
1644,2008-07-02,3.335326,3.2792757,4.7461298,4.7388053
1645,2008-07-03,3.335326,3.2830124,4.7461298,4.7392936
1646,2008-07-04,3.335326,3.2865,4.7461298,4.7397494
1647,2008-07-05,3.335326,3.289755,4.7461298,4.7401747
1648,2008-07-06,3.335326,3.2927931,4.7461298,4.7405717
1649,2008-07-07,3.335326,3.2956286,4.7461298,4.7409423
1650,2008-07-08,3.335326,3.2982751,4.7461298,4.7412881
1651,2008-07-09,3.335326,3.3007452,4.7461298,4.7416109
1652,2008-07-10,3.335326,3.3030506,4.7461298,4.7419122
1653,2008-07-11,3.335326,3.3052023,4.7461298,4.7421933
1654,2008-07-12,0.94941683,3.1481499,4.7461298,4.7424558
1655,2008-07-13,0.20502701,2.9519417,4.7461298,4.7427007
1656,2008-07-14,3.335326,2.9775007,4.7461298,4.7429293
1657,2008-07-15,3.335326,3.0013557,4.7461298,4.7431427
1658,2008-07-16,3.2939895,3.0208646,4.7461298,4.7433418
1659,2008-07-17,2.8678465,3.0106634,4.7461298,4.7435277
1660,2008-07-18,3.2141639,3.0242301,4.7461298,4.7437012
1661,2008-07-19,3.335326,3.0449698,4.7461298,4.7438631
1662,2008-07-20,3.335326,3.0643269,4.7461298,4.7440142
1663,2008-07-21,2.1941885,3.0063177,4.7461298,4.7441552
1664,2008-07-22,2.0691692,2.9438411,4.7461298,4.7442869
1665,2008-07-23,3.335326,2.9699401,4.7461298,4.7444097
1666,2008-07-24,2.6251947,2.9469571,4.7461298,4.7445244
1667,2008-07-25,3.335326,2.9728483,4.7461298,4.7446314
1668,2008-07-26,3.335326,2.9970135,4.7461298,4.7447313
1669,2008-07-27,3.335326,3.0195677,4.7461298,4.7448245
1670,2008-07-28,3.335326,3.0406182,4.7461298,4.7449116
1671,2008-07-29,3.335326,3.0602654,4.7461298,4.7449928
1672,2008-07-30,3.335326,3.0786028,4.7461298,4.7450686
1673,2008-07-31,3.335326,3.0957177,4.7461298,4.7451393
1674,2008-08-01,3.335326,3.1116916,4.7461298,4.7452054
1675,2008-08-02,2.2027719,3.0510969,4.7461298,4.745267
1676,2008-08-03,3.335326,3.0700455,4.7461298,4.7453245
1677,2008-08-04,3.335326,3.0877309,4.7461298,4.7453782
1678,2008-08-05,3.335326,3.1042372,4.7461298,4.7454283
1679,2008-08-06,3.335326,3.1196431,4.7461298,4.7454751
1680,2008-08-07,3.335326,3.134022,4.7461298,4.7455187
1681,2008-08-08,3.335326,3.1474423,4.7461298,4.7455595
1682,2008-08-09,3.0876578,3.1434566,4.7461298,4.7455975
1683,2008-08-10,3.335326,3.1562479,4.7461298,4.745633
1684,2008-08-11,3.335326,3.1681865,4.7461298,4.7456661
1685,2008-08-12,2.4561263,3.1207158,4.7461298,4.745697
1686,2008-08-13,3.335326,3.1350231,4.7461298,4.7457259
1687,2008-08-14,3.335326,3.1483767,4.7461298,4.7457528
1688,2008-08-15,0,2.9384849,4.7461298,4.7457779
1689,2008-08-16,0,2.7425859,4.7461298,4.7458014
1690,2008-08-17,3.335326,2.7821019,4.7461298,4.7458233
1691,2008-08-18,3.335326,2.8189835,4.7461298,4.7458437
1692,2008-08-19,2.3449193,2.7873792,4.7461298,4.7458628
1693,2008-08-20,3.335326,2.823909,4.7461298,4.7458806
1694,2008-08-21,3.335326,2.8580035,4.7461298,4.7458972
1695,2008-08-22,3.335326,2.889825,4.7461298,4.7459127
1696,2008-08-23,2.8502979,2.8871898,4.7461298,4.7459272
1697,2008-08-24,1.7126451,2.8088869,4.7461298,4.7459407
1698,2008-08-25,2.5322873,2.7904469,4.7461298,4.7459533
1699,2008-08-26,3.335326,2.8267722,4.669795,4.7408761
1700,2008-08-27,3.335326,2.8606757,4.5495027,4.7281179
1701,2008-08-28,0.49380003,2.702884,4.4283107,4.7081307
1702,2008-08-29,0.53361936,2.5582664,4.3061749,4.6813337
1703,2008-08-30,3.335326,2.6100704,4.1830487,4.6481147
1704,2008-08-31,3.335326,2.6584207,4.0588827,4.6088325
1705,2008-09-01,2.4054245,2.6415543,3.9336239,4.5638186
1706,2008-09-02,3.1050149,2.6724517,3.8072163,4.5133785
1707,2008-09-03,3.335326,2.7166433,3.6795999,4.4577932
1708,2008-09-04,2.1625352,2.6797028,3.5507108,4.3973211
1709,2008-09-05,2.5996451,2.6743656,3.4463391,4.3339223
1710,2008-09-06,2.3926205,2.6555826,3.3410667,4.2677319
1711,2008-09-07,0.23929838,2.494497,3.2348538,4.1988734
1712,2008-09-08,2.3378557,2.4840542,3.1276584,4.127459
1713,2008-09-09,3.2685791,2.5363559,3.0194357,4.0535908
1714,2008-09-10,2.6745867,2.5455713,2.9101386,3.9773607
1715,2008-09-11,3.1471796,2.5856785,2.7997166,3.8988511
1716,2008-09-12,1.4278484,2.5084898,2.6881165,3.8181354
1717,2008-09-13,1.8763808,2.4663492,2.575281,3.7352785
1718,2008-09-14,0,2.3019259,2.4611495,3.6503365
1719,2008-09-15,0,2.1484642,2.3456571,3.5633579
1720,2008-09-16,0,2.0052333,2.2287344,3.474383
1721,2008-09-17,0,1.871551,2.110307,3.3834446
1722,2008-09-18,1.0407392,1.8161636,1.990295,3.290568
1723,2008-09-19,0,1.695086,1.9719057,3.2026571
1724,2008-09-20,0,1.5820803,1.9534775,3.1193785
1725,2008-09-21,0.35352673,1.5001767,1.9350102,3.0404206
1726,2008-09-22,0,1.4001649,1.9165033,2.9654928
1727,2008-09-23,0.21864333,1.3213968,1.8979565,2.8943237
1728,2008-09-24,0,1.2333037,1.8793694,2.8266601
1729,2008-09-25,0,1.1510835,1.8607419,2.7622655
1730,2008-09-26,1.7864617,1.193442,1.8420735,2.7009194
1731,2008-09-27,1.7582792,1.2310978,1.8233639,2.6424157
1732,2008-09-28,2.5166377,1.3168005,1.8046128,2.5865622
1733,2008-09-29,1.7151858,1.3433595,1.7858197,2.5331793
1734,2008-09-30,0.88023101,1.3124843,1.7669843,2.4820997
1735,2008-10-01,1.2013103,1.3050727,1.7481064,2.4331668
1736,2008-10-02,1.7507691,1.3347858,1.7291855,2.3862347
1737,2008-10-03,0.65316514,1.2893444,1.6441076,2.3367596
1738,2008-10-04,0.96307659,1.2675932,1.5581304,2.284851
1739,2008-10-05,1.7619784,1.3005522,1.4712188,2.2306088
1740,2008-10-06,0,1.2138487,1.3833348,2.1741239
1741,2008-10-07,1.0709854,1.2043245,1.2944389,2.1154782
1742,2008-10-08,2.8273317,1.312525,1.204489,2.0547456
1743,2008-10-09,0,1.2250233,1.1134404,1.9919919
1744,2008-10-10,1.2762073,1.2284356,1.0212457,1.9272755
1745,2008-10-11,2.6850546,1.3255435,0.9278545,1.8606474
1746,2008-10-12,2.6068498,1.4109639,0.83321343,1.7921518
1747,2008-10-13,2.3361786,1.4726449,0.73726525,1.7218261
1748,2008-10-14,0,1.3744686,0.63994895,1.6497009
1749,2008-10-15,0.87594841,1.3412339,0.54119958,1.5758008
1750,2008-10-16,0,1.2518183,0.44094734,1.5001439
1751,2008-10-17,0.06810572,1.1729041,0.35367291,1.4237125
1752,2008-10-18,0.7605036,1.1454108,0.26518677,1.3464775
1753,2008-10-19,0.55826158,1.1062675,0.17543501,1.268408
1754,2008-10-20,1.5660101,1.136917,0.08436062,1.1894715
1755,2008-10-21,1.971048,1.1925257,0,1.1101734
1756,2008-10-22,0,1.113024,0,1.0361618
1757,2008-10-23,0.20888549,1.0527481,0,0.96708438
1758,2008-10-24,0.28598654,1.0016307,0,0.90261208
1759,2008-10-25,0.92702689,0.9966571,0,0.84243795
1760,2008-10-26,1.1219516,1.0050101,0,0.78627542
1761,2008-10-27,0,0.93800939,0,0.73385705
1762,2008-10-28,0,0.87547543,0,0.68493325
1763,2008-10-29,0,0.8171104,0,0.63927103
1764,2008-10-30,0,0.76263638,0,0.59665297
1765,2008-10-31,0,0.71179395,0,0.5568761
1766,2008-11-01,0.03313065,0.66654973,0,0.51975103
1767,2008-11-02,0.34977794,0.64543161,0,0.48510096
1768,2008-11-03,0,0.60240284,0,0.4527609
1769,2008-11-04,0,0.56224265,0,0.42257684
1770,2008-11-05,0,0.52475981,0,0.39440505
1771,2008-11-06,0,0.48977582,0,0.36811138
1772,2008-11-07,0,0.4571241,0,0.34357062
1773,2008-11-08,0,0.42664916,0,0.32066591
1774,2008-11-09,0,0.39820588,0,0.29928818
1775,2008-11-10,0,0.37165882,0,0.27933564
1776,2008-11-11,0,0.34688157,0,0.26071326
1777,2008-11-12,0,0.32375613,0,0.24333238
1778,2008-11-13,0,0.30217239,0,0.22711022
1779,2008-11-14,0,0.28202756,0,0.21196954
1780,2008-11-15,0,0.26322572,0,0.19783824
1781,2008-11-16,0,0.24567734,0,0.18464902
1782,2008-11-17,0,0.22929885,0,0.17233908
1783,2008-11-18,0,0.21401226,0,0.16084981
1784,2008-11-19,0,0.19974478,0,0.15012649
1785,2008-11-20,0,0.18642846,0,0.14011806
1786,2008-11-21,0,0.1739999,0,0.13077686
1787,2008-11-22,0,0.1623999,0,0.1220584
1788,2008-11-23,0,0.15157324,0,0.11392117
1789,2008-11-24,0,0.14146836,0,0.10632643
1790,2008-11-25,0,0.13203714,0,0.099237998
1791,2008-11-26,0,0.12323466,0,0.092622132
1792,2008-11-27,0,0.11501902,0,0.086447323
1793,2008-11-28,0,0.10735108,0,0.080684168
1794,2008-11-29,0,0.10019434,0,0.075305224
1795,2008-11-30,0,0.09351472,0,0.070284875
1796,2008-12-01,0,0.087280405,0,0.065599217
1797,2008-12-02,0,0.081461712,0,0.061225936
1798,2008-12-03,0,0.076030931,0,0.057144207
1799,2008-12-04,0,0.070962202,0,0.053334593
1800,2008-12-05,0,0.066231389,0,0.049778953
1801,2008-12-06,0,0.061815963,0,0.046460357
1802,2008-12-07,0,0.057694899,0,0.043362999
1803,2008-12-08,0,0.053848572,0,0.040472133
1804,2008-12-09,0,0.050258667,0,0.037773991
1805,2008-12-10,0,0.046908089,0,0.035255725
1806,2008-12-11,0,0.043780883,0,0.032905343
1807,2008-12-12,0,0.040862158,0,0.030711653
1808,2008-12-13,0,0.038138014,0,0.02866421
1809,2008-12-14,0,0.03559548,0,0.026753263
1810,2008-12-15,0,0.033222448,0,0.024969712
1811,2008-12-16,0,0.031007618,0,0.023305064
1812,2008-12-17,0,0.028940443,0,0.021751393
1813,2008-12-18,0,0.02701108,0,0.0203013
1814,2008-12-19,0,0.025210342,0,0.01894788
1815,2008-12-20,0,0.023529652,0,0.017684688
1816,2008-12-21,0,0.021961009,0,0.016505709
1817,2008-12-22,0,0.020496942,0,0.015405329
1818,2008-12-23,0,0.019130479,0,0.014378307
1819,2008-12-24,0,0.017855114,0,0.013419753
1820,2008-12-25,0,0.016664773,0,0.012525103
1821,2008-12-26,0,0.015553788,0,0.011690096
1822,2008-12-27,0,0.014516869,0,0.010910756
1823,2008-12-28,0,0.013549077,0,0.010183372
1824,2008-12-29,0,0.012645806,0,0.0095044809
1825,2008-12-30,0,0.011802752,0,0.0088708488
1826,2008-12-31,0,0.011015902,0,0.0082794589
1827,2009-01-01,0,0.010281508,0,0.007727495
1828,2009-01-02,0,0.0095960744,0,0.0072123286
1829,2009-01-03,0,0.0089563361,0,0.0067315067
1830,2009-01-04,0,0.008359247,0,0.0062827396
1831,2009-01-05,0,0.0078019639,0,0.0058638903
1832,2009-01-06,0,0.007281833,0,0.0054729643
1833,2009-01-07,0,0.0067963774,0,0.0051081
1834,2009-01-08,0,0.0063432856,0,0.00476756
1835,2009-01-09,0,0.0059203999,0,0.0044497227
1836,2009-01-10,0,0.0055257066,0,0.0041530745
1837,2009-01-11,0,0.0051573261,0,0.0038762029
1838,2009-01-12,0,0.0048135044,0,0.0036177893
1839,2009-01-13,0,0.0044926041,0,0.0033766034
1840,2009-01-14,0,0.0041930972,0,0.0031514965
1841,2009-01-15,0,0.0039135573,0,0.0029413967
1842,2009-01-16,0,0.0036526535,0,0.0027453036
1843,2009-01-17,0,0.0034091433,0,0.0025622834
1844,2009-01-18,0,0.0031818671,0,0.0023914645
1845,2009-01-19,0,0.0029697426,0,0.0022320335
1846,2009-01-20,0,0.0027717598,0,0.0020832313
1847,2009-01-21,0,0.0025869758,0,0.0019443492
1848,2009-01-22,0,0.0024145107,0,0.0018147259
1849,2009-01-23,0,0.0022535433,0,0.0016937442
1850,2009-01-24,0,0.0021033071,0,0.0015808279
1851,2009-01-25,0,0.0019630866,0,0.0014754394
1852,2009-01-26,0,0.0018322142,0,0.0013770768
1853,2009-01-27,0,0.0017100666,0,0.0012852716
1854,2009-01-28,0,0.0015960621,0,0.0011995869
1855,2009-01-29,0,0.001489658,0,0.0011196144
1856,2009-01-30,0,0.0013903475,0,0.0010449734
1857,2009-01-31,0,0.0012976576,0,0.00097530854
1858,2009-02-01,0,0.0012111471,0,0.00091028798
1859,2009-02-02,0,0.001130404,0,0.00084960211
1860,2009-02-03,0,0.0010550437,0,0.00079296197
1861,2009-02-04,0,0.00098470748,0,0.00074009784
1862,2009-02-05,0,0.00091906031,0,0.00069075798
1863,2009-02-06,0,0.00085778962,0,0.00064470745
1864,2009-02-07,0,0.00080060365,0,0.00060172695
1865,2009-02-08,0,0.00074723007,0,0.00056161182
1866,2009-02-09,0,0.00069741473,0,0.00052417104
1867,2009-02-10,0,0.00065092042,0,0.0004892263
1868,2009-02-11,0,0.00060752572,0,0.00045661121
1869,2009-02-12,0,0.00056702401,0,0.00042617047
1870,2009-02-13,0,0.00052922241,0,0.0003977591
1871,2009-02-14,0,0.00049394091,0,0.00037124183
1872,2009-02-15,0,0.00046101152,0,0.00034649237
1873,2009-02-16,0,0.00043027742,0,0.00032339288
1874,2009-02-17,0,0.00040159226,0,0.00030183336
1875,2009-02-18,0,0.00037481944,0,0.00028171113
1876,2009-02-19,0,0.00034983148,0,0.00026293039
1877,2009-02-20,0,0.00032650938,0,0.0002454017
1878,2009-02-21,0,0.00030474209,0,0.00022904158
1879,2009-02-22,0,0.00028442595,0,0.00021377214
1880,2009-02-23,0,0.00026546422,0,0.00019952067
1881,2009-02-24,0,0.0002477666,0,0.00018621929
1882,2009-02-25,0,0.00023124883,0,0.00017380467
1883,2009-02-26,0,0.00021583224,0,0.00016221769
1884,2009-02-27,0,0.00020144343,0,0.00015140318
1885,2009-02-28,0,0.00018801386,0,0.00014130964
1886,2009-03-01,0.50469117,0.033821558,0,0.00013188899
1887,2009-03-02,0,0.031566787,0,0.00012309639
1888,2009-03-03,0,0.029462335,0,0.00011488997
1889,2009-03-04,0.37814012,0.05270752,0,0.00010723064
1890,2009-03-05,0.17803321,0.061062566,0,0.00010008193
1891,2009-03-06,0,0.056991729,0,9.3409798e-05
1892,2009-03-07,0,0.05319228,0,8.7182478e-05
1893,2009-03-08,0,0.049646128,0,8.1370313e-05
1894,2009-03-09,0,0.046336386,0,7.5945626e-05
1895,2009-03-10,0,0.043247294,0.1087517,0.0073209959
1896,2009-03-11,0,0.040364141,0.24032623,0.022854678
1897,2009-03-12,0,0.037673198,0.36918712,0.045943508
1898,2009-03-13,0,0.035161652,0.49550057,0.075913978
1899,2009-03-14,0.93138077,0.094909593,0.61941829,0.1121476
1900,2009-03-15,0,0.088582287,0.74107929,0.15407638
1901,2009-03-16,0,0.082676801,0.86061096,0.20117868
1902,2009-03-17,0,0.077165014,0.97813078,0.25297549
1903,2009-03-18,0,0.07202068,1.093747,0.30902693
1904,2009-03-19,0,0.067219301,1.20756,0.36892913
1905,2009-03-20,0,0.062738014,1.5964661,0.45076493
1906,2009-03-21,0.94968503,0.12186782,1.9674439,0.55187686
1907,2009-03-22,0,0.11374329,2.3232354,0.66996743
1908,2009-03-23,0,0.10616041,2.6660318,0.80303839
1909,2009-03-24,0,0.099083048,2.9976122,0.94934331
1910,2009-03-25,0.26688854,0.11027008,3.3194406,1.1073498
1911,2009-03-26,0,0.10291874,3.6327369,1.2757089
1912,2009-03-27,0.83856599,0.15196189,3.9385275,1.4532302
1913,2009-03-28,0.20753026,0.15566645,4.2376847,1.6388605
1914,2009-03-29,0.80286075,0.19881274,4.5309548,1.8316668
1915,2009-03-30,1.1079924,0.25942472,4.7804684,2.0282535
1916,2009-03-31,2.9287733,0.43738129,4.7804684,2.2117345
1917,2009-04-01,3.4133522,0.63577935,4.7804684,2.3829835
1918,2009-04-02,3.4133522,0.82095087,4.7804684,2.5428158
1919,2009-04-03,3.4133522,0.99377762,4.7804684,2.6919926
1920,2009-04-04,3.4133522,1.1550826,4.7804684,2.8312243
1921,2009-04-05,2.9429563,1.2742742,4.7804684,2.9611739
1922,2009-04-06,3.4133522,1.4168794,4.7804684,3.0824602
1923,2009-04-07,3.4133522,1.5499776,4.7804684,3.1956608
1924,2009-04-08,3.4133522,1.6742025,4.7804684,3.3013146
1925,2009-04-09,3.4133522,1.7901458,4.7804684,3.3999249
1926,2009-04-10,3.4133522,1.8983596,4.7804684,3.4919611
1927,2009-04-11,3.4133522,1.9993591,4.7804684,3.5778616
1928,2009-04-12,3.4133522,2.0936253,4.7804684,3.6580354
1929,2009-04-13,3.4133522,2.1816071,4.7804684,3.7328642
1930,2009-04-14,3.4133522,2.2637234,4.7804684,3.8027045
1931,2009-04-15,3.4133522,2.3403654,4.7804684,3.8678888
1932,2009-04-16,3.4133522,2.4118978,4.7804684,3.9287274
1933,2009-04-17,0,2.2511046,4.7804684,3.9855102
1934,2009-04-18,2.1830116,2.2465651,4.7804684,4.0385074
1935,2009-04-19,3.4133522,2.3243509,4.7804684,4.0879714
1936,2009-04-20,3.4133522,2.396951,4.7804684,4.1341379
1937,2009-04-21,3.4133522,2.4647111,4.7804684,4.1772266
1938,2009-04-22,3.4133522,2.5279538,4.7804684,4.2174427
1939,2009-04-23,1.7737951,2.4776766,4.7804684,4.2549778
1940,2009-04-24,3.4133522,2.5400549,4.7804684,4.2900105
1941,2009-04-25,3.4133522,2.5982748,4.7804684,4.3227077
1942,2009-04-26,3.4133522,2.6526132,4.7804684,4.353225
1943,2009-04-27,3.4133522,2.7033292,4.7804684,4.3817079
1944,2009-04-28,3.4133522,2.750664,4.7804684,4.408292
1945,2009-04-29,3.4133522,2.7948433,4.7804684,4.4331037
1946,2009-04-30,3.4133522,2.8360772,4.7804684,4.4562614
1947,2009-05-01,3.4133522,2.8745622,4.7804684,4.4778752
1948,2009-05-02,3.4133522,2.9104815,4.7804684,4.4980481
1949,2009-05-03,3.4133522,2.9440062,4.7804684,4.5168761
1950,2009-05-04,3.4133522,2.975296,4.7804684,4.5344489
1951,2009-05-05,2.8612366,2.967692,4.7804684,4.5508502
1952,2009-05-06,1.2318499,2.8519692,4.7804684,4.5661581
1953,2009-05-07,3.4133522,2.8893947,4.7804684,4.5804454
1954,2009-05-08,3.4133522,2.9243252,4.7804684,4.5937803
1955,2009-05-09,3.4133522,2.956927,4.7804684,4.6062262
1956,2009-05-10,3.4133522,2.9873554,4.7804684,4.6178423
1957,2009-05-11,0,2.7881983,4.7804684,4.6286841
1958,2009-05-12,3.4133522,2.8298753,4.7804684,4.638803
1959,2009-05-13,3.4133522,2.8687737,4.7804684,4.6482474
1960,2009-05-14,3.4133522,2.905079,4.7804684,4.6570621
1961,2009-05-15,3.4133522,2.9389638,4.7804684,4.6652892
1962,2009-05-16,3.4133522,2.9705897,4.7804684,4.6729678
1963,2009-05-17,3.4133522,3.0001072,4.7804684,4.6801345
1964,2009-05-18,3.4133522,3.0276569,4.7804684,4.6868234
1965,2009-05-19,3.4133522,3.0533699,4.7804684,4.6930664
1966,2009-05-20,3.4133522,3.0773687,4.7804684,4.6988932
1967,2009-05-21,3.4133522,3.0997676,4.7804684,4.7043316
1968,2009-05-22,2.7793799,3.0784084,4.7804684,4.7094074
1969,2009-05-23,3.4133522,3.100738,4.7804684,4.7141448
1970,2009-05-24,3.4133522,3.121579,4.7804684,4.7185663
1971,2009-05-25,3.4133522,3.1410305,4.7804684,4.7226931
1972,2009-05-26,3.4133522,3.1591853,4.7804684,4.7265448
1973,2009-05-27,3.4133522,3.1761298,4.7284995,4.7266751
1974,2009-05-28,3.391852,3.1905112,4.5579612,4.7154275
1975,2009-05-29,1.1547236,3.0547921,4.5967104,4.7075131
1976,2009-05-30,0,2.8511393,4.6353684,4.7027034
1977,2009-05-31,2.7352904,2.843416,4.6739365,4.7007856
1978,2009-06-01,3.4133522,2.8814117,4.7124166,4.701561
1979,2009-06-02,3.4133522,2.9168744,4.7508089,4.7048442
1980,2009-06-03,3.0417713,2.9252009,4.7804684,4.7098858
1981,2009-06-04,3.4133522,2.9577443,4.7804684,4.7145913
1982,2009-06-05,3.4133522,2.9881182,4.7804684,4.7189831
1983,2009-06-06,2.9592177,2.9861915,4.7804684,4.7230822
1984,2009-06-07,3.4133522,3.0146689,4.7804684,4.7269079
1985,2009-06-08,3.4133522,3.0412477,4.7804684,4.7304786
1986,2009-06-09,3.4133522,3.0660547,4.7804684,4.7338113
1987,2009-06-10,3.4133522,3.0892079,4.7804684,4.7369217
1988,2009-06-11,3.4133522,3.1108175,4.7804684,4.7398248
1989,2009-06-12,3.4133522,3.1309865,4.7804684,4.7425344
1990,2009-06-13,3.4133522,3.1498109,4.7804684,4.7450633
1991,2009-06-14,3.4133522,3.1673803,4.7804684,4.7474237
1992,2009-06-15,3.4133522,3.1837784,4.7804684,4.7496267
1993,2009-06-16,3.4133522,3.1990833,4.7804684,4.7516828
1994,2009-06-17,3.4133522,3.2133679,4.7804684,4.7536018
1995,2009-06-18,3.4133522,3.2267002,4.7804684,4.7553929
1996,2009-06-19,3.4133522,3.2391437,4.7804684,4.7570646
1997,2009-06-20,3.4133522,3.2507576,4.7804684,4.7586249
1998,2009-06-21,3.4133522,3.2615972,4.75745,4.7585465
1999,2009-06-22,3.1254463,3.2525205,4.7235799,4.7562154
2000,2009-06-23,0,3.0356858,4.6896415,4.7517772
2001,2009-06-24,0.08720575,2.8391204,4.6556351,4.7453677
2002,2009-06-25,1.4331589,2.7453897,4.6215587,4.7371138
2003,2009-06-26,2.4651248,2.7267053,4.6691053,4.7325799
2004,2009-06-27,0,2.544925,4.7165166,4.731509
2005,2009-06-28,3.4133522,2.6028201,4.7637958,4.7336614
2006,2009-06-29,3.4133522,2.6568556,4.7804684,4.7367819
2007,2009-06-30,3.4133522,2.7072887,4.7804684,4.7396943
2008,2009-07-01,3.4133522,2.7543596,4.7804684,4.7424126
2009,2009-07-02,3.2108432,2.7847919,4.7804684,4.7449497
2010,2009-07-03,3.4133522,2.8266959,4.7804684,4.7473176
2011,2009-07-04,3.4133522,2.8658063,4.7804684,4.7495276
2012,2009-07-05,3.4133522,2.9023094,4.7804684,4.7515903
2013,2009-07-06,3.4133522,2.9363789,4.7804684,4.7535155
2014,2009-07-07,3.4133522,2.9681771,4.7804684,4.7553124
2015,2009-07-08,3.4133522,2.9978554,4.7804684,4.7569895
2016,2009-07-09,3.4133522,3.0255552,4.7804684,4.7585547
2017,2009-07-10,3.4133522,3.0514083,4.7804684,4.7600156
2018,2009-07-11,3.4133522,3.0755379,4.7804684,4.7613792
2019,2009-07-12,3.4133522,3.0980589,4.7804684,4.7626518
2020,2009-07-13,3.4133522,3.1190784,4.7804684,4.7638395
2021,2009-07-14,3.4133522,3.1386967,4.7804684,4.7649481
2022,2009-07-15,3.4133522,3.1570071,4.7804684,4.7659828
2023,2009-07-16,3.4133522,3.1740967,4.7804684,4.7669485
2024,2009-07-17,3.4133522,3.1900471,4.7804684,4.7678499
2025,2009-07-18,1.6415955,3.086817,4.7804684,4.7686911
2026,2009-07-19,3.4133522,3.108586,4.7804684,4.7694762
2027,2009-07-20,3.4133522,3.1289037,4.7804684,4.7702091
2028,2009-07-21,3.4133522,3.147867,4.7804684,4.770893
2029,2009-07-22,3.4133522,3.165566,4.7804684,4.7715314
2030,2009-07-23,3.4133522,3.1820851,4.7804684,4.7721272
2031,2009-07-24,3.4133522,3.1975029,4.7804684,4.7726832
2032,2009-07-25,3.4133522,3.2118928,4.7804684,4.7732023
2033,2009-07-26,3.4133522,3.2253235,4.7804684,4.7736867
2034,2009-07-27,3.4133522,3.2378587,4.7804684,4.7741388
2035,2009-07-28,3.4133522,3.2495583,4.7804684,4.7745608
2036,2009-07-29,3.4133522,3.2604779,4.7804684,4.7749546
2037,2009-07-30,3.4133522,3.2706695,4.7804684,4.7753222
2038,2009-07-31,3.4133522,3.2801817,4.7804684,4.7756653
2039,2009-08-01,3.4133522,3.2890597,4.7804684,4.7759855
2040,2009-08-02,3.4133522,3.2973459,4.7804684,4.7762843
2041,2009-08-03,1.802497,3.1976893,4.7804684,4.7765633
2042,2009-08-04,3.4133522,3.2120668,4.7804684,4.7768236
2043,2009-08-05,3.4133522,3.2254858,4.7804684,4.7770666
2044,2009-08-06,3.4133522,3.2380102,4.7804684,4.7772934
2045,2009-08-07,3.4133522,3.2496997,4.7804684,4.7775051
2046,2009-08-08,3.4133522,3.2606099,4.7804684,4.7777026
2047,2009-08-09,3.4133522,3.2707927,4.7804684,4.777887
2048,2009-08-10,3.1818732,3.2648647,4.7804684,4.7780591
2049,2009-08-11,2.9723252,3.2453621,4.7804684,4.7782197
2050,2009-08-12,2.6742514,3.207288,4.7804684,4.7783696
2051,2009-08-13,3.1679356,3.2046646,4.7804684,4.7785095
2052,2009-08-14,3.0825767,3.1965254,4.7804684,4.7786401
2053,2009-08-15,3.4133522,3.2109805,4.7804684,4.778762
2054,2009-08-16,3.4133522,3.2244719,4.7804684,4.7788758
2055,2009-08-17,3.4133522,3.2370639,4.7804684,4.7789819
2056,2009-08-18,3.2042784,3.2348782,4.7804684,4.779081
2057,2009-08-19,3.4133522,3.2467765,4.7804684,4.7791735
2058,2009-08-20,3.4133522,3.2578816,4.7804684,4.7792599
2059,2009-08-21,0.56750458,3.0785231,4.7804684,4.7793404
2060,2009-08-22,1.9316845,3.0020672,4.7804684,4.7794156
2061,2009-08-23,2.9913934,3.0013556,4.7804684,4.7794858
2062,2009-08-24,2.9679582,2.9991291,4.7804684,4.7795513
2063,2009-08-25,2.942508,2.9953544,4.7804684,4.7796124
2064,2009-08-26,0,2.7956641,4.6492102,4.770919
2065,2009-08-27,2.849862,2.7992773,4.505083,4.7531966
2066,2009-08-28,2.2723217,2.7641469,4.3596471,4.7269599
2067,2009-08-29,1.5528077,2.6833909,4.212824,4.6926842
2068,2009-08-30,1.8967243,2.6309465,4.0645315,4.6508074
2069,2009-08-31,2.5062941,2.6226363,3.91468,4.6017322
2070,2009-09-01,2.5559412,2.61819,3.7631732,4.5458283
2071,2009-09-02,1.8014945,2.5637436,3.6099067,4.4834335
2072,2009-09-03,0.18735563,2.4053178,3.454768,4.4148558
2073,2009-09-04,0.00650059,2.2453966,3.4289233,4.349127
2074,2009-09-05,0,2.0957035,3.4030234,4.2860534
2075,2009-09-06,0,1.9559899,3.3770679,4.2254544
2076,2009-09-07,0.78696095,1.8780547,3.3510561,4.1671612
2077,2009-09-08,1.3312985,1.8416043,3.3249874,4.1110162
2078,2009-09-09,1.338025,1.8080323,3.2988611,4.0568726
2079,2009-09-10,1.2112687,1.7682481,3.2726767,4.0045928
2080,2009-09-11,0.15597026,1.6607629,3.2464337,3.9540489
2081,2009-09-12,0.39875315,1.5766289,3.2201311,3.905121
2082,2009-09-13,0,1.4715203,3.1937686,3.8576975
2083,2009-09-14,0,1.373419,3.1673453,3.8116741
2084,2009-09-15,0,1.2818577,3.1408607,3.7669532
2085,2009-09-16,0.78412208,1.2486753,3.114314,3.7234439
2086,2009-09-17,0,1.1654303,3.0877045,3.6810613
2087,2009-09-18,0.56014766,1.1250781,2.9019847,3.6291228
2088,2009-09-19,0.67072098,1.0947876,2.7129865,3.5680471
2089,2009-09-20,0.68872922,1.0677171,2.5204381,3.4982065
2090,2009-09-21,0.75194266,1.0466655,2.3240358,3.4199284
2091,2009-09-22,0.29346583,0.99645215,2.1234395,3.3334958
2092,2009-09-23,0.74024055,0.97937137,1.9182667,3.2391472
2093,2009-09-24,0,0.91407995,1.7080846,3.1370764
2094,2009-09-25,0,0.85314129,1.492401,3.0274314
2095,2009-09-26,0.13118285,0.80501072,1.2706533,2.9103128
2096,2009-09-27,0.37741174,0.77650412,1.0421939,2.7857716
2097,2009-09-28,0,0.72473718,0.80627151,2.6538049
2098,2009-09-29,0,0.67642137,0.56200895,2.5143518
2099,2009-09-30,0,0.63132661,0.30837156,2.3672865
2100,2009-10-01,0,0.58923817,0.04412796,2.2124092
2101,2009-10-02,0,0.54995563,0,2.0649153
2102,2009-10-03,0,0.51329192,0,1.9272543
2103,2009-10-04,0,0.47907246,0,1.7987707
2104,2009-10-05,0,0.44713429,0,1.6788526
2105,2009-10-06,0,0.41732534,0,1.5669291
2106,2009-10-07,0.95036366,0.45286123,0,1.4624672
2107,2009-10-08,0,0.42267048,0,1.3649693
2108,2009-10-09,0.30750883,0.41499304,0,1.2739714
2109,2009-10-10,0,0.38732683,0,1.18904
2110,2009-10-11,0,0.36150505,0,1.1097706
2111,2009-10-12,0,0.33740471,0,1.0357859
2112,2009-10-13,0,0.31491106,0,0.96673353
2113,2009-10-14,0,0.29391699,0,0.90228463
2114,2009-10-15,0,0.27432252,0,0.84213232
2115,2009-10-16,0,0.25603436,0,0.78599017
2116,2009-10-17,0,0.2389654,0,0.73359082
2117,2009-10-18,0,0.22303437,0,0.68468477
2118,2009-10-19,0,0.20816541,0,0.63903912
2119,2009-10-20,0,0.19428772,0,0.59643651
2120,2009-10-21,0,0.18133521,0,0.55667407
2121,2009-10-22,0,0.16924619,0,0.51956247
2122,2009-10-23,0,0.15796311,0,0.48492497
2123,2009-10-24,0,0.14743224,0,0.45259664
2124,2009-10-25,0,0.13760342,0,0.42242353
2125,2009-10-26,0.37675101,0.15354659,0,0.39426196
2126,2009-10-27,0,0.14331016,0,0.36797783
2127,2009-10-28,0,0.13375614,0,0.34344598
2128,2009-10-29,0,0.12483907,0,0.32054958
2129,2009-10-30,0,0.11651646,0,0.29917961
2130,2009-10-31,0,0.1087487,0,0.2792343
2131,2009-11-01,0,0.10149879,0,0.26061868
2132,2009-11-02,0,0.094732201,0,0.2432441
2133,2009-11-03,0,0.088416721,0,0.22702783
2134,2009-11-04,0,0.082522273,0,0.21189264
2135,2009-11-05,0,0.077020788,0,0.19776646
2136,2009-11-06,0,0.071886069,0,0.18458203
2137,2009-11-07,0,0.067093664,0,0.17227656
2138,2009-11-08,0,0.062620753,0,0.16079146
2139,2009-11-09,0,0.058446036,0,0.15007203
2140,2009-11-10,0,0.054549634,0,0.14006723
2141,2009-11-11,0,0.050912991,0,0.13072941
2142,2009-11-12,0,0.047518792,0,0.12201412
2143,2009-11-13,0,0.044350873,0,0.11387984
2144,2009-11-14,0,0.041394148,0,0.10628785
2145,2009-11-15,0,0.038634538,0,0.099201996
2146,2009-11-16,0,0.036058902,0,0.09258853
2147,2009-11-17,0,0.033654975,0,0.086415961
2148,2009-11-18,0,0.03141131,0,0.080654897
2149,2009-11-19,0,0.029317223,0,0.075277904
2150,2009-11-20,0,0.027362741,0,0.070259377
2151,2009-11-21,0,0.025538559,0,0.065575418
2152,2009-11-22,0,0.023835988,0,0.061203724
2153,2009-11-23,0,0.022246922,0,0.057123476
2154,2009-11-24,0,0.020763794,0,0.053315244
2155,2009-11-25,0,0.019379541,0,0.049760894
2156,2009-11-26,0,0.018087572,0,0.046443501
2157,2009-11-27,0,0.016881734,0,0.043347268
2158,2009-11-28,0,0.015756285,0,0.04045745
2159,2009-11-29,0,0.014705866,0,0.037760287
2160,2009-11-30,0,0.013725475,0,0.035242934
2161,2009-12-01,0,0.012810443,0,0.032893405
2162,2009-12-02,0,0.011956413,0,0.030700512
2163,2009-12-03,0,0.011159319,0,0.028653811
2164,2009-12-04,0,0.010415365,0,0.026743557
2165,2009-12-05,0,0.009721007,0,0.024960653
2166,2009-12-06,0,0.0090729398,0,0.023296609
2167,2009-12-07,0,0.0084680772,0,0.021743502
2168,2009-12-08,0,0.0079035387,0,0.020293935
2169,2009-12-09,0,0.0073766361,0,0.018941006
2170,2009-12-10,0,0.0068848604,0,0.017678273
2171,2009-12-11,0,0.0064258697,0,0.016499721
2172,2009-12-12,0,0.0059974784,0,0.01539974
2173,2009-12-13,0,0.0055976465,0,0.01437309
2174,2009-12-14,0,0.0052244701,0,0.013414884
2175,2009-12-15,0,0.004876172,0,0.012520559
2176,2009-12-16,0,0.0045510939,0,0.011685855
2177,2009-12-17,0,0.0042476877,0,0.010906798
2178,2009-12-18,0,0.0039645085,0,0.010179678
2179,2009-12-19,0,0.0037002079,0,0.0095010328
2180,2009-12-20,0,0.0034535274,0,0.0088676306
2181,2009-12-21,0,0.0032232922,0,0.0082764552
2182,2009-12-22,0,0.0030084061,0,0.0077246915
2183,2009-12-23,0,0.0028078457,0,0.0072097121
2184,2009-12-24,0,0.002620656,0,0.0067290646
2185,2009-12-25,0,0.0024459456,0,0.0062804603
2186,2009-12-26,0,0.0022828825,0,0.005861763
2187,2009-12-27,0,0.0021306904,0,0.0054709788
2188,2009-12-28,0,0.0019886443,0,0.0051062468
2189,2009-12-29,0,0.001856068,0,0.0047658304
2190,2009-12-30,0,0.0017323302,0,0.0044481084
2191,2009-12-31,0,0.0016168415,0,0.0041515678
2192,2010-01-01,0,0.0015090521,0,0.0038747966
2193,2010-01-02,0,0.0014084486,0,0.0036164768
2194,2010-01-03,0,0.001314552,0,0.0033753784
2195,2010-01-04,0,0.0012269152,0,0.0031503532
2196,2010-01-05,0,0.0011451209,0,0.0029403296
2197,2010-01-06,0,0.0010687795,0,0.0027443076
2198,2010-01-07,0,0.00099752751,0,0.0025613538
2199,2010-01-08,0,0.00093102568,0,0.0023905969
2200,2010-01-09,0,0.0008689573,0,0.0022312238
2201,2010-01-10,0,0.00081102681,0,0.0020824755
2202,2010-01-11,0,0.00075695836,0,0.0019436438
2203,2010-01-12,0,0.00070649447,0,0.0018140676
2204,2010-01-13,0,0.00065939484,0,0.0016931297
2205,2010-01-14,0,0.00061543518,0,0.0015802544
2206,2010-01-15,0,0.00057440617,0,0.0014749041
2207,2010-01-16,0,0.00053611243,0,0.0013765772
2208,2010-01-17,0,0.0005003716,0,0.0012848054
2209,2010-01-18,0,0.00046701349,0,0.0011991517
2210,2010-01-19,0,0.00043587926,0,0.0011192082
2211,2010-01-20,0,0.00040682064,0,0.0010445943
2212,2010-01-21,0,0.00037969926,0,0.00097495472
2213,2010-01-22,0,0.00035438598,0,0.00090995774
2214,2010-01-23,0,0.00033076025,0,0.00084929389
2215,2010-01-24,0,0.00030870956,0,0.00079267429
2216,2010-01-25,0,0.00028812893,0,0.00073982934
2217,2010-01-26,0,0.00026892033,0,0.00069050738
2218,2010-01-27,0,0.00025099231,0,0.00064447356
2219,2010-01-28,0,0.00023425949,0,0.00060150866
2220,2010-01-29,0,0.00021864219,0,0.00056140808
2221,2010-01-30,0,0.00020406604,0,0.00052398087
2222,2010-01-31,0,0.00019046164,0,0.00048904881
2223,2010-02-01,0,0.0001777642,0,0.00045644556
2224,2010-02-02,0,0.00016591325,0,0.00042601586
2225,2010-02-03,0,0.00015485237,0,0.0003976148
2226,2010-02-04,0,0.00014452888,0,0.00037110715
2227,2010-02-05,0,0.00013489362,0,0.00034636667
2228,2010-02-06,0,0.00012590071,0,0.00032327556
2229,2010-02-07,0,0.00011750733,0,0.00030172385
2230,2010-02-08,0,0.00010967351,0,0.00028160893
2231,2010-02-09,0,0.00010236194,0,0.000262835
2232,2010-02-10,0,9.5537811e-05,0,0.00024531267
2233,2010-02-11,0,8.9168624e-05,0,0.00022895849
2234,2010-02-12,0,8.3224049e-05,0,0.00021369459
2235,2010-02-13,0,7.7675779e-05,0,0.00019944829
2236,2010-02-14,0,7.2497394e-05,0,0.00018615173
2237,2010-02-15,0,6.7664234e-05,0,0.00017374162
2238,2010-02-16,0,6.3153285e-05,0,0.00016215884
2239,2010-02-17,0,5.8943066e-05,0,0.00015134825
2240,2010-02-18,0,5.5013529e-05,0,0.00014125837
2241,2010-02-19,0,5.134596e-05,0,0.00013184115
2242,2010-02-20,0,4.7922896e-05,0,0.00012305174
2243,2010-02-21,0,4.4728036e-05,0,0.00011484829
2244,2010-02-22,0,4.1746167e-05,0,0.00010719173
2245,2010-02-23,0,3.8963089e-05,0,0.00010004562
2246,2010-02-24,0,3.636555e-05,0,9.3375911e-05
2247,2010-02-25,0.40443015,0.026995951,0,8.715085e-05
2248,2010-02-26,0,0.025196221,0,8.1340793e-05
2249,2010-02-27,0.43282273,0.052371322,0,7.5918074e-05
2250,2010-02-28,0,0.0488799,0,7.0856869e-05
2251,2010-03-01,0,0.04562124,0,6.6133077e-05
2252,2010-03-02,0,0.042579824,0,6.1724206e-05
2253,2010-03-03,0,0.039741169,0,5.7609259e-05
2254,2010-03-04,0,0.037091758,0,5.3768641e-05
2255,2010-03-05,0,0.034618974,0,5.0184065e-05
2256,2010-03-06,0,0.032311043,0,4.6838461e-05
2257,2010-03-07,0,0.030156973,0.18545336,0.012407273
2258,2010-03-08,0,0.028146508,0.43251812,0.040414663
2259,2010-03-09,0,0.026270074,0.67047965,0.082418995
2260,2010-03-10,0,0.024518736,0.90032593,0.13694612
2261,2010-03-11,0.29714912,0.042694095,1.1228972,0.20267619
2262,2010-03-12,0,0.039847822,1.3389136,0.27842536
2263,2010-03-13,0,0.0371913,1.5489979,0.36313019
2264,2010-03-14,0,0.03471188,1.7536917,0.4558343
2265,2010-03-15,0,0.032397755,1.9534696,0.55567665
2266,2010-03-16,0,0.030237905,2.1487494,0.6618815
2267,2010-03-17,0.72997254,0.07688688,2.3399009,0.77374946
2268,2010-03-18,2.6720196,0.24989573,2.5272537,0.89064974
2269,2010-03-19,2.6047852,0.40688836,2.4933874,0.99749892
2270,2010-03-20,0.86486444,0.4374201,2.4594032,1.0949592
2271,2010-03-21,0,0.40825876,2.4252994,1.1836486
2272,2010-03-22,2.8516637,0.57115242,2.391074,1.2641436
2273,2010-03-23,2.1992103,0.67968961,2.3567254,1.3369824
2274,2010-03-24,3.0211092,0.83578425,2.3222517,1.402667
2275,2010-03-25,3.415819,1.0077866,2.287651,1.4616659
2276,2010-03-26,3.415819,1.1683221,2.2529214,1.5144163
2277,2010-03-27,1.2015778,1.1705391,2.218061,1.5613259
2278,2010-03-28,1.9535593,1.2227405,2.1830676,1.6027754
2279,2010-03-29,1.5151815,1.2422365,2.1479394,1.6391197
2280,2010-03-30,3.3200972,1.3807606,2.1126743,1.67069
2281,2010-03-31,0.17050152,1.3000766,2.07727,1.6977953
2282,2010-04-01,1.9636841,1.3443171,2.0417244,1.7207239
2283,2010-04-02,2.0104376,1.3887252,2.2212021,1.7540891
2284,2010-04-03,1.7466479,1.4125867,2.3972403,1.7969659
2285,2010-04-04,0.75866418,1.3689918,2.5700914,1.8485076
2286,2010-04-05,0.3802561,1.3030761,2.7399834,1.9079393
2287,2010-04-06,2.2049042,1.363198,2.9071224,1.9745515
2288,2010-04-07,3.2475477,1.4888213,3.0716956,2.0476944
2289,2010-04-08,3.415819,1.6172878,3.2338737,2.1267731
2290,2010-04-09,1.4824426,1.6082981,3.3938126,2.2112424
2291,2010-04-10,0.77906171,1.5530157,3.5516546,2.3006032
2292,2010-04-11,0,1.4494813,3.7075315,2.3943984
2293,2010-04-12,0,1.3528492,3.8615627,2.4922094
2294,2010-04-13,2.8539798,1.4529246,4.0138608,2.5936528
2295,2010-04-14,0,1.356063,4.1645277,2.6983778
2296,2010-04-15,0,1.2656588,4.3136582,2.8060631
2297,2010-04-16,0.8224607,1.2361122,4.2319884,2.9011248
2298,2010-04-17,2.6598004,1.3310248,4.1498683,2.9843744
2299,2010-04-18,3.1576123,1.4527973,4.0672823,3.0565683
2300,2010-04-19,3.415819,1.5836654,3.984216,3.1184114
2301,2010-04-20,2.7855162,1.6637888,3.9006526,3.1705608
2302,2010-04-21,1.7130083,1.6670701,3.8165745,3.2136284
2303,2010-04-22,2.7305281,1.7379673,3.7319653,3.2481842
2304,2010-04-23,3.415819,1.8498241,3.6468059,3.274759
2305,2010-04-24,3.415819,1.9542237,3.5610764,3.2938468
2306,2010-04-25,3.415819,2.0516634,3.4747577,3.3059075
2307,2010-04-26,3.415819,2.1426071,3.387828,3.3113689
2308,2010-04-27,1.370606,2.0911404,3.3002653,3.3106287
2309,2010-04-28,3.415819,2.1794523,3.2120464,3.3040565
2310,2010-04-29,3.415819,2.2618767,3.123147,3.2919959
2311,2010-04-30,3.415819,2.3388062,3.0822689,3.2780141
2312,2010-05-01,1.8583221,2.3067739,3.0412406,3.2622292
2313,2010-05-02,0.46097017,2.1837203,3.0000595,3.2447512
2314,2010-05-03,0.88797493,2.0973373,2.9587232,3.2256827
2315,2010-05-04,0.83288065,2.0130402,2.9172289,3.2051191
2316,2010-05-05,2.1413364,2.0215933,2.8755737,3.1831494
2317,2010-05-06,0,1.8868204,2.8337549,3.1598564
2318,2010-05-07,2.8374918,1.9501985,2.7917695,3.1353173
2319,2010-05-08,3.415819,2.0479065,2.7496147,3.1096038
2320,2010-05-09,3.2214563,2.1261432,2.7072872,3.0827827
2321,2010-05-10,2.6061289,2.1581422,2.6647841,3.0549161
2322,2010-05-11,1.4114019,2.1083595,2.6221021,3.0260619
2323,2010-05-12,3.415819,2.1955235,2.5792379,2.9962736
2324,2010-05-13,0.93188594,2.111281,2.5361882,2.9656012
2325,2010-05-14,0,1.9705289,2.6394686,2.9438591
2326,2010-05-15,0,1.8391603,2.7417017,2.9303819
2327,2010-05-16,2.6460972,1.8929561,2.842932,2.9245519
2328,2010-05-17,2.9430247,1.9629607,2.9432015,2.9257952
2329,2010-05-18,1.5078265,1.9326184,3.0425497,2.9335789
2330,2010-05-19,0,1.8037772,3.1410142,2.9474079
2331,2010-05-20,0.39603955,1.709928,3.2386303,2.9668227
2332,2010-05-21,2.2856549,1.7483098,3.3354317,2.9913966
2333,2010-05-22,3.415819,1.8594771,3.4314502,3.0207335
2334,2010-05-23,3.415819,1.9632332,3.5267162,3.0544657
2335,2010-05-24,2.9634136,2.0299119,3.6212583,3.0922519
2336,2010-05-25,3.0934111,2.1008118,3.7151038,3.1337753
2337,2010-05-26,2.4640231,2.1250259,3.8082783,3.1787422
2338,2010-05-27,2.0857772,2.1224093,3.9008075,3.2268799
2339,2010-05-28,3.415819,2.2086367,4.0329223,3.280616
2340,2010-05-29,3.415819,2.2891155,4.163814,3.3394959
2341,2010-05-30,3.329833,2.3584966,4.2935448,3.4030992
2342,2010-05-31,0,2.2012635,4.4221729,3.4710374
2343,2010-06-01,0,2.0545126,4.5497526,3.5429518
2344,2010-06-02,0,1.9175451,4.6389705,3.6160197
2345,2010-06-03,0,1.7897088,4.6389705,3.6842164
2346,2010-06-04,3.415819,1.8981161,4.6389705,3.7478667
2347,2010-06-05,3.415819,1.9992963,4.6389705,3.8072736
2348,2010-06-06,3.415819,2.0937312,4.6389705,3.8627201
2349,2010-06-07,3.415819,2.1818703,4.6389705,3.9144701
2350,2010-06-08,3.415819,2.2641336,4.6389705,3.9627701
2351,2010-06-09,3.415819,2.3409126,4.6389705,4.0078502
2352,2010-06-10,3.415819,2.412573,4.6389705,4.0499249
2353,2010-06-11,3.415819,2.4794561,4.6389705,4.0891946
2354,2010-06-12,1.9886249,2.446734,4.6389705,4.1258463
2355,2010-06-13,3.415819,2.5113397,4.6389705,4.1600546
2356,2010-06-14,3.1322744,2.5527353,4.6389705,4.1919823
2357,2010-06-15,3.415819,2.6102742,4.6389705,4.2217815
2358,2010-06-16,3.415819,2.6639772,4.6389705,4.2495941
2359,2010-06-17,3.415819,2.7141,4.6389705,4.2755526
2360,2010-06-18,3.2143752,2.7474517,4.6389705,4.2997804
2361,2010-06-19,3.415819,2.7920095,4.6389705,4.3223931
2362,2010-06-20,3.415819,2.8335968,4.6389705,4.3434983
2363,2010-06-21,3.1622394,2.8555063,4.6389705,4.3631964
2364,2010-06-22,3.415819,2.8928605,4.6389705,4.3815814
2365,2010-06-23,3.415819,2.9277244,4.6389705,4.3987406
2366,2010-06-24,3.415819,2.960264,4.6389705,4.414756
2367,2010-06-25,3.415819,2.9906343,4.6389705,4.4297036
2368,2010-06-26,3.415819,3.01898,4.6389705,4.4436547
2369,2010-06-27,3.415819,3.0454359,4.6389705,4.4566758
2370,2010-06-28,3.415819,3.0701281,4.6389705,4.4688288
2371,2010-06-29,3.415819,3.0931742,4.6389705,4.4801716
2372,2010-06-30,3.415819,3.1146838,4.6389705,4.4907582
2373,2010-07-01,3.415819,3.1347595,4.6389705,4.500639
2374,2010-07-02,3.415819,3.1534968,4.6389705,4.5098611
2375,2010-07-03,3.415819,3.1709849,4.6389705,4.5184684
2376,2010-07-04,3.415819,3.1873072,4.6389705,4.5265019
2377,2010-07-05,3.415819,3.2025413,4.6389705,4.5339998
2378,2010-07-06,2.3089194,3.1429665,4.6389705,4.5409978
2379,2010-07-07,3.415819,3.1611567,4.6389705,4.5475293
2380,2010-07-08,3.415819,3.1781342,4.6389705,4.5536254
2381,2010-07-09,3.415819,3.1939798,4.6389705,4.5593151
2382,2010-07-10,3.415819,3.2087691,4.6389705,4.5646255
2383,2010-07-11,3.415819,3.2225724,4.6389705,4.5695818
2384,2010-07-12,3.415819,3.2354555,4.6389705,4.5742077
2385,2010-07-13,3.415819,3.2474798,4.6389705,4.5785252
2386,2010-07-14,3.415819,3.2587024,4.6389705,4.5825549
2387,2010-07-15,3.2170365,3.2559247,4.6389705,4.586316
2388,2010-07-16,3.415819,3.2665843,4.6389705,4.5898263
2389,2010-07-17,2.6900551,3.228149,4.6389705,4.5931026
2390,2010-07-18,2.2624137,3.1637666,4.5547586,4.5905463
2391,2010-07-19,3.415819,3.1805701,4.421477,4.579275
2392,2010-07-20,3.415819,3.1962534,4.2870509,4.5597934
2393,2010-07-21,3.415819,3.2108911,4.1514181,4.5325684
2394,2010-07-22,3.415819,3.2245529,4.0145116,4.4980313
2395,2010-07-23,0,3.0095827,3.9365296,4.4605978
2396,2010-07-24,1.0742267,2.880559,3.8581043,4.4204316
2397,2010-07-25,1.9658124,2.8195759,3.7792215,4.3776842
2398,2010-07-26,3.415819,2.8593254,3.6998662,4.3324964
2399,2010-07-27,3.415819,2.896425,3.6200233,4.2849982
2400,2010-07-28,2.8282946,2.891883,3.5396765,4.2353101
2401,2010-07-29,2.8727332,2.8906063,3.458809,4.1835433
2402,2010-07-30,2.9310266,2.893301,3.3774038,4.1298007
2403,2010-07-31,3.415819,2.9281355,3.2954422,4.0741768
2404,2010-08-01,3.415819,2.9606478,3.2129054,4.0167587
2405,2010-08-02,2.3331223,2.9188127,3.1297733,3.9576263
2406,2010-08-03,0,2.7242252,3.0460251,3.8968529
2407,2010-08-04,3.3710273,2.7673454,2.9616389,3.8345053
2408,2010-08-05,3.3703582,2.8075462,2.8765919,3.7706444
2409,2010-08-06,0,2.6203765,2.9201743,3.7139464
2410,2010-08-07,0,2.4456847,2.9635808,3.663922
2411,2010-08-08,2.9572038,2.479786,3.0068145,3.6201149
2412,2010-08-09,2.0222021,2.4492804,3.0498787,3.5820991
2413,2010-08-10,3.415819,2.5137163,3.0927763,3.5494776
2414,2010-08-11,2.8984841,2.5393675,3.1355102,3.5218798
2415,2010-08-12,1.863192,2.4942891,3.1780833,3.49896
2416,2010-08-13,1.1544689,2.4049678,3.2204985,3.4803959
2417,2010-08-14,0,2.2446366,3.2627584,3.4658867
2418,2010-08-15,2.0247029,2.2299743,3.3048659,3.455152
2419,2010-08-16,2.7956725,2.2676875,3.3468234,3.4479301
2420,2010-08-17,0.91370195,2.1774218,3.3886336,3.443977
2421,2010-08-18,1.7715034,2.1503606,3.4302989,3.4430651
2422,2010-08-19,2.4690102,2.1716039,3.4718219,3.4449823
2423,2010-08-20,3.415819,2.2545516,3.4092017,3.4425969
2424,2010-08-21,3.415819,2.3319694,3.3462554,3.4361741
2425,2010-08-22,3.415819,2.404226,3.2829745,3.4259608
2426,2010-08-23,3.25189,2.460737,3.2193501,3.4121868
2427,2010-08-24,3.1813187,2.5087758,3.1553732,3.3950659
2428,2010-08-25,3.2326335,2.5570329,3.0910342,3.3747971
2429,2010-08-26,1.4508494,2.4832874,3.0263235,3.3515655
2430,2010-08-27,2.1485234,2.4609698,2.9612307,3.3255432
2431,2010-08-28,1.0558457,2.3672948,2.8957454,3.29689
2432,2010-08-29,1.2690071,2.2940757,2.8298566,3.2657544
2433,2010-08-30,0,2.1411373,2.7635531,3.2322743
2434,2010-08-31,0.38193784,2.0238573,2.696823,3.1965776
2435,2010-09-01,0,1.8889335,2.6296541,3.1587827
2436,2010-09-02,0,1.7630046,2.5620337,3.1189994
2437,2010-09-03,1.9784795,1.7773696,2.4911008,3.0771395
2438,2010-09-04,1.3711536,1.7502885,2.419648,3.0333067
2439,2010-09-05,1.5444392,1.7365652,2.3476593,2.9875969
2440,2010-09-06,2.2702662,1.7721453,2.2751178,2.9400983
2441,2010-09-07,2.2236798,1.8022476,2.2020057,2.8908921
2442,2010-09-08,0.58684508,1.7212208,2.1283047,2.840053
2443,2010-09-09,0.72028645,1.6544918,2.0539956,2.7876491
2444,2010-09-10,1.8987628,1.6707765,1.9790582,2.7337431
2445,2010-09-11,2.725047,1.7410612,1.9034714,2.6783916
2446,2010-09-12,3.0089389,1.8255864,1.8272131,2.6216464
2447,2010-09-13,0,1.7038807,1.7502603,2.563554
2448,2010-09-14,0,1.5902886,1.6725887,2.5041563
2449,2010-09-15,0.19795356,1.4974663,1.5941728,2.4434907
2450,2010-09-16,1.3149908,1.4853012,1.5149859,2.3815904
2451,2010-09-17,1.1991139,1.4662221,1.5282543,2.3247013
2452,2010-09-18,1.3560102,1.4588746,1.5415004,2.2724879
2453,2010-09-19,1.681886,1.473742,1.5547246,2.2246371
2454,2010-09-20,1.7153075,1.4898464,1.567927,2.1808564
2455,2010-09-21,2.4703021,1.5552101,1.5811076,2.1408731
2456,2010-09-22,2.6266775,1.6266413,1.5942667,2.1044327
2457,2010-09-23,2.7057005,1.6985786,1.6074042,2.0712975
2458,2010-09-24,2.6800525,1.7640102,1.6205205,2.0412457
2459,2010-09-25,0,1.6464095,1.6336155,2.0140703
2460,2010-09-26,0,1.5366489,1.6466895,1.9895783
2461,2010-09-27,0,1.4342056,1.6597424,1.9675892
2462,2010-09-28,0,1.3385919,1.6727746,1.9479349
2463,2010-09-29,0,1.2493524,1.685786,1.9304583
2464,2010-09-30,0,1.1660623,1.6987768,1.9150129
2465,2010-10-01,0.49796462,1.1215224,1.5578948,1.891205
2466,2010-10-02,0.29283166,1.0662764,1.4144854,1.8594237
2467,2010-10-03,1.0804764,1.067223,1.2683784,1.8200207
2468,2010-10-04,0.06269661,1.0002546,1.1193867,1.7733117
2469,2010-10-05,0.78652734,0.98600613,0.96730441,1.7195779
2470,2010-10-06,0.49228395,0.95309132,0.8119041,1.6590663
2471,2010-10-07,0,0.8895519,0.65293322,1.5919908
2472,2010-10-08,1.0915807,0.90302048,0.49011056,1.5185321
2473,2010-10-09,1.5378957,0.9453455,0.32312197,1.4388381
2474,2010-10-10,1.0860824,0.95472795,0.15161437,1.3530232
2475,2010-10-11,1.0305278,0.95978128,0,1.2628216
2476,2010-10-12,0,0.89579586,0,1.1786335
2477,2010-10-13,0,0.83607614,0,1.100058
2478,2010-10-14,0,0.78033773,0,1.0267208
2479,2010-10-15,0,0.72831521,0,0.95827272
2480,2010-10-16,0,0.67976086,0,0.89438787
2481,2010-10-17,0,0.63444347,0,0.83476201
2482,2010-10-18,0,0.59214724,0,0.77911121
2483,2010-10-19,0,0.55267076,0,0.72717046
2484,2010-10-20,0,0.51582604,0,0.67869243
2485,2010-10-21,0,0.48143764,0,0.63344627
2486,2010-10-22,0,0.4493418,0,0.59121652
2487,2010-10-23,0.17677132,0.43117043,0,0.55180208
2488,2010-10-24,0,0.40242574,0,0.51501528
2489,2010-10-25,0,0.37559735,0,0.48068093
2490,2010-10-26,0,0.35055753,0,0.44863553
2491,2010-10-27,0,0.32718703,0,0.4187265
2492,2010-10-28,0,0.30537456,0,0.3908114
2493,2010-10-29,0.5661937,0.3227625,0,0.3647573
2494,2010-10-30,0.73719806,0.35039154,0,0.34044015
2495,2010-10-31,0,0.3270321,0,0.31774414
2496,2010-11-01,0,0.30522996,0,0.2965612
2497,2010-11-02,0,0.2848813,0,0.27679045
2498,2010-11-03,0,0.26588921,0,0.25833775
2499,2010-11-04,0,0.24816326,0,0.24111524
2500,2010-11-05,0,0.23161905,0,0.22504089
2501,2010-11-06,0,0.21617778,0,0.21003816
2502,2010-11-07,0,0.20176593,0,0.19603562
2503,2010-11-08,0,0.18831486,0,0.18296658
2504,2010-11-09,0,0.17576054,0,0.1707688
2505,2010-11-10,0,0.16404317,0,0.15938422
2506,2010-11-11,0,0.15310696,0,0.1487586
2507,2010-11-12,0,0.14289983,0,0.13884136
2508,2010-11-13,0,0.13337317,0,0.12958527
2509,2010-11-14,0,0.12448163,0,0.12094625
2510,2010-11-15,0,0.11618285,0,0.11288317
2511,2010-11-16,0,0.10843733,0,0.10535763
2512,2010-11-17,0,0.10120817,0,0.098333784
2513,2010-11-18,0,0.094460963,0,0.091778198
2514,2010-11-19,0,0.088163565,0,0.085659652
2515,2010-11-20,0,0.082285994,0,0.079949008
2516,2010-11-21,0,0.076800261,0,0.074619074
2517,2010-11-22,0,0.071680244,0,0.069644469
2518,2010-11-23,0,0.066901561,0,0.065001505
2519,2010-11-24,0,0.062441457,0,0.060668071
2520,2010-11-25,0,0.058278693,0,0.056623533
2521,2010-11-26,0,0.054393447,0,0.052848631
2522,2010-11-27,0,0.050767217,0,0.049325389
2523,2010-11-28,0,0.047382736,0,0.04603703
2524,2010-11-29,0,0.044223887,0,0.042967894
2525,2010-11-30,0,0.041275628,0,0.040103368
2526,2010-12-01,0,0.038523919,0,0.03742981
2527,2010-12-02,0,0.035955658,0,0.034934489
2528,2010-12-03,0,0.033558614,0,0.032605523
2529,2010-12-04,0,0.031321373,0,0.030431822
2530,2010-12-05,0,0.029233282,0,0.028403034
2531,2010-12-06,0,0.027284396,0,0.026509498
2532,2010-12-07,0,0.025465436,0,0.024742198
2533,2010-12-08,0,0.023767741,0,0.023092718
2534,2010-12-09,0,0.022183225,0,0.021553204
2535,2010-12-10,0,0.020704343,0,0.020116324
2536,2010-12-11,0,0.019324053,0,0.018775235
2537,2010-12-12,0,0.018035783,0,0.017523553
2538,2010-12-13,0,0.016833398,0,0.016355316
2539,2010-12-14,0,0.015711171,0,0.015264962
2540,2010-12-15,0,0.01466376,0,0.014247298
2541,2010-12-16,0,0.013686176,0,0.013297478
2542,2010-12-17,0,0.012773764,0,0.012410979
2543,2010-12-18,0,0.01192218,0,0.011583581
2544,2010-12-19,0,0.011127368,0,0.010811342
2545,2010-12-20,0,0.010385543,0,0.010090586
2546,2010-12-21,0,0.0096931737,0,0.0094178801
2547,2010-12-22,0,0.0090469621,0,0.0087900214
2548,2010-12-23,0,0.0084438313,0,0.00820402
2549,2010-12-24,0,0.0078809092,0,0.0076570853
2550,2010-12-25,0,0.0073555153,0,0.007146613
2551,2010-12-26,0,0.0068651476,0,0.0066701721
2552,2010-12-27,0,0.0064074711,0,0.006225494
2553,2010-12-28,0,0.0059803063,0,0.005810461
2554,2010-12-29,0,0.0055816193,0,0.005423097
2555,2010-12-30,0,0.0052095113,0,0.0050615572
2556,2010-12-31,0,0.0048622106,0,0.00472412
2557,2011-01-01,0,0.0045380632,0,0.0044091787
2558,2011-01-02,0,0.0042355256,0,0.0041152334
2559,2011-01-03,0,0.0039531573,0,0.0038408845
2560,2011-01-04,0,0.0036896134,0,0.0035848256
2561,2011-01-05,0,0.0034436392,0,0.0033458372
2562,2011-01-06,0,0.0032140633,0,0.0031227814
2563,2011-01-07,0,0.0029997924,0,0.002914596
2564,2011-01-08,0,0.0027998062,0,0.0027202896
2565,2011-01-09,0,0.0026131525,0,0.0025389369
2566,2011-01-10,0,0.0024389423,0,0.0023696745
2567,2011-01-11,0,0.0022763462,0,0.0022116962
2568,2011-01-12,0,0.0021245897,0,0.0020642498
2569,2011-01-13,0,0.0019829504,0,0.0019266331
2570,2011-01-14,0,0.0018507537,0,0.0017981909
2571,2011-01-15,0,0.0017273702,0,0.0016783115
2572,2011-01-16,0,0.0016122121,0,0.0015664241
2573,2011-01-17,0,0.0015047313,0,0.0014619958
2574,2011-01-18,0,0.0014044159,0,0.0013645294
2575,2011-01-19,0,0.0013107882,0,0.0012735608
2576,2011-01-20,0,0.0012234023,0,0.0011886567
2577,2011-01-21,0,0.0011418422,0,0.001109413
2578,2011-01-22,0,0.0010657193,0,0.0010354521
2579,2011-01-23,0,0.00099467138,0,0.00096642195
2580,2011-01-24,0,0.00092835996,0,0.00090199382
2581,2011-01-25,0,0.0008664693,0,0.0008418609
2582,2011-01-26,0,0.00080870468,0,0.00078573684
2583,2011-01-27,0,0.00075479103,0,0.00073335438
2584,2011-01-28,0,0.00070447163,0,0.00068446409
2585,2011-01-29,0,0.00065750685,0,0.00063883315
2586,2011-01-30,0,0.00061367306,0,0.00059624427
2587,2011-01-31,0,0.00057276153,0,0.00055649466
2588,2011-02-01,0,0.00053457742,0,0.00051939501
2589,2011-02-02,0,0.00049893893,0,0.00048476868
2590,2011-02-03,0,0.00046567633,0,0.00045245077
2591,2011-02-04,0,0.00043463124,0,0.00042228738
2592,2011-02-05,0,0.00040565583,0,0.00039413489
2593,2011-02-06,0,0.00037861211,0,0.00036785923
2594,2011-02-07,0,0.0003533713,0,0.00034333528
2595,2011-02-08,0,0.00032981321,0,0.00032044626
2596,2011-02-09,0,0.00030782567,0,0.00029908318
2597,2011-02-10,0,0.00028730395,0,0.0002791443
2598,2011-02-11,0,0.00026815036,0,0.00026053468
2599,2011-02-12,0,0.00025027367,0,0.0002431657
2600,2011-02-13,0,0.00023358876,0,0.00022695465
2601,2011-02-14,0,0.00021801617,0,0.00021182434
2602,2011-02-15,0,0.00020348176,0,0.00019770272
2603,2011-02-16,0,0.00018991631,0,0.00018452254
2604,2011-02-17,0,0.00017725522,0,0.00017222104
2605,2011-02-18,0,0.00016543821,0,0.00016073963
2606,2011-02-19,0,0.00015440899,0,0.00015002366
2607,2011-02-20,0,0.00014411506,0,0.00014002208
2608,2011-02-21,0,0.00013450739,0.02626111,0.0018814279
2609,2011-02-22,0,0.00012554023,0.21449871,0.016055913
2610,2011-02-23,0,0.00011717088,0.39720663,0.041465961
2611,2011-02-24,0,0.00010935949,0.57485869,0.077025476
2612,2011-02-25,0,0.00010206886,0.74787183,0.12174857
2613,2011-02-26,0.46430882,0.031049186,0.91661517,0.17473967
2614,2011-02-27,0,0.02897924,1.0814166,0.2351848
2615,2011-02-28,1.4469964,0.12351372,1.2425691,0.30234376
2616,2011-03-01,0.11989655,0.12327257,1.4003355,0.37554321
2617,2011-03-02,0.72751054,0.16355511,1.5549524,0.45417049
2618,2011-03-03,0.76083056,0.20337347,1.7066335,0.53766802
2619,2011-03-04,1.6798939,0.30180816,1.7676921,0.61966962
2620,2011-03-05,1.0528017,0.3518744,1.8283071,0.70024546
2621,2011-03-06,0.07428676,0.33336855,1.8884906,0.7794618
2622,2011-03-07,1.1229953,0.38601034,1.9482537,0.85738126
2623,2011-03-08,2.3186839,0.51485524,2.0076075,0.93406301
2624,2011-03-09,2.9663084,0.67828545,2.0665627,1.009563
2625,2011-03-10,0.82886539,0.68832411,2.1251292,1.0839341
2626,2011-03-11,0,0.64243584,2.1833171,1.1572263
2627,2011-03-12,2.7875781,0.78544532,2.2411358,1.2294869
2628,2011-03-13,2.4127501,0.8939323,2.2985945,1.3007607
2629,2011-03-14,1.426574,0.92944175,2.355702,1.3710902
2630,2011-03-15,2.3843586,1.0264362,2.412467,1.4405153
2631,2011-03-16,0,0.95800712,2.4688977,1.5090741
2632,2011-03-17,0,0.89413998,2.5250021,1.5768026
2633,2011-03-18,0,0.83453065,2.6185986,1.6462557
2634,2011-03-19,0.10950792,0.7861958,2.7113302,1.7172607
2635,2011-03-20,0.94981165,0.79710353,2.8032303,1.7896587
2636,2011-03-21,2.319616,0.89860436,2.8943305,1.8633034
2637,2011-03-22,2.9930407,1.0382334,2.984661,1.9380606
2638,2011-03-23,2.9184542,1.1635815,3.0742503,2.0138066
2639,2011-03-24,3.1448222,1.2956642,3.1631257,2.0904279
2640,2011-03-25,1.7670754,1.3270916,3.2513129,2.1678202
2641,2011-03-26,0,1.2386189,3.3388368,2.245888
2642,2011-03-27,2.1107571,1.2967614,3.4257206,2.3245435
2643,2011-03-28,2.9091029,1.4042508,3.5119869,2.4037064
2644,2011-03-29,3.4620484,1.5414373,3.5976571,2.4833031
2645,2011-03-30,3.6660369,1.6830773,3.6827516,2.5632663
2646,2011-03-31,2.4624952,1.7350385,3.7672899,2.6435346
2647,2011-04-01,3.5401097,1.8553766,3.8514009,2.724059
2648,2011-04-02,3.6660369,1.9760873,3.9349911,2.8047878
2649,2011-04-03,3.6660369,2.0887506,4.0180775,2.8856738
2650,2011-04-04,0.17454159,1.9611366,4.1006767,2.966674
2651,2011-04-05,3.5779977,2.0689274,4.1828044,3.0477493
2652,2011-04-06,3.3163359,2.1520879,4.264476,3.1288644
2653,2011-04-07,3.6660369,2.2530179,4.3457057,3.2099872
2654,2011-04-08,2.6899136,2.2821443,4.4265078,3.2910886
2655,2011-04-09,2.6801757,2.3086797,4.5068955,3.3721424
2656,2011-04-10,3.6660369,2.3991702,4.5868818,3.453125
2657,2011-04-11,3.6660369,2.4836279,4.6664792,3.5340153
2658,2011-04-12,1.151016,2.3947871,4.7456995,3.6147942
2659,2011-04-13,0,2.2351347,4.8245549,3.6954449
2660,2011-04-14,0,2.0861257,4.9030553,3.7759523
2661,2011-04-15,1.407643,2.0408935,4.9318129,3.8530097
2662,2011-04-16,2.9416349,2.1009429,4.9318129,3.9249299
2663,2011-04-17,2.7491787,2.1441587,4.9318129,3.9920554
2664,2011-04-18,3.6660369,2.2456172,4.9318129,4.0547059
2665,2011-04-19,3.6660369,2.3403118,4.9318129,4.1131797
2666,2011-04-20,3.6660369,2.4286935,4.9318129,4.1677553
2667,2011-04-21,3.6660369,2.5111831,4.9318129,4.2186925
2668,2011-04-22,3.6660369,2.5881733,4.9318129,4.2662338
2669,2011-04-23,3.6660369,2.6600309,4.9318129,4.3106058
2670,2011-04-24,3.6660369,2.727098,4.9318129,4.3520196
2671,2011-04-25,2.285054,2.6976284,4.9318129,4.3906725
2672,2011-04-26,1.6507502,2.6278365,4.9318129,4.4267485
2673,2011-04-27,2.5438672,2.6222385,4.9318129,4.4604195
2674,2011-04-28,3.5932134,2.6869702,4.9318129,4.4918457
2675,2011-04-29,3.6660369,2.7522413,4.9318129,4.5211768
2676,2011-04-30,3.6660369,2.813161,4.9318129,4.5485526
2677,2011-05-01,3.6660369,2.8700194,4.9318129,4.5741033
2678,2011-05-02,0.78498629,2.7310172,4.9318129,4.5979506
2679,2011-05-03,0.50223088,2.5824314,4.9318129,4.6202081
2680,2011-05-04,2.8139351,2.597865,4.9318129,4.6409817
2681,2011-05-05,3.6660369,2.6690765,4.9318129,4.6603705
2682,2011-05-06,3.6660369,2.7355405,4.9318129,4.6784666
2683,2011-05-07,3.6660369,2.7975736,4.9318129,4.6953564
2684,2011-05-08,3.6660369,2.8554711,4.9318129,4.7111202
2685,2011-05-09,3.6660369,2.9095089,4.9318129,4.725833
2686,2011-05-10,3.6660369,2.9599441,4.9318129,4.739565
2687,2011-05-11,3.6660369,3.0070169,4.9318129,4.7523815
2688,2011-05-12,3.6660369,3.0509516,4.9318129,4.7643436
2689,2011-05-13,3.6660369,3.0919573,4.9318129,4.7755083
2690,2011-05-14,3.6660369,3.1302292,4.9318129,4.7859286
2691,2011-05-15,3.48921,3.1541613,4.9318129,4.7956542
2692,2011-05-16,3.3770373,3.1690197,4.9318129,4.8047314
2693,2011-05-17,3.6660369,3.2021542,4.9318129,4.8132035
2694,2011-05-18,3.6660369,3.2330797,4.9318129,4.8211108
2695,2011-05-19,3.6660369,3.2619435,4.9318129,4.828491
2696,2011-05-20,3.6660369,3.2888831,4.9318129,4.8353791
2697,2011-05-21,3.6660369,3.3140266,4.9318129,4.841808
2698,2011-05-22,3.6660369,3.337494,4.9318129,4.8478084
2699,2011-05-23,3.6660369,3.3593968,4.9318129,4.8534087
2700,2011-05-24,3.6660369,3.3798395,4.9318129,4.8586356
2701,2011-05-25,3.6660369,3.3989193,4.9318129,4.8635141
2702,2011-05-26,3.6660369,3.4167272,4.9318129,4.8680674
2703,2011-05-27,3.6660369,3.4333478,4.9318129,4.8723171
2704,2011-05-28,3.6660369,3.4488604,4.9318129,4.8762835
2705,2011-05-29,3.6660369,3.4633389,4.9318129,4.8799854
2706,2011-05-30,3.6660369,3.4768521,4.9318129,4.8834406
2707,2011-05-31,3.6660369,3.4894644,4.9318129,4.8866654
2708,2011-06-01,0,3.2568334,4.9318129,4.8896752
2709,2011-06-02,3.0671187,3.2441858,4.9318129,4.8924844
2710,2011-06-03,3.6660369,3.2723092,4.9318129,4.8951063
2711,2011-06-04,3.6660369,3.2985577,4.9318129,4.8975534
2712,2011-06-05,3.6660369,3.3230563,4.9318129,4.8998374
2713,2011-06-06,2.9304814,3.2968846,4.9318129,4.9019691
2714,2011-06-07,3.1543309,3.2873811,4.9318129,4.9039587
2715,2011-06-08,2.7621771,3.2523675,4.9318129,4.9058156
2716,2011-06-09,3.5711718,3.2736211,4.9318129,4.9075488
2717,2011-06-10,3.2356964,3.2710928,4.9318129,4.9091664
2718,2011-06-11,3.0458479,3.2560765,4.9318129,4.9106762
2719,2011-06-12,3.2375961,3.2548444,4.9318129,4.9120853
2720,2011-06-13,1.4534631,3.1347523,4.9318129,4.9134005
2721,2011-06-14,2.8884869,3.1183346,4.9318129,4.914628
2722,2011-06-15,3.0331929,3.1126585,4.9318129,4.9157736
2723,2011-06-16,2.8945584,3.0981185,4.9318129,4.9168429
2724,2011-06-17,3.0349076,3.0939045,4.9318129,4.9178409
2725,2011-06-18,0.57134486,2.9257338,4.9318129,4.9187724
2726,2011-06-19,1.969432,2.8619804,4.9318129,4.9196418
2727,2011-06-20,1.4580556,2.7683854,4.9318129,4.9204532
2728,2011-06-21,1.4342733,2.6794446,4.9318129,4.9212105
2729,2011-06-22,2.0148496,2.6351382,4.9318129,4.9219173
2730,2011-06-23,2.0248797,2.5944543,4.9318129,4.922577
2731,2011-06-24,1.6829521,2.5336875,4.9318129,4.9231928
2732,2011-06-25,1.2352079,2.4471222,4.9318129,4.9237674
2733,2011-06-26,0.85683863,2.3411033,4.9318129,4.9243038
2734,2011-06-27,3.3778417,2.4102192,4.9318129,4.9248044
2735,2011-06-28,3.4397564,2.478855,4.9318129,4.9252716
2736,2011-06-29,3.3609347,2.5376603,4.9318129,4.9257077
2737,2011-06-30,0,2.368483,4.9318129,4.9261147
2738,2011-07-01,1.406581,2.3043562,4.9318129,4.9264946
2739,2011-07-02,0.56592236,2.1884606,4.9318129,4.9268492
2740,2011-07-03,0,2.0425632,4.9318129,4.9271801
2741,2011-07-04,0,1.9063923,4.9318129,4.927489
2742,2011-07-05,3.6660369,2.023702,4.9318129,4.9277772
2743,2011-07-06,3.6660369,2.133191,4.9318129,4.9280463
2744,2011-07-07,3.6660369,2.2353807,4.9318129,4.9282974
2745,2011-07-08,3.6660369,2.3307578,4.9318129,4.9285317
2746,2011-07-09,3.6660369,2.4197764,4.9318129,4.9287505
2747,2011-07-10,3.6660369,2.5028604,4.9318129,4.9289547
2748,2011-07-11,3.6660369,2.5804055,4.9318129,4.9291452
2749,2011-07-12,3.6660369,2.6527809,4.9318129,4.9293231
2750,2011-07-13,3.6660369,2.7203313,4.9318129,4.9294891
2751,2011-07-14,3.6660369,2.7833784,4.9318129,4.929644
2752,2011-07-15,3.6660369,2.8422223,4.9318129,4.9297886
2753,2011-07-16,3.6660369,2.8971432,4.9318129,4.9299235
2754,2011-07-17,3.6660369,2.9484028,4.9318129,4.9300495
2755,2011-07-18,3.6660369,2.9962451,4.9318129,4.9301671
2756,2011-07-19,3.6660369,3.0408979,4.8754806,4.9265213
2757,2011-07-20,0,2.8381713,4.704745,4.9117362
2758,2011-07-21,0.61049081,2.6896593,4.5322671,4.8864383
2759,2011-07-22,0.72152302,2.5584502,4.5365321,4.8631112
2760,2011-07-23,3.6660369,2.6322893,4.5407953,4.8416235
2761,2011-07-24,3.6660369,2.7012058,4.5450575,4.8218524
2762,2011-07-25,3.6660369,2.7655279,4.5493191,4.8036835
2763,2011-07-26,3.6660369,2.8255618,4.553579,4.7870099
2764,2011-07-27,3.6660369,2.8815935,4.5578383,4.7717318
2765,2011-07-28,3.6660369,2.9338897,4.562096,4.757756
2766,2011-07-29,2.5317424,2.9070799,4.5663531,4.7449958
2767,2011-07-30,0,2.7132746,4.5706085,4.73337
2768,2011-07-31,0.51611721,2.5667974,4.5748634,4.7228029
2769,2011-08-01,1.5608194,2.4997322,4.5791166,4.7132238
2770,2011-08-02,3.6660369,2.5774859,4.5833693,4.7045669
2771,2011-08-03,3.6660369,2.6500559,4.5876203,4.6967704
2772,2011-08-04,2.2794337,2.6253478,4.5918708,4.6897771
2773,2011-08-05,3.6660369,2.6947271,4.6746588,4.6887692
2774,2011-08-06,3.6660369,2.759481,4.7570405,4.6933207
2775,2011-08-07,1.5850519,2.6811858,4.8390282,4.7030345
2776,2011-08-08,3.6160511,2.7435101,4.9206344,4.7175411
2777,2011-08-09,3.3417543,2.7833931,4.9318129,4.7318259
2778,2011-08-10,2.8059444,2.7848965,4.9318129,4.7451584
2779,2011-08-11,3.6660369,2.8436392,4.9318129,4.757602
2780,2011-08-12,3.3980697,2.8806012,4.9318129,4.7692161
2781,2011-08-13,3.1616612,2.8993386,4.9318129,4.7800559
2782,2011-08-14,3.6660369,2.9504518,4.9318129,4.790173
2783,2011-08-15,2.1762824,2.8988405,4.9318129,4.7996157
2784,2011-08-16,3.1415004,2.9150178,4.9318129,4.8084288
2785,2011-08-17,3.6660369,2.9650857,4.9318129,4.8166544
2786,2011-08-18,3.6660369,3.0118158,4.9318129,4.8243317
2787,2011-08-19,2.2487291,2.9609434,4.9318129,4.8314971
2788,2011-08-20,3.6660369,3.0079496,4.9318129,4.8381848
2789,2011-08-21,3.6660369,3.0518221,4.9318129,4.8444267
2790,2011-08-22,3.6660369,3.0927697,4.9318129,4.8502524
2791,2011-08-23,3.6660369,3.1309876,4.9318129,4.8556898
2792,2011-08-24,3.6660369,3.1666575,4.9318129,4.8607647
2793,2011-08-25,3.6660369,3.1999495,4.9318129,4.8655012
2794,2011-08-26,3.6660369,3.231022,4.9304873,4.8698336
2795,2011-08-27,0,3.0156205,4.8297162,4.8671591
2796,2011-08-28,3.135356,3.0236029,4.7283604,4.8579059
2797,2011-08-29,2.7218497,3.003486,4.6263976,4.842472
2798,2011-08-30,3.0145369,3.0042227,4.5238019,4.8212273
2799,2011-08-31,2.9917786,3.0033931,4.4205485,4.7945154
2800,2011-09-01,3.5013795,3.0365922,4.3166088,4.762655
2801,2011-09-02,3.6660369,3.0785552,4.2657663,4.7295291
2802,2011-09-03,3.6660369,3.1177206,4.2147512,4.6952105
2803,2011-09-04,3.6660369,3.154275,4.1635601,4.6597672
2804,2011-09-05,0.04086831,2.9467146,4.1121891,4.623262
2805,2011-09-06,3.5226727,2.9851118,4.0606345,4.5857535
2806,2011-09-07,0.9928241,2.8522926,4.0088927,4.5472961
2807,2011-09-08,0,2.6621398,3.9569596,4.5079403
2808,2011-09-09,2.086503,2.623764,3.9048313,4.4677331
2809,2011-09-10,2.9930104,2.6483804,3.8525037,4.4267178
2810,2011-09-11,3.6660369,2.7162242,3.7999724,4.3849347
2811,2011-09-12,3.2548525,2.7521327,3.7472332,4.3424213
2812,2011-09-13,2.1555879,2.7123631,3.6942816,4.299212
2813,2011-09-14,3.1274328,2.7400344,3.641113,4.2553387
2814,2011-09-15,3.0258493,2.7590887,3.5877226,4.210831
2815,2011-09-16,2.8596908,2.7657955,3.4966774,4.1632207
2816,2011-09-17,2.7342018,2.7636893,3.4049561,4.1126698
2817,2011-09-18,0,2.5794433,3.3125328,4.0593273
2818,2011-09-19,1.079701,2.4794605,3.2193803,4.0033308
2819,2011-09-20,2.090891,2.4535559,3.12547,3.9448068
2820,2011-09-21,2.429468,2.45195,3.0307719,3.8838711
2821,2011-09-22,1.6508618,2.3985441,2.9352544,3.82063
2822,2011-09-23,2.1701556,2.3833182,2.838884,3.7551803
2823,2011-09-24,2.9877296,2.4236123,2.7416255,3.68761
2824,2011-09-25,3.3125295,2.4828735,2.6434417,3.6179987
2825,2011-09-26,3.4310347,2.5460842,2.5442933,3.5464184
2826,2011-09-27,2.8376474,2.5655218,2.4441385,3.4729331
2827,2011-09-28,2.8980284,2.5876889,2.3429332,3.3975997
2828,2011-09-29,3.3942989,2.6414629,2.2406307,3.3204685
2829,2011-09-30,3.4252746,2.693717,2.158704,3.2430175
2830,2011-10-01,3.375115,2.7391435,2.07603,3.1652183
2831,2011-10-02,3.3417445,2.7793169,1.9925812,3.0870425
2832,2011-10-03,3.1814573,2.8061263,1.9083288,3.0084616
2833,2011-10-04,3.1455812,2.8287566,1.8232422,2.929447
2834,2011-10-05,0,2.6401728,1.7372891,2.8499698
2835,2011-10-06,2.2780264,2.6160297,1.6504359,2.7700009
2836,2011-10-07,0.16155078,2.4523978,1.5626466,2.6895106
2837,2011-10-08,0,2.2889046,1.4738837,2.6084688
2838,2011-10-09,0,2.136311,1.3841069,2.5268447
2839,2011-10-10,0,1.9938902,1.293274,2.4446066
2840,2011-10-11,0,1.8609642,1.2013401,2.3617222
2841,2011-10-12,0,1.7368999,1.1082574,2.2781579
2842,2011-10-13,0.32429277,1.6427261,1.0139754,2.193879
2843,2011-10-14,0,1.5332111,0.99143145,2.1137159
2844,2011-10-15,0.83372155,1.4865784,0.96881622,2.0373892
2845,2011-10-16,1.2820471,1.472943,0.946129,1.9646385
2846,2011-10-17,1.6181598,1.4826241,0.92336892,1.8952206
2847,2011-10-18,1.6960301,1.4968512,0.90053536,1.8289082
2848,2011-10-19,0,1.3970611,0.87762747,1.7654895
2849,2011-10-20,0,1.3039237,0.85464441,1.7047665
2850,2011-10-21,0.3424686,1.2398267,0.83158538,1.6465544
2851,2011-10-22,0.60399381,1.1974378,0.80844954,1.5906808
2852,2011-10-23,0.65960386,1.1615822,0.78523604,1.5369844
2853,2011-10-24,0,1.0841434,0.76194403,1.4853151
2854,2011-10-25,0,1.0118672,0.73857254,1.4355323
2855,2011-10-26,0,0.94440938,0.71512086,1.3875048
2856,2011-10-27,0,0.88144876,0.691588,1.3411104
2857,2011-10-28,0.08789926,0.82854546,0.54260477,1.2878767
2858,2011-10-29,1.1814387,0.85207167,0.3901745,1.2280299
2859,2011-10-30,0,0.7952669,0.23403265,1.1617634
2860,2011-10-31,0.77933887,0.79420503,0.07388408,1.0892381
2861,2011-11-01,0.67407978,0.78619668,0,1.0166222
2862,2011-11-02,0.70431828,0.78073812,0,0.9488474
2863,2011-11-03,0.52157758,0.76346075,0,0.88559091
2864,2011-11-04,0,0.71256337,0,0.82655151
2865,2011-11-05,0.26890369,0.68298605,0,0.77144808
2866,2011-11-06,0.51149233,0.67155314,0,0.72001821
2867,2011-11-07,0.23382572,0.64237131,0,0.67201699
2868,2011-11-08,0.11905766,0.60748373,0,0.62721586
2869,2011-11-09,0.11128694,0.57440395,0,0.58540147
2870,2011-11-10,0,0.53611035,0,0.5463747
2871,2011-11-11,0,0.50036966,0,0.50994972
2872,2011-11-12,0,0.46701168,0,0.47595308
2873,2011-11-13,0,0.43587757,0,0.44422287
2874,2011-11-14,0,0.40681907,0,0.41460801
2875,2011-11-15,0,0.3796978,0,0.38696748
2876,2011-11-16,0,0.35438461,0,0.36116965
2877,2011-11-17,0,0.33075897,0,0.33709167
2878,2011-11-18,0,0.30870837,0,0.31461889
2879,2011-11-19,0,0.28812781,0,0.2936443
2880,2011-11-20,0,0.26891929,0,0.27406801
2881,2011-11-21,0,0.25099134,0,0.25579681
2882,2011-11-22,0,0.23425858,0,0.23874369
2883,2011-11-23,0,0.21864134,0,0.22282745
2884,2011-11-24,0,0.20406525,0,0.20797228
2885,2011-11-25,0,0.1904609,0,0.19410746
2886,2011-11-26,0,0.17776351,0,0.18116697
2887,2011-11-27,0,0.16591261,0,0.16908917
2888,2011-11-28,0,0.15485177,0,0.15781656
2889,2011-11-29,0,0.14452832,0,0.14729545
2890,2011-11-30,0,0.1348931,0,0.13747576
2891,2011-12-01,0,0.12590022,0,0.12831071
2892,2011-12-02,0,0.11750688,0,0.11975666
2893,2011-12-03,0,0.10967308,0,0.11177288
2894,2011-12-04,0,0.10236154,0,0.10432136
2895,2011-12-05,0,0.095537442,0,0.097366599
2896,2011-12-06,0,0.089168279,0,0.090875492
2897,2011-12-07,0,0.083223727,0,0.084817126
2898,2011-12-08,0,0.077675479,0,0.079162651
2899,2011-12-09,0,0.072497113,0,0.073885141
2900,2011-12-10,0,0.067663973,0,0.068959465
2901,2011-12-11,0,0.063153041,0,0.064362167
2902,2011-12-12,0,0.058942838,0,0.060071356
2903,2011-12-13,0,0.055013316,0,0.056066599
2904,2011-12-14,0,0.051345761,0,0.052328826
2905,2011-12-15,0,0.047922711,0,0.048840237
2906,2011-12-16,0,0.044727863,0,0.045584222
2907,2011-12-17,0,0.041746006,0,0.042545273
2908,2011-12-18,0,0.038962939,0,0.039708922
2909,2011-12-19,0,0.036365409,0,0.03706166
2910,2011-12-20,0,0.033941049,0,0.034590883
2911,2011-12-21,0,0.031678312,0,0.032284824
2912,2011-12-22,0,0.029566425,0,0.030132503
2913,2011-12-23,0,0.02759533,0,0.028123669
2914,2011-12-24,0,0.025755641,0,0.026248758
2915,2011-12-25,0,0.024038598,0,0.024498841
2916,2011-12-26,0,0.022436025,0,0.022865585
2917,2011-12-27,0,0.02094029,0,0.021341212
2918,2011-12-28,0,0.019544271,0,0.019918465
2919,2011-12-29,0,0.018241319,0,0.018590567
2920,2011-12-30,0,0.017025231,0,0.017351196
2921,2011-12-31,0,0.015890216,0,0.01619445
2922,2012-01-01,0,0.014830868,0,0.01511482
2923,2012-01-02,0,0.013842144,0,0.014107165
2924,2012-01-03,0,0.012919334,0,0.013166687
2925,2012-01-04,0,0.012058045,0,0.012288908
2926,2012-01-05,0,0.011254176,0,0.011469648
2927,2012-01-06,0,0.010503897,0,0.010705004
2928,2012-01-07,0,0.0098036373,0,0.0099913375
2929,2012-01-08,0,0.0091500615,0,0.0093252483
2930,2012-01-09,0,0.0085400574,0,0.0087035651
2931,2012-01-10,0,0.0079707202,0,0.0081233274
2932,2012-01-11,0,0.0074393389,0,0.0075817723
2933,2012-01-12,0,0.006943383,0,0.0070763208
2934,2012-01-13,0,0.0064804908,0,0.0066045661
2935,2012-01-14,0,0.0060484581,0,0.0061642617
2936,2012-01-15,0,0.0056452275,0,0.0057533109
2937,2012-01-16,0,0.005268879,0,0.0053697568
2938,2012-01-17,0,0.0049176204,0,0.005011773
2939,2012-01-18,0,0.0045897791,0,0.0046776548
2940,2012-01-19,0,0.0042837938,0,0.0043658112
2941,2012-01-20,0,0.0039982075,0,0.0040747571
2942,2012-01-21,0,0.0037316604,0,0.0038031066
2943,2012-01-22,0,0.003482883,0,0.0035495662
2944,2012-01-23,0,0.0032506908,0,0.0033129284
2945,2012-01-24,0,0.0030339781,0,0.0030920665
2946,2012-01-25,0,0.0028317129,0,0.0028859288
2947,2012-01-26,0,0.002642932,0,0.0026935335
2948,2012-01-27,0,0.0024667366,0,0.0025139646
2949,2012-01-28,0,0.0023022874,0,0.002346367
2950,2012-01-29,0,0.0021488016,0,0.0021899425
2951,2012-01-30,0,0.0020055482,0,0.0020439463
2952,2012-01-31,0,0.001871845,0,0.0019076833
2953,2012-02-01,0,0.0017470553,0,0.0017805044
2954,2012-02-02,0,0.0016305849,0,0.0016618041
2955,2012-02-03,0,0.0015218793,0,0.0015510171
2956,2012-02-04,0,0.0014204207,0,0.001447616
2957,2012-02-05,0,0.001325726,0,0.0013511083
2958,2012-02-06,0,0.0012373442,0,0.0012610344
2959,2012-02-07,0,0.0011548546,0,0.0011769654
2960,2012-02-08,0,0.0010778643,0,0.0010985011
2961,2012-02-09,0,0.0010060067,0,0.0010252677
2962,2012-02-10,0,0.00093893957,0,0.00095691648
2963,2012-02-11,0,0.0008763436,0,0.00089312205
2964,2012-02-12,0,0.00081792069,0,0.00083358058
2965,2012-02-13,0,0.00076339265,0,0.00077800854
2966,2012-02-14,0,0.0007124998,0,0.0007261413
2967,2012-02-15,0,0.00066499982,0,0.00067773188
2968,2012-02-16,0,0.00062066649,0,0.00063254976
2969,2012-02-17,0,0.00057928873,0,0.00059037977
2970,2012-02-18,0,0.00054066948,0,0.00055102112
2971,2012-02-19,0,0.00050462485,0,0.00051428638
2972,2012-02-20,0,0.00047098319,0,0.00048000062
2973,2012-02-21,0,0.00043958431,0,0.00044800058
2974,2012-02-22,0,0.00041027869,0,0.00041813388
2975,2012-02-23,0,0.00038292678,0,0.00039025828
2976,2012-02-24,0,0.00035739833,0,0.00036424106
2977,2012-02-25,0,0.00033357177,0,0.00033995833
2978,2012-02-26,0,0.00031133365,0,0.00031729444
2979,2012-02-27,0,0.00029057808,0,0.00029614148
2980,2012-02-28,0,0.0002712062,0,0.00027639871
2981,2012-02-29,0,0.00025312579,0,0.00025797213
2982,2012-03-01,0,0.00023625074,0,0.00024077399
2983,2012-03-02,0,0.00022050069,0.3896819,0.026203516
2984,2012-03-03,0.29422648,0.019820899,0.78924448,0.077072913
2985,2012-03-04,0,0.018499506,1.166881,0.14972679
2986,2012-03-05,0.51699366,0.05173245,1.5261615,0.2414891
2987,2012-03-06,0.46838111,0.079509027,1.8698795,0.35004846
2988,2012-03-07,0.8342525,0.12982526,2.2002631,0.4733961
2989,2012-03-08,0,0.12117024,2.5191187,0.6097776
2990,2012-03-09,0.80721678,0.16690668,2.8279314,0.75765452
2991,2012-03-10,0,0.15577957,3.127937,0.91567336
2992,2012-03-11,0,0.14539426,3.4201752,1.0826401
2993,2012-03-12,0,0.13570131,3.7055288,1.2574994
2994,2012-03-13,0,0.12665456,3.9847535,1.4393163
2995,2012-03-14,0,0.11821092,4.2585016,1.627262
2996,2012-03-15,0.58023784,0.14901271,4.5273389,1.8206005
2997,2012-03-16,2.3687399,0.29699452,4.3317193,1.9880084
2998,2012-03-17,2.6859247,0.45625654,4.1335634,2.1310454
2999,2012-03-18,2.1256229,0.56754762,3.9326636,2.2511533
3000,2012-03-19,1.5206571,0.63108825,3.7287907,2.3496624
3001,2012-03-20,2.4132851,0.74990138,3.52169,2.4277976
3002,2012-03-21,2.7629329,0.88410348,3.3110783,2.486683
3003,2012-03-22,2.2791225,0.97710475,3.0966389,2.5273467
3004,2012-03-23,3.5462919,1.1483839,2.8780165,2.5507247
3005,2012-03-24,3.5751192,1.3101662,2.6548106,2.5576638
3006,2012-03-25,3.5751192,1.4611631,2.4265675,2.548924
3007,2012-03-26,3.3979612,1.590283,2.1927704,2.5251804
3008,2012-03-27,3.5751192,1.7226054,1.9528272,2.4870236
3009,2012-03-28,3.5751192,1.8461063,1.7060548,2.434959
3010,2012-03-29,0,1.7230326,1.4516596,2.3694057
3011,2012-03-30,0,1.6081637,1.6821557,2.323589
3012,2012-03-31,0,1.5009528,1.9063469,2.2957729
3013,2012-04-01,1.8933135,1.5271102,2.1248335,2.2843769
3014,2012-04-02,0,1.4253028,2.3381391,2.2879611
3015,2012-04-03,3.2626999,1.547796,2.5467228,2.3052118
3016,2012-04-04,1.8130566,1.56548,2.75099,2.3349304
3017,2012-04-05,0,1.4611147,2.9512998,2.3760217
3018,2012-04-06,0,1.363707,3.1479723,2.4274851
3019,2012-04-07,0,1.2727932,3.3412938,2.4884056
3020,2012-04-08,0.05679794,1.1917269,3.5315215,2.5579467
3021,2012-04-09,2.4392057,1.2748921,3.7188873,2.6353427
3022,2012-04-10,3.5751192,1.4282406,3.903601,2.7198933
3023,2012-04-11,1.9320431,1.4618274,4.0858528,2.8109573
3024,2012-04-12,1.8395799,1.4870109,4.265816,2.9079478
3025,2012-04-13,2.5990948,1.5611499,4.3991801,3.0073633
3026,2012-04-14,3.5353245,1.6927615,4.5314111,3.1089665
3027,2012-04-15,0,1.5799107,4.6625665,3.2125398
3028,2012-04-16,1.7545542,1.5915536,4.7926996,3.3178838
3029,2012-04-17,2.9435299,1.6816854,4.8344588,3.4189888
3030,2012-04-18,3.0432103,1.7724537,4.8344588,3.5133535
3031,2012-04-19,3.5751192,1.8926314,4.8344588,3.6014272
3032,2012-04-20,3.5751192,2.0047973,4.8344588,3.6836293
3033,2012-04-21,3.5751192,2.1094854,4.8344588,3.7603512
3034,2012-04-22,3.5751192,2.2071943,4.8344588,3.8319584
3035,2012-04-23,3.5751192,2.2983893,4.8344588,3.8987918
3036,2012-04-24,3.5751192,2.3835046,4.8344588,3.9611696
3037,2012-04-25,3.5751192,2.4629456,4.8344588,4.0193888
3038,2012-04-26,3.5751192,2.5370905,4.8344588,4.0737268
3039,2012-04-27,3.5751192,2.6062924,4.8344588,4.1244423
3040,2012-04-28,3.5751192,2.6708809,4.8344588,4.1717767
3041,2012-04-29,3.5751192,2.7311634,4.8344588,4.2159555
3042,2012-04-30,3.5751192,2.7874271,4.8344588,4.2571891
3043,2012-05-01,3.5751192,2.8399399,4.8344588,4.2956737
3044,2012-05-02,3.5751192,2.8889519,4.8344588,4.3315927
3045,2012-05-03,3.5751192,2.9346964,4.8344588,4.3651171
3046,2012-05-04,3.5751192,2.9773912,4.8344588,4.3964066
3047,2012-05-05,3.134974,2.9878968,4.8344588,4.4256101
3048,2012-05-06,0.44347635,2.8182687,4.8344588,4.4528666
3049,2012-05-07,3.2806486,2.849094,4.8344588,4.4783061
3050,2012-05-08,3.5751192,2.8974957,4.8344588,4.5020496
3051,2012-05-09,3.5751192,2.9426706,4.8344588,4.5242102
3052,2012-05-10,3.5751192,2.9848339,4.8344588,4.5448935
3053,2012-05-11,3.5751192,3.0241862,4.8344588,4.5641978
3054,2012-05-12,3.240236,3.0385895,4.8344588,4.5822152
3055,2012-05-13,2.7781573,3.0212274,4.8344588,4.5990314
3056,2012-05-14,3.5751192,3.0581535,4.8344588,4.6147266
3057,2012-05-15,3.5751192,3.0926179,4.8344588,4.6293754
3058,2012-05-16,3.2131374,3.1006525,4.8344588,4.6430476
3059,2012-05-17,3.5751192,3.1322836,4.8344588,4.6558084
3060,2012-05-18,3.5751192,3.161806,4.8344588,4.6677184
3061,2012-05-19,3.5751192,3.1893602,4.8344588,4.6788344
3062,2012-05-20,3.5751192,3.2150775,4.8344588,4.6892094
3063,2012-05-21,3.5751192,3.2390803,4.8344588,4.6988927
3064,2012-05-22,3.5751192,3.2614829,4.8344588,4.7079304
3065,2012-05-23,3.5751192,3.2823919,4.8344588,4.7163656
3066,2012-05-24,3.5751192,3.3019071,4.8344588,4.7242385
3067,2012-05-25,3.5751192,3.3201212,4.8344588,4.7315865
3068,2012-05-26,3.5751192,3.3371211,4.8344588,4.7384447
3069,2012-05-27,3.5751192,3.3529876,4.8344588,4.7448456
3070,2012-05-28,3.5751192,3.3677964,4.8344588,4.7508198
3071,2012-05-29,3.5751192,3.3816179,4.8344588,4.7563958
3072,2012-05-30,3.5751192,3.394518,4.8344588,4.7616
3073,2012-05-31,3.5751192,3.4065581,4.8344588,4.7664572
3074,2012-06-01,2.2946561,3.3324313,4.8344588,4.7709906
3075,2012-06-02,3.5751192,3.3486105,4.8344588,4.7752219
3076,2012-06-03,1.9450125,3.2550373,4.8344588,4.779171
3077,2012-06-04,3.5751192,3.2763761,4.8344588,4.7828568
3078,2012-06-05,2.2398598,3.207275,4.8344588,4.786297
3079,2012-06-06,3.5751192,3.2317979,4.8344588,4.7895077
3080,2012-06-07,3.5751192,3.254686,4.8344588,4.7925045
3081,2012-06-08,3.5751192,3.2760482,4.8344588,4.7953014
3082,2012-06-09,3.5751192,3.2959863,4.8344588,4.7979119
3083,2012-06-10,3.5751192,3.3145952,4.8344588,4.8003484
3084,2012-06-11,2.6243932,3.2685817,4.8344588,4.8026224
3085,2012-06-12,3.5751192,3.2890175,4.8344588,4.8047448
3086,2012-06-13,2.4140518,3.2306865,4.8344588,4.8067258
3087,2012-06-14,2.7420669,3.1981118,4.8344588,4.8085746
3088,2012-06-15,3.5751192,3.2232457,4.8344588,4.8103002
3089,2012-06-16,3.5751192,3.2467039,4.8344588,4.8119108
3090,2012-06-17,3.5751192,3.2685982,4.8344588,4.813414
3091,2012-06-18,3.5751192,3.289033,4.8344588,4.814817
3092,2012-06-19,3.5751192,3.3081054,4.8344588,4.8161264
3093,2012-06-20,3.3109235,3.3082933,4.8344588,4.8173486
3094,2012-06-21,1.0871518,3.1602172,4.8344588,4.8184893
3095,2012-06-22,3.5751192,3.1878773,4.8344588,4.8195539
3096,2012-06-23,3.5751192,3.2136934,4.8344588,4.8205476
3097,2012-06-24,3.5751192,3.2377885,4.8344588,4.821475
3098,2012-06-25,3.5751192,3.2602772,4.8344588,4.8223406
3099,2012-06-26,3.5014549,3.2763557,4.8344588,4.8231484
3100,2012-06-27,3.5751192,3.2962733,4.8344588,4.8239025
3101,2012-06-28,3.5751192,3.314863,4.8344588,4.8246062
3102,2012-06-29,3.5751192,3.3322134,4.8344588,4.825263
3103,2012-06-30,3.5751192,3.3484071,4.8344588,4.8258761
3104,2012-07-01,3.3088673,3.3457711,4.8344588,4.8264483
3105,2012-07-02,3.5751192,3.361061,4.8344588,4.8269823
3106,2012-07-03,2.5575628,3.3074945,4.8344588,4.8274807
3107,2012-07-04,3.5751192,3.3253361,4.8344588,4.8279459
3108,2012-07-05,3.5751192,3.3419883,4.8344588,4.8283801
3109,2012-07-06,3.5751192,3.3575304,4.8344588,4.8287854
3110,2012-07-07,3.5378231,3.3695499,4.8344588,4.8291636
3111,2012-07-08,3.5751192,3.3832545,4.8344588,4.8295166
3112,2012-07-09,3.5751192,3.3960455,4.8344588,4.8298461
3113,2012-07-10,3.5751192,3.4079837,4.8344588,4.8301536
3114,2012-07-11,3.5751192,3.4191261,4.8344588,4.8304406
3115,2012-07-12,3.5751192,3.4295256,4.8344588,4.8307085
3116,2012-07-13,3.5751192,3.4392319,4.8344588,4.8309585
3117,2012-07-14,3.5751192,3.448291,4.8344588,4.8311919
3118,2012-07-15,3.5751192,3.4567462,4.8344588,4.8314096
3119,2012-07-16,3.5751192,3.4646378,4.8344588,4.8316129
3120,2012-07-17,3.5751192,3.4720032,4.8344588,4.8318026
3121,2012-07-18,3.5751192,3.4788776,4.8344588,4.8319797
3122,2012-07-19,3.5751192,3.4852937,4.8344588,4.832145
3123,2012-07-20,3.5751192,3.4912821,4.8344588,4.8322992
3124,2012-07-21,3.5751192,3.4968712,4.8344588,4.8324432
3125,2012-07-22,3.5751192,3.5020877,4.8344588,4.8325776
3126,2012-07-23,3.5751192,3.5069565,4.8344588,4.832703
3127,2012-07-24,3.5751192,3.5115007,4.8344588,4.83282
3128,2012-07-25,3.5751192,3.5157419,4.8344588,4.8329293
3129,2012-07-26,3.5751192,3.5197004,4.8344588,4.8330313
3130,2012-07-27,3.5751192,3.523395,4.8344588,4.8331264
3131,2012-07-28,3.5751192,3.5268433,4.8344588,4.8332152
3132,2012-07-29,3.5751192,3.5300617,4.8344588,4.8332981
3133,2012-07-30,3.5751192,3.5330655,4.8344588,4.8333755
3134,2012-07-31,3.5751192,3.5358691,4.8344588,4.8334477
3135,2012-08-01,3.5751192,3.5384858,4.8344588,4.8335151
3136,2012-08-02,3.5751192,3.540928,4.8344588,4.833578
3137,2012-08-03,3.5751192,3.5432074,4.8344588,4.8336368
3138,2012-08-04,3.5751192,3.5453348,4.8344588,4.8336916
3139,2012-08-05,3.5751192,3.5473205,4.8344588,4.8337427
3140,2012-08-06,2.6033526,3.4843893,4.8344588,4.8337904
3141,2012-08-07,3.5751192,3.4904379,4.8344588,4.833835
3142,2012-08-08,3.5751192,3.4960834,4.8344588,4.8338766
3143,2012-08-09,3.5751192,3.5013524,4.8344588,4.8339154
3144,2012-08-10,2.8313393,3.4566849,4.8344588,4.8339516
3145,2012-08-11,3.0128012,3.4270926,4.8344588,4.8339854
3146,2012-08-12,3.5751192,3.4369611,4.8344588,4.834017
3147,2012-08-13,3.5751192,3.4461716,4.8344588,4.8340464
3148,2012-08-14,3.5751192,3.4547681,4.8344588,4.8340739
3149,2012-08-15,3.5751192,3.4627915,4.8344588,4.8340996
3150,2012-08-16,1.3782373,3.3238212,4.8344588,4.8341235
3151,2012-08-17,3.5751192,3.3405744,4.8344588,4.8341459
3152,2012-08-18,3.5751192,3.3562108,4.8344588,4.8341667
3153,2012-08-19,3.5751192,3.3708046,4.8344588,4.8341862
3154,2012-08-20,3.0860248,3.3518193,4.8344588,4.8342044
3155,2012-08-21,3.2019319,3.3418268,4.7755446,4.8302937
3156,2012-08-22,2.634644,3.2946813,4.6167774,4.8160593
3157,2012-08-23,3.2458763,3.2914276,4.4564675,4.7920865
3158,2012-08-24,1.7896301,3.1913078,4.2945146,4.758915
3159,2012-08-25,2.6222041,3.1533676,4.1308104,4.7170414
3160,2012-08-26,1.891897,3.0692695,3.9652367,4.6669211
3161,2012-08-27,2.0378239,3.0005065,3.797666,4.6089708
3162,2012-08-28,2.4859436,2.9662023,3.6279589,4.54357
3163,2012-08-29,2.7904036,2.9544824,3.4559638,4.4710629
3164,2012-08-30,0.03228958,2.7596695,3.2815142,4.3917596
3165,2012-08-31,0,2.5756916,3.3136344,4.3198846
3166,2012-09-01,0,2.4039788,3.3456676,4.2549368
3167,2012-09-02,0.51175912,2.2778308,3.3776147,4.1964487
3168,2012-09-03,1.8510359,2.2493778,3.409477,4.1439839
3169,2012-09-04,1.8862092,2.2251666,3.4412555,4.0971353
3170,2012-09-05,0.04149299,2.0795883,3.4729514,4.0555231
3171,2012-09-06,0.88160688,1.9997229,3.5045656,4.0187926
3172,2012-09-07,0.64578387,1.9094603,3.5360993,3.986613
3173,2012-09-08,1.3532544,1.8723799,3.5675535,3.9586757
3174,2012-09-09,2.1080839,1.8880935,3.5989292,3.9346926
3175,2012-09-10,1.7350397,1.8778899,3.6302273,3.9143949
3176,2012-09-11,0.8644594,1.8103279,3.6614489,3.8975319
3177,2012-09-12,0,1.6896394,3.6925949,3.8838694
3178,2012-09-13,0,1.5769967,3.7236663,3.8731892
3179,2012-09-14,0.80160723,1.5253041,3.607004,3.8554435
3180,2012-09-15,0,1.4236172,3.4892594,3.8310312
3181,2012-09-16,1.3333404,1.4175987,3.3703793,3.8003211
3182,2012-09-17,1.3123778,1.410584,3.250307,3.7636535
3183,2012-09-18,1.6179497,1.4244084,3.1289823,3.7213421
3184,2012-09-19,0,1.3294478,3.0063404,3.6736753
3185,2012-09-20,0.20514784,1.2544945,2.8823123,3.6209178
3186,2012-09-21,0.59708114,1.2106669,2.7568243,3.5633115
3187,2012-09-22,0,1.1299558,2.629797,3.5010772
3188,2012-09-23,0.58276354,1.0934763,2.5011452,3.4344151
3189,2012-09-24,0.94469146,1.0835573,2.370777,3.3635059
3190,2012-09-25,1.3575259,1.1018219,2.2385936,3.2885117
3191,2012-09-26,1.1228788,1.1032257,2.1044879,3.2095768
3192,2012-09-27,0.60246984,1.069842,1.9683441,3.126828
3193,2012-09-28,0.44891672,1.0284469,1.9204172,3.0464006
3194,2012-09-29,0.76257367,1.0107221,1.8722222,2.968122
3195,2012-09-30,1.2069723,1.0238054,1.8237533,2.8918308
3196,2012-10-01,0.03500146,0.95788514,1.7750046,2.8173757
3197,2012-10-02,1.232954,0.97622307,1.7259699,2.7446153
3198,2012-10-03,1.1461074,0.98754869,1.6766428,2.6734172
3199,2012-10-04,0,0.92171211,1.6270169,2.6036571
3200,2012-10-05,0,0.86026464,1.5770854,2.535219
3201,2012-10-06,0.55584793,0.83997019,1.5268413,2.4679938
3202,2012-10-07,0,0.78397218,1.4762774,2.4018794
3203,2012-10-08,0,0.73170737,1.4253863,2.3367799
3204,2012-10-09,0,0.68292688,1.3741603,2.2726052
3205,2012-10-10,0,0.63739842,1.3225916,2.209271
3206,2012-10-11,0,0.59490519,1.2706719,2.1466977
3207,2012-10-12,0,0.55524484,1.0779261,2.0754463
3208,2012-10-13,0.47317326,0.54977341,0.87993297,1.9957454
3209,2012-10-14,0,0.51312184,0.67618158,1.9077745
3210,2012-10-15,0,0.47891372,0.46608596,1.8116619
3211,2012-10-16,0.46328781,0.47787199,0.24897014,1.7074824
3212,2012-10-17,0.82821668,0.50122831,0.02404775,1.5952535
3213,2012-10-18,1.686246,0.58022948,0,1.4889032
3214,2012-10-19,1.884695,0.66719385,0,1.389643
3215,2012-10-20,2.0596578,0.76002478,0,1.2970002
3216,2012-10-21,1.936679,0.8384684,0,1.2105335
3217,2012-10-22,0,0.7825705,0,1.1298312
3218,2012-10-23,0,0.73039914,0,1.0545092
3219,2012-10-24,0,0.68170586,0,0.98420855
3220,2012-10-25,0,0.6362588,0,0.91859465
3221,2012-10-26,0,0.59384155,0,0.857355
3222,2012-10-27,0,0.55425211,0,0.800198
3223,2012-10-28,0,0.51730197,0,0.74685147
3224,2012-10-29,0,0.48281517,0,0.69706137
3225,2012-10-30,0,0.4506275,0,0.65059061
3226,2012-10-31,0,0.42058566,0,0.60721791
3227,2012-11-01,0,0.39254662,0,0.56673671
3228,2012-11-02,0,0.36637684,0,0.52895427
3229,2012-11-03,0,0.34195172,0,0.49369065
3230,2012-11-04,0,0.31915494,0,0.46077794
3231,2012-11-05,0,0.29787794,0,0.43005941
3232,2012-11-06,0,0.27801941,0,0.40138878
3233,2012-11-07,0,0.25948479,0,0.37462953
3234,2012-11-08,0,0.2421858,0,0.34965423
3235,2012-11-09,0,0.22604008,0,0.32634395
3236,2012-11-10,0,0.21097074,0,0.30458768
3237,2012-11-11,0,0.19690603,0,0.28428184
3238,2012-11-12,0,0.18377896,0,0.26532971
3239,2012-11-13,0,0.17152703,0,0.24764107
3240,2012-11-14,0,0.16009189,0,0.23113166
3241,2012-11-15,0,0.1494191,0,0.21572289
3242,2012-11-16,0,0.13945783,0,0.20134136
3243,2012-11-17,0,0.13016064,0,0.1879186
3244,2012-11-18,0,0.12148326,0,0.1753907
3245,2012-11-19,0,0.11338438,0,0.16369798
3246,2012-11-20,0,0.10582542,0,0.15278478
3247,2012-11-21,0,0.098770391,0,0.14259913
3248,2012-11-22,0,0.092185698,0,0.13309252
3249,2012-11-23,0,0.086039985,0,0.12421969
3250,2012-11-24,0,0.080303986,0,0.11593838
3251,2012-11-25,0,0.074950387,0,0.10820915
3252,2012-11-26,0,0.069953695,0,0.10099521
3253,2012-11-27,0,0.065290115,0,0.094262193
3254,2012-11-28,0,0.060937441,0,0.087978047
3255,2012-11-29,0,0.056874945,0,0.082112844
3256,2012-11-30,0,0.053083282,0,0.076638654
3257,2012-12-01,0,0.049544396,0,0.07152941
3258,2012-12-02,0,0.046241436,0,0.066760783
3259,2012-12-03,0,0.043158674,0,0.062310064
3260,2012-12-04,0,0.040281429,0,0.05815606
3261,2012-12-05,0,0.037596,0,0.054278989
3262,2012-12-06,0,0.0350896,0,0.05066039
3263,2012-12-07,0,0.032750294,0,0.047283031
3264,2012-12-08,0,0.030566941,0,0.044130829
3265,2012-12-09,0,0.028529145,0,0.041188773
3266,2012-12-10,0,0.026627202,0,0.038442855
3267,2012-12-11,0,0.024852055,0,0.035879998
3268,2012-12-12,0,0.023195251,0,0.033487998
3269,2012-12-13,0,0.021648901,0,0.031255465
3270,2012-12-14,0,0.020205641,0,0.029171767
3271,2012-12-15,0,0.018858598,0,0.027226983
3272,2012-12-16,0,0.017601359,0,0.025411851
3273,2012-12-17,0,0.016427935,0,0.023717727
3274,2012-12-18,0,0.015332739,0,0.022136545
3275,2012-12-19,0,0.014310556,0,0.020660776
3276,2012-12-20,0,0.013356519,0,0.019283391
3277,2012-12-21,0,0.012466085,0,0.017997831
3278,2012-12-22,0,0.011635012,0,0.016797976
3279,2012-12-23,0,0.010859345,0,0.015678111
3280,2012-12-24,0,0.010135389,0,0.014632903
3281,2012-12-25,0,0.009459696,0,0.013657377
3282,2012-12-26,0,0.0088290496,0,0.012746885
3283,2012-12-27,0,0.0082404463,0,0.011897092
3284,2012-12-28,0,0.0076910832,0,0.011103953
3285,2012-12-29,0,0.0071783443,0,0.010363689
3286,2012-12-30,0,0.006699788,0,0.0096727768
3287,2012-12-31,0,0.0062531355,0,0.009027925
3288,2013-01-01,0,0.0058362598,0,0.0084260634
3289,2013-01-02,0,0.0054471758,0,0.0078643258
3290,2013-01-03,0,0.0050840307,0,0.0073400374
3291,2013-01-04,0,0.0047450954,0,0.0068507016
3292,2013-01-05,0,0.0044287557,0,0.0063939882
3293,2013-01-06,0,0.0041335053,0,0.0059677223
3294,2013-01-07,0,0.0038579383,0,0.0055698741
3295,2013-01-08,0,0.0036007424,0,0.0051985492
3296,2013-01-09,0,0.0033606929,0,0.0048519792
3297,2013-01-10,0,0.0031366467,0,0.004528514
3298,2013-01-11,0,0.0029275369,0,0.004226613
3299,2013-01-12,0,0.0027323678,0,0.0039448388
3300,2013-01-13,0,0.0025502099,0,0.0036818496
3301,2013-01-14,0,0.0023801959,0,0.0034363929
3302,2013-01-15,0,0.0022215162,0,0.0032073001
3303,2013-01-16,0,0.0020734151,0,0.0029934801
3304,2013-01-17,0,0.0019351875,0,0.0027939147
3305,2013-01-18,0,0.001806175,0,0.0026076537
3306,2013-01-19,0,0.0016857633,0,0.0024338102
3307,2013-01-20,0,0.0015733791,0,0.0022715562
3308,2013-01-21,0,0.0014684871,0,0.0021201191
3309,2013-01-22,0,0.001370588,0,0.0019787778
3310,2013-01-23,0,0.0012792155,0,0.0018468593
3311,2013-01-24,0,0.0011939344,0,0.0017237353
3312,2013-01-25,0,0.0011143388,0,0.0016088196
3313,2013-01-26,0,0.0010400496,0,0.001501565
3314,2013-01-27,0,0.00097071291,0,0.0014014607
3315,2013-01-28,0,0.00090599872,0,0.00130803
3316,2013-01-29,0,0.0008455988,0,0.001220828
3317,2013-01-30,0,0.00078922555,0,0.0011394394
3318,2013-01-31,0,0.00073661051,0,0.0010634768
3319,2013-02-01,0,0.00068750315,0,0.00099257835
3320,2013-02-02,0,0.0006416696,0,0.00092640646
3321,2013-02-03,0,0.00059889163,0,0.00086464603
3322,2013-02-04,0,0.00055896552,0,0.00080700296
3323,2013-02-05,0,0.00052170115,0,0.00075320276
3324,2013-02-06,0,0.00048692108,0,0.00070298924
3325,2013-02-07,0,0.00045445967,0,0.00065612329
3326,2013-02-08,0,0.00042416236,0,0.00061238174
3327,2013-02-09,0,0.00039588487,0,0.00057155629
3328,2013-02-10,0,0.00036949254,0,0.00053345254
3329,2013-02-11,0,0.00034485971,0,0.00049788904
3330,2013-02-12,0,0.00032186906,0,0.00046469643
3331,2013-02-13,0,0.00030041112,0,0.00043371667
3332,2013-02-14,0,0.00028038372,0,0.00040480223
3333,2013-02-15,0,0.00026169147,0,0.00037781541
3334,2013-02-16,0,0.00024424537,0,0.00035262772
3335,2013-02-17,0,0.00022796235,0,0.0003291192
3336,2013-02-18,0,0.00021276486,0,0.00030717792
3337,2013-02-19,0,0.00019858053,0,0.00028669939
3338,2013-02-20,0,0.00018534183,0,0.0002675861
3339,2013-02-21,0,0.00017298571,0,0.00024974703
3340,2013-02-22,0,0.00016145333,0,0.00023309723
3341,2013-02-23,0,0.00015068977,0,0.00021755741
3342,2013-02-24,0,0.00014064379,0,0.00020305358
3343,2013-02-25,0,0.00013126753,0,0.00018951668
3344,2013-02-26,0,0.00012251637,0,0.00017688223
3345,2013-02-27,0,0.00011434861,0,0.00016509008
3346,2013-02-28,0,0.00010672537,0,0.00015408408
3347,2013-03-01,0,9.9610343e-05,0,0.00014381181
3348,2013-03-02,0,9.2969654e-05,0,0.00013422435
3349,2013-03-03,0,8.6771677e-05,0,0.00012527606
3350,2013-03-04,0,8.0986898e-05,0,0.00011692433
3351,2013-03-05,0.08658526,0.0058479384,0,0.00010912937
3352,2013-03-06,0.87232123,0.063612825,0,0.00010185408
3353,2013-03-07,0,0.05937197,0,9.5063807e-05
3354,2013-03-08,0,0.055413838,0,8.872622e-05
3355,2013-03-09,0,0.051719582,0,8.2811138e-05
3356,2013-03-10,0,0.04827161,0.0079382,0.00060650373
3357,2013-03-11,0,0.045053503,0.09030448,0.0065863688
3358,2013-03-12,0,0.042049936,0.17157184,0.0175854
3359,2013-03-13,0,0.039246607,0.25178376,0.033198624
3360,2013-03-14,0,0.036630166,0.33098099,0.053050782
3361,2013-03-15,0,0.034188155,0.30097072,0.069578778
3362,2013-03-16,0,0.031908945,0.27081714,0.082994669
3363,2013-03-17,0.11985856,0.037772253,0.24051813,0.093496233
3364,2013-03-18,0,0.035254103,0.21007151,0.10126792
3365,2013-03-19,0,0.032903829,0.17947504,0.10648173
3366,2013-03-20,0.37981265,0.056031084,0.14872644,0.10929804
3367,2013-03-21,0,0.052295678,0.11782339,0.1098664
3368,2013-03-22,0,0.0488093,0.0867635,0.1083262
3369,2013-03-23,0,0.045555346,0.05554432,0.10480741
3370,2013-03-24,0,0.042518323,0.02416338,0.099431143
3371,2013-03-25,0,0.039683768,0,0.0928024
3372,2013-03-26,0.16620599,0.048118583,0,0.086615573
3373,2013-03-27,0.25976594,0.062228407,0,0.080841202
3374,2013-03-28,0,0.058079846,0,0.075451788
3375,2013-03-29,0,0.054207857,0.30291674,0.090616118
3376,2013-03-30,0.33785597,0.073117731,0.68431783,0.13019623
3377,2013-03-31,0,0.068243216,1.0453252,0.19120483
3378,2013-04-01,0,0.063693668,1.3891457,0.27106755
3379,2013-04-02,0.49718523,0.092593105,1.7183095,0.36755035
3380,2013-04-03,0,0.086420232,2.0348487,0.47870358
3381,2013-04-04,0,0.080658883,2.3404208,0.60281806
3382,2013-04-05,0,0.075281624,2.6363955,0.73838989
3383,2013-04-06,0,0.070262849,2.9239182,0.88409178
3384,2013-04-07,1.5249882,0.16724454,3.2039564,1.0387494
3385,2013-04-08,2.4513437,0.31951782,3.4773348,1.2013218
3386,2013-04-09,2.5220765,0.46635507,3.7447621,1.3708845
3387,2013-04-10,1.6219752,0.54339641,4.0068514,1.5466156
3388,2013-04-11,2.7234373,0.68873247,4.2641367,1.7277837
3389,2013-04-12,1.4894559,0.74211404,4.1777936,1.8911177
3390,2013-04-13,3.2020325,0.9061086,4.0909391,2.0377724
3391,2013-04-14,3.402072,1.0725062,4.0035565,2.1688247
3392,2013-04-15,3.402072,1.2278105,3.9156257,2.2852781
3393,2013-04-16,3.402072,1.3727613,3.827128,2.3880681
3394,2013-04-17,3.402072,1.5080487,3.7380425,2.4780664
3395,2013-04-18,3.402072,1.6343169,3.6483478,2.5560852
3396,2013-04-19,2.3130091,1.6795631,3.5580214,2.6228809
3397,2013-04-20,1.0976767,1.6407706,3.4670395,2.6791581
3398,2013-04-21,3.402072,1.7581907,3.3753774,2.7255728
3399,2013-04-22,3.402072,1.8677828,3.2830091,2.7627352
3400,2013-04-23,3.402072,1.9700688,3.1899073,2.7912133
3401,2013-04-24,3.402072,2.0655356,3.096043,2.8115353
3402,2013-04-25,3.402072,2.1546381,3.0013862,2.824192
3403,2013-04-26,3.402072,2.2378003,3.1891641,2.8485235
3404,2013-04-27,0,2.0886136,3.3739143,2.8835496
3405,2013-04-28,1.4819835,2.0481716,3.5558591,2.9283702
3406,2013-04-29,2.3926712,2.0711383,3.7351997,2.9821588
3407,2013-04-30,0.72956345,1.9816999,3.9121189,3.0441562
3408,2013-05-01,0.6653419,1.8939427,4.0867834,3.1136646
3409,2013-05-02,0.22821756,1.7828944,4.2593448,3.1900433
3410,2013-05-03,1.0335305,1.7329368,4.4299436,3.2727033
3411,2013-05-04,2.5747071,1.7890548,4.5987075,3.3611036
3412,2013-05-05,3.402072,1.8965893,4.6216285,3.4451386
3413,2013-05-06,3.402072,1.9969548,4.6216285,3.5235713
3414,2013-05-07,2.4457523,2.0268746,4.6216285,3.5967751
3415,2013-05-08,3.402072,2.1185545,4.6216285,3.6650986
3416,2013-05-09,3.402072,2.2041223,4.6216285,3.7288673
3417,2013-05-10,1.2790738,2.1424524,4.6216285,3.7883847
3418,2013-05-11,2.4222389,2.1611048,4.6216285,3.8439343
3419,2013-05-12,3.402072,2.243836,4.6216285,3.8957806
3420,2013-05-13,3.3715285,2.3190155,4.4395927,3.9320347
3421,2013-05-14,3.402072,2.3912193,4.1855833,3.948938
3422,2013-05-15,3.402072,2.4586094,3.9271094,3.9474827
3423,2013-05-16,3.402072,2.5215069,3.6636843,3.9285628
3424,2013-05-17,3.402072,2.5802113,3.394753,3.8929755
3425,2013-05-18,3.0898419,2.6141867,3.1196768,3.8414223
3426,2013-05-19,3.402072,2.6667123,2.8377162,3.7745085
3427,2013-05-20,3.402072,2.7157363,2.5480088,3.6927419
3428,2013-05-21,3.402072,2.761492,2.24954,3.5965284
3429,2013-05-22,1.49869,2.6773052,1.9411057,3.4861669
3430,2013-05-23,3.402072,2.725623,1.6212613,3.3618399
3431,2013-05-24,1.793815,2.6635025,2.0635712,3.2752886
3432,2013-05-25,2.3161855,2.640348,2.4848651,3.2225937
3433,2013-05-26,0.01848877,2.4655574,2.8886634,3.2003317
3434,2013-05-27,0.1675353,2.3123559,3.2777278,3.2054914
3435,2013-05-28,1.3783594,2.2500895,3.6542646,3.2354096
3436,2013-05-29,3.402072,2.3268883,4.0200643,3.28772
3437,2013-05-30,0,2.1717624,4.3765996,3.3603119
3438,2013-05-31,1.4517422,2.1237611,4.6216285,3.4443997
3439,2013-06-01,0,1.982177,4.6216285,3.5228816
3440,2013-06-02,0,1.8500319,4.6216285,3.5961314
3441,2013-06-03,0,1.7266964,4.6216285,3.6644979
3442,2013-06-04,0.77362319,1.6631582,4.6216285,3.7283066
3443,2013-06-05,3.402072,1.7790858,4.6216285,3.7878614
3444,2013-06-06,3.402072,1.8872849,4.6216285,3.8434459
3445,2013-06-07,3.402072,1.9882707,4.6216285,3.8953247
3446,2013-06-08,3.3102611,2.0764034,4.6216285,3.943745
3447,2013-06-09,2.6377752,2.1138282,4.6216285,3.9889372
3448,2013-06-10,1.9789621,2.1048371,4.6216285,4.0311166
3449,2013-06-11,3.402072,2.1913194,4.6216285,4.0704841
3450,2013-06-12,3.402072,2.2720363,4.6216285,4.107227
3451,2013-06-13,3.402072,2.347372,4.6216285,4.1415205
3452,2013-06-14,3.402072,2.4176853,4.6216285,4.1735277
3453,2013-06-15,3.402072,2.4833111,4.6216285,4.203401
3454,2013-06-16,3.402072,2.5445618,4.6216285,4.2312829
3455,2013-06-17,3.402072,2.6017292,4.6216285,4.2573059
3456,2013-06-18,3.402072,2.6550854,4.6216285,4.2815941
3457,2013-06-19,3.402072,2.7048845,4.6216285,4.3042631
3458,2013-06-20,3.402072,2.7513636,4.6216285,4.3254207
3459,2013-06-21,3.402072,2.7947442,4.6216285,4.3451679
3460,2013-06-22,3.402072,2.8352327,4.6216285,4.3635986
3461,2013-06-23,3.402072,2.873022,4.6216285,4.3808006
3462,2013-06-24,3.402072,2.908292,4.6216285,4.3968558
3463,2013-06-25,0.07963783,2.7197151,4.6216285,4.4118407
3464,2013-06-26,1.6002932,2.6450869,4.6216285,4.4258265
3465,2013-06-27,2.5805846,2.6407868,4.6216285,4.43888
3466,2013-06-28,3.402072,2.6915391,4.6216285,4.4510632
3467,2013-06-29,2.5481333,2.6819787,4.6216285,4.4624342
3468,2013-06-30,3.402072,2.7299849,4.6216285,4.4730472
3469,2013-07-01,3.402072,2.7747908,4.6216285,4.4829526
3470,2013-07-02,3.402072,2.8166095,4.6216285,4.4921977
3471,2013-07-03,3.402072,2.8556403,4.6216285,4.5008264
3472,2013-07-04,3.402072,2.8920691,4.6216285,4.5088799
3473,2013-07-05,3.3628352,2.9234535,4.6216285,4.5163964
3474,2013-07-06,3.402072,2.9553614,4.6216285,4.5234119
3475,2013-07-07,3.402072,2.9851421,4.6216285,4.5299597
3476,2013-07-08,3.402072,3.0129374,4.6216285,4.5360709
3477,2013-07-09,3.402072,3.0388797,4.6216285,4.5417748
3478,2013-07-10,3.402072,3.0630926,4.6216285,4.5470983
3479,2013-07-11,1.8647376,2.9832022,4.6216285,4.552067
3480,2013-07-12,3.402072,3.0111269,4.6216285,4.5567045
3481,2013-07-13,3.402072,3.0371899,4.6216285,4.5610327
3482,2013-07-14,3.402072,3.0615154,4.6216285,4.5650724
3483,2013-07-15,3.402072,3.0842191,4.6216285,4.5688428
3484,2013-07-16,3.402072,3.1054093,4.6216285,4.5723619
3485,2013-07-17,3.402072,3.1251868,4.6216285,4.5756463
3486,2013-07-18,3.402072,3.1436459,4.6216285,4.5787118
3487,2013-07-19,3.402072,3.1608743,4.6216285,4.5815729
3488,2013-07-20,3.402072,3.1769541,4.6216285,4.5842433
3489,2013-07-21,3.402072,3.191962,4.6216285,4.5867356
3490,2013-07-22,3.402072,3.2059693,4.6216285,4.5890618
3491,2013-07-23,3.402072,3.2190428,4.6216285,4.5912329
3492,2013-07-24,3.402072,3.2312448,4.6216285,4.5932593
3493,2013-07-25,3.402072,3.2426332,4.6216285,4.5951506
3494,2013-07-26,3.402072,3.2532625,4.6216285,4.5969158
3495,2013-07-27,3.402072,3.2631831,4.6216285,4.5985633
3496,2013-07-28,3.402072,3.2724424,4.6216285,4.600101
3497,2013-07-29,3.3824498,3.2797762,4.6216285,4.6015361
3498,2013-07-30,3.402072,3.2879293,4.6216285,4.6028756
3499,2013-07-31,3.402072,3.2955388,4.6216285,4.6041258
3500,2013-08-01,3.402072,3.302641,4.6216285,4.6052927
3501,2013-08-02,3.402072,3.3092697,4.6216285,4.6063817
3502,2013-08-03,3.402072,3.3154565,4.6216285,4.6073982
3503,2013-08-04,3.0313706,3.2965175,4.6216285,4.6083469
3504,2013-08-05,3.402072,3.3035545,4.6216285,4.6092323
3505,2013-08-06,2.8720258,3.2747859,4.6216285,4.6100587
3506,2013-08-07,3.402072,3.2832716,4.6216285,4.61083
3507,2013-08-08,3.1053242,3.2714085,4.6216285,4.6115499
3508,2013-08-09,0,3.0533146,4.6216285,4.6122218
3509,2013-08-10,3.1266102,3.0582009,4.6216285,4.6128489
3510,2013-08-11,3.0059877,3.0547201,4.6216285,4.6134342
3511,2013-08-12,3.3872031,3.0768856,4.6216285,4.6139805
3512,2013-08-13,2.1403223,3.014448,4.6140598,4.6139858
3513,2013-08-14,3.3817987,3.0389381,4.5327913,4.6085728
3514,2013-08-15,3.402072,3.063147,4.451112,4.5980755
3515,2013-08-16,3.402072,3.085742,4.3751842,4.583216
3516,2013-08-17,3.402072,3.1068307,4.2988817,4.5642604
3517,2013-08-18,3.402072,3.1265134,4.2221927,4.5414559
3518,2013-08-19,0.48359182,2.9503187,4.1451062,4.5150326
3519,2013-08-20,1.0712694,2.8250487,4.0676094,4.4852044
3520,2013-08-21,2.6436578,2.812956,3.9896893,4.45217
3521,2013-08-22,3.402072,2.8522304,3.911332,4.4161142
3522,2013-08-23,1.1563399,2.739171,3.8325246,4.3772082
3523,2013-08-24,3.0826006,2.7620663,3.7532521,4.3356111
3524,2013-08-25,1.8041948,2.6982082,3.6734994,4.2914703
3525,2013-08-26,2.4404417,2.6810238,3.5932506,4.2449224
3526,2013-08-27,1.8164754,2.6233872,3.5124896,4.1960935
3527,2013-08-28,1.8453225,2.5715162,3.431199,4.1451005
3528,2013-08-29,3.402072,2.6268866,3.3493611,4.0920512
3529,2013-08-30,3.2318217,2.6672156,3.1705647,4.0306188
3530,2013-08-31,2.7536033,2.6729748,2.9889215,3.9611723
3531,2013-09-01,2.008923,2.6287047,2.8042079,3.8840414
3532,2013-09-02,0,2.4534577,2.6161761,3.799517
3533,2013-09-03,0,2.2898939,2.4245508,3.7078526
3534,2013-09-04,1.255852,2.2209577,2.2290247,3.6092641
3535,2013-09-05,3.402072,2.2996987,2.0292532,3.50393
3536,2013-09-06,3.402072,2.3731902,1.8248486,3.3919913
3537,2013-09-07,3.402072,2.4417824,1.6153719,3.27355
3538,2013-09-08,3.0462464,2.48208,1.400324,3.1486682
3539,2013-09-09,0,2.316608,1.179133,3.0173659
3540,2013-09-10,0.92688042,2.2239595,0.95114088,2.8796176
3541,2013-09-11,0.57872647,2.1142773,0.7155835,2.7353486
3542,2013-09-12,0.18919321,1.9859383,0.47156729,2.5844299
3543,2013-09-13,1.0557146,1.9239234,0.62405631,2.4537383
3544,2013-09-14,2.4430354,1.9585309,0.77314462,2.3416987
3545,2013-09-15,0,1.8279622,0.91906616,2.2468565
3546,2013-09-16,0,1.706098,1.0620321,2.1678682
3547,2013-09-17,0.94617923,1.6554368,1.2022341,2.1034926
3548,2013-09-18,0,1.5450743,1.3398464,2.0525829
3549,2013-09-19,0.51813729,1.4766118,1.475028,2.0140792
3550,2013-09-20,0,1.3781711,1.6079246,1.9870023
3551,2013-09-21,0,1.286293,1.7386694,1.9704467
3552,2013-09-22,0.36383118,1.2247955,1.8673853,1.963576
3553,2013-09-23,0,1.1431425,1.9941853,1.9656166
3554,2013-09-24,0,1.066933,2.1191742,1.9758538
3555,2013-09-25,0,0.99580413,2.2424485,1.9936267
3556,2013-09-26,0,0.92941719,2.364098,2.0183248
3557,2013-09-27,0.49271353,0.90030361,2.1987758,2.0303549
3558,2013-09-28,1.2554632,0.92398091,2.0304086,2.0303585
3559,2013-09-29,1.3876297,0.95489083,1.8587636,2.0189188
3560,2013-09-30,1.5070802,0.99170345,1.6835823,1.996563
3561,2013-10-01,1.077875,0.99744822,1.5045767,1.963764
3562,2013-10-02,1.5984871,1.0375175,1.321425,1.9209414
3563,2013-10-03,1.5981824,1.0748951,1.1337654,1.868463
3564,2013-10-04,2.1302326,1.145251,0.94118983,1.8066448
3565,2013-10-05,1.9534106,1.1991283,0.74323499,1.7357508
3566,2013-10-06,0,1.1191864,0.53937229,1.6559922
3567,2013-10-07,0,1.044574,0.32899468,1.5675257
3568,2013-10-08,2.521898,1.1430622,0.11140021,1.4704507
3569,2013-10-09,0,1.0668581,0,1.3724206
3570,2013-10-10,0,0.99573422,0,1.2809259
3571,2013-10-11,0,0.92935194,0,1.1955309
3572,2013-10-12,0,0.86739514,0,1.1158288
3573,2013-10-13,0.67406842,0.85450669,0,1.0414402
3574,2013-10-14,0.63011076,0.83954696,0,0.97201086
3575,2013-10-15,0,0.78357717,0,0.90721014
3576,2013-10-16,0,0.73133869,0,0.84672946
3577,2013-10-17,0,0.68258278,0,0.79028083
3578,2013-10-18,0,0.63707726,0,0.73759544
3579,2013-10-19,0.71915969,0.64254942,0,0.68842241
3580,2013-10-20,0,0.59971279,0,0.64252759
3581,2013-10-21,0.1912046,0.57247891,0,0.59969241
3582,2013-10-22,1.2157125,0.61536115,0,0.55971292
3583,2013-10-23,0,0.57433707,0,0.52239873
3584,2013-10-24,0.72747983,0.58454659,0,0.48757214
3585,2013-10-25,0,0.54557682,0,0.45506733
3586,2013-10-26,0.71440666,0.55683214,0,0.42472951
3587,2013-10-27,0,0.51971,0,0.39641421
3588,2013-10-28,0,0.48506266,0,0.3699866
3589,2013-10-29,0,0.45272515,0,0.34532082
3590,2013-10-30,0,0.42254348,0,0.32229944
3591,2013-10-31,0,0.39437391,0,0.30081281
3592,2013-11-01,0,0.36808232,0,0.28075862
3593,2013-11-02,0,0.3435435,0,0.26204138
3594,2013-11-03,0,0.3206406,0,0.24457195
3595,2013-11-04,0,0.29926456,0,0.22826716
3596,2013-11-05,0,0.27931359,0,0.21304935
3597,2013-11-06,0,0.26069268,0,0.19884606
3598,2013-11-07,0,0.24331317,0,0.18558965
3599,2013-11-08,0,0.22709229,0,0.17321701
3600,2013-11-09,0,0.2119528,0,0.16166921
3601,2013-11-10,0,0.19782262,0,0.15089126
3602,2013-11-11,0,0.18463444,0,0.14083184
3603,2013-11-12,0,0.17232548,0,0.13144305
3604,2013-11-13,0,0.16083711,0,0.12268018
3605,2013-11-14,0,0.15011464,0,0.1145015
3606,2013-11-15,0,0.140107,0,0.10686807
3607,2013-11-16,0,0.13076653,0,0.099743533
3608,2013-11-17,0,0.12204876,0,0.093093964
3609,2013-11-18,0,0.11391218,0,0.0868877
3610,2013-11-19,0,0.10631803,0,0.081095187
3611,2013-11-20,0,0.099230164,0,0.075688841
3612,2013-11-21,0,0.09261482,0,0.070642918
3613,2013-11-22,0,0.086440499,0,0.06593339
3614,2013-11-23,0,0.080677799,0,0.061537831
3615,2013-11-24,0,0.075299279,0,0.057435309
3616,2013-11-25,0,0.070279327,0,0.053606288
3617,2013-11-26,0,0.065594038,0,0.050032536
3618,2013-11-27,0,0.061221103,0,0.046697033
3619,2013-11-28,0,0.057139696,0,0.043583898
3620,2013-11-29,0,0.053330383,0,0.040678305
3621,2013-11-30,0,0.049775024,0,0.037966418
3622,2013-12-01,0,0.046456689,0,0.035435323
3623,2013-12-02,0,0.043359576,0,0.033072968
3624,2013-12-03,0,0.040468938,0,0.030868104
3625,2013-12-04,0,0.037771009,0,0.02881023
3626,2013-12-05,0,0.035252941,0,0.026889548
3627,2013-12-06,0,0.032902745,0,0.025096912
3628,2013-12-07,0,0.030709229,0,0.023423784
3629,2013-12-08,0,0.028661947,0,0.021862199
3630,2013-12-09,0,0.026751151,0,0.020404719
3631,2013-12-10,0,0.024967741,0,0.019044404
3632,2013-12-11,0,0.023303225,0,0.017774777
3633,2013-12-12,0,0.021749676,0,0.016589792
3634,2013-12-13,0,0.020299698,0,0.015483806
3635,2013-12-14,0,0.018946385,0,0.014451552
3636,2013-12-15,0,0.017683292,0,0.013488115
3637,2013-12-16,0,0.016504406,0,0.012588908
3638,2013-12-17,0,0.015404112,0,0.011749647
3639,2013-12-18,0,0.014377172,0,0.010966337
3640,2013-12-19,0,0.013418693,0,0.010235248
3641,2013-12-20,0,0.012524114,0,0.0095528983
3642,2013-12-21,0,0.011689173,0,0.0089160384
3643,2013-12-22,0,0.010909895,0,0.0083216358
3644,2013-12-23,0,0.010182568,0,0.0077668601
3645,2013-12-24,0,0.0095037306,0,0.0072490694
3646,2013-12-25,0,0.0088701485,0,0.0067657981
3647,2013-12-26,0,0.0082788053,0,0.0063147449
3648,2013-12-27,0,0.0077268849,0,0.0058937619
3649,2013-12-28,0,0.0072117593,0,0.0055008445
3650,2013-12-29,0,0.0067309753,0,0.0051341215
3651,2013-12-30,0,0.0062822436,0,0.0047918467
3652,2013-12-31,0,0.0058634274,0,0.0044723903
3653,2014-01-01,0,0.0054725322,0,0.0041742309
3654,2014-01-02,0,0.0051076968,0,0.0038959489
3655,2014-01-03,0,0.0047671836,0,0.0036362189
3656,2014-01-04,0,0.0044493714,0,0.0033938044
3657,2014-01-05,0,0.0041527466,0,0.0031675507
3658,2014-01-06,0,0.0038758969,0,0.0029563807
3659,2014-01-07,0,0.0036175037,0,0.0027592886
3660,2014-01-08,0,0.0033763368,0,0.0025753361
3661,2014-01-09,0,0.0031512477,0,0.002403647
3662,2014-01-10,0,0.0029411645,0,0.0022434039
3663,2014-01-11,0,0.0027450869,0,0.0020938436
3664,2014-01-12,0,0.0025620811,0,0.001954254
3665,2014-01-13,0,0.0023912757,0,0.0018239704
3666,2014-01-14,0,0.0022318573,0,0.0017023724
3667,2014-01-15,0,0.0020830668,0,0.0015888809
3668,2014-01-16,0,0.0019441957,0,0.0014829555
3669,2014-01-17,0,0.0018145827,0,0.0013840918
3670,2014-01-18,0,0.0016936105,0,0.001291819
3671,2014-01-19,0,0.0015807031,0,0.0012056978
3672,2014-01-20,0,0.0014753229,0,0.0011253179
3673,2014-01-21,0,0.001376968,0,0.0010502967
3674,2014-01-22,0,0.0012851702,0,0.00098027693
3675,2014-01-23,0,0.0011994922,0,0.00091492513
3676,2014-01-24,0,0.001119526,0,0.00085393012
3677,2014-01-25,0,0.0010448909,0,0.00079700145
3678,2014-01-26,0,0.00097523155,0,0.00074386802
3679,2014-01-27,0,0.00091021612,0,0.00069427682
3680,2014-01-28,0,0.00084953504,0,0.0006479917
3681,2014-01-29,0,0.00079289937,0,0.00060479225
3682,2014-01-30,0,0.00074003941,0,0.00056447277
3683,2014-01-31,0,0.00069070345,0,0.00052684125
3684,2014-02-01,0,0.00064465656,0,0.0004917185
3685,2014-02-02,0,0.00060167945,0,0.00045893727
3686,2014-02-03,0,0.00056156749,0,0.00042834145
3687,2014-02-04,0,0.00052412966,0.04590816,0.0034603294
3688,2014-02-05,0,0.00048918768,0.15108182,0.013301762
3689,2014-02-06,0,0.00045657517,0.2544882,0.029380858
3690,2014-02-07,0,0.00042613682,0.35621523,0.051169816
3691,2014-02-08,0,0.0003977277,0.45634458,0.078181467
3692,2014-02-09,0,0.00037121252,0.55495227,0.10996619
3693,2014-02-10,0,0.00034646502,0.65210906,0.14610905
3694,2014-02-11,0,0.00032336735,0.74788133,0.1862272
3695,2014-02-12,0,0.00030180953,0.84233088,0.22996744
3696,2014-02-13,0,0.00028168889,0.93551569,0.27700399
3697,2014-02-14,0,0.00026290963,1.0185237,0.32643864
3698,2014-02-15,0,0.00024538232,1.1005846,0.37804837
3699,2014-02-16,0,0.0002290235,1.1817342,0.43162743
3700,2014-02-17,0.29648248,0.019979254,1.2620061,0.486986
3701,2014-02-18,0,0.018647304,1.3414321,0.54394908
3702,2014-02-19,0,0.01740415,1.4200427,0.60235532
3703,2014-02-20,0,0.016243873,1.4978666,0.66205607
3704,2014-02-21,0,0.015160949,1.5749313,0.72291442
3705,2014-02-22,0.178714,0.026064485,1.6512626,0.7848043
3706,2014-02-23,0.98983571,0.0903159,1.7268855,0.84760972
3707,2014-02-24,1.1926299,0.1638035,1.8018236,0.91122397
3708,2014-02-25,1.5540535,0.25648684,1.8760994,0.975549
3709,2014-02-26,1.7847827,0.35837323,1.9497344,1.0404947
3710,2014-02-27,0.72076863,0.38253292,2.0227493,1.1059783
3711,2014-02-28,0,0.35703073,2.0266874,1.1673589
3712,2014-03-01,1.4698108,0.43121606,2.0306237,1.2249099
3713,2014-03-02,1.4438208,0.49872305,2.0345583,1.2788865
3714,2014-03-03,1.1067309,0.5392569,2.0384911,1.3295268
3715,2014-03-04,0,0.50330644,2.0424222,1.3770532
3716,2014-03-05,0.31705042,0.49088937,2.0463516,1.4216731
3717,2014-03-06,0,0.45816341,2.0502792,1.4635801
3718,2014-03-07,1.5863664,0.53337695,2.0542051,1.5029551
3719,2014-03-08,0.76961313,0.54912602,2.0581292,1.5399667
3720,2014-03-09,2.8848292,0.70483957,2.0620516,1.5747724
3721,2014-03-10,2.861489,0.8486162,2.0659723,1.607519
3722,2014-03-11,2.7589357,0.97597083,2.0698911,1.6383439
3723,2014-03-12,2.7251216,1.0925809,2.0738084,1.6673748
3724,2014-03-13,3.4849966,1.2520753,2.0777238,1.6947314
3725,2014-03-14,3.4028264,1.3954587,2.2760823,1.7334881
3726,2014-03-15,0,1.3024281,2.4702965,1.7826087
3727,2014-03-16,0,1.2155996,2.6606998,1.8411481
3728,2014-03-17,0.51039199,1.1685857,2.8475899,1.9082442
3729,2014-03-18,1.5062083,1.1910939,3.0312339,1.9831102
3730,2014-03-19,0.20986167,1.1256784,3.211872,2.0650277
3731,2014-03-20,3.6765822,1.2957387,3.3897219,2.1533406
3732,2014-03-21,3.6765822,1.4544616,3.5649805,2.2474499
3733,2014-03-22,0.7163418,1.4052536,3.7378268,2.3468084
3734,2014-03-23,0,1.31157,3.9084243,2.4509161
3735,2014-03-24,0,1.224132,4.0769224,2.5593165
3736,2014-03-25,0.22253498,1.1573589,4.2434579,2.6715926
3737,2014-03-26,2.0463022,1.2166218,4.4081569,2.7873636
3738,2014-03-27,2.9519052,1.3323073,4.5711352,2.9062817
3739,2014-03-28,0.04330097,1.2463736,4.5738534,3.0174531
3740,2014-03-29,3.6765822,1.4083875,4.5765712,3.1213943
3741,2014-03-30,3.6765822,1.5596004,4.5792885,3.2185873
3742,2014-03-31,3.0082042,1.656174,4.5820053,3.3094818
3743,2014-04-01,3.6765822,1.7908679,4.5847218,3.3944978
3744,2014-04-02,3.6765822,1.9165822,4.5874377,3.4740271
3745,2014-04-03,3.6765822,2.0339155,4.5901532,3.5484355
3746,2014-04-04,3.6765822,2.1434266,4.5928683,3.6180644
3747,2014-04-05,2.7108299,2.1812535,4.5955829,3.6832323
3748,2014-04-06,2.8990842,2.2291089,4.5982971,3.7442366
3749,2014-04-07,3.6765822,2.3256071,4.6010107,3.8013549
3750,2014-04-08,3.3738435,2.3954895,4.603724,3.8548462
3751,2014-04-09,1.67776,2.3476409,4.6064368,3.9049522
3752,2014-04-10,0.65875168,2.2350483,4.6091492,3.9518987
3753,2014-04-11,3.5074218,2.3198732,4.6381122,3.9976462
3754,2014-04-12,3.5557025,2.4022618,4.6670248,4.0422715
3755,2014-04-13,3.6765822,2.4872165,4.6958875,4.0858459
3756,2014-04-14,1.3957907,2.4144548,4.7247009,4.1284362
3757,2014-04-15,1.0740939,2.3250974,4.7534653,4.1701048
3758,2014-04-16,2.1135192,2.3109922,4.7821817,4.2109099
3759,2014-04-17,3.6765822,2.4020315,4.8108504,4.250906
3760,2014-04-18,1.2948411,2.3282188,4.8394719,4.2901437
3761,2014-04-19,3.6765822,2.4181097,4.8428624,4.3269916
3762,2014-04-20,3.6765822,2.5020079,4.8428624,4.361383
3763,2014-04-21,3.6765822,2.5803128,4.8428624,4.3934816
3764,2014-04-22,3.6765822,2.6533974,4.8428624,4.4234403
3765,2014-04-23,3.6765822,2.7216098,4.8428624,4.4514018
3766,2014-04-24,3.6765822,2.7852746,4.8428624,4.4774992
3767,2014-04-25,3.6765822,2.8446951,4.8428624,4.5018567
3768,2014-04-26,3.6765822,2.9001542,4.8428624,4.5245904
3769,2014-04-27,3.6765822,2.9519161,4.8428624,4.5458086
3770,2014-04-28,1.845401,2.8781484,4.8428624,4.5656121
3771,2014-04-29,3.6765822,2.9313773,4.8428624,4.5840955
3772,2014-04-30,3.6765822,2.9810577,4.8428624,4.6013466
3773,2014-05-01,3.6765822,3.027426,4.8428624,4.6174477
3774,2014-05-02,0,2.8255976,4.8428624,4.6324753
3775,2014-05-03,0,2.6372244,4.8428624,4.6465011
3776,2014-05-04,2.8032041,2.6482897,4.8428624,4.6595919
3777,2014-05-05,3.6765822,2.7168425,4.8428624,4.6718099
3778,2014-05-06,3.6765822,2.7808252,4.8428624,4.6832134
3779,2014-05-07,3.6765822,2.8405423,4.8428624,4.6938567
3780,2014-05-08,3.6765822,2.8962783,4.8428624,4.7037904
3781,2014-05-09,3.6765822,2.9482986,4.8428624,4.7130618
3782,2014-05-10,3.6765822,2.9968508,4.8428624,4.7217152
3783,2014-05-11,3.6765822,3.0421662,4.8428624,4.7297917
3784,2014-05-12,3.6765822,3.0844606,4.8428624,4.7373297
3785,2014-05-13,2.7390617,3.061434,4.8428624,4.7443652
3786,2014-05-14,3.6164216,3.0984332,4.8428624,4.7509317
3787,2014-05-15,2.3699219,3.0498658,4.8428624,4.7570604
3788,2014-05-16,3.6765822,3.0916469,4.8428624,4.7627806
3789,2014-05-17,1.4460581,2.981941,4.8428624,4.7681193
3790,2014-05-18,0.28247146,2.8019763,4.8428624,4.7731022
3791,2014-05-19,3.6765822,2.8602834,4.8428624,4.7777529
3792,2014-05-20,3.6765822,2.9147033,4.8428624,4.7820935
3793,2014-05-21,3.6765822,2.9654952,4.8428624,4.7861448
3794,2014-05-22,3.6765822,3.012901,4.8428624,4.789926
3795,2014-05-23,3.6765822,3.0571464,4.8428624,4.793455
3796,2014-05-24,3.0803887,3.0586959,4.8428624,4.7967489
3797,2014-05-25,3.6765822,3.0998883,4.8428624,4.7998231
3798,2014-05-26,3.6765822,3.1383346,4.8428624,4.8026924
3799,2014-05-27,3.0937111,3.1353597,4.8428624,4.8053704
3800,2014-05-28,0.31342149,2.9472305,4.8428624,4.8078699
3801,2014-05-29,0,2.7507484,4.8428624,4.8102027
3802,2014-05-30,3.293676,2.7869436,4.8428624,4.81238
3803,2014-05-31,3.6765822,2.8462529,4.8428624,4.8144122
3804,2014-06-01,3.6765822,2.9016081,4.8428624,4.8163088
3805,2014-06-02,3.6765822,2.9532731,4.8428624,4.8180791
3806,2014-06-03,3.6765822,3.0014937,4.8428624,4.8197313
3807,2014-06-04,3.6765822,3.0464996,4.8428624,4.8212734
3808,2014-06-05,3.6765822,3.0885051,4.8428624,4.8227126
3809,2014-06-06,3.6765822,3.1277102,4.8428624,4.8240559
3810,2014-06-07,3.6765822,3.1643017,4.8428624,4.8253097
3811,2014-06-08,3.6765822,3.1984537,4.8428624,4.8264799
3812,2014-06-09,3.6765822,3.2303289,4.8428624,4.8275721
3813,2014-06-10,3.6765822,3.2600792,4.8428624,4.8285914
3814,2014-06-11,3.6765822,3.287846,4.8428624,4.8295428
3815,2014-06-12,3.6765822,3.3137618,4.8428624,4.8304308
3816,2014-06-13,3.6765822,3.3379498,4.8428624,4.8312595
3817,2014-06-14,3.6765822,3.3605253,4.8428624,4.8320331
3818,2014-06-15,3.6765822,3.3815958,4.8428624,4.832755
3819,2014-06-16,3.6765822,3.4012615,4.8428624,4.8334288
3820,2014-06-17,3.6765822,3.4196162,4.8428624,4.8340577
3821,2014-06-18,3.6765822,3.4367473,4.8428624,4.8346447
3822,2014-06-19,3.6765822,3.4527363,4.8428624,4.8351926
3823,2014-06-20,3.6765822,3.4676593,4.8428624,4.8357039
3824,2014-06-21,3.3016903,3.4565947,4.8428624,4.8361811
3825,2014-06-22,3.6765822,3.4712606,4.8428624,4.8366265
3826,2014-06-23,3.6765822,3.4849487,4.8428624,4.8370423
3827,2014-06-24,3.6765822,3.4977242,4.8428624,4.8374303
3828,2014-06-25,2.4727504,3.4293926,4.8428624,4.8377924
3829,2014-06-26,3.6765822,3.445872,4.8428624,4.8381304
3830,2014-06-27,3.6765822,3.4612526,4.8428624,4.8384459
3831,2014-06-28,3.6765822,3.4756079,4.8428624,4.8387403
3832,2014-06-29,2.3166521,3.3983442,4.8428624,4.8390151
3833,2014-06-30,3.6765822,3.4168934,4.8428624,4.8392716
3834,2014-07-01,3.6765822,3.434206,4.8428624,4.839511
3835,2014-07-02,3.6765822,3.4503644,4.8428624,4.8397344
3836,2014-07-03,3.6765822,3.4654456,4.8428624,4.8399429
3837,2014-07-04,3.6765822,3.4795214,4.8428624,4.8401376
3838,2014-07-05,3.6765822,3.4926587,4.8428624,4.8403192
3839,2014-07-06,3.6765822,3.5049203,4.8428624,4.8404888
3840,2014-07-07,3.6765822,3.5163644,4.8428624,4.840647
3841,2014-07-08,3.5794371,3.5205693,4.8428624,4.8407947
3842,2014-07-09,3.241712,3.5019788,4.8428624,4.8409325
3843,2014-07-10,1.6008895,3.3752395,4.8428624,4.8410612
3844,2014-07-11,3.6765822,3.395329,4.8428624,4.8411813
3845,2014-07-12,3.6765822,3.4140792,4.8428624,4.8412933
3846,2014-07-13,3.6765822,3.4315794,4.8428624,4.8413979
3847,2014-07-14,3.6765822,3.4479129,4.8428624,4.8414956
3848,2014-07-15,3.6765822,3.4631576,4.8428624,4.8415867
3849,2014-07-16,3.6765822,3.4773859,4.8428624,4.8416717
3850,2014-07-17,3.6765822,3.4906656,4.8428624,4.8417511
3851,2014-07-18,3.6765822,3.5030601,4.8428624,4.8418252
3852,2014-07-19,3.6765822,3.5146282,4.8428624,4.8418943
3853,2014-07-20,3.6765822,3.5254251,4.8428624,4.8419589
3854,2014-07-21,3.6765822,3.5355023,4.8428624,4.8420191
3855,2014-07-22,3.6765822,3.5449076,4.8428624,4.8420753
3856,2014-07-23,3.6765822,3.5536859,4.8428624,4.8421278
3857,2014-07-24,2.8184159,3.5046679,4.8428624,4.8421768
3858,2014-07-25,3.6303704,3.5130481,4.8428624,4.8422225
3859,2014-07-26,3.6765822,3.5239503,4.8428624,4.8422651
3860,2014-07-27,3.6765822,3.5341258,4.8428624,4.842305
3861,2014-07-28,3.6765822,3.5436229,4.8428624,4.8423421
3862,2014-07-29,3.6765822,3.5524868,4.8428624,4.8423768
3863,2014-07-30,2.6491968,3.4922675,4.8428624,4.8424092
3864,2014-07-31,3.6765822,3.5045551,4.8428624,4.8424394
3865,2014-08-01,3.6765822,3.5160236,4.8428624,4.8424676
3866,2014-08-02,3.6765822,3.5267275,4.8428624,4.8424939
3867,2014-08-03,3.6765822,3.5367178,4.8428624,4.8425185
3868,2014-08-04,3.561711,3.538384,4.8428624,4.8425414
3869,2014-08-05,3.6765822,3.5475972,4.8428624,4.8425628
3870,2014-08-06,3.6765822,3.5561962,4.8428624,4.8425828
3871,2014-08-07,3.6765822,3.564222,4.8428624,4.8426014
3872,2014-08-08,3.6765822,3.5717127,4.8428624,4.8426188
3873,2014-08-09,3.6765822,3.578704,4.8428624,4.842635
3874,2014-08-10,3.6765822,3.5852292,4.8428624,4.8426502
3875,2014-08-11,3.6765822,3.5913194,4.8428624,4.8426643
3876,2014-08-12,3.6765822,3.5970036,4.8428624,4.8426775
3877,2014-08-13,2.8419355,3.5466657,4.8428624,4.8426899
3878,2014-08-14,3.6765822,3.5553268,4.8428624,4.8427014
3879,2014-08-15,3.6765822,3.5634105,4.8428624,4.8427121
3880,2014-08-16,3.1433862,3.5354089,4.8428624,4.8427221
3881,2014-08-17,3.6765822,3.5448204,4.8428624,4.8427315
3882,2014-08-18,3.6765822,3.5536045,4.8003285,4.8399046
3883,2014-08-19,3.6765822,3.561803,4.6869861,4.82971
3884,2014-08-20,3.6765822,3.569455,4.5728749,4.8125877
3885,2014-08-21,3.6765822,3.5765968,4.4579595,4.7889458
3886,2014-08-22,3.6765822,3.5832625,4.3422027,4.7591629
3887,2014-08-23,2.8577487,3.5348949,4.2255652,4.7235898
3888,2014-08-24,3.4368982,3.5283618,4.1080053,4.6825508
3889,2014-08-25,3.6765822,3.5382431,3.9894788,4.636346
3890,2014-08-26,0.79232116,3.3551817,3.8699389,4.5852522
3891,2014-08-27,3.6765822,3.3766084,3.7493359,4.5295244
3892,2014-08-28,3.6765822,3.3966066,3.6276167,4.4693973
3893,2014-08-29,2.6998222,3.3501543,3.5583987,4.408664
3894,2014-08-30,3.6765822,3.3719162,3.4887967,4.3473395
3895,2014-08-31,1.4112827,3.2412073,3.4187994,4.2854369
3896,2014-09-01,0.85337712,3.0820186,3.3483953,4.2229674
3897,2014-09-02,0,2.8765507,3.2775726,4.1599411
3898,2014-09-03,1.3604392,2.7754766,3.2063189,4.0963663
3899,2014-09-04,2.6660719,2.768183,3.1346214,4.03225
3900,2014-09-05,3.6765822,2.8287429,3.0624665,3.9675977
3901,2014-09-06,3.1638284,2.8510819,2.9898404,3.9024139
3902,2014-09-07,3.2227474,2.8758596,2.9167287,3.8367016
3903,2014-09-08,2.043653,2.8203792,2.8431161,3.7704625
3904,2014-09-09,3.0972772,2.8388391,2.7689871,3.7036975
3905,2014-09-10,0.82691064,2.7047105,2.6943251,3.636406
3906,2014-09-11,2.1129689,2.6652611,2.6191131,3.5685865
3907,2014-09-12,0,2.487577,2.633551,3.5062508
3908,2014-09-13,0,2.3217385,2.6479683,3.4490319
3909,2014-09-14,0,2.166956,2.662365,3.3965875
3910,2014-09-15,2.5918043,2.1952792,2.6767413,3.3485977
3911,2014-09-16,2.7822851,2.2344129,2.6910973,3.3047644
3912,2014-09-17,3.3262775,2.3072039,2.7054331,3.264809
3913,2014-09-18,3.1446637,2.3630345,2.7197489,3.2284716
3914,2014-09-19,1.7029663,2.31903,2.7340447,3.1955098
3915,2014-09-20,2.6270483,2.3395645,2.7483208,3.1656972
3916,2014-09-21,0,2.1835936,2.7625772,3.1388226
3917,2014-09-22,0.1301212,2.0466954,2.7768139,3.1146886
3918,2014-09-23,0.31765208,1.9314259,2.7910313,3.0931115
3919,2014-09-24,1.2983543,1.8892211,2.8052293,3.0739193
3920,2014-09-25,0,1.763273,2.819408,3.0569519
3921,2014-09-26,0,1.6457215,2.7283191,3.0350431
3922,2014-09-27,1.8092636,1.6566243,2.6364165,3.008468
3923,2014-09-28,2.5461698,1.7159273,2.5436679,2.9774813
3924,2014-09-29,2.970605,1.7995725,2.4500391,2.9423185
3925,2014-09-30,0.65396608,1.7231987,2.3554942,2.9031969
3926,2014-10-01,1.96617,1.7393968,2.2599951,2.8603167
3927,2014-10-02,1.9278593,1.751961,2.1635015,2.8138624
3928,2014-10-03,2.5883382,1.8077195,2.0659705,2.7640029
3929,2014-10-04,2.0799133,1.8258657,1.9673572,2.7108932
3930,2014-10-05,0.76704181,1.7552775,1.8676133,2.6546746
3931,2014-10-06,2.2684633,1.7894898,1.766688,2.5954755
3932,2014-10-07,1.1390829,1.7461294,1.6645268,2.5334122
3933,2014-10-08,0,1.6297208,1.5610719,2.4685895
3934,2014-10-09,2.5832103,1.6932867,1.4562615,2.401101
3935,2014-10-10,0.80849245,1.6343004,1.391027,2.3337627
3936,2014-10-11,0.7572997,1.5758337,1.3252373,2.2665277
3937,2014-10-12,1.8517642,1.5942291,1.2588757,2.1993509
3938,2014-10-13,1.7818494,1.6067371,1.1919244,2.1321891
3939,2014-10-14,1.1849665,1.5786191,1.1243647,2.0650008
3940,2014-10-15,0.3570163,1.4971789,1.0561774,1.9977459
3941,2014-10-16,0.15265514,1.407544,0.98734224,1.9303857
3942,2014-10-17,0,1.3137077,0.91783809,1.8628825
3943,2014-10-18,1.5816576,1.331571,0.84764259,1.7951999
3944,2014-10-19,2.2297963,1.3914527,0.77673264,1.727302
3945,2014-10-20,1.3845949,1.3909955,0.70508363,1.6591541
3946,2014-10-21,0.41822715,1.3261443,0.63267009,1.5907219
3947,2014-10-22,0,1.2377347,0.55946489,1.5219714
3948,2014-10-23,0,1.155219,0.48543985,1.4528693
3949,2014-10-24,0,1.0782044,0.34755217,1.3791815
3950,2014-10-25,0.14442508,1.0159525,0.20661134,1.3010102
3951,2014-10-26,0,0.94822232,0.0623984,1.218436
3952,2014-10-27,0.55510216,0.92201431,0,1.137207
3953,2014-10-28,0.63228528,0.90269904,0,1.0613932
3954,2014-10-29,0,0.8425191,0,0.99063363
3955,2014-10-30,0,0.78635116,0,0.92459138
3956,2014-10-31,0,0.73392775,0,0.86295196
3957,2014-11-01,1.0099637,0.75233015,0,0.80542183
3958,2014-11-02,0.75312726,0.75238329,0,0.75172704
3959,2014-11-03,0.41647833,0.72998962,0,0.7016119
3960,2014-11-04,0.16706948,0.69246161,0,0.65483778
3961,2014-11-05,0,0.64629751,0,0.61118192
3962,2014-11-06,0,0.60321101,0,0.57043646
3963,2014-11-07,0,0.56299694,0,0.53240737
3964,2014-11-08,0,0.52546381,0,0.49691354
3965,2014-11-09,0,0.49043289,0,0.46378597
3966,2014-11-10,0,0.45773736,0,0.43286691
3967,2014-11-11,0,0.42722154,0,0.40400911
3968,2014-11-12,0,0.3987401,0,0.37707517
3969,2014-11-13,0,0.37215743,0,0.35193683
3970,2014-11-14,0,0.34734693,0,0.32847437
3971,2014-11-15,0,0.32419047,0,0.30657608
3972,2014-11-16,0,0.30257777,0,0.28613768
3973,2014-11-17,0,0.28240592,0,0.26706183
3974,2014-11-18,0,0.26357886,0,0.24925771
3975,2014-11-19,0,0.24600694,0,0.23264053
3976,2014-11-20,0,0.22960647,0,0.21713116
3977,2014-11-21,0,0.21429938,0,0.20265575
3978,2014-11-22,0,0.20001275,0,0.18914537
3979,2014-11-23,0,0.18667857,0,0.17653567
3980,2014-11-24,0,0.17423333,0,0.16476663
3981,2014-11-25,0,0.16261777,0,0.15378219
3982,2014-11-26,0,0.15177659,0,0.14353004
3983,2014-11-27,0,0.14165815,0,0.13396137
3984,2014-11-28,0,0.13221427,0,0.12503061
3985,2014-11-29,0,0.12339999,0,0.11669524
3986,2014-11-30,0,0.11517332,0,0.10891556
3987,2014-12-01,0,0.1074951,0,0.10165452
3988,2014-12-02,0,0.10032876,0,0.094877552
3989,2014-12-03,0,0.093640177,0,0.088552382
3990,2014-12-04,0,0.087397498,0,0.08264889
3991,2014-12-05,0,0.081570998,0,0.077138964
3992,2014-12-06,0,0.076132932,0,0.071996366
3993,2014-12-07,0,0.071057403,0,0.067196608
3994,2014-12-08,0,0.066320243,0,0.062716835
3995,2014-12-09,0,0.061898893,0,0.058535712
3996,2014-12-10,0,0.057772301,0,0.054633331
3997,2014-12-11,0,0.053920814,0,0.050991109
3998,2014-12-12,0,0.050326093,0,0.047591702
3999,2014-12-13,0,0.04697102,0,0.044418922
4000,2014-12-14,0,0.043839619,0,0.04145766
4001,2014-12-15,0,0.040916977,0,0.038693816
4002,2014-12-16,0,0.038189179,0,0.036114229
4003,2014-12-17,0,0.035643234,0,0.033706613
4004,2014-12-18,0,0.033267018,0,0.031459506
4005,2014-12-19,0,0.031049217,,
4006,2014-12-20,0,0.028979269,,
4007,2014-12-21,0,0.027047318,,
4008,2014-12-22,0,0.025244163,,
4009,2014-12-23,0,0.023561219,,
4010,2014-12-24,0,0.021990471,,
4011,2014-12-25,0,0.02052444,,
4012,2014-12-26,0,0.019156144,,
4013,2014-12-27,0,0.017879068,,
4014,2014-12-28,0,0.01668713,,
4015,2014-12-29,0,0.015574654,,
4016,2014-12-30,0,0.014536344,,
4017,2014-12-31,0,0.013567254,,
