time,daily_gpp,daily_A0
2004-01-01,13.931752,0.10021925
2004-01-02,14.044015,0.10102682
2004-01-03,14.156278,0.1018344
2004-01-04,14.268541,0.10264197
2004-01-05,14.380803,0.10344954
2004-01-06,14.493066,0.10425711
2004-01-07,14.605329,0.10506469
2004-01-08,14.717592,0.10587226
2004-01-09,14.829855,0.10667983
2004-01-10,14.942118,0.10748741
2004-01-11,15.054381,0.10829498
2004-01-12,15.166644,0.10910255
2004-01-13,15.278906,0.10991012
2004-01-14,15.391169,0.1107177
2004-01-15,15.503432,0.11152527
2004-01-16,15.874574,0.11419511
2004-01-17,16.245716,0.11686495
2004-01-18,16.616857,0.11953479
2004-01-19,16.987999,0.12220463
2004-01-20,17.359141,0.12487447
2004-01-21,17.730282,0.1275443
2004-01-22,18.101424,0.13021414
2004-01-23,18.472565,0.13288398
2004-01-24,18.843707,0.13555382
2004-01-25,19.214849,0.13822366
2004-01-26,19.58599,0.1408935
2004-01-27,19.957132,0.14356334
2004-01-28,20.328274,0.14623318
2004-01-29,20.699415,0.14890302
2004-01-30,21.289943,0.15315103
2004-01-31,21.88047,0.15739904
2004-02-01,22.470998,0.16164705
2004-02-02,23.061525,0.16589506
2004-02-03,23.652053,0.17014307
2004-02-04,24.24258,0.17439108
2004-02-05,24.833108,0.17863909
2004-02-06,25.423635,0.1828871
2004-02-07,26.014162,0.18713511
2004-02-08,26.60469,0.19138312
2004-02-09,27.195217,0.19563113
2004-02-10,27.785745,0.19987914
2004-02-11,28.376272,0.20412715
2004-02-12,28.9668,0.20837516
2004-02-13,29.319906,0.21091526
2004-02-14,29.673013,0.21345536
2004-02-15,30.02612,0.21599547
2004-02-16,30.379226,0.21853557
2004-02-17,30.732333,0.22107567
2004-02-18,31.08544,0.22361578
2004-02-19,31.438547,0.22615588
2004-02-20,31.791653,0.22869598
2004-02-21,32.14476,0.23123609
2004-02-22,32.497867,0.23377619
2004-02-23,32.850973,0.23631629
2004-02-24,33.20408,0.2388564
2004-02-25,33.557187,0.2413965
2004-02-26,33.910293,0.2439366
2004-02-27,37.379605,0.26889339
2004-02-28,40.848917,0.29385018
2004-02-29,44.318228,0.31880697
2004-03-01,47.78754,0.34376376
2004-03-02,51.256852,0.36872056
2004-03-03,54.726163,0.39367735
2004-03-04,58.195475,0.41863414
2004-03-05,61.664786,0.44359093
2004-03-06,65.134098,0.46854772
2004-03-07,68.60341,0.49350451
2004-03-08,72.072721,0.5184613
2004-03-09,75.542033,0.54341809
2004-03-10,79.011344,0.56837488
2004-03-11,82.480656,0.59333167
2004-03-12,83.587345,0.60129273
2004-03-13,84.694034,0.60925379
2004-03-14,85.800722,0.61721485
2004-03-15,86.907411,0.62517591
2004-03-16,88.0141,0.63313697
2004-03-17,89.120789,0.64109804
2004-03-18,90.227478,0.6490591
2004-03-19,91.334167,0.65702016
2004-03-20,92.440856,0.66498122
2004-03-21,93.547544,0.67294228
2004-03-22,94.654233,0.68090334
2004-03-23,95.760922,0.6888644
2004-03-24,96.867611,0.69682546
2004-03-25,97.9743,0.70478652
2004-03-26,99.224155,0.71377746
2004-03-27,100.47401,0.7227684
2004-03-28,101.72386,0.73175934
2004-03-29,102.97372,0.74075028
2004-03-30,104.22357,0.74974122
2004-03-31,105.47343,0.75873216
2004-04-01,106.72328,0.76772309
2004-04-02,107.97314,0.77671403
2004-04-03,109.22299,0.78570497
2004-04-04,110.47285,0.79469591
2004-04-05,111.7227,0.80368685
2004-04-06,112.97256,0.81267779
2004-04-07,114.22241,0.82166873
2004-04-08,115.47227,0.83065966
2004-04-09,116.69298,0.83944097
2004-04-10,117.91369,0.84822227
2004-04-11,119.13441,0.85700357
2004-04-12,120.35512,0.86578487
2004-04-13,121.57583,0.87456617
2004-04-14,122.79655,0.88334747
2004-04-15,124.01726,0.89212878
2004-04-16,125.23797,0.90091008
2004-04-17,126.45868,0.90969138
2004-04-18,127.6794,0.91847268
2004-04-19,128.90011,0.92725398
2004-04-20,130.12082,0.93603528
2004-04-21,131.34153,0.94481659
2004-04-22,132.56225,0.95359789
2004-04-23,130.62721,0.93967806
2004-04-24,128.69218,0.92575823
2004-04-25,126.75715,0.91183841
2004-04-26,124.82211,0.89791858
2004-04-27,122.88708,0.88399875
2004-04-28,120.95205,0.87007893
2004-04-29,119.01702,0.8561591
2004-04-30,117.08198,0.84223927
2004-05-01,115.14695,0.82831945
2004-05-02,113.21192,0.81439962
2004-05-03,111.27688,0.80047979
2004-05-04,109.34185,0.78655997
2004-05-05,107.40682,0.77264014
2004-05-06,105.47178,0.75872031
2004-05-07,106.93047,0.7692135
2004-05-08,108.38916,0.77970669
2004-05-09,109.84784,0.79019988
2004-05-10,111.30653,0.80069307
2004-05-11,112.76522,0.81118627
2004-05-12,114.22391,0.82167946
2004-05-13,115.68259,0.83217265
2004-05-14,117.14128,0.84266584
2004-05-15,118.59997,0.85315903
2004-05-16,120.05865,0.86365222
2004-05-17,121.51734,0.87414541
2004-05-18,122.97603,0.8846386
2004-05-19,124.43472,0.89513179
2004-05-20,125.8934,0.90562498
2004-05-21,128.62215,0.92525449
2004-05-22,131.3509,0.94488399
2004-05-23,134.07966,0.9645135
2004-05-24,136.80841,0.984143
2004-05-25,139.53716,1.0037725
2004-05-26,142.26591,1.023402
2004-05-27,144.99466,1.0430315
2004-05-28,147.72341,1.062661
2004-05-29,150.45216,1.0822905
2004-05-30,153.18091,1.10192
2004-05-31,155.90966,1.1215495
2004-06-01,158.63842,1.141179
2004-06-02,161.36717,1.1608085
2004-06-03,164.09592,1.180438
2004-06-04,161.19316,1.1595568
2004-06-05,158.29041,1.1386756
2004-06-06,155.38765,1.1177944
2004-06-07,152.48489,1.0969132
2004-06-08,149.58214,1.0760319
2004-06-09,146.67938,1.0551507
2004-06-10,143.77663,1.0342695
2004-06-11,140.87387,1.0133883
2004-06-12,137.97112,0.99250706
2004-06-13,135.06836,0.97162584
2004-06-14,132.16561,0.95074462
2004-06-15,129.26285,0.9298634
2004-06-16,126.3601,0.90898218
2004-06-17,123.45734,0.88810095
2004-06-18,125.81477,0.90505933
2004-06-19,128.1722,0.92201771
2004-06-20,130.52963,0.93897609
2004-06-21,132.88706,0.95593447
2004-06-22,135.24449,0.97289285
2004-06-23,137.60192,0.98985123
2004-06-24,139.95935,1.0068096
2004-06-25,142.31678,1.023768
2004-06-26,144.67421,1.0407264
2004-06-27,147.03164,1.0576847
2004-06-28,149.38908,1.0746431
2004-06-29,151.74651,1.0916015
2004-06-30,154.10394,1.1085599
2004-07-01,156.46137,1.1255183
2004-07-02,156.1097,1.1229885
2004-07-03,155.75804,1.1204588
2004-07-04,155.40637,1.1179291
2004-07-05,155.05471,1.1153993
2004-07-06,154.70304,1.1128696
2004-07-07,154.35138,1.1103399
2004-07-08,153.99971,1.1078101
2004-07-09,153.64805,1.1052804
2004-07-10,153.29638,1.1027507
2004-07-11,152.94472,1.1002209
2004-07-12,152.59305,1.0976912
2004-07-13,152.24139,1.0951615
2004-07-14,151.88972,1.0926317
2004-07-15,151.53806,1.090102
2004-07-16,154.23355,1.1094922
2004-07-17,156.92903,1.1288825
2004-07-18,159.62452,1.1482727
2004-07-19,162.32001,1.1676629
2004-07-20,165.0155,1.1870531
2004-07-21,167.71098,1.2064433
2004-07-22,170.40647,1.2258336
2004-07-23,173.10196,1.2452238
2004-07-24,175.79745,1.264614
2004-07-25,178.49293,1.2840042
2004-07-26,181.18842,1.3033944
2004-07-27,183.88391,1.3227847
2004-07-28,186.5794,1.3421749
2004-07-29,189.27488,1.3615651
2004-07-30,184.55375,1.3276032
2004-07-31,179.83262,1.2936414
2004-08-01,175.11149,1.2596795
2004-08-02,170.39036,1.2257176
2004-08-03,165.66923,1.1917558
2004-08-04,160.9481,1.1577939
2004-08-05,156.22697,1.1238321
2004-08-06,151.50583,1.0898702
2004-08-07,146.7847,1.0559083
2004-08-08,142.06357,1.0219465
2004-08-09,137.34244,0.98798462
2004-08-10,132.62131,0.95402276
2004-08-11,127.90018,0.9200609
2004-08-12,123.17905,0.88609904
2004-08-13,124.05725,0.89241648
2004-08-14,124.93546,0.89873392
2004-08-15,125.81366,0.90505135
2004-08-16,126.69187,0.91136879
2004-08-17,127.57007,0.91768623
2004-08-18,128.44827,0.92400367
2004-08-19,129.32648,0.93032111
2004-08-20,130.20468,0.93663855
2004-08-21,131.08289,0.94295599
2004-08-22,131.96109,0.94927343
2004-08-23,132.8393,0.95559087
2004-08-24,133.7175,0.96190831
2004-08-25,134.59571,0.96822575
2004-08-26,135.47391,0.97454319
2004-08-27,133.55203,0.960718
2004-08-28,131.63016,0.94689281
2004-08-29,129.70828,0.93306762
2004-08-30,127.7864,0.91924243
2004-08-31,125.86452,0.90541724
2004-09-01,123.94265,0.89159205
2004-09-02,122.02077,0.87776686
2004-09-03,120.09889,0.86394167
2004-09-04,118.17701,0.85011648
2004-09-05,116.25514,0.83629129
2004-09-06,114.33326,0.8224661
2004-09-07,112.41138,0.80864091
2004-09-08,110.4895,0.79481572
2004-09-09,108.56763,0.78099053
2004-09-10,105.28177,0.75735342
2004-09-11,101.99591,0.73371631
2004-09-12,98.71005,0.71007921
2004-09-13,95.424191,0.6864421
2004-09-14,92.138332,0.66280499
2004-09-15,88.852473,0.63916788
2004-09-16,85.566614,0.61553077
2004-09-17,82.280755,0.59189367
2004-09-18,78.994896,0.56825656
2004-09-19,75.709037,0.54461945
2004-09-20,72.423178,0.52098234
2004-09-21,69.13732,0.49734523
2004-09-22,65.851461,0.47370813
2004-09-23,62.565602,0.45007102
2004-09-24,62.691717,0.45097824
2004-09-25,62.817833,0.45188547
2004-09-26,62.943949,0.45279269
2004-09-27,63.070064,0.45369991
2004-09-28,63.19618,0.45460714
2004-09-29,63.322296,0.45551436
2004-09-30,63.448411,0.45642159
2004-10-01,63.574527,0.45732881
2004-10-02,63.700643,0.45823603
2004-10-03,63.826758,0.45914326
2004-10-04,63.952874,0.46005048
2004-10-05,64.07899,0.4609577
2004-10-06,64.205105,0.46186493
2004-10-07,64.331221,0.46277215
2004-10-08,62.851631,0.45212859
2004-10-09,61.37204,0.44148503
2004-10-10,59.89245,0.43084147
2004-10-11,58.412859,0.42019791
2004-10-12,56.933269,0.40955435
2004-10-13,55.453678,0.39891079
2004-10-14,53.974088,0.38826723
2004-10-15,52.494497,0.37762366
2004-10-16,51.014907,0.3669801
2004-10-17,49.535316,0.35633654
2004-10-18,48.055726,0.34569298
2004-10-19,46.576135,0.33504942
2004-10-20,45.096545,0.32440586
2004-10-21,43.616954,0.3137623
2004-10-22,41.879254,0.301262
2004-10-23,40.141553,0.2887617
2004-10-24,38.403853,0.27626141
2004-10-25,36.666152,0.26376111
2004-10-26,34.928452,0.25126081
2004-10-27,33.190751,0.23876051
2004-10-28,31.453051,0.22626022
2004-10-29,29.71535,0.21375992
2004-10-30,27.97765,0.20125962
2004-10-31,26.239949,0.18875932
2004-11-01,24.502249,0.17625903
2004-11-02,22.764548,0.16375873
2004-11-03,21.026848,0.15125843
2004-11-04,19.289147,0.13875814
2004-11-05,18.977636,0.13651725
2004-11-06,18.666125,0.13427637
2004-11-07,18.354614,0.13203549
2004-11-08,18.043103,0.12979461
2004-11-09,17.731592,0.12755373
2004-11-10,17.420081,0.12531285
2004-11-11,17.10857,0.12307197
2004-11-12,16.797059,0.12083109
2004-11-13,16.485548,0.1185902
2004-11-14,16.174037,0.11634932
2004-11-15,15.862526,0.11410844
2004-11-16,15.551015,0.11186756
2004-11-17,15.239504,0.10962668
2004-11-18,14.927993,0.1073858
2004-11-19,15.246703,0.10967847
2004-11-20,15.565413,0.11197113
2004-11-21,15.884123,0.1142638
2004-11-22,16.202832,0.11655646
2004-11-23,16.521542,0.11884913
2004-11-24,16.840252,0.1211418
2004-11-25,17.158962,0.12343446
2004-11-26,17.477671,0.12572713
2004-11-27,17.796381,0.12801979
2004-11-28,18.115091,0.13031246
2004-11-29,18.433801,0.13260513
2004-11-30,18.752511,0.13489779
2004-12-01,19.07122,0.13719046
2004-12-02,19.38993,0.13948312
2004-12-03,18.91638,0.1360766
2004-12-04,18.44283,0.13267008
2004-12-05,17.969279,0.12926355
2004-12-06,17.495729,0.12585703
2004-12-07,17.022179,0.1224505
2004-12-08,16.548629,0.11904398
2004-12-09,16.075078,0.11563745
2004-12-10,15.601528,0.11223093
2004-12-11,15.127978,0.1088244
2004-12-12,14.654428,0.10541788
2004-12-13,14.180877,0.10201136
2004-12-14,13.707327,0.098604832
2004-12-15,13.233777,0.095198307
2004-12-16,12.760226,0.091791783
2004-12-17,13.017397,0.09364176
2004-12-18,13.274567,0.095491736
2004-12-19,13.531737,0.097341713
2004-12-20,13.788908,0.099191689
2004-12-21,14.046078,0.10104167
2004-12-22,14.303248,0.10289164
2004-12-23,14.560419,0.10474162
2004-12-24,14.817589,0.1065916
2004-12-25,15.074759,0.10844157
2004-12-26,15.331929,0.11029155
2004-12-27,15.5891,0.11214153
2004-12-28,15.84627,0.1139915
2004-12-29,16.10344,0.11584148
2004-12-30,16.360611,0.11769146
2004-12-31,16.535756,0.11895138
2005-01-01,16.710901,0.1202113
2005-01-02,16.886046,0.12147122
2005-01-03,17.061191,0.12273114
2005-01-04,17.236336,0.12399106
2005-01-05,17.411481,0.12525098
2005-01-06,17.586627,0.12651091
2005-01-07,17.761772,0.12777083
2005-01-08,17.936917,0.12903075
2005-01-09,18.112062,0.13029067
2005-01-10,18.287207,0.13155059
2005-01-11,18.462352,0.13281051
2005-01-12,18.637497,0.13407044
2005-01-13,18.812643,0.13533036
2005-01-14,18.882254,0.13583111
2005-01-15,18.951866,0.13633187
2005-01-16,19.021477,0.13683263
2005-01-17,19.091089,0.13733338
2005-01-18,19.160701,0.13783414
2005-01-19,19.230312,0.1383349
2005-01-20,19.299924,0.13883566
2005-01-21,19.369535,0.13933641
2005-01-22,19.439147,0.13983717
2005-01-23,19.508759,0.14033793
2005-01-24,19.57837,0.14083868
2005-01-25,19.647982,0.14133944
2005-01-26,19.717593,0.1418402
2005-01-27,19.787205,0.14234096
2005-01-28,19.918093,0.14328251
2005-01-29,20.04898,0.14422406
2005-01-30,20.179868,0.14516561
2005-01-31,20.310755,0.14610716
2005-02-01,20.441643,0.14704871
2005-02-02,20.572531,0.14799026
2005-02-03,20.703418,0.14893181
2005-02-04,20.834306,0.14987336
2005-02-05,20.965193,0.15081492
2005-02-06,21.096081,0.15175647
2005-02-07,21.226969,0.15269802
2005-02-08,21.357856,0.15363957
2005-02-09,21.488744,0.15458112
2005-02-10,21.619631,0.15552267
2005-02-11,22.307972,0.16047431
2005-02-12,22.996312,0.16542594
2005-02-13,23.684652,0.17037758
2005-02-14,24.372993,0.17532921
2005-02-15,25.061333,0.18028085
2005-02-16,25.749673,0.18523248
2005-02-17,26.438013,0.19018412
2005-02-18,27.126354,0.19513575
2005-02-19,27.814694,0.20008739
2005-02-20,28.503034,0.20503902
2005-02-21,29.191375,0.20999066
2005-02-22,29.879715,0.21494229
2005-02-23,30.568055,0.21989393
2005-02-24,31.256396,0.22484556
2005-02-25,34.61161,0.24898158
2005-02-26,37.966825,0.27311761
2005-02-27,41.322039,0.29725363
2005-02-28,44.677254,0.32138966
2005-03-01,48.032468,0.34552568
2005-03-02,51.387683,0.3696617
2005-03-03,54.742898,0.39379773
2005-03-04,58.098112,0.41793375
2005-03-05,61.453327,0.44206977
2005-03-06,64.808541,0.4662058
2005-03-07,68.163756,0.49034182
2005-03-08,71.51897,0.51447784
2005-03-09,74.874185,0.53861387
2005-03-10,78.2294,0.56274989
2005-03-11,81.568139,0.5867674
2005-03-12,84.906879,0.61078491
2005-03-13,88.245618,0.63480242
2005-03-14,91.584358,0.65881993
2005-03-15,94.923097,0.68283744
2005-03-16,98.261837,0.70685495
2005-03-17,101.60058,0.73087246
2005-03-18,104.93932,0.75488997
2005-03-19,108.27806,0.77890748
2005-03-20,111.6168,0.80292498
2005-03-21,114.95553,0.82694249
2005-03-22,118.29427,0.85096
2005-03-23,121.63301,0.87497751
2005-03-24,124.97175,0.89899502
2005-03-25,123.51518,0.88851703
2005-03-26,122.0586,0.87803903
2005-03-27,120.60203,0.86756104
2005-03-28,119.14545,0.85708304
2005-03-29,117.68888,0.84660505
2005-03-30,116.23231,0.83612705
2005-03-31,114.77573,0.82564906
2005-04-01,113.31916,0.81517106
2005-04-02,111.86258,0.80469307
2005-04-03,110.40601,0.79421508
2005-04-04,108.94943,0.78373708
2005-04-05,107.49286,0.77325909
2005-04-06,106.03628,0.76278109
2005-04-07,104.57971,0.7523031
2005-04-08,107.19434,0.77111166
2005-04-09,109.80897,0.78992022
2005-04-10,112.4236,0.80872879
2005-04-11,115.03823,0.82753735
2005-04-12,117.65286,0.84634591
2005-04-13,120.26749,0.86515448
2005-04-14,122.88212,0.88396304
2005-04-15,125.49675,0.9027716
2005-04-16,128.11138,0.92158017
2005-04-17,130.72601,0.94038873
2005-04-18,133.34064,0.9591973
2005-04-19,135.95527,0.97800586
2005-04-20,138.5699,0.99681442
2005-04-21,141.18453,1.015623
2005-04-22,139.27808,1.0019088
2005-04-23,137.37164,0.98819469
2005-04-24,135.4652,0.97448055
2005-04-25,133.55876,0.9607664
2005-04-26,131.65232,0.94705226
2005-04-27,129.74588,0.93333811
2005-04-28,127.83944,0.91962397
2005-04-29,125.933,0.90590982
2005-04-30,124.02656,0.89219568
2005-05-01,122.12012,0.87848153
2005-05-02,120.21368,0.86476739
2005-05-03,118.30724,0.85105324
2005-05-04,116.4008,0.8373391
2005-05-05,114.49435,0.82362495
2005-05-06,119.73204,0.86130268
2005-05-07,124.96972,0.89898041
2005-05-08,130.20741,0.93665814
2005-05-09,135.44509,0.97433587
2005-05-10,140.68277,1.0120136
2005-05-11,145.92046,1.0496913
2005-05-12,151.15814,1.0873691
2005-05-13,156.39583,1.1250468
2005-05-14,161.63351,1.1627245
2005-05-15,166.8712,1.2004022
2005-05-16,172.10888,1.23808
2005-05-17,177.34656,1.2757577
2005-05-18,182.58425,1.3134354
2005-05-19,187.82193,1.3511132
2005-05-20,185.16058,1.3319685
2005-05-21,182.49922,1.3128238
2005-05-22,179.83787,1.2936791
2005-05-23,177.17652,1.2745344
2005-05-24,174.51516,1.2553898
2005-05-25,171.85381,1.2362451
2005-05-26,169.19245,1.2171004
2005-05-27,166.5311,1.1979557
2005-05-28,163.86974,1.1788111
2005-05-29,161.20839,1.1596664
2005-05-30,158.54704,1.1405217
2005-05-31,155.88568,1.121377
2005-06-01,153.22433,1.1022323
2005-06-02,150.56297,1.0830877
2005-06-03,154.79888,1.113559
2005-06-04,159.03478,1.1440303
2005-06-05,163.27069,1.1745017
2005-06-06,167.50659,1.204973
2005-06-07,171.74249,1.2354444
2005-06-08,175.9784,1.2659157
2005-06-09,180.2143,1.296387
2005-06-10,184.45021,1.3268584
2005-06-11,188.68611,1.3573297
2005-06-12,192.92201,1.387801
2005-06-13,197.15792,1.4182724
2005-06-14,201.39382,1.4487437
2005-06-15,205.62973,1.4792151
2005-06-16,209.86563,1.5096864
2005-06-17,204.68026,1.472385
2005-06-18,199.49489,1.4350836
2005-06-19,194.30952,1.3977822
2005-06-20,189.12415,1.3604808
2005-06-21,183.93878,1.3231794
2005-06-22,178.75341,1.285878
2005-06-23,173.56804,1.2485766
2005-06-24,168.38267,1.2112752
2005-06-25,163.19731,1.1739738
2005-06-26,158.01194,1.1366724
2005-06-27,152.82657,1.099371
2005-06-28,147.6412,1.0620696
2005-06-29,142.45583,1.0247682
2005-06-30,137.27046,0.98746681
2005-07-01,138.18793,0.99406675
2005-07-02,139.10541,1.0006667
2005-07-03,140.02289,1.0072666
2005-07-04,140.94036,1.0138666
2005-07-05,141.85784,1.0204665
2005-07-06,142.77531,1.0270665
2005-07-07,143.69279,1.0336664
2005-07-08,144.61026,1.0402663
2005-07-09,145.52774,1.0468663
2005-07-10,146.44522,1.0534662
2005-07-11,147.36269,1.0600662
2005-07-12,148.28017,1.0666661
2005-07-13,149.19764,1.073266
2005-07-14,150.11512,1.079866
2005-07-15,150.01718,1.0791615
2005-07-16,149.91925,1.078457
2005-07-17,149.82131,1.0777525
2005-07-18,149.72338,1.077048
2005-07-19,149.62544,1.0763434
2005-07-20,149.52751,1.0756389
2005-07-21,149.42957,1.0749344
2005-07-22,149.33164,1.0742299
2005-07-23,149.2337,1.0735254
2005-07-24,149.13576,1.0728209
2005-07-25,149.03783,1.0721164
2005-07-26,148.93989,1.0714119
2005-07-27,148.84196,1.0707074
2005-07-28,148.74402,1.0700029
2005-07-29,145.96018,1.049977
2005-07-30,143.17633,1.0299512
2005-07-31,140.39249,1.0099254
2005-08-01,137.60864,0.98989957
2005-08-02,134.8248,0.96987374
2005-08-03,132.04095,0.94984792
2005-08-04,129.25711,0.92982209
2005-08-05,126.47326,0.90979626
2005-08-06,123.68942,0.88977044
2005-08-07,120.90557,0.86974461
2005-08-08,118.12173,0.84971878
2005-08-09,115.33788,0.82969296
2005-08-10,112.55404,0.80966713
2005-08-11,109.77019,0.78964131
2005-08-12,112.14476,0.80672291
2005-08-13,114.51932,0.82380452
2005-08-14,116.89388,0.84088613
2005-08-15,119.26844,0.85796773
2005-08-16,121.643,0.87504934
2005-08-17,124.01756,0.89213095
2005-08-18,126.39212,0.90921255
2005-08-19,128.76668,0.92629416
2005-08-20,131.14124,0.94337577
2005-08-21,133.5158,0.96045737
2005-08-22,135.89036,0.97753898
2005-08-23,138.26492,0.99462059
2005-08-24,140.63949,1.0117022
2005-08-25,143.01405,1.0287838
2005-08-26,140.83827,1.0131322
2005-08-27,138.6625,0.99748058
2005-08-28,136.48673,0.98182896
2005-08-29,134.31095,0.96617735
2005-08-30,132.13518,0.95052573
2005-08-31,129.95941,0.93487412
2005-09-01,127.78363,0.91922251
2005-09-02,125.60786,0.90357089
2005-09-03,123.43208,0.88791928
2005-09-04,121.25631,0.87226767
2005-09-05,119.08054,0.85661605
2005-09-06,116.90476,0.84096444
2005-09-07,114.72899,0.82531283
2005-09-08,112.55322,0.80966121
2005-09-09,110.34574,0.79378157
2005-09-10,108.13827,0.77790192
2005-09-11,105.9308,0.76202227
2005-09-12,103.72332,0.74614263
2005-09-13,101.51585,0.73026298
2005-09-14,99.308379,0.71438333
2005-09-15,97.100906,0.69850369
2005-09-16,94.893433,0.68262404
2005-09-17,92.68596,0.6667444
2005-09-18,90.478487,0.65086475
2005-09-19,88.271014,0.6349851
2005-09-20,86.063541,0.61910546
2005-09-21,83.856068,0.60322581
2005-09-22,81.648595,0.58734616
2005-09-23,82.269261,0.59181098
2005-09-24,82.889927,0.5962758
2005-09-25,83.510593,0.60074061
2005-09-26,84.13126,0.60520543
2005-09-27,84.751926,0.60967024
2005-09-28,85.372592,0.61413506
2005-09-29,85.993258,0.61859987
2005-09-30,86.613924,0.62306469
2005-10-01,87.234591,0.62752951
2005-10-02,87.855257,0.63199432
2005-10-03,88.475923,0.63645914
2005-10-04,89.096589,0.64092395
2005-10-05,89.717256,0.64538877
2005-10-06,90.337922,0.64985358
2005-10-07,88.046802,0.63337222
2005-10-08,85.755682,0.61689085
2005-10-09,83.464563,0.60040949
2005-10-10,81.173443,0.58392812
2005-10-11,78.882323,0.56744675
2005-10-12,76.591204,0.55096539
2005-10-13,74.300084,0.53448402
2005-10-14,72.008964,0.51800266
2005-10-15,69.717845,0.50152129
2005-10-16,67.426725,0.48503993
2005-10-17,65.135605,0.46855856
2005-10-18,62.844486,0.45207719
2005-10-19,60.553366,0.43559583
2005-10-20,58.262246,0.41911446
2005-10-21,57.109953,0.41082534
2005-10-22,55.95766,0.40253622
2005-10-23,54.805367,0.39424711
2005-10-24,53.653074,0.38595799
2005-10-25,52.500781,0.37766887
2005-10-26,51.348488,0.36937975
2005-10-27,50.196195,0.36109063
2005-10-28,49.043901,0.35280151
2005-10-29,47.891608,0.34451239
2005-10-30,46.739315,0.33622327
2005-10-31,45.587022,0.32793415
2005-11-01,44.434729,0.31964503
2005-11-02,43.282436,0.31135591
2005-11-03,42.130143,0.30306679
2005-11-04,40.139148,0.2887444
2005-11-05,38.148153,0.27442201
2005-11-06,36.157159,0.26009962
2005-11-07,34.166164,0.24577723
2005-11-08,32.175169,0.23145484
2005-11-09,30.184174,0.21713244
2005-11-10,28.193179,0.20281005
2005-11-11,26.202185,0.18848766
2005-11-12,24.21119,0.17416527
2005-11-13,22.220195,0.15984288
2005-11-14,20.2292,0.14552049
2005-11-15,18.238206,0.13119809
2005-11-16,16.247211,0.1168757
2005-11-17,14.256216,0.10255331
2005-11-18,14.324221,0.10304251
2005-11-19,14.392227,0.10353172
2005-11-20,14.460232,0.10402092
2005-11-21,14.528237,0.10451012
2005-11-22,14.596243,0.10499932
2005-11-23,14.664248,0.10548853
2005-11-24,14.732253,0.10597773
2005-11-25,14.800259,0.10646693
2005-11-26,14.868264,0.10695613
2005-11-27,14.936269,0.10744533
2005-11-28,15.004275,0.10793454
2005-11-29,15.07228,0.10842374
2005-11-30,15.140285,0.10891294
2005-12-01,15.208291,0.10940214
2005-12-02,14.61905,0.10516339
2005-12-03,14.02981,0.10092464
2005-12-04,13.440569,0.096685886
2005-12-05,12.851329,0.092447134
2005-12-06,12.262088,0.088208382
2005-12-07,11.672848,0.08396963
2005-12-08,11.083607,0.079730877
2005-12-09,10.494367,0.075492125
2005-12-10,9.905126,0.071253373
2005-12-11,9.3158854,0.06701462
2005-12-12,8.7266449,0.062775868
2005-12-13,8.1374044,0.058537116
2005-12-14,7.5481638,0.054298364
2005-12-15,6.9589233,0.050059611
2005-12-16,7.5039939,0.053980623
2005-12-17,8.0490645,0.057901635
2005-12-18,8.5941351,0.061822647
2005-12-19,9.1392057,0.065743659
2005-12-20,9.6842763,0.069664672
2005-12-21,10.229347,0.073585684
2005-12-22,10.774417,0.077506696
2005-12-23,11.319488,0.081427708
2005-12-24,11.864559,0.08534872
2005-12-25,12.409629,0.089269732
2005-12-26,12.9547,0.093190744
2005-12-27,13.49977,0.097111756
2005-12-28,14.044841,0.10103277
2005-12-29,14.589912,0.10495378
2005-12-30,14.722681,0.10590887
2005-12-31,14.85545,0.10686395
2006-01-01,14.98822,0.10781904
2006-01-02,15.120989,0.10877413
2006-01-03,15.253758,0.10972922
2006-01-04,15.386528,0.1106843
2006-01-05,15.519297,0.11163939
2006-01-06,15.652066,0.11259448
2006-01-07,15.784836,0.11354957
2006-01-08,15.917605,0.11450466
2006-01-09,16.050374,0.11545974
2006-01-10,16.183144,0.11641483
2006-01-11,16.315913,0.11736992
2006-01-12,16.448682,0.11832501
2006-01-13,16.687307,0.12004157
2006-01-14,16.925931,0.12175814
2006-01-15,17.164556,0.1234747
2006-01-16,17.40318,0.12519127
2006-01-17,17.641805,0.12690783
2006-01-18,17.880429,0.1286244
2006-01-19,18.119054,0.13034096
2006-01-20,18.357678,0.13205753
2006-01-21,18.596303,0.1337741
2006-01-22,18.834927,0.13549066
2006-01-23,19.073552,0.13720723
2006-01-24,19.312176,0.13892379
2006-01-25,19.5508,0.14064036
2006-01-26,19.789425,0.14235692
2006-01-27,20.162188,0.14503843
2006-01-28,20.534951,0.14771993
2006-01-29,20.907714,0.15040143
2006-01-30,21.280476,0.15308293
2006-01-31,21.653239,0.15576443
2006-02-01,22.026002,0.15844594
2006-02-02,22.398765,0.16112744
2006-02-03,22.771528,0.16380894
2006-02-04,23.144291,0.16649044
2006-02-05,23.517054,0.16917194
2006-02-06,23.889817,0.17185344
2006-02-07,24.26258,0.17453495
2006-02-08,24.635342,0.17721645
2006-02-09,25.008105,0.17989795
2006-02-10,26.501987,0.19064431
2006-02-11,27.995868,0.20139068
2006-02-12,29.489749,0.21213704
2006-02-13,30.983631,0.2228834
2006-02-14,32.477512,0.23362977
2006-02-15,33.971393,0.24437613
2006-02-16,35.465275,0.25512249
2006-02-17,36.959156,0.26586886
2006-02-18,38.453038,0.27661522
2006-02-19,39.946919,0.28736159
2006-02-20,41.4408,0.29810795
2006-02-21,42.934682,0.30885431
2006-02-22,44.428563,0.31960068
2006-02-23,45.922444,0.33034704
2006-02-24,45.7019,0.32876054
2006-02-25,45.481356,0.32717403
2006-02-26,45.260812,0.32558753
2006-02-27,45.040268,0.32400103
2006-02-28,44.819724,0.32241453
2006-03-01,44.59918,0.32082802
2006-03-02,44.378636,0.31924152
2006-03-03,44.158091,0.31765502
2006-03-04,43.937547,0.31606851
2006-03-05,43.717003,0.31448201
2006-03-06,43.496459,0.31289551
2006-03-07,43.275915,0.311309
2006-03-08,43.055371,0.3097225
2006-03-09,42.834827,0.308136
2006-03-10,45.837065,0.32973285
2006-03-11,48.839303,0.35132971
2006-03-12,51.84154,0.37292656
2006-03-13,54.843778,0.39452342
2006-03-14,57.846016,0.41612027
2006-03-15,60.848254,0.43771713
2006-03-16,63.850492,0.45931398
2006-03-17,66.852729,0.48091084
2006-03-18,69.854967,0.5025077
2006-03-19,72.857205,0.52410455
2006-03-20,75.859443,0.54570141
2006-03-21,78.861681,0.56729826
2006-03-22,81.863919,0.58889512
2006-03-23,84.866156,0.61049197
2006-03-24,85.424091,0.61450552
2006-03-25,85.982026,0.61851908
2006-03-26,86.539961,0.62253263
2006-03-27,87.097896,0.62654618
2006-03-28,87.655831,0.63055973
2006-03-29,88.213766,0.63457329
2006-03-30,88.771701,0.63858684
2006-03-31,89.329636,0.64260039
2006-04-01,89.887571,0.64661395
2006-04-02,90.445506,0.6506275
2006-04-03,91.003441,0.65464105
2006-04-04,91.561375,0.6586546
2006-04-05,92.11931,0.66266816
2006-04-06,92.677245,0.66668171
2006-04-07,95.599355,0.68770216
2006-04-08,98.521465,0.7087226
2006-04-09,101.44357,0.72974305
2006-04-10,104.36568,0.75076349
2006-04-11,107.28779,0.77178394
2006-04-12,110.2099,0.79280439
2006-04-13,113.13201,0.81382483
2006-04-14,116.05412,0.83484528
2006-04-15,118.97623,0.85586573
2006-04-16,121.89834,0.87688617
2006-04-17,124.82045,0.89790662
2006-04-18,127.74256,0.91892707
2006-04-19,130.66467,0.93994751
2006-04-20,133.58678,0.96096796
2006-04-21,136.2792,0.98033607
2006-04-22,138.97161,0.99970418
2006-04-23,141.66402,1.0190723
2006-04-24,144.35644,1.0384404
2006-04-25,147.04885,1.0578085
2006-04-26,149.74126,1.0771766
2006-04-27,152.43368,1.0965447
2006-04-28,155.12609,1.1159128
2006-04-29,157.81851,1.135281
2006-04-30,160.51092,1.1546491
2006-05-01,163.20333,1.1740172
2006-05-02,165.89575,1.1933853
2006-05-03,168.58816,1.2127534
2006-05-04,171.28058,1.2321215
2006-05-05,168.93872,1.2152751
2006-05-06,166.59686,1.1984288
2006-05-07,164.255,1.1815824
2006-05-08,161.91314,1.1647361
2006-05-09,159.57128,1.1478897
2006-05-10,157.22942,1.1310433
2006-05-11,154.88756,1.114197
2006-05-12,152.54571,1.0973506
2006-05-13,150.20385,1.0805042
2006-05-14,147.86199,1.0636579
2006-05-15,145.52013,1.0468115
2006-05-16,143.17827,1.0299652
2006-05-17,140.83641,1.0131188
2006-05-18,138.49455,0.99627243
2006-05-19,142.06159,1.0219322
2006-05-20,145.62863,1.0475921
2006-05-21,149.19567,1.0732519
2006-05-22,152.76272,1.0989117
2006-05-23,156.32976,1.1245715
2006-05-24,159.8968,1.1502313
2006-05-25,163.46384,1.1758911
2006-05-26,167.03088,1.2015509
2006-05-27,170.59792,1.2272108
2006-05-28,174.16496,1.2528706
2006-05-29,177.732,1.2785304
2006-05-30,181.29904,1.3041902
2006-05-31,184.86608,1.32985
2006-06-01,188.43312,1.3555098
2006-06-02,188.38954,1.3551963
2006-06-03,188.34597,1.3548828
2006-06-04,188.30239,1.3545694
2006-06-05,188.25881,1.3542559
2006-06-06,188.21523,1.3539424
2006-06-07,188.17165,1.3536289
2006-06-08,188.12807,1.3533154
2006-06-09,188.08449,1.3530019
2006-06-10,188.04091,1.3526884
2006-06-11,187.99733,1.3523749
2006-06-12,187.95376,1.3520615
2006-06-13,187.91018,1.351748
2006-06-14,187.8666,1.3514345
2006-06-15,187.82302,1.351121
2006-06-16,188.49132,1.3559285
2006-06-17,189.15963,1.360736
2006-06-18,189.82793,1.3655435
2006-06-19,190.49623,1.370351
2006-06-20,191.16453,1.3751585
2006-06-21,191.83284,1.379966
2006-06-22,192.50114,1.3847735
2006-06-23,193.16944,1.3895809
2006-06-24,193.83775,1.3943884
2006-06-25,194.50605,1.3991959
2006-06-26,195.17435,1.4040034
2006-06-27,195.84265,1.4088109
2006-06-28,196.51096,1.4136184
2006-06-29,197.17926,1.4184259
2006-06-30,196.93467,1.4166664
2006-07-01,196.69007,1.4149069
2006-07-02,196.44548,1.4131474
2006-07-03,196.20089,1.4113879
2006-07-04,195.95629,1.4096284
2006-07-05,195.7117,1.4078689
2006-07-06,195.46711,1.4061094
2006-07-07,195.22251,1.4043499
2006-07-08,194.97792,1.4025904
2006-07-09,194.73332,1.4008309
2006-07-10,194.48873,1.3990714
2006-07-11,194.24414,1.3973119
2006-07-12,193.99954,1.3955523
2006-07-13,193.75495,1.3937928
2006-07-14,187.97646,1.3522248
2006-07-15,182.19798,1.3106568
2006-07-16,176.41949,1.2690887
2006-07-17,170.64101,1.2275207
2006-07-18,164.86252,1.1859527
2006-07-19,159.08403,1.1443846
2006-07-20,153.30555,1.1028166
2006-07-21,147.52706,1.0612486
2006-07-22,141.74858,1.0196805
2006-07-23,135.97009,0.97811251
2006-07-24,130.19161,0.93654447
2006-07-25,124.41312,0.89497644
2006-07-26,118.63463,0.85340841
2006-07-27,112.85615,0.81184037
2006-07-28,113.62258,0.8173538
2006-07-29,114.38902,0.82286723
2006-07-30,115.15546,0.82838065
2006-07-31,115.92189,0.83389408
2006-08-01,116.68833,0.83940751
2006-08-02,117.45477,0.84492093
2006-08-03,118.2212,0.85043436
2006-08-04,118.98764,0.85594779
2006-08-05,119.75408,0.86146121
2006-08-06,120.52051,0.86697464
2006-08-07,121.28695,0.87248807
2006-08-08,122.05339,0.87800149
2006-08-09,122.81982,0.88351492
2006-08-10,123.58626,0.88902835
2006-08-11,122.29095,0.87971045
2006-08-12,120.99565,0.87039256
2006-08-13,119.70034,0.86107467
2006-08-14,118.40504,0.85175678
2006-08-15,117.10973,0.84243889
2006-08-16,115.81443,0.833121
2006-08-17,114.51912,0.82380311
2006-08-18,113.22381,0.81448521
2006-08-19,111.92851,0.80516732
2006-08-20,110.6332,0.79584943
2006-08-21,109.3379,0.78653154
2006-08-22,108.04259,0.77721365
2006-08-23,106.74729,0.76789576
2006-08-24,105.45198,0.75857787
2006-08-25,106.80442,0.76830675
2006-08-26,108.15686,0.77803564
2006-08-27,109.5093,0.78776453
2006-08-28,110.86174,0.79749341
2006-08-29,112.21418,0.8072223
2006-08-30,113.56662,0.81695119
2006-08-31,114.91905,0.82668007
2006-09-01,116.27149,0.83640896
2006-09-02,117.62393,0.84613784
2006-09-03,118.97637,0.85586673
2006-09-04,120.32881,0.86559562
2006-09-05,121.68125,0.8753245
2006-09-06,123.03369,0.88505339
2006-09-07,124.38613,0.89478228
2006-09-08,122.45327,0.88087809
2006-09-09,120.52041,0.86697391
2006-09-10,118.58755,0.85306973
2006-09-11,116.6547,0.83916555
2006-09-12,114.72184,0.82526137
2006-09-13,112.78898,0.81135718
2006-09-14,110.85612,0.797453
2006-09-15,108.92326,0.78354882
2006-09-16,106.9904,0.76964464
2006-09-17,105.05754,0.75574046
2006-09-18,103.12469,0.74183627
2006-09-19,101.19183,0.72793209
2006-09-20,99.25897,0.71402791
2006-09-21,97.326112,0.70012373
2006-09-22,95.885049,0.68975732
2006-09-23,94.443987,0.67939091
2006-09-24,93.002924,0.66902451
2006-09-25,91.561862,0.6586581
2006-09-26,90.120799,0.64829169
2006-09-27,88.679737,0.63792529
2006-09-28,87.238674,0.62755888
2006-09-29,85.797612,0.61719248
2006-09-30,84.356549,0.60682607
2006-10-01,82.915487,0.59645966
2006-10-02,81.474424,0.58609326
2006-10-03,80.033362,0.57572685
2006-10-04,78.5923,0.56536044
2006-10-05,77.151237,0.55499404
2006-10-06,75.825149,0.54545471
2006-10-07,74.499062,0.53591539
2006-10-08,73.172974,0.52637606
2006-10-09,71.846886,0.51683673
2006-10-10,70.520798,0.50729741
2006-10-11,69.194711,0.49775808
2006-10-12,67.868623,0.48821876
2006-10-13,66.542535,0.47867943
2006-10-14,65.216448,0.46914011
2006-10-15,63.89036,0.45960078
2006-10-16,62.564272,0.45006145
2006-10-17,61.238184,0.44052213
2006-10-18,59.912097,0.4309828
2006-10-19,58.586009,0.42144348
2006-10-20,56.668269,0.40764805
2006-10-21,54.750529,0.39385262
2006-10-22,52.832788,0.38005719
2006-10-23,50.915048,0.36626176
2006-10-24,48.997308,0.35246634
2006-10-25,47.079568,0.33867091
2006-10-26,45.161828,0.32487548
2006-10-27,43.244088,0.31108005
2006-10-28,41.326348,0.29728462
2006-10-29,39.408607,0.2834892
2006-10-30,37.490867,0.26969377
2006-10-31,35.573127,0.25589834
2006-11-01,33.655387,0.24210291
2006-11-02,31.737647,0.22830748
2006-11-03,31.833376,0.22899612
2006-11-04,31.929105,0.22968476
2006-11-05,32.024835,0.23037339
2006-11-06,32.120564,0.23106203
2006-11-07,32.216293,0.23175067
2006-11-08,32.312022,0.2324393
2006-11-09,32.407752,0.23312794
2006-11-10,32.503481,0.23381658
2006-11-11,32.59921,0.23450521
2006-11-12,32.69494,0.23519385
2006-11-13,32.790669,0.23588249
2006-11-14,32.886398,0.23657112
2006-11-15,32.982127,0.23725976
2006-11-16,33.077857,0.2379484
2006-11-17,32.632194,0.23474249
2006-11-18,32.186532,0.23153658
2006-11-19,31.74087,0.22833067
2006-11-20,31.295207,0.22512476
2006-11-21,30.849545,0.22191885
2006-11-22,30.403883,0.21871294
2006-11-23,29.958221,0.21550703
2006-11-24,29.512558,0.21230112
2006-11-25,29.066896,0.20909521
2006-11-26,28.621234,0.2058893
2006-11-27,28.175571,0.20268339
2006-11-28,27.729909,0.19947748
2006-11-29,27.284247,0.19627157
2006-11-30,26.838584,0.19306566
2006-12-01,26.516334,0.19074752
2006-12-02,26.194083,0.18842938
2006-12-03,25.871833,0.18611125
2006-12-04,25.549582,0.18379311
2006-12-05,25.227331,0.18147497
2006-12-06,24.905081,0.17915683
2006-12-07,24.58283,0.1768387
2006-12-08,24.26058,0.17452056
2006-12-09,23.938329,0.17220242
2006-12-10,23.616078,0.16988428
2006-12-11,23.293828,0.16756615
2006-12-12,22.971577,0.16524801
2006-12-13,22.649327,0.16292987
2006-12-14,22.327076,0.16061173
2006-12-15,22.120861,0.15912831
2006-12-16,21.914646,0.15764488
2006-12-17,21.708431,0.15616146
2006-12-18,21.502216,0.15467803
2006-12-19,21.296001,0.15319461
2006-12-20,21.089786,0.15171118
2006-12-21,20.883571,0.15022776
2006-12-22,20.677356,0.14874433
2006-12-23,20.471141,0.14726091
2006-12-24,20.264926,0.14577748
2006-12-25,20.058711,0.14429406
2006-12-26,19.852496,0.14281063
2006-12-27,19.646281,0.14132721
2006-12-28,19.440066,0.13984378
2006-12-29,19.755418,0.14211229
2006-12-30,20.070769,0.1443808
2006-12-31,20.386121,0.14664931
2007-01-01,20.701472,0.14891782
2007-01-02,21.016824,0.15118632
2007-01-03,21.332176,0.15345483
2007-01-04,21.647527,0.15572334
2007-01-05,21.962879,0.15799185
2007-01-06,22.27823,0.16026036
2007-01-07,22.593582,0.16252887
2007-01-08,22.908933,0.16479738
2007-01-09,23.224285,0.16706588
2007-01-10,23.539636,0.16933439
2007-01-11,23.854988,0.1716029
2007-01-12,23.93427,0.17217322
2007-01-13,24.013552,0.17274355
2007-01-14,24.092834,0.17331387
2007-01-15,24.172116,0.17388419
2007-01-16,24.251398,0.17445451
2007-01-17,24.33068,0.17502483
2007-01-18,24.409962,0.17559516
2007-01-19,24.489245,0.17616548
2007-01-20,24.568527,0.1767358
2007-01-21,24.647809,0.17730612
2007-01-22,24.727091,0.17787645
2007-01-23,24.806373,0.17844677
2007-01-24,24.885655,0.17901709
2007-01-25,24.964937,0.17958741
2007-01-26,25.691276,0.18481239
2007-01-27,26.417615,0.19003737
2007-01-28,27.143953,0.19526236
2007-01-29,27.870292,0.20048734
2007-01-30,28.596631,0.20571232
2007-01-31,29.32297,0.2109373
2007-02-01,30.049309,0.21616228
2007-02-02,30.775647,0.22138726
2007-02-03,31.501986,0.22661224
2007-02-04,32.228325,0.23183722
2007-02-05,32.954664,0.2370622
2007-02-06,33.681003,0.24228718
2007-02-07,34.407342,0.24751216
2007-02-08,35.13368,0.25273714
2007-02-09,35.461579,0.25509591
2007-02-10,35.789477,0.25745467
2007-02-11,36.117375,0.25981343
2007-02-12,36.445273,0.2621722
2007-02-13,36.773172,0.26453096
2007-02-14,37.10107,0.26688973
2007-02-15,37.428968,0.26924849
2007-02-16,37.756866,0.27160726
2007-02-17,38.084765,0.27396602
2007-02-18,38.412663,0.27632478
2007-02-19,38.740561,0.27868355
2007-02-20,39.06846,0.28104231
2007-02-21,39.396358,0.28340108
2007-02-22,39.724256,0.28575984
2007-02-23,42.246835,0.30390623
2007-02-24,44.769414,0.32205262
2007-02-25,47.291993,0.340199
2007-02-26,49.814571,0.35834539
2007-02-27,52.33715,0.37649178
2007-02-28,54.859729,0.39463816
2007-03-01,57.382308,0.41278455
2007-03-02,59.904887,0.43093094
2007-03-03,62.427466,0.44907732
2007-03-04,64.950044,0.46722371
2007-03-05,67.472623,0.4853701
2007-03-06,69.995202,0.50351649
2007-03-07,72.517781,0.52166287
2007-03-08,75.04036,0.53980926
2007-03-09,78.68885,0.56605499
2007-03-10,82.33734,0.59230071
2007-03-11,85.985829,0.61854643
2007-03-12,89.634319,0.64479216
2007-03-13,93.282809,0.67103788
2007-03-14,96.931299,0.69728361
2007-03-15,100.57979,0.72352933
2007-03-16,104.22828,0.74977506
2007-03-17,107.87677,0.77602078
2007-03-18,111.52526,0.80226651
2007-03-19,115.17375,0.82851223
2007-03-20,118.82224,0.85475796
2007-03-21,122.47073,0.88100368
2007-03-22,126.11922,0.90724941
2007-03-23,128.60775,0.92515085
2007-03-24,131.09628,0.9430523
2007-03-25,133.5848,0.96095374
2007-03-26,136.07333,0.97885519
2007-03-27,138.56186,0.99675663
2007-03-28,141.05039,1.0146581
2007-03-29,143.53892,1.0325595
2007-03-30,146.02745,1.050461
2007-03-31,148.51598,1.0683624
2007-04-01,151.00451,1.0862639
2007-04-02,153.49303,1.1041653
2007-04-03,155.98156,1.1220667
2007-04-04,158.47009,1.1399682
2007-04-05,160.95862,1.1578696
2007-04-06,165.28752,1.1890099
2007-04-07,169.61642,1.2201502
2007-04-08,173.94531,1.2512905
2007-04-09,178.27421,1.2824308
2007-04-10,182.60311,1.3135711
2007-04-11,186.93201,1.3447114
2007-04-12,191.26091,1.3758517
2007-04-13,195.5898,1.406992
2007-04-14,199.9187,1.4381323
2007-04-15,204.2476,1.4692726
2007-04-16,208.5765,1.5004129
2007-04-17,212.9054,1.5315532
2007-04-18,217.23429,1.5626935
2007-04-19,221.56319,1.5938338
2007-04-20,218.83637,1.5742182
2007-04-21,216.10954,1.5546025
2007-04-22,213.38271,1.5349868
2007-04-23,210.65589,1.5153712
2007-04-24,207.92906,1.4957555
2007-04-25,205.20224,1.4761399
2007-04-26,202.47541,1.4565242
2007-04-27,199.74859,1.4369086
2007-04-28,197.02176,1.4172929
2007-04-29,194.29493,1.3976773
2007-04-30,191.56811,1.3780616
2007-05-01,188.84128,1.358446
2007-05-02,186.11446,1.3388303
2007-05-03,183.38763,1.3192147
2007-05-04,184.71704,1.3287779
2007-05-05,186.04645,1.3383411
2007-05-06,187.37586,1.3479043
2007-05-07,188.70527,1.3574676
2007-05-08,190.03468,1.3670308
2007-05-09,191.36409,1.376594
2007-05-10,192.6935,1.3861572
2007-05-11,194.02292,1.3957205
2007-05-12,195.35233,1.4052837
2007-05-13,196.68174,1.4148469
2007-05-14,198.01115,1.4244102
2007-05-15,199.34056,1.4339734
2007-05-16,200.66997,1.4435366
2007-05-17,201.99938,1.4530998
2007-05-18,202.81478,1.4589655
2007-05-19,203.63018,1.4648312
2007-05-20,204.44558,1.4706968
2007-05-21,205.26098,1.4765625
2007-05-22,206.07639,1.4824281
2007-05-23,206.89179,1.4882938
2007-05-24,207.70719,1.4941595
2007-05-25,208.52259,1.5000251
2007-05-26,209.33799,1.5058908
2007-05-27,210.15339,1.5117565
2007-05-28,210.9688,1.5176221
2007-05-29,211.7842,1.5234878
2007-05-30,212.5996,1.5293534
2007-05-31,213.415,1.5352191
2007-06-01,211.75979,1.5233122
2007-06-02,210.10457,1.5114052
2007-06-03,208.44936,1.4994983
2007-06-04,206.79414,1.4875914
2007-06-05,205.13893,1.4756845
2007-06-06,203.48372,1.4637776
2007-06-07,201.8285,1.4518706
2007-06-08,200.17329,1.4399637
2007-06-09,198.51807,1.4280568
2007-06-10,196.86286,1.4161499
2007-06-11,195.20765,1.4042429
2007-06-12,193.55243,1.392336
2007-06-13,191.89722,1.3804291
2007-06-14,190.242,1.3685222
2007-06-15,187.8838,1.3515582
2007-06-16,185.52559,1.3345943
2007-06-17,183.16739,1.3176303
2007-06-18,180.80919,1.3006664
2007-06-19,178.45098,1.2837024
2007-06-20,176.09278,1.2667385
2007-06-21,173.73457,1.2497745
2007-06-22,171.37637,1.2328106
2007-06-23,169.01817,1.2158467
2007-06-24,166.65996,1.1988827
2007-06-25,164.30176,1.1819188
2007-06-26,161.94355,1.1649548
2007-06-27,159.58535,1.1479909
2007-06-28,157.22714,1.1310269
2007-06-29,159.95283,1.1506344
2007-06-30,162.67852,1.1702419
2007-07-01,165.40421,1.1898494
2007-07-02,168.1299,1.2094568
2007-07-03,170.85559,1.2290643
2007-07-04,173.58127,1.2486718
2007-07-05,176.30696,1.2682793
2007-07-06,179.03265,1.2878867
2007-07-07,181.75834,1.3074942
2007-07-08,184.48403,1.3271017
2007-07-09,187.20972,1.3467091
2007-07-10,189.93541,1.3663166
2007-07-11,192.66109,1.3859241
2007-07-12,195.38678,1.4055316
2007-07-13,193.28658,1.3904236
2007-07-14,191.18637,1.3753156
2007-07-15,189.08617,1.3602076
2007-07-16,186.98597,1.3450996
2007-07-17,184.88576,1.3299916
2007-07-18,182.78556,1.3148836
2007-07-19,180.68535,1.2997756
2007-07-20,178.58515,1.2846676
2007-07-21,176.48495,1.2695596
2007-07-22,174.38474,1.2544516
2007-07-23,172.28454,1.2393436
2007-07-24,170.18433,1.2242356
2007-07-25,168.08413,1.2091276
2007-07-26,165.98393,1.1940196
2007-07-27,163.62122,1.1770232
2007-07-28,161.25851,1.1600269
2007-07-29,158.8958,1.1430306
2007-07-30,156.53309,1.1260342
2007-07-31,154.17038,1.1090379
2007-08-01,151.80767,1.0920415
2007-08-02,149.44497,1.0750452
2007-08-03,147.08226,1.0580488
2007-08-04,144.71955,1.0410525
2007-08-05,142.35684,1.0240561
2007-08-06,139.99413,1.0070598
2007-08-07,137.63142,0.99006344
2007-08-08,135.26871,0.97306709
2007-08-09,132.90601,0.95607075
2007-08-10,133.33514,0.95915779
2007-08-11,133.76428,0.96224484
2007-08-12,134.19342,0.96533188
2007-08-13,134.62256,0.96841893
2007-08-14,135.0517,0.97150598
2007-08-15,135.48084,0.97459302
2007-08-16,135.90998,0.97768007
2007-08-17,136.33912,0.98076711
2007-08-18,136.76825,0.98385416
2007-08-19,137.19739,0.98694121
2007-08-20,137.62653,0.99002825
2007-08-21,138.05567,0.9931153
2007-08-22,138.48481,0.99620234
2007-08-23,138.91395,0.99928939
2007-08-24,136.07763,0.97888608
2007-08-25,133.24131,0.95848278
2007-08-26,130.40499,0.93807947
2007-08-27,127.56867,0.91767616
2007-08-28,124.73235,0.89727286
2007-08-29,121.89603,0.87686955
2007-08-30,119.05971,0.85646624
2007-08-31,116.22339,0.83606293
2007-09-01,113.38707,0.81565963
2007-09-02,110.55075,0.79525632
2007-09-03,107.71443,0.77485301
2007-09-04,104.87811,0.75444971
2007-09-05,102.0418,0.7340464
2007-09-06,99.205476,0.71364309
2007-09-07,98.826017,0.71091342
2007-09-08,98.446558,0.70818375
2007-09-09,98.067099,0.70545408
2007-09-10,97.68764,0.70272441
2007-09-11,97.308182,0.69999475
2007-09-12,96.928723,0.69726508
2007-09-13,96.549264,0.69453541
2007-09-14,96.169805,0.69180574
2007-09-15,95.790346,0.68907607
2007-09-16,95.410887,0.6863464
2007-09-17,95.031429,0.68361673
2007-09-18,94.65197,0.68088706
2007-09-19,94.272511,0.67815739
2007-09-20,93.893052,0.67542772
2007-09-21,92.47448,0.6652231
2007-09-22,91.055909,0.65501848
2007-09-23,89.637337,0.64481387
2007-09-24,88.218765,0.63460925
2007-09-25,86.800193,0.62440463
2007-09-26,85.381622,0.61420001
2007-09-27,83.96305,0.6039954
2007-09-28,82.544478,0.59379078
2007-09-29,81.125907,0.58358616
2007-09-30,79.707335,0.57338155
2007-10-01,78.288763,0.56317693
2007-10-02,76.870191,0.55297231
2007-10-03,75.45162,0.54276769
2007-10-04,74.033048,0.53256308
2007-10-05,71.098501,0.51145316
2007-10-06,68.163953,0.49034324
2007-10-07,65.229406,0.46923332
2007-10-08,62.294858,0.4481234
2007-10-09,59.360311,0.42701348
2007-10-10,56.425763,0.40590357
2007-10-11,53.491216,0.38479365
2007-10-12,50.556668,0.36368373
2007-10-13,47.622121,0.34257381
2007-10-14,44.687574,0.32146389
2007-10-15,41.753026,0.30035397
2007-10-16,38.818479,0.27924405
2007-10-17,35.883931,0.25813414
2007-10-18,32.949384,0.23702422
2007-10-19,31.876274,0.22930471
2007-10-20,30.803165,0.22158521
2007-10-21,29.730055,0.2138657
2007-10-22,28.656945,0.20614619
2007-10-23,27.583836,0.19842669
2007-10-24,26.510726,0.19070718
2007-10-25,25.437617,0.18298768
2007-10-26,24.364507,0.17526817
2007-10-27,23.291397,0.16754866
2007-10-28,22.218288,0.15982916
2007-10-29,21.145178,0.15210965
2007-10-30,20.072068,0.14439014
2007-10-31,18.998959,0.13667064
2007-11-01,17.925849,0.12895113
2007-11-02,18.154647,0.13059701
2007-11-03,18.383446,0.13224289
2007-11-04,18.612244,0.13388877
2007-11-05,18.841042,0.13553465
2007-11-06,19.06984,0.13718053
2007-11-07,19.298639,0.13882641
2007-11-08,19.527437,0.14047229
2007-11-09,19.756235,0.14211817
2007-11-10,19.985033,0.14376405
2007-11-11,20.213831,0.14540993
2007-11-12,20.44263,0.14705581
2007-11-13,20.671428,0.14870169
2007-11-14,20.900226,0.15034757
2007-11-15,21.129024,0.15199345
2007-11-16,20.981062,0.15092907
2007-11-17,20.833101,0.1498647
2007-11-18,20.685139,0.14880032
2007-11-19,20.537177,0.14773594
2007-11-20,20.389215,0.14667157
2007-11-21,20.241253,0.14560719
2007-11-22,20.093292,0.14454282
2007-11-23,19.94533,0.14347844
2007-11-24,19.797368,0.14241406
2007-11-25,19.649406,0.14134969
2007-11-26,19.501444,0.14028531
2007-11-27,19.353483,0.13922094
2007-11-28,19.205521,0.13815656
2007-11-29,19.057559,0.13709218
2007-11-30,18.879942,0.13581448
2007-12-01,18.702325,0.13453678
2007-12-02,18.524708,0.13325907
2007-12-03,18.347091,0.13198137
2007-12-04,18.169474,0.13070367
2007-12-05,17.991857,0.12942596
2007-12-06,17.81424,0.12814826
2007-12-07,17.636623,0.12687056
2007-12-08,17.459006,0.12559285
2007-12-09,17.281389,0.12431515
2007-12-10,17.103771,0.12303745
2007-12-11,16.926154,0.12175974
2007-12-12,16.748537,0.12048204
2007-12-13,16.57092,0.11920434
2007-12-14,16.681406,0.11999913
2007-12-15,16.791892,0.12079392
2007-12-16,16.902378,0.12158871
2007-12-17,17.012864,0.1223835
2007-12-18,17.12335,0.12317829
2007-12-19,17.233836,0.12397308
2007-12-20,17.344322,0.12476787
2007-12-21,17.454808,0.12556266
2007-12-22,17.565294,0.12635745
2007-12-23,17.67578,0.12715224
2007-12-24,17.786266,0.12794703
2007-12-25,17.896752,0.12874182
2007-12-26,18.007238,0.12953661
2007-12-27,18.117724,0.1303314
2007-12-28,18.859533,0.13566767
2007-12-29,19.601342,0.14100393
2007-12-30,20.343151,0.1463402
2007-12-31,21.08496,0.15167647
2008-01-01,21.826769,0.15701273
2008-01-02,22.568578,0.162349
2008-01-03,23.310387,0.16768526
2008-01-04,24.052196,0.17302153
2008-01-05,24.794005,0.1783578
2008-01-06,25.535814,0.18369406
2008-01-07,26.277623,0.18903033
2008-01-08,27.019431,0.1943666
2008-01-09,27.76124,0.19970286
2008-01-10,28.503049,0.20503913
2008-01-11,29.064928,0.20908105
2008-01-12,29.626807,0.21312297
2008-01-13,30.188685,0.2171649
2008-01-14,30.750564,0.22120682
2008-01-15,31.312443,0.22524874
2008-01-16,31.874321,0.22929066
2008-01-17,32.4362,0.23333259
2008-01-18,32.998079,0.23737451
2008-01-19,33.559957,0.24141643
2008-01-20,34.121836,0.24545835
2008-01-21,34.683715,0.24950028
2008-01-22,35.245594,0.2535422
2008-01-23,35.807472,0.25758412
2008-01-24,36.369351,0.26162604
2008-01-25,36.705449,0.26404379
2008-01-26,37.041546,0.26646154
2008-01-27,37.377644,0.26887929
2008-01-28,37.713742,0.27129703
2008-01-29,38.049839,0.27371478
2008-01-30,38.385937,0.27613253
2008-01-31,38.722035,0.27855028
2008-02-01,39.058132,0.28096802
2008-02-02,39.39423,0.28338577
2008-02-03,39.730328,0.28580352
2008-02-04,40.066425,0.28822126
2008-02-05,40.402523,0.29063901
2008-02-06,40.738621,0.29305676
2008-02-07,41.074718,0.29547451
2008-02-08,42.307157,0.30434016
2008-02-09,43.539596,0.31320581
2008-02-10,44.772034,0.32207147
2008-02-11,46.004473,0.33093712
2008-02-12,47.236912,0.33980278
2008-02-13,48.469351,0.34866843
2008-02-14,49.701789,0.35753408
2008-02-15,50.934228,0.36639974
2008-02-16,52.166667,0.37526539
2008-02-17,53.399106,0.38413104
2008-02-18,54.631544,0.3929967
2008-02-19,55.863983,0.40186235
2008-02-20,57.096422,0.410728
2008-02-21,58.32886,0.41959366
2008-02-22,59.040944,0.42471609
2008-02-23,59.753028,0.42983853
2008-02-24,60.465111,0.43496096
2008-02-25,61.177195,0.4400834
2008-02-26,61.889279,0.44520583
2008-02-27,62.601362,0.45032827
2008-02-28,63.313446,0.4554507
2008-02-29,64.02553,0.46057314
2008-03-01,64.737613,0.46569557
2008-03-02,65.449697,0.47081801
2008-03-03,66.161781,0.47594044
2008-03-04,66.873864,0.48106287
2008-03-05,67.585948,0.48618531
2008-03-06,68.298032,0.49130774
2008-03-07,70.934645,0.51027445
2008-03-08,73.571258,0.52924115
2008-03-09,76.207871,0.54820785
2008-03-10,78.844484,0.56717455
2008-03-11,81.481097,0.58614126
2008-03-12,84.11771,0.60510796
2008-03-13,86.754323,0.62407466
2008-03-14,89.390936,0.64304136
2008-03-15,92.02755,0.66200807
2008-03-16,94.664163,0.68097477
2008-03-17,97.300776,0.69994147
2008-03-18,99.937389,0.71890817
2008-03-19,102.574,0.73787488
2008-03-20,105.21062,0.75684158
2008-03-21,104.17148,0.7493665
2008-03-22,103.13235,0.74189142
2008-03-23,102.09322,0.73441634
2008-03-24,101.05409,0.72694126
2008-03-25,100.01496,0.71946618
2008-03-26,98.975828,0.7119911
2008-03-27,97.936697,0.70451602
2008-03-28,96.897566,0.69704094
2008-03-29,95.858434,0.68956587
2008-03-30,94.819303,0.68209079
2008-03-31,93.780172,0.67461571
2008-04-01,92.741041,0.66714063
2008-04-02,91.70191,0.65966555
2008-04-03,90.662779,0.65219047
2008-04-04,93.365826,0.67163507
2008-04-05,96.068873,0.69107967
2008-04-06,98.77192,0.71052427
2008-04-07,101.47497,0.72996887
2008-04-08,104.17801,0.74941348
2008-04-09,106.88106,0.76885808
2008-04-10,109.58411,0.78830268
2008-04-11,112.28716,0.80774728
2008-04-12,114.9902,0.82719188
2008-04-13,117.69325,0.84663648
2008-04-14,120.3963,0.86608108
2008-04-15,123.09934,0.88552568
2008-04-16,125.80239,0.90497029
2008-04-17,128.50544,0.92441489
2008-04-18,134.77902,0.96954442
2008-04-19,141.0526,1.014674
2008-04-20,147.32618,1.0598035
2008-04-21,153.59976,1.104933
2008-04-22,159.87334,1.1500626
2008-04-23,166.14692,1.1951921
2008-04-24,172.4205,1.2403216
2008-04-25,178.69408,1.2854512
2008-04-26,184.96766,1.3305807
2008-04-27,191.24124,1.3757103
2008-04-28,197.51482,1.4208398
2008-04-29,203.7884,1.4659693
2008-04-30,210.06198,1.5110989
2008-05-01,216.33556,1.5562284
2008-05-02,212.37223,1.5277178
2008-05-03,208.4089,1.4992073
2008-05-04,204.44556,1.4706967
2008-05-05,200.48223,1.4421861
2008-05-06,196.5189,1.4136756
2008-05-07,192.55557,1.385165
2008-05-08,188.59224,1.3566544
2008-05-09,184.62891,1.3281439
2008-05-10,180.66557,1.2996333
2008-05-11,176.70224,1.2711227
2008-05-12,172.73891,1.2426122
2008-05-13,168.77558,1.2141016
2008-05-14,164.81225,1.185591
2008-05-15,160.84891,1.1570805
2008-05-16,165.42366,1.1899893
2008-05-17,169.99841,1.2228981
2008-05-18,174.57315,1.2558069
2008-05-19,179.1479,1.2887158
2008-05-20,183.72264,1.3216246
2008-05-21,188.29739,1.3545334
2008-05-22,192.87214,1.3874422
2008-05-23,197.44688,1.4203511
2008-05-24,202.02163,1.4532599
2008-05-25,206.59637,1.4861687
2008-05-26,211.17112,1.5190775
2008-05-27,215.74586,1.5519864
2008-05-28,220.32061,1.5848952
2008-05-29,224.89536,1.617804
2008-05-30,221.90472,1.5962907
2008-05-31,218.91409,1.5747773
2008-06-01,215.92346,1.5532639
2008-06-02,212.93283,1.5317506
2008-06-03,209.9422,1.5102372
2008-06-04,206.95157,1.4887238
2008-06-05,203.96093,1.4672105
2008-06-06,200.9703,1.4456971
2008-06-07,197.97967,1.4241837
2008-06-08,194.98904,1.4026704
2008-06-09,191.99841,1.381157
2008-06-10,189.00778,1.3596436
2008-06-11,186.01714,1.3381303
2008-06-12,183.02651,1.3166169
2008-06-13,184.68073,1.3285167
2008-06-14,186.33495,1.3404164
2008-06-15,187.98916,1.3523162
2008-06-16,189.64338,1.3642159
2008-06-17,191.2976,1.3761157
2008-06-18,192.95181,1.3880154
2008-06-19,194.60603,1.3999152
2008-06-20,196.26025,1.4118149
2008-06-21,197.91446,1.4237147
2008-06-22,199.56868,1.4356144
2008-06-23,201.2229,1.4475141
2008-06-24,202.87711,1.4594139
2008-06-25,204.53133,1.4713136
2008-06-26,206.18555,1.4832134
2008-06-27,201.88487,1.4522761
2008-06-28,197.58419,1.4213388
2008-06-29,193.28352,1.3904016
2008-06-30,188.98284,1.3594643
2008-07-01,184.68217,1.328527
2008-07-02,180.38149,1.2975897
2008-07-03,176.08082,1.2666524
2008-07-04,171.78014,1.2357152
2008-07-05,167.47946,1.2047779
2008-07-06,163.17879,1.1738406
2008-07-07,158.87811,1.1429033
2008-07-08,154.57744,1.1119661
2008-07-09,150.27676,1.0810288
2008-07-10,145.97609,1.0500915
2008-07-11,148.91668,1.0712449
2008-07-12,151.85727,1.0923983
2008-07-13,154.79787,1.1135517
2008-07-14,157.73846,1.1347051
2008-07-15,160.67906,1.1558586
2008-07-16,163.61965,1.177012
2008-07-17,166.56024,1.1981654
2008-07-18,169.50084,1.2193188
2008-07-19,172.44143,1.2404722
2008-07-20,175.38202,1.2616256
2008-07-21,178.32262,1.282779
2008-07-22,181.26321,1.3039325
2008-07-23,184.20381,1.3250859
2008-07-24,187.1444,1.3462393
2008-07-25,184.52437,1.3273919
2008-07-26,181.90434,1.3085445
2008-07-27,179.28431,1.2896971
2008-07-28,176.66429,1.2708497
2008-07-29,174.04426,1.2520023
2008-07-30,171.42423,1.2331549
2008-07-31,168.8042,1.2143075
2008-08-01,166.18417,1.1954601
2008-08-02,163.56414,1.1766127
2008-08-03,160.94412,1.1577653
2008-08-04,158.32409,1.1389179
2008-08-05,155.70406,1.1200705
2008-08-06,153.08403,1.1012231
2008-08-07,150.464,1.0823757
2008-08-08,149.90985,1.0783893
2008-08-09,149.35569,1.074403
2008-08-10,148.80154,1.0704166
2008-08-11,148.24739,1.0664303
2008-08-12,147.69323,1.0624439
2008-08-13,147.13908,1.0584576
2008-08-14,146.58492,1.0544712
2008-08-15,146.03077,1.0504848
2008-08-16,145.47661,1.0464985
2008-08-17,144.92246,1.0425121
2008-08-18,144.3683,1.0385258
2008-08-19,143.81415,1.0345394
2008-08-20,143.26,1.0305531
2008-08-21,142.70584,1.0265667
2008-08-22,140.20108,1.0085485
2008-08-23,137.69632,0.99053025
2008-08-24,135.19155,0.97251202
2008-08-25,132.68679,0.95449379
2008-08-26,130.18203,0.93647556
2008-08-27,127.67726,0.91845733
2008-08-28,125.1725,0.9004391
2008-08-29,122.66774,0.88242087
2008-08-30,120.16297,0.86440264
2008-08-31,117.65821,0.84638441
2008-09-01,115.15345,0.82836618
2008-09-02,112.64868,0.81034795
2008-09-03,110.14392,0.79232973
2008-09-04,107.63916,0.7743115
2008-09-05,105.62976,0.75985672
2008-09-06,103.62036,0.74540195
2008-09-07,101.61096,0.73094718
2008-09-08,99.601566,0.7164924
2008-09-09,97.592168,0.70203763
2008-09-10,95.582771,0.68758286
2008-09-11,93.573373,0.67312808
2008-09-12,91.563976,0.65867331
2008-09-13,89.554578,0.64421854
2008-09-14,87.545181,0.62976376
2008-09-15,85.535783,0.61530899
2008-09-16,83.526386,0.60085422
2008-09-17,81.516988,0.58639944
2008-09-18,79.507591,0.57194467
2008-09-19,79.201887,0.56974556
2008-09-20,78.896183,0.56754645
2008-09-21,78.590479,0.56534735
2008-09-22,78.284775,0.56314824
2008-09-23,77.979071,0.56094913
2008-09-24,77.673367,0.55875002
2008-09-25,77.367663,0.55655091
2008-09-26,77.061959,0.55435181
2008-09-27,76.756255,0.5521527
2008-09-28,76.450551,0.54995359
2008-09-29,76.144847,0.54775448
2008-09-30,75.839143,0.54555538
2008-10-01,75.533439,0.54335627
2008-10-02,75.227735,0.54115716
2008-10-03,73.86274,0.53133795
2008-10-04,72.497744,0.52151874
2008-10-05,71.132749,0.51169953
2008-10-06,69.767753,0.50188032
2008-10-07,68.402758,0.4920611
2008-10-08,67.037763,0.48224189
2008-10-09,65.672767,0.47242268
2008-10-10,64.307772,0.46260347
2008-10-11,62.942777,0.45278426
2008-10-12,61.577781,0.44296505
2008-10-13,60.212786,0.43314584
2008-10-14,58.847791,0.42332663
2008-10-15,57.482795,0.41350741
2008-10-16,56.1178,0.4036882
2008-10-17,54.94626,0.39526063
2008-10-18,53.77472,0.38683306
2008-10-19,52.603181,0.37840549
2008-10-20,51.431641,0.36997792
2008-10-21,50.260101,0.36155035
2008-10-22,49.088562,0.35312278
2008-10-23,47.917022,0.3446952
2008-10-24,46.745482,0.33626763
2008-10-25,45.573942,0.32784006
2008-10-26,44.402403,0.31941249
2008-10-27,43.230863,0.31098492
2008-10-28,42.059323,0.30255735
2008-10-29,40.887784,0.29412978
2008-10-30,39.716244,0.2857022
2008-10-31,38.531229,0.2771777
2008-11-01,37.346215,0.2686532
2008-11-02,36.1612,0.26012869
2008-11-03,34.976185,0.25160419
2008-11-04,33.791171,0.24307968
2008-11-05,32.606156,0.23455518
2008-11-06,31.421142,0.22603068
2008-11-07,30.236127,0.21750617
2008-11-08,29.051112,0.20898167
2008-11-09,27.866098,0.20045716
2008-11-10,26.681083,0.19193266
2008-11-11,25.496069,0.18340816
2008-11-12,24.311054,0.17488365
2008-11-13,23.12604,0.16635915
2008-11-14,22.884026,0.1646182
2008-11-15,22.642012,0.16287725
2008-11-16,22.399998,0.1611363
2008-11-17,22.157984,0.15939536
2008-11-18,21.91597,0.15765441
2008-11-19,21.673956,0.15591346
2008-11-20,21.431942,0.15417251
2008-11-21,21.189928,0.15243157
2008-11-22,20.947914,0.15069062
2008-11-23,20.7059,0.14894967
2008-11-24,20.463886,0.14720872
2008-11-25,20.221873,0.14546777
2008-11-26,19.979859,0.14372683
2008-11-27,19.737845,0.14198588
2008-11-28,19.123234,0.13756463
2008-11-29,18.508624,0.13314337
2008-11-30,17.894014,0.12872212
2008-12-01,17.279403,0.12430087
2008-12-02,16.664793,0.11987962
2008-12-03,16.050182,0.11545836
2008-12-04,15.435572,0.11103711
2008-12-05,14.820962,0.10661586
2008-12-06,14.206351,0.10219461
2008-12-07,13.591741,0.097773353
2008-12-08,12.977131,0.093352101
2008-12-09,12.36252,0.088930848
2008-12-10,11.74791,0.084509596
2008-12-11,11.133299,0.080088344
2008-12-12,11.359379,0.081714663
2008-12-13,11.585458,0.083340982
2008-12-14,11.811537,0.084967302
2008-12-15,12.037616,0.086593621
2008-12-16,12.263695,0.088219941
2008-12-17,12.489774,0.08984626
2008-12-18,12.715853,0.09147258
2008-12-19,12.941932,0.093098899
2008-12-20,13.168011,0.094725219
2008-12-21,13.394091,0.096351538
2008-12-22,13.62017,0.097977858
2008-12-23,13.846249,0.099604177
2008-12-24,14.072328,0.1012305
2008-12-25,14.298407,0.10285682
2008-12-26,15.243961,0.10965874
2008-12-27,16.189515,0.11646067
2008-12-28,17.135069,0.12326259
2008-12-29,18.080624,0.13006452
2008-12-30,19.026178,0.13686644
2008-12-31,19.971732,0.14366836
2009-01-01,20.917286,0.15047029
2009-01-02,21.86284,0.15727221
2009-01-03,22.808394,0.16407414
2009-01-04,23.753948,0.17087606
2009-01-05,24.699502,0.17767799
2009-01-06,25.645057,0.18447991
2009-01-07,26.590611,0.19128184
2009-01-08,27.536165,0.19808376
2009-01-09,27.173588,0.19547553
2009-01-10,26.811011,0.1928673
2009-01-11,26.448434,0.19025908
2009-01-12,26.085857,0.18765085
2009-01-13,25.72328,0.18504262
2009-01-14,25.360703,0.18243439
2009-01-15,24.998126,0.17982616
2009-01-16,24.635549,0.17721793
2009-01-17,24.272972,0.1746097
2009-01-18,23.910394,0.17200147
2009-01-19,23.547817,0.16939324
2009-01-20,23.18524,0.16678501
2009-01-21,22.822663,0.16417679
2009-01-22,22.460086,0.16156856
2009-01-23,23.496701,0.16902554
2009-01-24,24.533317,0.17648252
2009-01-25,25.569932,0.18393949
2009-01-26,26.606547,0.19139647
2009-01-27,27.643162,0.19885345
2009-01-28,28.679777,0.20631043
2009-01-29,29.716392,0.21376741
2009-01-30,30.753007,0.22122439
2009-01-31,31.789622,0.22868137
2009-02-01,32.826237,0.23613835
2009-02-02,33.862852,0.24359533
2009-02-03,34.899467,0.25105231
2009-02-04,35.936083,0.25850929
2009-02-05,36.972698,0.26596627
2009-02-06,37.329976,0.26853638
2009-02-07,37.687254,0.27110649
2009-02-08,38.044532,0.2736766
2009-02-09,38.40181,0.27624671
2009-02-10,38.759087,0.27881682
2009-02-11,39.116365,0.28138693
2009-02-12,39.473643,0.28395704
2009-02-13,39.830921,0.28652715
2009-02-14,40.188199,0.28909726
2009-02-15,40.545477,0.29166737
2009-02-16,40.902755,0.29423748
2009-02-17,41.260033,0.29680759
2009-02-18,41.617311,0.2993777
2009-02-19,41.974589,0.30194781
2009-02-20,42.617323,0.30657136
2009-02-21,43.260056,0.31119492
2009-02-22,43.90279,0.31581848
2009-02-23,44.545523,0.32044204
2009-02-24,45.188257,0.3250656
2009-02-25,45.83099,0.32968916
2009-02-26,46.473724,0.33431271
2009-02-27,47.116457,0.33893627
2009-02-28,47.759191,0.34355983
2009-03-01,48.401924,0.34818339
2009-03-02,49.044658,0.35280695
2009-03-03,49.687391,0.35743051
2009-03-04,50.330125,0.36205407
2009-03-05,50.972858,0.36667762
2009-03-06,52.983861,0.38114395
2009-03-07,54.994865,0.39561027
2009-03-08,57.005868,0.4100766
2009-03-09,59.016871,0.42454292
2009-03-10,61.027875,0.43900925
2009-03-11,63.038878,0.45347557
2009-03-12,65.049881,0.4679419
2009-03-13,67.060884,0.48240822
2009-03-14,69.071888,0.49687455
2009-03-15,71.082891,0.51134087
2009-03-16,73.093894,0.52580719
2009-03-17,75.104898,0.54027352
2009-03-18,77.115901,0.55473984
2009-03-19,79.126904,0.56920617
2009-03-20,86.227027,0.62028151
2009-03-21,93.327151,0.67135686
2009-03-22,100.42727,0.7224322
2009-03-23,107.5274,0.77350755
2009-03-24,114.62752,0.82458289
2009-03-25,121.72764,0.87565824
2009-03-26,128.82777,0.92673358
2009-03-27,135.92789,0.97780893
2009-03-28,143.02801,1.0288843
2009-03-29,150.12814,1.0799596
2009-03-30,157.22826,1.131035
2009-03-31,164.32838,1.1821103
2009-04-01,171.42851,1.2331857
2009-04-02,178.52863,1.284261
2009-04-03,178.36809,1.2831061
2009-04-04,178.20754,1.2819512
2009-04-05,178.047,1.2807964
2009-04-06,177.88646,1.2796415
2009-04-07,177.72592,1.2784866
2009-04-08,177.56537,1.2773317
2009-04-09,177.40483,1.2761769
2009-04-10,177.24429,1.275022
2009-04-11,177.08375,1.2738671
2009-04-12,176.9232,1.2727122
2009-04-13,176.76266,1.2715573
2009-04-14,176.60212,1.2704025
2009-04-15,176.44157,1.2692476
2009-04-16,176.28103,1.2680927
2009-04-17,175.79272,1.26458
2009-04-18,175.30441,1.2610673
2009-04-19,174.81609,1.2575546
2009-04-20,174.32778,1.2540418
2009-04-21,173.83947,1.2505291
2009-04-22,173.35116,1.2470164
2009-04-23,172.86284,1.2435037
2009-04-24,172.37453,1.239991
2009-04-25,171.88622,1.2364782
2009-04-26,171.39791,1.2329655
2009-04-27,170.90959,1.2294528
2009-04-28,170.42128,1.2259401
2009-04-29,169.93297,1.2224274
2009-04-30,169.44465,1.2189146
2009-05-01,172.30788,1.2395115
2009-05-02,175.17111,1.2601084
2009-05-03,178.03433,1.2807052
2009-05-04,180.89756,1.3013021
2009-05-05,183.76078,1.3218989
2009-05-06,186.62401,1.3424958
2009-05-07,189.48723,1.3630927
2009-05-08,192.35046,1.3836895
2009-05-09,195.21369,1.4042864
2009-05-10,198.07691,1.4248832
2009-05-11,200.94014,1.4454801
2009-05-12,203.80336,1.466077
2009-05-13,206.66659,1.4866738
2009-05-14,209.52981,1.5072707
2009-05-15,205.33359,1.4770848
2009-05-16,201.13736,1.4468988
2009-05-17,196.94113,1.4167129
2009-05-18,192.7449,1.386527
2009-05-19,188.54867,1.356341
2009-05-20,184.35245,1.3261551
2009-05-21,180.15622,1.2959692
2009-05-22,175.95999,1.2657833
2009-05-23,171.76376,1.2355973
2009-05-24,167.56753,1.2054114
2009-05-25,163.3713,1.1752255
2009-05-26,159.17508,1.1450396
2009-05-27,154.97885,1.1148536
2009-05-28,150.78262,1.0846677
2009-05-29,151.73212,1.091498
2009-05-30,152.68162,1.0983283
2009-05-31,153.63112,1.1051586
2009-06-01,154.58062,1.1119889
2009-06-02,155.53012,1.1188192
2009-06-03,156.47962,1.1256495
2009-06-04,157.42912,1.1324798
2009-06-05,158.37861,1.1393101
2009-06-06,159.32811,1.1461404
2009-06-07,160.27761,1.1529708
2009-06-08,161.22711,1.1598011
2009-06-09,162.17661,1.1666314
2009-06-10,163.12611,1.1734617
2009-06-11,164.07561,1.180292
2009-06-12,163.23716,1.1742605
2009-06-13,162.39871,1.168229
2009-06-14,161.56026,1.1621976
2009-06-15,160.72181,1.1561661
2009-06-16,159.88336,1.1501346
2009-06-17,159.0449,1.1441032
2009-06-18,158.20645,1.1380717
2009-06-19,157.368,1.1320402
2009-06-20,156.52955,1.1260087
2009-06-21,155.6911,1.1199773
2009-06-22,154.85265,1.1139458
2009-06-23,154.0142,1.1079143
2009-06-24,153.17575,1.1018829
2009-06-25,152.3373,1.0958514
2009-06-26,153.50737,1.1042685
2009-06-27,154.67745,1.1126855
2009-06-28,155.84753,1.1211026
2009-06-29,157.01761,1.1295196
2009-06-30,158.18769,1.1379367
2009-07-01,159.35776,1.1463537
2009-07-02,160.52784,1.1547708
2009-07-03,161.69792,1.1631878
2009-07-04,162.868,1.1716049
2009-07-05,164.03807,1.1800219
2009-07-06,165.20815,1.188439
2009-07-07,166.37823,1.1968561
2009-07-08,167.54831,1.2052731
2009-07-09,168.71839,1.2136902
2009-07-10,169.55013,1.2196734
2009-07-11,170.38187,1.2256566
2009-07-12,171.21362,1.2316398
2009-07-13,172.04536,1.2376231
2009-07-14,172.8771,1.2436063
2009-07-15,173.70885,1.2495895
2009-07-16,174.54059,1.2555727
2009-07-17,175.37234,1.2615559
2009-07-18,176.20408,1.2675391
2009-07-19,177.03582,1.2735224
2009-07-20,177.86757,1.2795056
2009-07-21,178.69931,1.2854888
2009-07-22,179.53105,1.291472
2009-07-23,180.3628,1.2974552
2009-07-24,181.2926,1.3041439
2009-07-25,182.2224,1.3108325
2009-07-26,183.1522,1.3175211
2009-07-27,184.08201,1.3242097
2009-07-28,185.01181,1.3308983
2009-07-29,185.94161,1.3375869
2009-07-30,186.87141,1.3442755
2009-07-31,187.80122,1.3509641
2009-08-01,188.73102,1.3576528
2009-08-02,189.66082,1.3643414
2009-08-03,190.59062,1.37103
2009-08-04,191.52042,1.3777186
2009-08-05,192.45023,1.3844072
2009-08-06,193.38003,1.3910958
2009-08-07,192.01077,1.381246
2009-08-08,190.64152,1.3713961
2009-08-09,189.27227,1.3615463
2009-08-10,187.90301,1.3516964
2009-08-11,186.53376,1.3418466
2009-08-12,185.1645,1.3319967
2009-08-13,183.79525,1.3221469
2009-08-14,182.426,1.312297
2009-08-15,181.05674,1.3024472
2009-08-16,179.68749,1.2925974
2009-08-17,178.31823,1.2827475
2009-08-18,176.94898,1.2728977
2009-08-19,175.57973,1.2630478
2009-08-20,174.21047,1.253198
2009-08-21,170.67827,1.2277888
2009-08-22,167.14606,1.2023795
2009-08-23,163.61386,1.1769703
2009-08-24,160.08166,1.1515611
2009-08-25,156.54945,1.1261519
2009-08-26,153.01725,1.1007427
2009-08-27,149.48504,1.0753335
2009-08-28,145.95284,1.0499242
2009-08-29,142.42063,1.024515
2009-08-30,138.88843,0.99910582
2009-08-31,135.35622,0.9736966
2009-09-01,131.82402,0.94828739
2009-09-02,128.29182,0.92287817
2009-09-03,124.75961,0.89746896
2009-09-04,124.17549,0.89326704
2009-09-05,123.59137,0.88906511
2009-09-06,123.00725,0.88486319
2009-09-07,122.42313,0.88066126
2009-09-08,121.83901,0.87645934
2009-09-09,121.25489,0.87225742
2009-09-10,120.67077,0.86805549
2009-09-11,120.08664,0.86385357
2009-09-12,119.50252,0.85965165
2009-09-13,118.9184,0.85544972
2009-09-14,118.33428,0.8512478
2009-09-15,117.75016,0.84704587
2009-09-16,117.16604,0.84284395
2009-09-17,116.58192,0.83864203
2009-09-18,112.54374,0.80959303
2009-09-19,108.50556,0.78054403
2009-09-20,104.46738,0.75149503
2009-09-21,100.4292,0.72244603
2009-09-22,96.391015,0.69339703
2009-09-23,92.352835,0.66434803
2009-09-24,88.314654,0.63529903
2009-09-25,84.276473,0.60625003
2009-09-26,80.238292,0.57720103
2009-09-27,76.200112,0.54815203
2009-09-28,72.161931,0.51910304
2009-09-29,68.12375,0.49005404
2009-09-30,64.085569,0.46100504
2009-10-01,60.047389,0.43195604
2009-10-02,58.677488,0.42210154
2009-10-03,57.307588,0.41224705
2009-10-04,55.937688,0.40239255
2009-10-05,54.567787,0.39253806
2009-10-06,53.197887,0.38268356
2009-10-07,51.827987,0.37282907
2009-10-08,50.458087,0.36297457
2009-10-09,49.088186,0.35312008
2009-10-10,47.718286,0.34326558
2009-10-11,46.348386,0.33341109
2009-10-12,44.978485,0.32355659
2009-10-13,43.608585,0.31370209
2009-10-14,42.238685,0.3038476
2009-10-15,40.868784,0.2939931
2009-10-16,40.776659,0.29333039
2009-10-17,40.684534,0.29266768
2009-10-18,40.592409,0.29200497
2009-10-19,40.500284,0.29134226
2009-10-20,40.408159,0.29067955
2009-10-21,40.316034,0.29001684
2009-10-22,40.223909,0.28935413
2009-10-23,40.131783,0.28869142
2009-10-24,40.039658,0.28802871
2009-10-25,39.947533,0.287366
2009-10-26,39.855408,0.28670329
2009-10-27,39.763283,0.28604058
2009-10-28,39.671158,0.28537787
2009-10-29,39.579033,0.28471516
2009-10-30,39.582466,0.28473987
2009-10-31,39.5859,0.28476457
2009-11-01,39.589334,0.28478927
2009-11-02,39.592768,0.28481397
2009-11-03,39.596201,0.28483867
2009-11-04,39.599635,0.28486337
2009-11-05,39.603069,0.28488807
2009-11-06,39.606503,0.28491277
2009-11-07,39.609937,0.28493747
2009-11-08,39.61337,0.28496217
2009-11-09,39.616804,0.28498688
2009-11-10,39.620238,0.28501158
2009-11-11,39.623672,0.28503628
2009-11-12,39.627105,0.28506098
2009-11-13,38.63566,0.27792893
2009-11-14,37.644215,0.27079689
2009-11-15,36.652769,0.26366484
2009-11-16,35.661324,0.25653279
2009-11-17,34.669879,0.24940074
2009-11-18,33.678433,0.2422687
2009-11-19,32.686988,0.23513665
2009-11-20,31.695543,0.2280046
2009-11-21,30.704097,0.22087256
2009-11-22,29.712652,0.21374051
2009-11-23,28.721207,0.20660846
2009-11-24,27.729761,0.19947642
2009-11-25,26.738316,0.19234437
2009-11-26,25.746871,0.18521232
2009-11-27,24.673671,0.17749217
2009-11-28,23.600471,0.16977201
2009-11-29,22.527272,0.16205186
2009-11-30,21.454072,0.15433171
2009-12-01,20.380872,0.14661155
2009-12-02,19.307673,0.1388914
2009-12-03,18.234473,0.13117125
2009-12-04,17.161274,0.12345109
2009-12-05,16.088074,0.11573094
2009-12-06,15.014874,0.10801078
2009-12-07,13.941675,0.10029063
2009-12-08,12.868475,0.092570477
2009-12-09,11.795275,0.084850324
2009-12-10,10.722076,0.07713017
2009-12-11,11.064279,0.07959184
2009-12-12,11.406483,0.08205351
2009-12-13,11.748686,0.084515181
2009-12-14,12.09089,0.086976851
2009-12-15,12.433093,0.089438521
2009-12-16,12.775297,0.091900191
2009-12-17,13.1175,0.094361861
2009-12-18,13.459704,0.096823531
2009-12-19,13.801907,0.099285202
2009-12-20,14.144111,0.10174687
2009-12-21,14.486314,0.10420854
2009-12-22,14.828518,0.10667021
2009-12-23,15.170721,0.10913188
2009-12-24,15.512925,0.11159355
2009-12-25,15.232551,0.10957666
2009-12-26,14.952178,0.10755977
2009-12-27,14.671805,0.10554288
2009-12-28,14.391431,0.10352599
2009-12-29,14.111058,0.1015091
2009-12-30,13.830685,0.099492215
2009-12-31,13.550311,0.097475325
2010-01-01,13.269938,0.095458436
2010-01-02,12.989565,0.093441546
2010-01-03,12.709191,0.091424656
2010-01-04,12.428818,0.089407767
2010-01-05,12.148445,0.087390877
2010-01-06,11.868071,0.085373988
2010-01-07,11.587698,0.083357098
2010-01-08,12.342766,0.088788743
2010-01-09,13.097833,0.094220387
2010-01-10,13.852901,0.099652032
2010-01-11,14.607969,0.10508368
2010-01-12,15.363037,0.11051532
2010-01-13,16.118104,0.11594697
2010-01-14,16.873172,0.12137861
2010-01-15,17.62824,0.12681025
2010-01-16,18.383308,0.1322419
2010-01-17,19.138375,0.13767354
2010-01-18,19.893443,0.14310519
2010-01-19,20.648511,0.14853683
2010-01-20,21.403579,0.15396848
2010-01-21,22.158646,0.15940012
2010-01-22,22.720469,0.16344164
2010-01-23,23.282293,0.16748317
2010-01-24,23.844116,0.17152469
2010-01-25,24.405939,0.17556621
2010-01-26,24.967762,0.17960774
2010-01-27,25.529585,0.18364926
2010-01-28,26.091408,0.18769078
2010-01-29,26.653231,0.19173231
2010-01-30,27.215055,0.19577383
2010-01-31,27.776878,0.19981535
2010-02-01,28.338701,0.20385687
2010-02-02,28.900524,0.2078984
2010-02-03,29.462347,0.21193992
2010-02-04,30.02417,0.21598144
2010-02-05,32.160422,0.23134875
2010-02-06,34.296673,0.24671606
2010-02-07,36.432925,0.26208337
2010-02-08,38.569176,0.27745067
2010-02-09,40.705428,0.29281798
2010-02-10,42.841679,0.30818529
2010-02-11,44.97793,0.3235526
2010-02-12,47.114182,0.33891991
2010-02-13,49.250433,0.35428721
2010-02-14,51.386685,0.36965452
2010-02-15,53.522936,0.38502183
2010-02-16,55.659188,0.40038914
2010-02-17,57.795439,0.41575645
2010-02-18,59.931691,0.43112375
2010-02-19,59.642093,0.42904051
2010-02-20,59.352496,0.42695727
2010-02-21,59.062898,0.42487402
2010-02-22,58.773301,0.42279078
2010-02-23,58.483703,0.42070753
2010-02-24,58.194106,0.41862429
2010-02-25,57.904508,0.41654104
2010-02-26,57.614911,0.4144578
2010-02-27,57.325313,0.41237456
2010-02-28,57.035716,0.41029131
2010-03-01,56.746119,0.40820807
2010-03-02,56.456521,0.40612482
2010-03-03,56.166924,0.40404158
2010-03-04,55.877326,0.40195834
2010-03-05,60.132043,0.43256501
2010-03-06,64.38676,0.46317168
2010-03-07,68.641477,0.49377835
2010-03-08,72.896193,0.52438502
2010-03-09,77.15091,0.55499169
2010-03-10,81.405627,0.58559836
2010-03-11,85.660344,0.61620503
2010-03-12,89.915061,0.6468117
2010-03-13,94.169777,0.67741837
2010-03-14,98.424494,0.70802504
2010-03-15,102.67921,0.73863171
2010-03-16,106.93393,0.76923838
2010-03-17,111.18864,0.79984505
2010-03-18,115.44336,0.83045172
2010-03-19,114.66852,0.82487785
2010-03-20,113.89368,0.81930398
2010-03-21,113.11885,0.81373011
2010-03-22,112.34401,0.80815625
2010-03-23,111.56917,0.80258238
2010-03-24,110.79433,0.79700851
2010-03-25,110.01949,0.79143465
2010-03-26,109.24465,0.78586078
2010-03-27,108.46982,0.78028691
2010-03-28,107.69498,0.77471305
2010-03-29,106.92014,0.76913918
2010-03-30,106.1453,0.76356531
2010-03-31,105.37046,0.75799144
2010-04-01,104.59562,0.75241758
2010-04-02,108.54268,0.78081105
2010-04-03,112.48973,0.80920453
2010-04-04,116.43679,0.83759801
2010-04-05,120.38384,0.86599149
2010-04-06,124.3309,0.89438496
2010-04-07,128.27795,0.92277844
2010-04-08,132.22501,0.95117192
2010-04-09,136.17206,0.97956539
2010-04-10,140.11912,1.0079589
2010-04-11,144.06617,1.0363523
2010-04-12,148.01323,1.0647458
2010-04-13,151.96028,1.0931393
2010-04-14,155.90734,1.1215328
2010-04-15,159.85439,1.1499263
2010-04-16,157.68694,1.1343346
2010-04-17,155.5195,1.1187428
2010-04-18,153.35205,1.1031511
2010-04-19,151.18461,1.0875594
2010-04-20,149.01716,1.0719677
2010-04-21,146.84972,1.056376
2010-04-22,144.68227,1.0407843
2010-04-23,142.51483,1.0251926
2010-04-24,140.34738,1.0096009
2010-04-25,138.17994,0.99400921
2010-04-26,136.01249,0.9784175
2010-04-27,133.84504,0.9628258
2010-04-28,131.6776,0.94723409
2010-04-29,129.51015,0.93164239
2010-04-30,128.51967,0.92451729
2010-05-01,127.52919,0.91739219
2010-05-02,126.53871,0.91026709
2010-05-03,125.54823,0.90314199
2010-05-04,124.55776,0.89601689
2010-05-05,123.56728,0.88889179
2010-05-06,122.5768,0.88176669
2010-05-07,121.58632,0.87464159
2010-05-08,120.59584,0.86751649
2010-05-09,119.60536,0.86039139
2010-05-10,118.61488,0.85326629
2010-05-11,117.6244,0.84614119
2010-05-12,116.63392,0.83901609
2010-05-13,115.64344,0.83189099
2010-05-14,118.02654,0.849034
2010-05-15,120.40963,0.86617701
2010-05-16,122.79273,0.88332001
2010-05-17,125.17582,0.90046302
2010-05-18,127.55892,0.91760603
2010-05-19,129.94202,0.93474904
2010-05-20,132.32511,0.95189205
2010-05-21,134.70821,0.96903506
2010-05-22,137.09131,0.98617807
2010-05-23,139.4744,1.0033211
2010-05-24,141.8575,1.0204641
2010-05-25,144.2406,1.0376071
2010-05-26,146.62369,1.0547501
2010-05-27,149.00679,1.0718931
2010-05-28,152.43771,1.0965737
2010-05-29,155.86862,1.1212543
2010-05-30,159.29954,1.1459349
2010-05-31,162.73046,1.1706155
2010-06-01,166.16138,1.1952961
2010-06-02,169.5923,1.2199767
2010-06-03,173.02321,1.2446573
2010-06-04,176.45413,1.2693379
2010-06-05,179.88505,1.2940185
2010-06-06,183.31597,1.3186991
2010-06-07,186.74689,1.3433797
2010-06-08,190.1778,1.3680603
2010-06-09,193.60872,1.3927409
2010-06-10,197.03964,1.4174215
2010-06-11,199.68101,1.4364224
2010-06-12,202.32238,1.4554234
2010-06-13,204.96375,1.4744243
2010-06-14,207.60511,1.4934252
2010-06-15,210.24648,1.5124261
2010-06-16,212.88785,1.531427
2010-06-17,215.52922,1.5504279
2010-06-18,218.17059,1.5694288
2010-06-19,220.81196,1.5884298
2010-06-20,223.45333,1.6074307
2010-06-21,226.0947,1.6264316
2010-06-22,228.73607,1.6454325
2010-06-23,231.37743,1.6644334
2010-06-24,234.0188,1.6834343
2010-06-25,231.74204,1.6670562
2010-06-26,229.46528,1.6506781
2010-06-27,227.18851,1.6343
2010-06-28,224.91175,1.6179219
2010-06-29,222.63499,1.6015439
2010-06-30,220.35822,1.5851658
2010-07-01,218.08146,1.5687877
2010-07-02,215.80469,1.5524096
2010-07-03,213.52793,1.5360315
2010-07-04,211.25117,1.5196534
2010-07-05,208.9744,1.5032753
2010-07-06,206.69764,1.4868972
2010-07-07,204.42088,1.4705191
2010-07-08,202.14411,1.454141
2010-07-09,198.55917,1.4283524
2010-07-10,194.97423,1.4025638
2010-07-11,191.38929,1.3767752
2010-07-12,187.80435,1.3509867
2010-07-13,184.2194,1.3251981
2010-07-14,180.63446,1.2994095
2010-07-15,177.04952,1.2736209
2010-07-16,173.46458,1.2478323
2010-07-17,169.87964,1.2220437
2010-07-18,166.2947,1.1962551
2010-07-19,162.70975,1.1704666
2010-07-20,159.12481,1.144678
2010-07-21,155.53987,1.1188894
2010-07-22,151.95493,1.0931008
2010-07-23,149.9285,1.0785235
2010-07-24,147.90208,1.0639463
2010-07-25,145.87565,1.049369
2010-07-26,143.84923,1.0347918
2010-07-27,141.82281,1.0202145
2010-07-28,139.79638,1.0056372
2010-07-29,137.76996,0.99105999
2010-07-30,135.74353,0.97648273
2010-07-31,133.71711,0.96190547
2010-08-01,131.69068,0.94732821
2010-08-02,129.66426,0.93275095
2010-08-03,127.63783,0.91817369
2010-08-04,125.61141,0.90359643
2010-08-05,123.58498,0.88901917
2010-08-06,124.62145,0.89647505
2010-08-07,125.65791,0.90393093
2010-08-08,126.69437,0.9113868
2010-08-09,127.73083,0.91884268
2010-08-10,128.76729,0.92629855
2010-08-11,129.80375,0.93375443
2010-08-12,130.84022,0.94121031
2010-08-13,131.87668,0.94866618
2010-08-14,132.91314,0.95612206
2010-08-15,133.9496,0.96357793
2010-08-16,134.98606,0.97103381
2010-08-17,136.02252,0.97848969
2010-08-18,137.05899,0.98594556
2010-08-19,138.09545,0.99340144
2010-08-20,136.53401,0.98216914
2010-08-21,134.97258,0.97093684
2010-08-22,133.41115,0.95970454
2010-08-23,131.84972,0.94847224
2010-08-24,130.28828,0.93723995
2010-08-25,128.72685,0.92600765
2010-08-26,127.16542,0.91477535
2010-08-27,125.60399,0.90354305
2010-08-28,124.04255,0.89231075
2010-08-29,122.48112,0.88107845
2010-08-30,120.91969,0.86984615
2010-08-31,119.35826,0.85861386
2010-09-01,117.79682,0.84738156
2010-09-02,116.23539,0.83614926
2010-09-03,114.60864,0.82444707
2010-09-04,112.98189,0.81274488
2010-09-05,111.35513,0.80104269
2010-09-06,109.72838,0.7893405
2010-09-07,108.10163,0.77763831
2010-09-08,106.47487,0.76593612
2010-09-09,104.84812,0.75423393
2010-09-10,103.22137,0.74253174
2010-09-11,101.59461,0.73082955
2010-09-12,99.967859,0.71912737
2010-09-13,98.341106,0.70742518
2010-09-14,96.714353,0.69572299
2010-09-15,95.087599,0.6840208
2010-09-16,93.460846,0.67231861
2010-09-17,93.732656,0.67427389
2010-09-18,94.004466,0.67622918
2010-09-19,94.276275,0.67818447
2010-09-20,94.548085,0.68013975
2010-09-21,94.819895,0.68209504
2010-09-22,95.091705,0.68405033
2010-09-23,95.363514,0.68600561
2010-09-24,95.635324,0.6879609
2010-09-25,95.907134,0.68991619
2010-09-26,96.178944,0.69187147
2010-09-27,96.450753,0.69382676
2010-09-28,96.722563,0.69578205
2010-09-29,96.994373,0.69773733
2010-09-30,97.266183,0.69969262
2010-10-01,94.345406,0.67868177
2010-10-02,91.42463,0.65767091
2010-10-03,88.503854,0.63666006
2010-10-04,85.583077,0.6156492
2010-10-05,82.662301,0.59463835
2010-10-06,79.741525,0.57362749
2010-10-07,76.820748,0.55261664
2010-10-08,73.899972,0.53160578
2010-10-09,70.979196,0.51059493
2010-10-10,68.05842,0.48958407
2010-10-11,65.137643,0.46857322
2010-10-12,62.216867,0.44756237
2010-10-13,59.296091,0.42655151
2010-10-14,56.375314,0.40554066
2010-10-15,55.394321,0.39848379
2010-10-16,54.413327,0.39142693
2010-10-17,53.432333,0.38437007
2010-10-18,52.451339,0.3773132
2010-10-19,51.470345,0.37025634
2010-10-20,50.489351,0.36319948
2010-10-21,49.508358,0.35614261
2010-10-22,48.527364,0.34908575
2010-10-23,47.54637,0.34202889
2010-10-24,46.565376,0.33497203
2010-10-25,45.584382,0.32791516
2010-10-26,44.603389,0.3208583
2010-10-27,43.622395,0.31380144
2010-10-28,42.641401,0.30674457
2010-10-29,41.238754,0.29665451
2010-10-30,39.836106,0.28656445
2010-10-31,38.433459,0.27647438
2010-11-01,37.030812,0.26638432
2010-11-02,35.628165,0.25629426
2010-11-03,34.225517,0.24620419
2010-11-04,32.82287,0.23611413
2010-11-05,31.420223,0.22602407
2010-11-06,30.017576,0.215934
2010-11-07,28.614928,0.20584394
2010-11-08,27.212281,0.19575388
2010-11-09,25.809634,0.18566381
2010-11-10,24.406986,0.17557375
2010-11-11,23.004339,0.16548369
2010-11-12,22.477567,0.16169431
2010-11-13,21.950796,0.15790493
2010-11-14,21.424024,0.15411555
2010-11-15,20.897252,0.15032618
2010-11-16,20.370481,0.1465368
2010-11-17,19.843709,0.14274742
2010-11-18,19.316937,0.13895804
2010-11-19,18.790166,0.13516867
2010-11-20,18.263394,0.13137929
2010-11-21,17.736622,0.12758991
2010-11-22,17.20985,0.12380053
2010-11-23,16.683079,0.12001116
2010-11-24,16.156307,0.11622178
2010-11-25,15.629535,0.1124324
2010-11-26,15.216687,0.10946255
2010-11-27,14.80384,0.10649269
2010-11-28,14.390992,0.10352283
2010-11-29,13.978144,0.10055298
2010-11-30,13.565296,0.097583119
2010-12-01,13.152448,0.094613262
2010-12-02,12.7396,0.091643405
2010-12-03,12.326752,0.088673549
2010-12-04,11.913904,0.085703692
2010-12-05,11.501056,0.082733835
2010-12-06,11.088209,0.079763979
2010-12-07,10.675361,0.076794122
2010-12-08,10.262513,0.073824265
2010-12-09,9.8496649,0.070854409
2010-12-10,10.044014,0.072252476
2010-12-11,10.238363,0.073650543
2010-12-12,10.432712,0.07504861
2010-12-13,10.627061,0.076446678
2010-12-14,10.821411,0.077844745
2010-12-15,11.01576,0.079242812
2010-12-16,11.210109,0.080640879
2010-12-17,11.404458,0.082038946
2010-12-18,11.598807,0.083437014
2010-12-19,11.793156,0.084835081
2010-12-20,11.987505,0.086233148
2010-12-21,12.181855,0.087631215
2010-12-22,12.376204,0.089029283
2010-12-23,12.570553,0.09042735
2010-12-24,13.496552,0.097088602
2010-12-25,14.422551,0.10374985
2010-12-26,15.348549,0.11041111
2010-12-27,16.274548,0.11707236
2010-12-28,17.200547,0.12373361
2010-12-29,18.126546,0.13039486
2010-12-30,19.052545,0.13705611
2010-12-31,19.978543,0.14371737
2011-01-01,20.904542,0.15037862
2011-01-02,21.830541,0.15703987
2011-01-03,22.75654,0.16370112
2011-01-04,23.682539,0.17036237
2011-01-05,24.608538,0.17702362
2011-01-06,25.534536,0.18368488
2011-01-07,25.48701,0.18334299
2011-01-08,25.439483,0.1830011
2011-01-09,25.391956,0.18265921
2011-01-10,25.344429,0.18231732
2011-01-11,25.296902,0.18197543
2011-01-12,25.249375,0.18163354
2011-01-13,25.201848,0.18129165
2011-01-14,25.154321,0.18094977
2011-01-15,25.106794,0.18060788
2011-01-16,25.059267,0.18026599
2011-01-17,25.01174,0.1799241
2011-01-18,24.964214,0.17958221
2011-01-19,24.916687,0.17924032
2011-01-20,24.86916,0.17889843
2011-01-21,26.072055,0.18755156
2011-01-22,27.274951,0.1962047
2011-01-23,28.477846,0.20485783
2011-01-24,29.680741,0.21351096
2011-01-25,30.883637,0.22216409
2011-01-26,32.086532,0.23081722
2011-01-27,33.289428,0.23947035
2011-01-28,34.492323,0.24812348
2011-01-29,35.695219,0.25677661
2011-01-30,36.898114,0.26542975
2011-01-31,38.101009,0.27408288
2011-02-01,39.303905,0.28273601
2011-02-02,40.5068,0.29138914
2011-02-03,41.709696,0.30004227
2011-02-04,42.10862,0.30291197
2011-02-05,42.507545,0.30578167
2011-02-06,42.906469,0.30865136
2011-02-07,43.305394,0.31152106
2011-02-08,43.704318,0.31439076
2011-02-09,44.103243,0.31726046
2011-02-10,44.502168,0.32013016
2011-02-11,44.901092,0.32299985
2011-02-12,45.300017,0.32586955
2011-02-13,45.698941,0.32873925
2011-02-14,46.097866,0.33160895
2011-02-15,46.49679,0.33447865
2011-02-16,46.895715,0.33734834
2011-02-17,47.294639,0.34021804
2011-02-18,50.079677,0.36025245
2011-02-19,52.864714,0.38028685
2011-02-20,55.649751,0.40032125
2011-02-21,58.434788,0.42035566
2011-02-22,61.219826,0.44039006
2011-02-23,64.004863,0.46042447
2011-02-24,66.7899,0.48045887
2011-02-25,69.574937,0.50049327
2011-02-26,72.359974,0.52052768
2011-02-27,75.145012,0.54056208
2011-02-28,77.930049,0.56059649
2011-03-01,80.715086,0.58063089
2011-03-02,83.500123,0.60066529
2011-03-03,86.285161,0.6206997
2011-03-04,87.421074,0.62887099
2011-03-05,88.556987,0.63704228
2011-03-06,89.6929,0.64521357
2011-03-07,90.828814,0.65338486
2011-03-08,91.964727,0.66155615
2011-03-09,93.10064,0.66972744
2011-03-10,94.236554,0.67789873
2011-03-11,95.372467,0.68607002
2011-03-12,96.50838,0.69424131
2011-03-13,97.644293,0.70241259
2011-03-14,98.780207,0.71058388
2011-03-15,99.91612,0.71875517
2011-03-16,101.05203,0.72692646
2011-03-17,102.18795,0.73509775
2011-03-18,104.09605,0.74882383
2011-03-19,106.00414,0.7625499
2011-03-20,107.91224,0.77627598
2011-03-21,109.82034,0.79000205
2011-03-22,111.72844,0.80372812
2011-03-23,113.63654,0.8174542
2011-03-24,115.54464,0.83118027
2011-03-25,117.45274,0.84490635
2011-03-26,119.36084,0.85863242
2011-03-27,121.26894,0.87235849
2011-03-28,123.17704,0.88608457
2011-03-29,125.08514,0.89981064
2011-03-30,126.99323,0.91353672
2011-03-31,128.90133,0.92726279
2011-04-01,130.81351,0.94101817
2011-04-02,132.72568,0.95477355
2011-04-03,134.63785,0.96852893
2011-04-04,136.55002,0.98228431
2011-04-05,138.4622,0.99603969
2011-04-06,140.37437,1.0097951
2011-04-07,142.28654,1.0235504
2011-04-08,144.19872,1.0373058
2011-04-09,146.11089,1.0510612
2011-04-10,148.02306,1.0648166
2011-04-11,149.93523,1.078572
2011-04-12,151.84741,1.0923273
2011-04-13,153.75958,1.1060827
2011-04-14,155.67175,1.1198381
2011-04-15,158.92633,1.1432502
2011-04-16,162.18091,1.1666622
2011-04-17,165.43548,1.1900743
2011-04-18,168.69006,1.2134864
2011-04-19,171.94464,1.2368985
2011-04-20,175.19921,1.2603106
2011-04-21,178.45379,1.2837226
2011-04-22,181.70837,1.3071347
2011-04-23,184.96294,1.3305468
2011-04-24,188.21752,1.3539589
2011-04-25,191.4721,1.3773709
2011-04-26,194.72667,1.400783
2011-04-27,197.98125,1.4241951
2011-04-28,201.23583,1.4476072
2011-04-29,201.19632,1.447323
2011-04-30,201.15681,1.4470387
2011-05-01,201.1173,1.4467545
2011-05-02,201.07779,1.4464703
2011-05-03,201.03828,1.4461861
2011-05-04,200.99877,1.4459019
2011-05-05,200.95926,1.4456176
2011-05-06,200.91975,1.4453334
2011-05-07,200.88024,1.4450492
2011-05-08,200.84073,1.444765
2011-05-09,200.80122,1.4444808
2011-05-10,200.76171,1.4441965
2011-05-11,200.7222,1.4439123
2011-05-12,200.68269,1.4436281
2011-05-13,201.6211,1.4503787
2011-05-14,202.55952,1.4571293
2011-05-15,203.49794,1.4638799
2011-05-16,204.43635,1.4706304
2011-05-17,205.37477,1.477381
2011-05-18,206.31319,1.4841316
2011-05-19,207.25161,1.4908822
2011-05-20,208.19002,1.4976328
2011-05-21,209.12844,1.5043834
2011-05-22,210.06686,1.5111339
2011-05-23,211.00527,1.5178845
2011-05-24,211.94369,1.5246351
2011-05-25,212.88211,1.5313857
2011-05-26,213.82052,1.5381363
2011-05-27,211.55328,1.5218267
2011-05-28,209.28604,1.5055171
2011-05-29,207.0188,1.4892075
2011-05-30,204.75156,1.4728979
2011-05-31,202.48431,1.4565883
2011-06-01,200.21707,1.4402787
2011-06-02,197.94983,1.4239691
2011-06-03,195.68259,1.4076595
2011-06-04,193.41534,1.3913499
2011-06-05,191.1481,1.3750403
2011-06-06,188.88086,1.3587307
2011-06-07,186.61362,1.3424211
2011-06-08,184.34638,1.3261115
2011-06-09,182.07913,1.3098019
2011-06-10,181.27001,1.3039813
2011-06-11,180.46088,1.2981608
2011-06-12,179.65175,1.2923403
2011-06-13,178.84263,1.2865198
2011-06-14,178.0335,1.2806992
2011-06-15,177.22437,1.2748787
2011-06-16,176.41524,1.2690582
2011-06-17,175.60612,1.2632377
2011-06-18,174.79699,1.2574171
2011-06-19,173.98786,1.2515966
2011-06-20,173.17874,1.2457761
2011-06-21,172.36961,1.2399555
2011-06-22,171.56048,1.234135
2011-06-23,170.75135,1.2283145
2011-06-24,173.17437,1.2457446
2011-06-25,175.59738,1.2631748
2011-06-26,178.02039,1.2806049
2011-06-27,180.4434,1.2980351
2011-06-28,182.86641,1.3154652
2011-06-29,185.28943,1.3328954
2011-06-30,187.71244,1.3503255
2011-07-01,190.13545,1.3677557
2011-07-02,192.55846,1.3851858
2011-07-03,194.98147,1.4026159
2011-07-04,197.40449,1.4200461
2011-07-05,199.8275,1.4374762
2011-07-06,202.25051,1.4549064
2011-07-07,204.67352,1.4723365
2011-07-08,200.53304,1.4425516
2011-07-09,196.39255,1.4127666
2011-07-10,192.25206,1.3829817
2011-07-11,188.11158,1.3531968
2011-07-12,183.97109,1.3234118
2011-07-13,179.83061,1.2936269
2011-07-14,175.69012,1.263842
2011-07-15,171.54964,1.234057
2011-07-16,167.40915,1.2042721
2011-07-17,163.26867,1.1744871
2011-07-18,159.12818,1.1447022
2011-07-19,154.9877,1.1149173
2011-07-20,150.84721,1.0851323
2011-07-21,146.70672,1.0553474
2011-07-22,146.80845,1.0560792
2011-07-23,146.91017,1.0568109
2011-07-24,147.0119,1.0575427
2011-07-25,147.11362,1.0582744
2011-07-26,147.21534,1.0590062
2011-07-27,147.31707,1.059738
2011-07-28,147.41879,1.0604697
2011-07-29,147.52052,1.0612015
2011-07-30,147.62224,1.0619332
2011-07-31,147.72397,1.062665
2011-08-01,147.82569,1.0633968
2011-08-02,147.92741,1.0641285
2011-08-03,148.02914,1.0648603
2011-08-04,148.13086,1.0655921
2011-08-05,150.12013,1.079902
2011-08-06,152.10939,1.094212
2011-08-07,154.09866,1.1085219
2011-08-08,156.08793,1.1228319
2011-08-09,158.07719,1.1371418
2011-08-10,160.06646,1.1514518
2011-08-11,162.05573,1.1657618
2011-08-12,164.04499,1.1800717
2011-08-13,166.03426,1.1943817
2011-08-14,168.02353,1.2086916
2011-08-15,170.01279,1.2230016
2011-08-16,172.00206,1.2373116
2011-08-17,173.99133,1.2516215
2011-08-18,175.98059,1.2659315
2011-08-19,173.5241,1.2482605
2011-08-20,171.0676,1.2305894
2011-08-21,168.6111,1.2129184
2011-08-22,166.1546,1.1952474
2011-08-23,163.6981,1.1775763
2011-08-24,161.24161,1.1599053
2011-08-25,158.78511,1.1422343
2011-08-26,156.32861,1.1245633
2011-08-27,153.87211,1.1068922
2011-08-28,151.41562,1.0892212
2011-08-29,148.95912,1.0715502
2011-08-30,146.50262,1.0538792
2011-08-31,144.04612,1.0362081
2011-09-01,141.58962,1.0185371
2011-09-02,140.39435,1.0099388
2011-09-03,139.19907,1.0013404
2011-09-04,138.00379,0.99274208
2011-09-05,136.80851,0.98414374
2011-09-06,135.61323,0.9755454
2011-09-07,134.41795,0.96694706
2011-09-08,133.22267,0.95834872
2011-09-09,132.02739,0.94975038
2011-09-10,130.83212,0.94115204
2011-09-11,129.63684,0.9325537
2011-09-12,128.44156,0.92395536
2011-09-13,127.24628,0.91535702
2011-09-14,126.051,0.90675868
2011-09-15,124.85572,0.89816034
2011-09-16,122.82857,0.88357783
2011-09-17,120.80141,0.86899533
2011-09-18,118.77426,0.85441283
2011-09-19,116.74711,0.83983032
2011-09-20,114.71995,0.82524782
2011-09-21,112.6928,0.81066532
2011-09-22,110.66565,0.79608281
2011-09-23,108.63849,0.78150031
2011-09-24,106.61134,0.76691781
2011-09-25,104.58419,0.7523353
2011-09-26,102.55703,0.7377528
2011-09-27,100.52988,0.7231703
2011-09-28,98.502725,0.7085878
2011-09-29,96.475571,0.69400529
2011-09-30,94.868966,0.68244804
2011-10-01,93.262361,0.67089079
2011-10-02,91.655756,0.65933354
2011-10-03,90.049151,0.64777628
2011-10-04,88.442545,0.63621903
2011-10-05,86.83594,0.62466178
2011-10-06,85.229335,0.61310453
2011-10-07,83.62273,0.60154727
2011-10-08,82.016125,0.58999002
2011-10-09,80.409519,0.57843277
2011-10-10,78.802914,0.56687552
2011-10-11,77.196309,0.55531827
2011-10-12,75.589704,0.54376101
2011-10-13,73.983099,0.53220376
2011-10-14,73.601476,0.52945853
2011-10-15,73.219854,0.5267133
2011-10-16,72.838232,0.52396806
2011-10-17,72.456609,0.52122283
2011-10-18,72.074987,0.5184776
2011-10-19,71.693365,0.51573237
2011-10-20,71.311743,0.51298713
2011-10-21,70.93012,0.5102419
2011-10-22,70.548498,0.50749667
2011-10-23,70.166876,0.50475144
2011-10-24,69.785253,0.5020062
2011-10-25,69.403631,0.49926097
2011-10-26,69.022009,0.49651574
2011-10-27,68.640387,0.4937705
2011-10-28,66.257732,0.47663067
2011-10-29,63.875077,0.45949084
2011-10-30,61.492422,0.44235101
2011-10-31,59.109767,0.42521117
2011-11-01,56.727112,0.40807134
2011-11-02,54.344457,0.39093151
2011-11-03,51.961802,0.37379168
2011-11-04,49.579147,0.35665184
2011-11-05,47.196492,0.33951201
2011-11-06,44.813837,0.32237218
2011-11-07,42.431182,0.30523235
2011-11-08,40.048527,0.28809251
2011-11-09,37.665872,0.27095268
2011-11-10,35.283217,0.25381285
2011-11-11,34.841124,0.25063261
2011-11-12,34.399031,0.24745238
2011-11-13,33.956938,0.24427215
2011-11-14,33.514845,0.24109191
2011-11-15,33.072752,0.23791168
2011-11-16,32.630659,0.23473144
2011-11-17,32.188566,0.23155121
2011-11-18,31.746473,0.22837097
2011-11-19,31.30438,0.22519074
2011-11-20,30.862286,0.2220105
2011-11-21,30.420193,0.21883027
2011-11-22,29.9781,0.21565003
2011-11-23,29.536007,0.2124698
2011-11-24,29.093914,0.20928956
2011-11-25,28.153227,0.20252265
2011-11-26,27.21254,0.19575574
2011-11-27,26.271853,0.18898882
2011-11-28,25.331166,0.18222191
2011-11-29,24.390478,0.175455
2011-11-30,23.449791,0.16868808
2011-12-01,22.509104,0.16192117
2011-12-02,21.568417,0.15515426
2011-12-03,20.62773,0.14838734
2011-12-04,19.687043,0.14162043
2011-12-05,18.746356,0.13485352
2011-12-06,17.805668,0.1280866
2011-12-07,16.864981,0.12131969
2011-12-08,15.924294,0.11455278
2011-12-09,16.008202,0.11515638
2011-12-10,16.092111,0.11575998
2011-12-11,16.176019,0.11636358
2011-12-12,16.259927,0.11696718
2011-12-13,16.343836,0.11757078
2011-12-14,16.427744,0.11817438
2011-12-15,16.511652,0.11877799
2011-12-16,16.595561,0.11938159
2011-12-17,16.679469,0.11998519
2011-12-18,16.763377,0.12058879
2011-12-19,16.847285,0.12119239
2011-12-20,16.931194,0.12179599
2011-12-21,17.015102,0.12239959
2011-12-22,17.09901,0.1230032
2011-12-23,16.951585,0.12194268
2011-12-24,16.804159,0.12088216
2011-12-25,16.656734,0.11982164
2011-12-26,16.509308,0.11876112
2011-12-27,16.361883,0.11770061
2011-12-28,16.214457,0.11664009
2011-12-29,16.067032,0.11557957
2011-12-30,15.919606,0.11451905
2011-12-31,15.772181,0.11345853
2012-01-01,15.624755,0.11239802
2012-01-02,15.47733,0.1113375
2012-01-03,15.329904,0.11027698
2012-01-04,15.182479,0.10921646
2012-01-05,15.035053,0.10815594
2012-01-06,15.776353,0.11348855
2012-01-07,16.517653,0.11882115
2012-01-08,17.258953,0.12415375
2012-01-09,18.000252,0.12948636
2012-01-10,18.741552,0.13481896
2012-01-11,19.482852,0.14015157
2012-01-12,20.224152,0.14548417
2012-01-13,20.965452,0.15081677
2012-01-14,21.706752,0.15614938
2012-01-15,22.448051,0.16148198
2012-01-16,23.189351,0.16681459
2012-01-17,23.930651,0.17214719
2012-01-18,24.671951,0.17747979
2012-01-19,25.413251,0.1828124
2012-01-20,24.020408,0.17279286
2012-01-21,22.627565,0.16277333
2012-01-22,21.234723,0.1527538
2012-01-23,19.84188,0.14273427
2012-01-24,18.449037,0.13271473
2012-01-25,17.056195,0.1226952
2012-01-26,15.663352,0.11267567
2012-01-27,14.270509,0.10265613
2012-01-28,12.877667,0.0926366
2012-01-29,11.484824,0.082617067
2012-01-30,10.091982,0.072597534
2012-01-31,8.6991389,0.062578001
2012-02-01,7.3062962,0.052558468
2012-02-02,5.9134536,0.042538935
2012-02-03,8.5517263,0.061517577
2012-02-04,11.189999,0.080496218
2012-02-05,13.828272,0.09947486
2012-02-06,16.466545,0.1184535
2012-02-07,19.104818,0.13743214
2012-02-08,21.74309,0.15641078
2012-02-09,24.381363,0.17538943
2012-02-10,27.019636,0.19436807
2012-02-11,29.657909,0.21334671
2012-02-12,32.296181,0.23232535
2012-02-13,34.934454,0.25130399
2012-02-14,37.572727,0.27028263
2012-02-15,40.211,0.28926127
2012-02-16,42.849273,0.30823992
2012-02-17,43.859623,0.31550796
2012-02-18,44.869973,0.322776
2012-02-19,45.880323,0.33004404
2012-02-20,46.890673,0.33731208
2012-02-21,47.901024,0.34458012
2012-02-22,48.911374,0.35184816
2012-02-23,49.921724,0.3591162
2012-02-24,50.932074,0.36638424
2012-02-25,51.942424,0.37365228
2012-02-26,52.952775,0.38092032
2012-02-27,53.963125,0.38818836
2012-02-28,54.973475,0.39545641
2012-02-29,55.983825,0.40272445
2012-03-01,56.994175,0.40999249
2012-03-02,63.301624,0.45536566
2012-03-03,69.609072,0.50073883
2012-03-04,75.91652,0.546112
2012-03-05,82.223969,0.59148517
2012-03-06,88.531417,0.63685834
2012-03-07,94.838865,0.68223151
2012-03-08,101.14631,0.72760468
2012-03-09,107.45376,0.77297785
2012-03-10,113.76121,0.81835102
2012-03-11,120.06866,0.86372419
2012-03-12,126.37611,0.90909736
2012-03-13,132.68356,0.95447053
2012-03-14,138.991,0.9998437
2012-03-15,145.29845,1.0452169
2012-03-16,140.69812,1.012124
2012-03-17,136.09779,0.97903114
2012-03-18,131.49746,0.94593827
2012-03-19,126.89713,0.91284541
2012-03-20,122.2968,0.87975254
2012-03-21,117.69647,0.84665967
2012-03-22,113.09614,0.81356681
2012-03-23,108.49581,0.78047394
2012-03-24,103.89548,0.74738107
2012-03-25,99.295155,0.71428821
2012-03-26,94.694825,0.68119534
2012-03-27,90.094495,0.64810248
2012-03-28,85.494166,0.61500961
2012-03-29,80.893836,0.58191674
2012-03-30,85.055882,0.61185678
2012-03-31,89.217929,0.64179682
2012-04-01,93.379975,0.67173685
2012-04-02,97.542021,0.70167689
2012-04-03,101.70407,0.73161693
2012-04-04,105.86611,0.76155697
2012-04-05,110.02816,0.791497
2012-04-06,114.19021,0.82143704
2012-04-07,118.35225,0.85137708
2012-04-08,122.5143,0.88131711
2012-04-09,126.67635,0.91125715
2012-04-10,130.83839,0.94119719
2012-04-11,135.00044,0.97113723
2012-04-12,139.16248,1.0010773
2012-04-13,142.27737,1.0234845
2012-04-14,145.39226,1.0458917
2012-04-15,148.50715,1.0682989
2012-04-16,151.62204,1.0907061
2012-04-17,154.73692,1.1131133
2012-04-18,157.85181,1.1355205
2012-04-19,160.9667,1.1579277
2012-04-20,164.08159,1.180335
2012-04-21,167.19647,1.2027422
2012-04-22,170.31136,1.2251494
2012-04-23,173.42625,1.2475566
2012-04-24,176.54114,1.2699638
2012-04-25,179.65602,1.292371
2012-04-26,182.77091,1.3147782
2012-04-27,184.35308,1.3261597
2012-04-28,185.93525,1.3375412
2012-04-29,187.51742,1.3489227
2012-04-30,189.09959,1.3603041
2012-05-01,190.68176,1.3716856
2012-05-02,192.26394,1.3830671
2012-05-03,193.84611,1.3944486
2012-05-04,195.42828,1.4058301
2012-05-05,197.01045,1.4172115
2012-05-06,198.59262,1.428593
2012-05-07,200.17479,1.4399745
2012-05-08,201.75696,1.451356
2012-05-09,203.33913,1.4627375
2012-05-10,204.9213,1.474119
2012-05-11,203.88212,1.4666435
2012-05-12,202.84294,1.4591681
2012-05-13,201.80376,1.4516927
2012-05-14,200.76458,1.4442172
2012-05-15,199.7254,1.4367418
2012-05-16,198.68622,1.4292664
2012-05-17,197.64704,1.421791
2012-05-18,196.60786,1.4143155
2012-05-19,195.56868,1.4068401
2012-05-20,194.5295,1.3993647
2012-05-21,193.49033,1.3918892
2012-05-22,192.45115,1.3844138
2012-05-23,191.41197,1.3769384
2012-05-24,190.37279,1.369463
2012-05-25,189.80924,1.3654091
2012-05-26,189.2457,1.3613552
2012-05-27,188.68215,1.3573013
2012-05-28,188.11861,1.3532473
2012-05-29,187.55507,1.3491934
2012-05-30,186.99152,1.3451395
2012-05-31,186.42798,1.3410856
2012-06-01,185.86443,1.3370317
2012-06-02,185.30089,1.3329778
2012-06-03,184.73735,1.3289239
2012-06-04,184.1738,1.32487
2012-06-05,183.61026,1.3208161
2012-06-06,183.04671,1.3167622
2012-06-07,182.48317,1.3127083
2012-06-08,182.5269,1.3130229
2012-06-09,182.57063,1.3133375
2012-06-10,182.61436,1.3136521
2012-06-11,182.6581,1.3139667
2012-06-12,182.70183,1.3142813
2012-06-13,182.74556,1.3145958
2012-06-14,182.78929,1.3149104
2012-06-15,182.83302,1.315225
2012-06-16,182.87675,1.3155396
2012-06-17,182.92049,1.3158542
2012-06-18,182.96422,1.3161688
2012-06-19,183.00795,1.3164834
2012-06-20,183.05168,1.316798
2012-06-21,183.09541,1.3171125
2012-06-22,183.21548,1.3179763
2012-06-23,183.33555,1.31884
2012-06-24,183.45562,1.3197037
2012-06-25,183.57569,1.3205674
2012-06-26,183.69575,1.3214312
2012-06-27,183.81582,1.3222949
2012-06-28,183.93589,1.3231586
2012-06-29,184.05596,1.3240223
2012-06-30,184.17603,1.324886
2012-07-01,184.2961,1.3257498
2012-07-02,184.41617,1.3266135
2012-07-03,184.53623,1.3274772
2012-07-04,184.6563,1.3283409
2012-07-05,184.77637,1.3292047
2012-07-06,185.93943,1.3375712
2012-07-07,187.10248,1.3459378
2012-07-08,188.26554,1.3543043
2012-07-09,189.4286,1.3626709
2012-07-10,190.59165,1.3710374
2012-07-11,191.75471,1.3794039
2012-07-12,192.91777,1.3877705
2012-07-13,194.08082,1.396137
2012-07-14,195.24388,1.4045036
2012-07-15,196.40694,1.4128701
2012-07-16,197.56999,1.4212367
2012-07-17,198.73305,1.4296032
2012-07-18,199.89611,1.4379698
2012-07-19,201.05916,1.4463363
2012-07-20,199.73471,1.4368088
2012-07-21,198.41026,1.4272812
2012-07-22,197.08581,1.4177537
2012-07-23,195.76136,1.4082261
2012-07-24,194.43691,1.3986986
2012-07-25,193.11246,1.389171
2012-07-26,191.78801,1.3796435
2012-07-27,190.46356,1.3701159
2012-07-28,189.13911,1.3605884
2012-07-29,187.81465,1.3510608
2012-07-30,186.4902,1.3415333
2012-07-31,185.16575,1.3320057
2012-08-01,183.8413,1.3224782
2012-08-02,182.51685,1.3129506
2012-08-03,181.63464,1.3066043
2012-08-04,180.75242,1.3002581
2012-08-05,179.87021,1.2939118
2012-08-06,178.988,1.2875655
2012-08-07,178.10579,1.2812192
2012-08-08,177.22357,1.274873
2012-08-09,176.34136,1.2685267
2012-08-10,175.45915,1.2621804
2012-08-11,174.57693,1.2558341
2012-08-12,173.69472,1.2494879
2012-08-13,172.81251,1.2431416
2012-08-14,171.93029,1.2367953
2012-08-15,171.04808,1.230449
2012-08-16,170.16587,1.2241027
2012-08-17,166.37099,1.196804
2012-08-18,162.57611,1.1695052
2012-08-19,158.78124,1.1422064
2012-08-20,154.98636,1.1149077
2012-08-21,151.19148,1.0876089
2012-08-22,147.39661,1.0603101
2012-08-23,143.60173,1.0330113
2012-08-24,139.80685,1.0057126
2012-08-25,136.01197,0.9784138
2012-08-26,132.2171,0.95111503
2012-08-27,128.42222,0.92381625
2012-08-28,124.62734,0.89651748
2012-08-29,120.83247,0.86921871
2012-08-30,117.03759,0.84191994
2012-08-31,117.73254,0.84691912
2012-09-01,118.42749,0.85191831
2012-09-02,119.12244,0.8569175
2012-09-03,119.81739,0.86191668
2012-09-04,120.51234,0.86691587
2012-09-05,121.20729,0.87191506
2012-09-06,121.90224,0.87691424
2012-09-07,122.59719,0.88191343
2012-09-08,123.29215,0.88691261
2012-09-09,123.9871,0.8919118
2012-09-10,124.68205,0.89691099
2012-09-11,125.377,0.90191017
2012-09-12,126.07195,0.90690936
2012-09-13,126.7669,0.91190855
2012-09-14,124.16758,0.89321016
2012-09-15,121.56827,0.87451178
2012-09-16,118.96896,0.85581339
2012-09-17,116.36964,0.83711501
2012-09-18,113.77033,0.81841662
2012-09-19,111.17102,0.79971823
2012-09-20,108.5717,0.78101985
2012-09-21,105.97239,0.76232146
2012-09-22,103.37308,0.74362308
2012-09-23,100.77376,0.72492469
2012-09-24,98.174448,0.70622631
2012-09-25,95.575134,0.68752792
2012-09-26,92.975821,0.66882954
2012-09-27,90.376507,0.65013115
2012-09-28,89.471099,0.64361802
2012-09-29,88.565691,0.63710489
2012-09-30,87.660284,0.63059176
2012-10-01,86.754876,0.62407863
2012-10-02,85.849468,0.61756551
2012-10-03,84.94406,0.61105238
2012-10-04,84.038652,0.60453925
2012-10-05,83.133244,0.59802612
2012-10-06,82.227836,0.59151299
2012-10-07,81.322428,0.58499986
2012-10-08,80.417021,0.57848673
2012-10-09,79.511613,0.5719736
2012-10-10,78.606205,0.56546047
2012-10-11,77.700797,0.55894734
2012-10-12,74.393617,0.53515686
2012-10-13,71.086436,0.51136637
2012-10-14,67.779256,0.48757589
2012-10-15,64.472076,0.4637854
2012-10-16,61.164896,0.43999492
2012-10-17,57.857715,0.41620444
2012-10-18,54.550535,0.39241395
2012-10-19,51.243355,0.36862347
2012-10-20,47.936175,0.34483298
2012-10-21,44.628994,0.3210425
2012-10-22,41.321814,0.29725201
2012-10-23,38.014634,0.27346153
2012-10-24,34.707454,0.24967104
2012-10-25,31.400273,0.22588056
2012-10-26,31.61446,0.22742133
2012-10-27,31.828646,0.22896209
2012-10-28,32.042832,0.23050286
2012-10-29,32.257018,0.23204363
2012-10-30,32.471205,0.23358439
2012-10-31,32.685391,0.23512516
2012-11-01,32.899577,0.23666593
2012-11-02,33.113763,0.2382067
2012-11-03,33.32795,0.23974746
2012-11-04,33.542136,0.24128823
2012-11-05,33.756322,0.242829
2012-11-06,33.970508,0.24436976
2012-11-07,34.184695,0.24591053
2012-11-08,34.398881,0.2474513
2012-11-09,33.086265,0.23800888
2012-11-10,31.77365,0.22856647
2012-11-11,30.461034,0.21912406
2012-11-12,29.148418,0.20968164
2012-11-13,27.835802,0.20023923
2012-11-14,26.523187,0.19079682
2012-11-15,25.210571,0.1813544
2012-11-16,23.897955,0.17191199
2012-11-17,22.58534,0.16246958
2012-11-18,21.272724,0.15302716
2012-11-19,19.960108,0.14358475
2012-11-20,18.647493,0.13414234
2012-11-21,17.334877,0.12469992
2012-11-22,16.022261,0.11525751
2012-11-23,15.954478,0.1147699
2012-11-24,15.886694,0.11428229
2012-11-25,15.81891,0.11379469
2012-11-26,15.751127,0.11330708
2012-11-27,15.683343,0.11281947
2012-11-28,15.615559,0.11233186
2012-11-29,15.547776,0.11184426
2012-11-30,15.479992,0.11135665
2012-12-01,15.412208,0.11086904
2012-12-02,15.344425,0.11038143
2012-12-03,15.276641,0.10989383
2012-12-04,15.208857,0.10940622
2012-12-05,15.141074,0.10891861
2012-12-06,15.07329,0.108431
2012-12-07,15.314197,0.11016399
2012-12-08,15.555103,0.11189697
2012-12-09,15.79601,0.11362995
2012-12-10,16.036917,0.11536293
2012-12-11,16.277823,0.11709592
2012-12-12,16.51873,0.1188289
2012-12-13,16.759637,0.12056188
2012-12-14,17.000543,0.12229486
2012-12-15,17.24145,0.12402785
2012-12-16,17.482357,0.12576083
2012-12-17,17.723263,0.12749381
2012-12-18,17.96417,0.1292268
2012-12-19,18.205076,0.13095978
2012-12-20,18.445983,0.13269276
2012-12-21,18.021084,0.12963621
2012-12-22,17.596184,0.12657966
2012-12-23,17.171285,0.12352311
2012-12-24,16.746386,0.12046656
2012-12-25,16.321486,0.11741001
2012-12-26,15.896587,0.11435346
2012-12-27,15.471687,0.11129691
2012-12-28,15.046788,0.10824036
2012-12-29,14.621889,0.10518381
2012-12-30,14.196989,0.10212726
2012-12-31,13.77209,0.099070709
2013-01-01,13.347191,0.096014159
2013-01-02,12.922291,0.092957609
2013-01-03,12.497392,0.089901059
2013-01-04,12.546482,0.090254192
2013-01-05,12.595572,0.090607325
2013-01-06,12.644662,0.090960459
2013-01-07,12.693752,0.091313592
2013-01-08,12.742842,0.091666726
2013-01-09,12.791932,0.092019859
2013-01-10,12.841022,0.092372992
2013-01-11,12.890112,0.092726126
2013-01-12,12.939202,0.093079259
2013-01-13,12.988292,0.093432392
2013-01-14,13.037382,0.093785526
2013-01-15,13.086472,0.094138659
2013-01-16,13.135562,0.094491793
2013-01-17,13.184652,0.094844926
2013-01-18,14.219244,0.10228735
2013-01-19,15.253837,0.10972978
2013-01-20,16.288429,0.11717221
2013-01-21,17.323021,0.12461464
2013-01-22,18.357613,0.13205706
2013-01-23,19.392205,0.13949949
2013-01-24,20.426797,0.14694192
2013-01-25,21.461389,0.15438434
2013-01-26,22.495982,0.16182677
2013-01-27,23.530574,0.1692692
2013-01-28,24.565166,0.17671163
2013-01-29,25.599758,0.18415405
2013-01-30,26.63435,0.19159648
2013-01-31,27.668942,0.19903891
2013-02-01,27.000346,0.1942293
2013-02-02,26.331749,0.18941969
2013-02-03,25.663152,0.18461008
2013-02-04,24.994555,0.17980047
2013-02-05,24.325958,0.17499086
2013-02-06,23.657361,0.17018125
2013-02-07,22.988764,0.16537165
2013-02-08,22.320167,0.16056204
2013-02-09,21.65157,0.15575243
2013-02-10,20.982974,0.15094282
2013-02-11,20.314377,0.14613321
2013-02-12,19.64578,0.1413236
2013-02-13,18.977183,0.13651399
2013-02-14,18.308586,0.13170438
2013-02-15,20.501248,0.14747749
2013-02-16,22.69391,0.16325059
2013-02-17,24.886573,0.17902369
2013-02-18,27.079235,0.1947968
2013-02-19,29.271897,0.2105699
2013-02-20,31.464559,0.226343
2013-02-21,33.657221,0.24211611
2013-02-22,35.849883,0.25788921
2013-02-23,38.042546,0.27366231
2013-02-24,40.235208,0.28943542
2013-02-25,42.42787,0.30520852
2013-02-26,44.620532,0.32098162
2013-02-27,46.813194,0.33675473
2013-02-28,49.005857,0.35252783
2013-03-01,50.287796,0.36174957
2013-03-02,51.569734,0.37097131
2013-03-03,52.851673,0.38019304
2013-03-04,54.133612,0.38941478
2013-03-05,55.415551,0.39863652
2013-03-06,56.69749,0.40785826
2013-03-07,57.979429,0.41708
2013-03-08,59.261368,0.42630173
2013-03-09,60.543307,0.43552347
2013-03-10,61.825246,0.44474521
2013-03-11,63.107185,0.45396695
2013-03-12,64.389124,0.46318869
2013-03-13,65.671063,0.47241042
2013-03-14,66.953002,0.48163216
2013-03-15,66.464671,0.47811931
2013-03-16,65.97634,0.47460646
2013-03-17,65.488009,0.47109361
2013-03-18,64.999678,0.46758075
2013-03-19,64.511347,0.4640679
2013-03-20,64.023015,0.46055505
2013-03-21,63.534684,0.4570422
2013-03-22,63.046353,0.45352935
2013-03-23,62.558022,0.45001649
2013-03-24,62.069691,0.44650364
2013-03-25,61.58136,0.44299079
2013-03-26,61.093029,0.43947794
2013-03-27,60.604697,0.43596509
2013-03-28,60.116366,0.43245223
2013-03-29,66.478494,0.47821875
2013-03-30,72.840623,0.52398526
2013-03-31,79.202751,0.56975178
2013-04-01,85.564879,0.61551829
2013-04-02,91.927007,0.6612848
2013-04-03,98.289135,0.70705132
2013-04-04,104.65126,0.75281783
2013-04-05,111.01339,0.79858435
2013-04-06,117.37552,0.84435086
2013-04-07,123.73765,0.89011738
2013-04-08,130.09978,0.93588389
2013-04-09,136.4619,0.9816504
2013-04-10,142.82403,1.0274169
2013-04-11,149.18616,1.0731834
2013-04-12,147.03807,1.0577309
2013-04-13,144.88997,1.0422784
2013-04-14,142.74188,1.0268259
2013-04-15,140.59378,1.0113734
2013-04-16,138.44569,0.99592093
2013-04-17,136.2976,0.98046843
2013-04-18,134.1495,0.96501593
2013-04-19,132.00141,0.94956343
2013-04-20,129.85331,0.93411094
2013-04-21,127.70522,0.91865844
2013-04-22,125.55712,0.90320594
2013-04-23,123.40903,0.88775344
2013-04-24,121.26094,0.87230094
2013-04-25,119.11284,0.85684844
2013-04-26,123.39147,0.88762711
2013-04-27,127.6701,0.91840578
2013-04-28,131.94872,0.94918446
2013-04-29,136.22735,0.97996313
2013-04-30,140.50598,1.0107418
2013-05-01,144.78461,1.0415205
2013-05-02,149.06323,1.0722992
2013-05-03,153.34186,1.1030778
2013-05-04,157.62049,1.1338565
2013-05-05,161.89912,1.1646352
2013-05-06,166.17774,1.1954139
2013-05-07,170.45637,1.2261925
2013-05-08,174.735,1.2569712
2013-05-09,179.01363,1.2877499
2013-05-10,172.65649,1.2420193
2013-05-11,166.29936,1.1962887
2013-05-12,159.94222,1.1505581
2013-05-13,153.58509,1.1048275
2013-05-14,147.22795,1.0590969
2013-05-15,140.87082,1.0133663
2013-05-16,134.51368,0.9676357
2013-05-17,128.15655,0.9219051
2013-05-18,121.79941,0.8761745
2013-05-19,115.44228,0.83044391
2013-05-20,109.08514,0.78471331
2013-05-21,102.72801,0.73898271
2013-05-22,96.37087,0.69325212
2013-05-23,90.013735,0.64752152
2013-05-24,98.868345,0.71121791
2013-05-25,107.72295,0.77491431
2013-05-26,116.57756,0.8386107
2013-05-27,125.43217,0.90230709
2013-05-28,134.28678,0.96600349
2013-05-29,143.14139,1.0296999
2013-05-30,151.996,1.0933963
2013-05-31,160.85061,1.1570927
2013-06-01,169.70522,1.2207891
2013-06-02,178.55983,1.2844855
2013-06-03,187.41444,1.3481818
2013-06-04,196.26905,1.4118782
2013-06-05,205.12366,1.4755746
2013-06-06,213.97827,1.539271
2013-06-07,211.31089,1.520083
2013-06-08,208.64351,1.500895
2013-06-09,205.97613,1.481707
2013-06-10,203.30876,1.462519
2013-06-11,200.64138,1.4433309
2013-06-12,197.974,1.4241429
2013-06-13,195.30662,1.4049549
2013-06-14,192.63924,1.3857669
2013-06-15,189.97186,1.3665789
2013-06-16,187.30448,1.3473909
2013-06-17,184.63711,1.3282028
2013-06-18,181.96973,1.3090148
2013-06-19,179.30235,1.2898268
2013-06-20,176.63497,1.2706388
2013-06-21,179.45371,1.2909157
2013-06-22,182.27245,1.3111925
2013-06-23,185.0912,1.3314694
2013-06-24,187.90994,1.3517462
2013-06-25,190.72868,1.3720231
2013-06-26,193.54742,1.3923
2013-06-27,196.36616,1.4125768
2013-06-28,199.1849,1.4328537
2013-06-29,202.00365,1.4531305
2013-06-30,204.82239,1.4734074
2013-07-01,207.64113,1.4936843
2013-07-02,210.45987,1.5139611
2013-07-03,213.27861,1.534238
2013-07-04,216.09735,1.5545148
2013-07-05,215.8894,1.5530189
2013-07-06,215.68145,1.551523
2013-07-07,215.4735,1.5500271
2013-07-08,215.26555,1.5485312
2013-07-09,215.0576,1.5470352
2013-07-10,214.84964,1.5455393
2013-07-11,214.64169,1.5440434
2013-07-12,214.43374,1.5425475
2013-07-13,214.22579,1.5410516
2013-07-14,214.01784,1.5395557
2013-07-15,213.80989,1.5380597
2013-07-16,213.60193,1.5365638
2013-07-17,213.39398,1.5350679
2013-07-18,213.18603,1.533572
2013-07-19,211.01711,1.5179697
2013-07-20,208.84819,1.5023674
2013-07-21,206.67927,1.4867651
2013-07-22,204.51035,1.4711628
2013-07-23,202.34143,1.4555605
2013-07-24,200.17251,1.4399581
2013-07-25,198.0036,1.4243558
2013-07-26,195.83468,1.4087535
2013-07-27,193.66576,1.3931512
2013-07-28,191.49684,1.3775489
2013-07-29,189.32792,1.3619466
2013-07-30,187.159,1.3463443
2013-07-31,184.99008,1.330742
2013-08-01,182.82116,1.3151397
2013-08-02,180.7533,1.3002644
2013-08-03,178.68544,1.285389
2013-08-04,176.61758,1.2705137
2013-08-05,174.54972,1.2556384
2013-08-06,172.48186,1.2407631
2013-08-07,170.414,1.2258877
2013-08-08,168.34615,1.2110124
2013-08-09,166.27829,1.1961371
2013-08-10,164.21043,1.1812618
2013-08-11,162.14257,1.1663865
2013-08-12,160.07471,1.1515111
2013-08-13,158.00685,1.1366358
2013-08-14,155.93899,1.1217605
2013-08-15,153.87113,1.1068852
2013-08-16,151.95842,1.0931259
2013-08-17,150.04572,1.0793667
2013-08-18,148.13301,1.0656075
2013-08-19,146.2203,1.0518483
2013-08-20,144.30759,1.0380891
2013-08-21,142.39489,1.0243298
2013-08-22,140.48218,1.0105706
2013-08-23,138.56947,0.99681138
2013-08-24,136.65677,0.98305216
2013-08-25,134.74406,0.96929294
2013-08-26,132.83135,0.95553372
2013-08-27,130.91864,0.94177449
2013-08-28,129.00594,0.92801527
2013-08-29,127.09323,0.91425605
2013-08-30,122.96011,0.88452406
2013-08-31,118.82698,0.85479208
2013-09-01,114.69386,0.8250601
2013-09-02,110.56073,0.79532812
2013-09-03,106.42761,0.76559614
2013-09-04,102.29449,0.73586415
2013-09-05,98.161362,0.70613217
2013-09-06,94.028238,0.67640019
2013-09-07,89.895114,0.64666821
2013-09-08,85.76199,0.61693622
2013-09-09,81.628866,0.58720424
2013-09-10,77.495741,0.55747226
2013-09-11,73.362617,0.52774028
2013-09-12,69.229493,0.49800829
2013-09-13,71.795397,0.51646634
2013-09-14,74.361301,0.53492439
2013-09-15,76.927204,0.55338244
2013-09-16,79.493108,0.57184049
2013-09-17,82.059012,0.59029854
2013-09-18,84.624916,0.60875658
2013-09-19,87.190819,0.62721463
2013-09-20,89.756723,0.64567268
2013-09-21,92.322627,0.66413073
2013-09-22,94.88853,0.68258878
2013-09-23,97.454434,0.70104683
2013-09-24,100.02034,0.71950487
2013-09-25,102.58624,0.73796292
2013-09-26,105.15215,0.75642097
2013-09-27,101.67359,0.73139768
2013-09-28,98.195035,0.7063744
2013-09-29,94.716479,0.68135111
2013-09-30,91.237924,0.65632783
2013-10-01,87.759368,0.63130454
2013-10-02,84.280813,0.60628125
2013-10-03,80.802258,0.58125797
2013-10-04,77.323702,0.55623468
2013-10-05,73.845147,0.53121139
2013-10-06,70.366591,0.50618811
2013-10-07,66.888036,0.48116482
2013-10-08,63.409481,0.45614153
2013-10-09,59.930925,0.43111825
2013-10-10,56.45237,0.40609496
2013-10-11,56.362312,0.40544713
2013-10-12,56.272255,0.40479929
2013-10-13,56.182197,0.40415145
2013-10-14,56.09214,0.40350362
2013-10-15,56.002082,0.40285578
2013-10-16,55.912025,0.40220794
2013-10-17,55.821967,0.40156011
2013-10-18,55.73191,0.40091227
2013-10-19,55.641852,0.40026444
2013-10-20,55.551795,0.3996166
2013-10-21,55.461737,0.39896876
2013-10-22,55.37168,0.39832093
2013-10-23,55.281622,0.39767309
2013-10-24,55.191565,0.39702525
2013-10-25,53.22792,0.38289961
2013-10-26,51.264275,0.36877396
2013-10-27,49.30063,0.35464831
2013-10-28,47.336986,0.34052266
2013-10-29,45.373341,0.32639702
2013-10-30,43.409696,0.31227137
2013-10-31,41.446051,0.29814572
2013-11-01,39.482406,0.28402007
2013-11-02,37.518761,0.26989442
2013-11-03,35.555116,0.25576878
2013-11-04,33.591471,0.24164313
2013-11-05,31.627827,0.22751748
2013-11-06,29.664182,0.21339183
2013-11-07,27.700537,0.19926619
2013-11-08,26.937039,0.1937739
2013-11-09,26.17354,0.18828161
2013-11-10,25.410042,0.18278931
2013-11-11,24.646544,0.17729702
2013-11-12,23.883045,0.17180473
2013-11-13,23.119547,0.16631244
2013-11-14,22.356049,0.16082015
2013-11-15,21.59255,0.15532786
2013-11-16,20.829052,0.14983557
2013-11-17,20.065554,0.14434328
2013-11-18,19.302055,0.13885099
2013-11-19,18.538557,0.1333587
2013-11-20,17.775059,0.12786641
2013-11-21,17.01156,0.12237412
2013-11-22,17.604741,0.12664121
2013-11-23,18.197922,0.13090831
2013-11-24,18.791102,0.13517541
2013-11-25,19.384283,0.1394425
2013-11-26,19.977464,0.1437096
2013-11-27,20.570644,0.14797669
2013-11-28,21.163825,0.15224379
2013-11-29,21.757005,0.15651088
2013-11-30,22.350186,0.16077798
2013-12-01,22.943367,0.16504508
2013-12-02,23.536547,0.16931217
2013-12-03,24.129728,0.17357927
2013-12-04,24.722909,0.17784636
2013-12-05,25.316089,0.18211346
2013-12-06,25.114311,0.18066195
2013-12-07,24.912532,0.17921044
2013-12-08,24.710754,0.17775893
2013-12-09,24.508976,0.17630742
2013-12-10,24.307197,0.17485591
2013-12-11,24.105419,0.1734044
2013-12-12,23.90364,0.17195289
2013-12-13,23.701862,0.17050138
2013-12-14,23.500084,0.16904987
2013-12-15,23.298305,0.16759836
2013-12-16,23.096527,0.16614684
2013-12-17,22.894748,0.16469533
2013-12-18,22.69297,0.16324382
2013-12-19,22.491191,0.16179231
2013-12-20,22.711416,0.16337652
2013-12-21,22.93164,0.16496072
2013-12-22,23.151865,0.16654492
2013-12-23,23.372089,0.16812913
2013-12-24,23.592313,0.16971333
2013-12-25,23.812538,0.17129753
2013-12-26,24.032762,0.17288174
2013-12-27,24.252987,0.17446594
2013-12-28,24.473211,0.17605014
2013-12-29,24.693436,0.17763435
2013-12-30,24.91366,0.17921855
2013-12-31,25.133884,0.18080275
2014-01-01,25.354109,0.18238695
2014-01-02,25.574333,0.18397116
2014-01-03,24.804614,0.17843412
2014-01-04,24.034896,0.17289708
2014-01-05,23.265177,0.16736004
2014-01-06,22.495458,0.16182301
2014-01-07,21.72574,0.15628597
2014-01-08,20.956021,0.15074893
2014-01-09,20.186302,0.14521189
2014-01-10,19.416583,0.13967486
2014-01-11,18.646865,0.13413782
2014-01-12,17.877146,0.12860078
2014-01-13,17.107427,0.12306374
2014-01-14,16.337708,0.11752671
2014-01-15,15.56799,0.11198967
2014-01-16,14.798271,0.10645263
2014-01-17,17.080385,0.12286922
2014-01-18,19.3625,0.1392858
2014-01-19,21.644614,0.15570239
2014-01-20,23.926729,0.17211898
2014-01-21,26.208843,0.18853556
2014-01-22,28.490958,0.20495215
2014-01-23,30.773072,0.22136873
2014-01-24,33.055187,0.23778532
2014-01-25,35.337301,0.25420191
2014-01-26,37.619416,0.27061849
2014-01-27,39.90153,0.28703508
2014-01-28,42.183645,0.30345166
2014-01-29,44.465759,0.31986825
2014-01-30,46.747874,0.33628484
2014-01-31,48.170661,0.34651978
2014-02-01,49.593448,0.35675472
2014-02-02,51.016235,0.36698966
2014-02-03,52.439022,0.3772246
2014-02-04,53.861809,0.38745954
2014-02-05,55.284596,0.39769448
2014-02-06,56.707383,0.40792942
2014-02-07,58.13017,0.41816436
2014-02-08,59.552957,0.4283993
2014-02-09,60.975744,0.43863424
2014-02-10,62.398531,0.44886918
2014-02-11,63.821318,0.45910412
2014-02-12,65.244105,0.46933907
2014-02-13,66.666893,0.47957401
2014-02-14,67.950456,0.48880743
2014-02-15,69.234019,0.49804085
2014-02-16,70.517582,0.50727427
2014-02-17,71.801145,0.51650769
2014-02-18,73.084709,0.52574112
2014-02-19,74.368272,0.53497454
2014-02-20,75.651835,0.54420796
2014-02-21,76.935398,0.55344138
2014-02-22,78.218962,0.5626748
2014-02-23,79.502525,0.57190823
2014-02-24,80.786088,0.58114165
2014-02-25,82.069651,0.59037507
2014-02-26,83.353214,0.59960849
2014-02-27,84.636778,0.60884191
2014-02-28,84.705729,0.60933792
2014-03-01,84.774679,0.60983392
2014-03-02,84.84363,0.61032993
2014-03-03,84.912581,0.61082593
2014-03-04,84.981532,0.61132194
2014-03-05,85.050483,0.61181794
2014-03-06,85.119434,0.61231394
2014-03-07,85.188385,0.61280995
2014-03-08,85.257336,0.61330595
2014-03-09,85.326287,0.61380196
2014-03-10,85.395237,0.61429796
2014-03-11,85.464188,0.61479396
2014-03-12,85.533139,0.61528997
2014-03-13,85.60209,0.61578597
2014-03-14,89.163367,0.64140432
2014-03-15,92.724644,0.66702267
2014-03-16,96.28592,0.69264102
2014-03-17,99.847197,0.71825937
2014-03-18,103.40847,0.74387772
2014-03-19,106.96975,0.76949607
2014-03-20,110.53103,0.79511442
2014-03-21,114.0923,0.82073277
2014-03-22,117.65358,0.84635112
2014-03-23,121.21486,0.87196947
2014-03-24,124.77613,0.89758782
2014-03-25,128.33741,0.92320617
2014-03-26,131.89869,0.94882452
2014-03-27,135.45996,0.97444287
2014-03-28,135.51993,0.97487423
2014-03-29,135.5799,0.9753056
2014-03-30,135.63986,0.97573697
2014-03-31,135.69983,0.97616834
2014-04-01,135.75979,0.97659971
2014-04-02,135.81976,0.97703107
2014-04-03,135.87972,0.97746244
2014-04-04,135.93969,0.97789381
2014-04-05,135.99966,0.97832518
2014-04-06,136.05962,0.97875654
2014-04-07,136.11959,0.97918791
2014-04-08,136.17955,0.97961928
2014-04-09,136.23952,0.98005065
2014-04-10,136.29948,0.98048202
2014-04-11,136.9372,0.98506946
2014-04-12,137.57491,0.9896569
2014-04-13,138.21262,0.99424434
2014-04-14,138.85033,0.99883178
2014-04-15,139.48805,1.0034192
2014-04-16,140.12576,1.0080067
2014-04-17,140.76347,1.0125941
2014-04-18,141.40119,1.0171816
2014-04-19,142.0389,1.021769
2014-04-20,142.67661,1.0263564
2014-04-21,143.31432,1.0309439
2014-04-22,143.95204,1.0355313
2014-04-23,144.58975,1.0401188
2014-04-24,145.22746,1.0447062
2014-04-25,146.33559,1.0526776
2014-04-26,147.44371,1.060649
2014-04-27,148.55183,1.0686203
2014-04-28,149.65996,1.0765917
2014-04-29,150.76808,1.0845631
2014-04-30,151.8762,1.0925345
2014-05-01,152.98432,1.1005059
2014-05-02,154.09245,1.1084772
2014-05-03,155.20057,1.1164486
2014-05-04,156.30869,1.12442
2014-05-05,157.41682,1.1323914
2014-05-06,158.52494,1.1403627
2014-05-07,159.63306,1.1483341
2014-05-08,160.74119,1.1563055
2014-05-09,162.82346,1.1712845
2014-05-10,164.90574,1.1862636
2014-05-11,166.98802,1.2012426
2014-05-12,169.07029,1.2162217
2014-05-13,171.15257,1.2312007
2014-05-14,173.23485,1.2461797
2014-05-15,175.31712,1.2611588
2014-05-16,177.3994,1.2761378
2014-05-17,179.48168,1.2911168
2014-05-18,181.56396,1.3060959
2014-05-19,183.64623,1.3210749
2014-05-20,185.72851,1.336054
2014-05-21,187.81079,1.351033
2014-05-22,189.89306,1.366012
2014-05-23,192.45596,1.3844484
2014-05-24,195.01885,1.4028848
2014-05-25,197.58174,1.4213212
2014-05-26,200.14464,1.4397576
2014-05-27,202.70753,1.458194
2014-05-28,205.27043,1.4766304
2014-05-29,207.83332,1.4950668
2014-05-30,210.39621,1.5135032
2014-05-31,212.95911,1.5319396
2014-06-01,215.522,1.550376
2014-06-02,218.08489,1.5688124
2014-06-03,220.64779,1.5872488
2014-06-04,223.21068,1.6056852
2014-06-05,225.77358,1.6241216
2014-06-06,221.71406,1.5949191
2014-06-07,217.65454,1.5657166
2014-06-08,213.59502,1.5365141
2014-06-09,209.5355,1.5073116
2014-06-10,205.47598,1.4781091
2014-06-11,201.41646,1.4489066
2014-06-12,197.35694,1.4197041
2014-06-13,193.29743,1.3905016
2014-06-14,189.23791,1.3612991
2014-06-15,185.17839,1.3320966
2014-06-16,181.11887,1.3028941
2014-06-17,177.05935,1.2736916
2014-06-18,172.99983,1.2444891
2014-06-19,168.94031,1.2152866
2014-06-20,170.93957,1.2296684
2014-06-21,172.93883,1.2440503
2014-06-22,174.93808,1.2584321
2014-06-23,176.93734,1.2728139
2014-06-24,178.9366,1.2871958
2014-06-25,180.93585,1.3015776
2014-06-26,182.93511,1.3159594
2014-06-27,184.93437,1.3303412
2014-06-28,186.93363,1.3447231
2014-06-29,188.93288,1.3591049
2014-06-30,190.93214,1.3734867
2014-07-01,192.9314,1.3878685
2014-07-02,194.93065,1.4022504
2014-07-03,196.92991,1.4166322
2014-07-04,196.82597,1.4158845
2014-07-05,196.72202,1.4151367
2014-07-06,196.61808,1.414389
2014-07-07,196.51413,1.4136413
2014-07-08,196.41019,1.4128935
2014-07-09,196.30625,1.4121458
2014-07-10,196.2023,1.4113981
2014-07-11,196.09836,1.4106504
2014-07-12,195.99442,1.4099026
2014-07-13,195.89047,1.4091549
2014-07-14,195.78653,1.4084072
2014-07-15,195.68258,1.4076594
2014-07-16,195.57864,1.4069117
2014-07-17,195.4747,1.406164
2014-07-18,194.30988,1.3977848
2014-07-19,193.14507,1.3894056
2014-07-20,191.98025,1.3810264
2014-07-21,190.81544,1.3726472
2014-07-22,189.65062,1.364268
2014-07-23,188.48581,1.3558888
2014-07-24,187.32099,1.3475096
2014-07-25,186.15618,1.3391304
2014-07-26,184.99136,1.3307512
2014-07-27,183.82655,1.322372
2014-07-28,182.66173,1.3139928
2014-07-29,181.49692,1.3056136
2014-07-30,180.3321,1.2972344
2014-07-31,179.16729,1.2888552
2014-08-01,177.12533,1.2741662
2014-08-02,175.08337,1.2594772
2014-08-03,173.04141,1.2447882
2014-08-04,170.99945,1.2300992
2014-08-05,168.95749,1.2154102
2014-08-06,166.91553,1.2007212
2014-08-07,164.87358,1.1860322
2014-08-08,162.83162,1.1713432
2014-08-09,160.78966,1.1566542
2014-08-10,158.7477,1.1419652
2014-08-11,156.70574,1.1272762
2014-08-12,154.66378,1.1125872
2014-08-13,152.62182,1.0978982
2014-08-14,150.57986,1.0832092
2014-08-15,148.0646,1.0651154
2014-08-16,145.54933,1.0470216
2014-08-17,143.03406,1.0289278
2014-08-18,140.5188,1.010834
2014-08-19,138.00353,0.99274021
2014-08-20,135.48826,0.97464641
2014-08-21,132.97299,0.95655262
2014-08-22,130.45773,0.93845883
2014-08-23,127.94246,0.92036504
2014-08-24,125.42719,0.90227124
2014-08-25,122.91192,0.88417745
2014-08-26,120.39666,0.86608366
2014-08-27,117.88139,0.84798987
2014-08-28,115.36612,0.82989608
2014-08-29,113.9465,0.8196839
2014-08-30,112.52688,0.80947173
2014-08-31,111.10725,0.79925956
2014-09-01,109.68763,0.78904739
2014-09-02,108.26801,0.77883522
2014-09-03,106.84839,0.76862304
2014-09-04,105.42877,0.75841087
2014-09-05,104.00914,0.7481987
2014-09-06,102.58952,0.73798653
2014-09-07,101.1699,0.72777435
2014-09-08,99.750279,0.71756218
2014-09-09,98.330657,0.70735001
2014-09-10,96.911035,0.69713784
2014-09-11,95.491413,0.68692567
2014-09-12,95.763235,0.68888104
2014-09-13,96.035056,0.69083641
2014-09-14,96.306877,0.69279178
2014-09-15,96.578699,0.69474715
2014-09-16,96.85052,0.69670252
2014-09-17,97.122341,0.69865789
2014-09-18,97.394163,0.70061326
2014-09-19,97.665984,0.70256863
2014-09-20,97.937805,0.704524
2014-09-21,98.209627,0.70647937
2014-09-22,98.481448,0.70843474
2014-09-23,98.753269,0.71039011
2014-09-24,99.025091,0.71234548
2014-09-25,99.296912,0.71430085
2014-09-26,97.55772,0.70178982
2014-09-27,95.818528,0.68927879
2014-09-28,94.079335,0.67676776
2014-09-29,92.340143,0.66425673
2014-09-30,90.600951,0.6517457
2014-10-01,88.861758,0.63923468
2014-10-02,87.122566,0.62672365
2014-10-03,85.383374,0.61421262
2014-10-04,83.644181,0.60170159
2014-10-05,81.904989,0.58919056
2014-10-06,80.165797,0.57667953
2014-10-07,78.426605,0.5641685
2014-10-08,76.687412,0.55165747
2014-10-09,74.94822,0.53914644
2014-10-10,73.877723,0.53144574
2014-10-11,72.807227,0.52374503
2014-10-12,71.73673,0.51604432
2014-10-13,70.666233,0.50834361
2014-10-14,69.595737,0.5006429
2014-10-15,68.52524,0.49294219
2014-10-16,67.454743,0.48524148
2014-10-17,66.384247,0.47754077
2014-10-18,65.31375,0.46984006
2014-10-19,64.243253,0.46213935
2014-10-20,63.172757,0.45443864
2014-10-21,62.10226,0.44673793
2014-10-22,61.031763,0.43903722
2014-10-23,59.961267,0.43133651
2014-10-24,57.998819,0.41721948
2014-10-25,56.036372,0.40310245
2014-10-26,54.073925,0.38898541
2014-10-27,52.111477,0.37486838
2014-10-28,50.14903,0.36075135
2014-10-29,48.186583,0.34663431
2014-10-30,46.224135,0.33251728
2014-10-31,44.261688,0.31840025
2014-11-01,42.29924,0.30428321
2014-11-02,40.336793,0.29016618
2014-11-03,38.374346,0.27604914
2014-11-04,36.411898,0.26193211
2014-11-05,34.449451,0.24781508
2014-11-06,32.487004,0.23369804
2014-11-07,31.501695,0.22661014
2014-11-08,30.516387,0.21952225
2014-11-09,29.531079,0.21243435
2014-11-10,28.54577,0.20534645
2014-11-11,27.560462,0.19825855
2014-11-12,26.575154,0.19117065
2014-11-13,25.589845,0.18408275
2014-11-14,24.604537,0.17699485
2014-11-15,23.619229,0.16990695
2014-11-16,22.63392,0.16281905
2014-11-17,21.648612,0.15573115
2014-11-18,20.663304,0.14864325
2014-11-19,19.677996,0.14155535
2014-11-20,18.692687,0.13446745
2014-11-21,18.424362,0.13253723
2014-11-22,18.156037,0.13060701
2014-11-23,17.887712,0.12867679
2014-11-24,17.619387,0.12674657
2014-11-25,17.351062,0.12481635
2014-11-26,17.082737,0.12288613
2014-11-27,16.814411,0.12095591
2014-11-28,16.546086,0.11902569
2014-11-29,16.277761,0.11709547
2014-11-30,16.009436,0.11516525
2014-12-01,15.741111,0.11323503
2014-12-02,15.472786,0.11130481
2014-12-03,15.204461,0.10937459
2014-12-04,14.936136,0.10744437
2014-12-05,14.823704,0.10663558
2014-12-06,14.711272,0.1058268
2014-12-07,14.598841,0.10501801
2014-12-08,14.486409,0.10420922
2014-12-09,14.373977,0.10340044
2014-12-10,14.261546,0.10259165
2014-12-11,14.149114,0.10178286
2014-12-12,14.036682,0.10097408
2014-12-13,13.92425,0.10016529
2014-12-14,13.811819,0.099356503
2014-12-15,13.699387,0.098547716
2014-12-16,13.586955,0.097738929
2014-12-17,13.474524,0.096930142
2014-12-18,13.362092,0.096121355
