{
    "calc_vp_sat": {
        "Allen1998": [
            0.6108,
            0.65670916,
            0.70564143,
            0.75776633,
            0.8132611,
            0.87231096,
            0.9351094,
            1.00185843,
            1.07276883,
            1.14806048,
            1.22796262,
            1.31271414,
            1.40256387,
            1.4977709,
            1.59860486,
            1.70534623,
            1.81828668,
            1.93772935,
            2.0639892,
            2.19739332,
            2.33828127,
            2.4870054,
            2.64393119,
            2.80943762,
            2.98391748,
            3.16777772,
            3.36143983,
            3.56534018,
            3.77993036,
            4.0056776,
            4.24306506
        ],
        "Alduchov1996": [
            0.61094,
            0.65669555,
            0.70546194,
            0.75740857,
            0.81271268,
            0.87155955,
            0.93414282,
            1.00066475,
            1.07133652,
            1.14637852,
            1.22602064,
            1.31050256,
            1.40007409,
            1.49499548,
            1.5955377,
            1.70198281,
            1.81462428,
            1.93376727,
            2.05972908,
            2.19283938,
            2.33344062,
            2.4818884,
            2.63855177,
            2.80381365,
            2.97807116,
            3.16173604,
            3.35523495,
            3.55900995,
            3.77351881,
            3.99923544,
            4.23665025
        ],
        "Sonntag1990": [
            0.6112,
            0.65694602,
            0.70570024,
            0.7576318,
            0.81291764,
            0.87174275,
            0.93430042,
            1.00079257,
            1.07143002,
            1.14643274,
            1.22603021,
            1.31046166,
            1.39997645,
            1.49483429,
            1.59530565,
            1.70167202,
            1.81422627,
            1.93327296,
            2.05912869,
            2.19212247,
            2.33259602,
            2.48090415,
            2.63741512,
            2.80251098,
            2.97658799,
            3.16005692,
            3.35334348,
            3.55688868,
            3.77114922,
            3.99659788,
            4.23372392
        ]
    },
    "convert_vp_to_vpd": {
        "Allen1998": [
            -0.3892,
            -6.97662417,
            -13.56102523,
            -20.14223367,
            -26.72007224,
            -33.29435571,
            -39.8648906,
            -46.43147491,
            -52.99389784,
            -59.55193952,
            -66.10537071,
            -72.65395253,
            -79.19743613,
            -85.73556243,
            -92.26806181,
            -98.79465377,
            -105.31504665,
            -111.82893731,
            -118.3360108,
            -124.83594001,
            -131.3283854,
            -137.8129946,
            -144.28940214,
            -150.75722904,
            -157.21608252,
            -163.66555562,
            -170.10522684,
            -176.53465982,
            -182.95340297,
            -189.36098907,
            -195.75693494
        ],
        "Alduchov1996": [
            -0.38906,
            -6.97663778,
            -13.56120473,
            -20.14259143,
            -26.72062065,
            -33.29510712,
            -39.86585718,
            -46.43266858,
            -52.99533014,
            -59.55362148,
            -66.1073127,
            -72.65616411,
            -79.19992591,
            -85.73833786,
            -92.27112897,
            -98.79801719,
            -105.31870906,
            -111.83289939,
            -118.34027092,
            -124.84049396,
            -131.33322604,
            -137.8181116,
            -144.29478156,
            -150.76285302,
            -157.22192884,
            -163.6715973,
            -170.11143171,
            -176.54099005,
            -182.95981452,
            -189.36743123,
            -195.76334975
        ],
        "Sonntag1990": [
            -0.3888,
            -6.97638731,
            -13.56096643,
            -20.1423682,
            -26.72041569,
            -33.29492392,
            -39.86569958,
            -46.43254076,
            -52.99523665,
            -59.55356726,
            -66.10730313,
            -72.656205,
            -79.20002355,
            -85.73849904,
            -92.27136101,
            -98.79832798,
            -105.31910706,
            -111.83339371,
            -118.34087131,
            -124.84121086,
            -131.33407064,
            -137.81909585,
            -144.29591822,
            -150.76415568,
            -157.22341201,
            -163.67327642,
            -170.11332319,
            -176.54311132,
            -182.96218411,
            -189.37006878,
            -195.76627608
        ]
    },
    "convert_rh_to_vpd": {
        "Allen1998": [
            0.6108,
            0.63481886,
            0.65859867,
            0.6819897,
            0.70482628,
            0.7269258,
            0.74808752,
            0.76809146,
            0.78669714,
            0.80364233,
            0.81864175,
            0.83138562,
            0.84153832,
            0.84873684,
            0.85258926,
            0.85267312,
            0.84853378,
            0.83968272,
            0.82559568,
            0.80571089,
            0.77942709,
            0.74610162,
            0.70504832,
            0.65553545,
            0.5967835,
            0.52796295,
            0.44819198,
            0.35653402,
            0.25199536,
            0.13352259,
            0
        ],
        "Alduchov1996": [
            0.61094,
            0.6348057,
            0.65843114,
            0.68166772,
            0.70435099,
            0.72629962,
            0.74731425,
            0.76717631,
            0.78564678,
            0.80246497,
            0.81734709,
            0.82998495,
            0.84004445,
            0.8471641,
            0.85095344,
            0.85099141,
            0.84682466,
            0.83796582,
            0.82389163,
            0.8040411,
            0.77781354,
            0.74456652,
            0.70361381,
            0.65422318,
            0.59561423,
            0.52695601,
            0.44736466,
            0.355901,
            0.25156792,
            0.13330785,
            0
        ],
        "Sonntag1990": [
            0.6112,
            0.63504782,
            0.65865356,
            0.68186862,
            0.70452863,
            0.72645229,
            0.74744033,
            0.76727431,
            0.78571535,
            0.80250292,
            0.81735347,
            0.82995905,
            0.83998587,
            0.84707277,
            0.85082968,
            0.85083601,
            0.84663893,
            0.83775161,
            0.82365148,
            0.80377824,
            0.77753201,
            0.74427125,
            0.7033107,
            0.65391923,
            0.5953176,
            0.52667615,
            0.44711246,
            0.35568887,
            0.25140995,
            0.13321993,
            0
        ]
    },
    "convert_sh_to_vp": [
        0.95880341,
        1.11592966,
        1.27989403,
        1.45068007,
        1.62827132,
        1.81265142,
        2.00380405,
        2.20171292,
        2.40636183,
        2.6177346,
        2.83581511,
        3.06058731,
        3.29203517,
        3.53014274,
        3.77489411,
        4.02627341,
        4.28426483,
        4.54885261,
        4.82002104,
        5.09775447,
        5.38203728,
        5.6728539,
        5.97018883,
        6.27402661,
        6.58435182,
        6.90114909,
        7.22440311,
        7.55409861,
        7.89022036,
        8.23275321,
        8.58168201
    ],