time,daily_gpp,daily_A0
2004-01-01,6.1630855,0.044334684
2004-01-02,5.3212982,0.038279215
2004-01-03,4.7424741,0.034115394
2004-01-04,6.159563,0.044309344
2004-01-05,5.7125107,0.041093436
2004-01-06,7.1897253,0.051719905
2004-01-07,7.7747559,0.055928373
2004-01-08,11.660622,0.083881687
2004-01-09,5.4004037,0.038848267
2004-01-10,3.5573429,0.025590051
2004-01-11,11.718064,0.084294897
2004-01-12,13.161129,0.094675712
2004-01-13,5.6445495,0.04060455
2004-01-14,7.6777009,0.0552302
2004-01-15,3.8860434,0.027954586
2004-01-16,7.6595707,0.055099778
2004-01-17,10.368912,0.074589657
2004-01-18,4.3558747,0.031334358
2004-01-19,6.5064102,0.04680442
2004-01-20,2.2395666,0.016110514
2004-01-21,3.2001615,0.023020636
2004-01-22,5.0150908,0.036076486
2004-01-23,6.2673571,0.045084771
2004-01-24,7.397479,0.053214399
2004-01-25,2.3687795,0.017040018
2004-01-26,12.880021,0.092653532
2004-01-27,4.5267775,0.032563762
2004-01-28,9.9482068,0.071563278
2004-01-29,11.097241,0.079828953
2004-01-30,7.6746106,0.055207969
2004-01-31,19.045339,0.13700428
2004-02-01,15.272526,0.10986423
2004-02-02,8.2559274,0.059389721
2004-02-03,16.359865,0.11768609
2004-02-04,21.718749,0.15623568
2004-02-05,10.878687,0.078256767
2004-02-06,19.588237,0.14090966
2004-02-07,19.19791,0.13810181
2004-02-08,10.219239,0.073512969
2004-02-09,9.0621491,0.065189347
2004-02-10,10.637478,0.07652161
2004-02-11,4.2125301,0.030303196
2004-02-12,11.016806,0.079250336
2004-02-13,9.4090568,0.067684856
2004-02-14,9.5207887,0.068488609
2004-02-15,13.319886,0.095817744
2004-02-16,13.043865,0.093832159
2004-02-17,15.091245,0.10856017
2004-02-18,10.153821,0.073042385
2004-02-19,6.3088344,0.045383141
2004-02-20,16.356316,0.11766056
2004-02-21,20.325611,0.14621402
2004-02-22,14.836636,0.10672861
2004-02-23,8.4511455,0.06079404
2004-02-24,18.230136,0.13114005
2004-02-25,15.863414,0.11411483
2004-02-26,20.215617,0.14542277
2004-02-27,17.306523,0.12449596
2004-02-28,20.776051,0.1494543
2004-02-29,8.6519255,0.062238367
2004-03-01,18.812108,0.13532651
2004-03-02,11.129782,0.080063042
2004-03-03,7.5011431,0.053960116
2004-03-04,16.531356,0.11891973
2004-03-05,22.258306,0.16011703
2004-03-06,20.646178,0.14852005
2004-03-07,29.214361,0.21015601
2004-03-08,21.30796,0.15328063
2004-03-09,20.658905,0.14861161
2004-03-10,18.233207,0.13116214
2004-03-11,33.981189,0.24444659
2004-03-12,40.473044,0.29114631
2004-03-13,44.127235,0.31743305
2004-03-14,46.390234,0.33371213
2004-03-15,53.682811,0.3861719
2004-03-16,58.780187,0.42284031
2004-03-17,65.195707,0.46899091
2004-03-18,64.557614,0.46440073
2004-03-19,56.199483,0.40427579
2004-03-20,36.175952,0.26023481
2004-03-21,42.48259,0.30560215
2004-03-22,49.57497,0.35662179
2004-03-23,41.449863,0.29817314
2004-03-24,10.527544,0.075730789
2004-03-25,16.552003,0.11906825
2004-03-26,24.347018,0.17514236
2004-03-27,26.11269,0.18784387
2004-03-28,39.393598,0.28338122
2004-03-29,55.120563,0.3965145
2004-03-30,63.533585,0.45703429
2004-03-31,65.901272,0.47406645
2004-04-01,61.4527,0.44206526
2004-04-02,79.393643,0.57112498
2004-04-03,75.020991,0.53966993
2004-04-04,67.627284,0.48648266
2004-04-05,64.332723,0.46278296
2004-04-06,47.62659,0.34260595
2004-04-07,57.576026,0.41417808
2004-04-08,49.303579,0.35466952
2004-04-09,39.851302,0.28667376
2004-04-10,56.934129,0.40956054
2004-04-11,60.890851,0.43802355
2004-04-12,63.699844,0.45823029
2004-04-13,32.310707,0.23242984
2004-04-14,79.958399,0.5751876
2004-04-15,93.424446,0.67205676
2004-04-16,89.087955,0.64086184
2004-04-17,84.938633,0.61101334
2004-04-18,89.593714,0.64450006
2004-04-19,26.041869,0.18733442
2004-04-20,73.000479,0.5251352
2004-04-21,91.17898,0.65590381
2004-04-22,100.67939,0.7242458
2004-04-23,80.406035,0.57840771
2004-04-24,29.710221,0.21372302
2004-04-25,59.931109,0.43111957
2004-04-26,62.510657,0.44967577
2004-04-27,74.204989,0.53379995
2004-04-28,97.793996,0.70348949
2004-04-29,103.95482,0.74780789
2004-04-30,102.25396,0.73557262
2004-05-01,88.636089,0.63761131
2004-05-02,33.508407,0.2410456
2004-05-03,101.67153,0.73138289
2004-05-04,81.006693,0.58272859
2004-05-05,77.9164,0.5604983
2004-05-06,42.469291,0.30550648
2004-05-07,47.175786,0.33936306
2004-05-08,70.590838,0.50780125
2004-05-09,57.192858,0.41142173
2004-05-10,56.673429,0.40768517
2004-05-11,80.567549,0.57956957
2004-05-12,43.474811,0.31273978
2004-05-13,30.039191,0.2160895
2004-05-14,69.87876,0.50267885
2004-05-15,55.276606,0.397637
2004-05-16,67.98032,0.48902226
2004-05-17,62.028689,0.44620869
2004-05-18,76.334049,0.54911552
2004-05-19,87.768044,0.63136694
2004-05-20,80.312191,0.57773263
2004-05-21,45.186813,0.32505521
2004-05-22,61.060935,0.43924707
2004-05-23,42.598579,0.30643653
2004-05-24,63.132707,0.45415054
2004-05-25,64.456837,0.46367578
2004-05-26,45.380144,0.32644595
2004-05-27,73.281134,0.52715412
2004-05-28,80.72686,0.58071558
2004-05-29,89.234507,0.64191608
2004-05-30,98.3969,0.70782653
2004-05-31,99.359488,0.714751
2004-06-01,49.342268,0.35494784
2004-06-02,36.716726,0.26412491
2004-06-03,80.215198,0.5770349
2004-06-04,80.637777,0.58007476
2004-06-05,60.816392,0.43748793
2004-06-06,89.764633,0.64572958
2004-06-07,102.81854,0.73963399
2004-06-08,108.31151,0.77914815
2004-06-09,102.82609,0.73968828
2004-06-10,104.04027,0.74842261
2004-06-11,92.253274,0.66363184
2004-06-12,76.657587,0.55144292
2004-06-13,81.413935,0.58565812
2004-06-14,90.215786,0.64897499
2004-06-15,103.04493,0.74126253
2004-06-16,80.871281,0.58175449
2004-06-17,98.998223,0.7121522
2004-06-18,89.90907,0.6467686
2004-06-19,75.688715,0.54447326
2004-06-20,82.361105,0.59247167
2004-06-21,83.931008,0.6037649
2004-06-22,88.69935,0.63806637
2004-06-23,90.414883,0.65040721
2004-06-24,90.293346,0.64953293
2004-06-25,79.618844,0.57274498
2004-06-26,87.247972,0.62762576
2004-06-27,90.802091,0.65319263
2004-06-28,79.444828,0.57149318
2004-06-29,69.447737,0.49957825
2004-06-30,70.163051,0.50472392
2004-07-01,69.645955,0.50100415
2004-07-02,76.234911,0.54840236
2004-07-03,79.755198,0.57372585
2004-07-04,89.01642,0.64034725
2004-07-05,88.018503,0.63316865
2004-07-06,87.175572,0.62710495
2004-07-07,95.194356,0.68478876
2004-07-08,104.40001,0.75101045
2004-07-09,80.848954,0.58159388
2004-07-10,82.538803,0.59374995
2004-07-11,84.116903,0.60510215
2004-07-12,69.718194,0.5015238
2004-07-13,47.777791,0.34369364
2004-07-14,76.67866,0.55159451
2004-07-15,57.985383,0.41712282
2004-07-16,80.310691,0.57772184
2004-07-17,95.167852,0.6845981
2004-07-18,95.865609,0.68961748
2004-07-19,91.288004,0.65668808
2004-07-20,95.393923,0.68622437
2004-07-21,101.68103,0.73145124
2004-07-22,45.832136,0.3296974
2004-07-23,95.073441,0.68391894
2004-07-24,55.975925,0.40266761
2004-07-25,90.515411,0.65113037
2004-07-26,59.704157,0.42948697
2004-07-27,60.432397,0.43472563
2004-07-28,84.612774,0.60866924
2004-07-29,91.237772,0.65632673
2004-07-30,97.995772,0.70494098
2004-07-31,102.57392,0.73787427
2004-08-01,94.389363,0.67899797
2004-08-02,92.372195,0.6644873
2004-08-03,97.145565,0.69882495
2004-08-04,97.672717,0.70261706
2004-08-05,104.65731,0.75286132
2004-08-06,102.15907,0.73489
2004-08-07,100.25755,0.72121126
2004-08-08,98.50722,0.70862013
2004-08-09,97.149434,0.69885278
2004-08-10,97.009053,0.69784294
2004-08-11,85.678897,0.61633849
2004-08-12,94.138221,0.67719136
2004-08-13,79.470612,0.57167866
2004-08-14,57.15323,0.41113666
2004-08-15,85.198382,0.61288186
2004-08-16,88.153787,0.63414182
2004-08-17,76.187989,0.54806483
2004-08-18,73.525055,0.52890878
2004-08-19,35.908915,0.25831386
2004-08-20,46.377727,0.33362216
2004-08-21,58.840522,0.42327434
2004-08-22,58.056413,0.41763378
2004-08-23,65.141651,0.46860205
2004-08-24,43.46672,0.31268158
2004-08-25,60.675002,0.43647082
2004-08-26,48.938998,0.35204688
2004-08-27,51.292611,0.36897779
2004-08-28,45.454975,0.32698426
2004-08-29,56.554045,0.40682637
2004-08-30,41.611362,0.2993349
2004-08-31,55.795054,0.4013665
2004-09-01,56.8909,0.40924956
2004-09-02,61.937999,0.4455563
2004-09-03,66.228249,0.47641858
2004-09-04,66.38578,0.4775518
2004-09-05,64.363168,0.46300197
2004-09-06,66.071443,0.47529059
2004-09-07,66.34063,0.47722701
2004-09-08,60.758425,0.43707094
2004-09-09,54.997949,0.39563246
2004-09-10,63.522914,0.45695753
2004-09-11,44.945498,0.32331929
2004-09-12,32.694231,0.23518875
2004-09-13,52.149942,0.37514508
2004-09-14,52.948847,0.38089207
2004-09-15,53.904268,0.38776497
2004-09-16,40.551958,0.29171398
2004-09-17,53.246045,0.38302999
2004-09-18,58.599667,0.42154173
2004-09-19,52.990366,0.38119074
2004-09-20,47.218068,0.33966722
2004-09-21,37.843846,0.27223295
2004-09-22,30.143598,0.21684055
2004-09-23,21.932685,0.15777465
2004-09-24,24.772146,0.17820056
2004-09-25,30.360585,0.21840147
2004-09-26,14.746616,0.10608105
2004-09-27,24.868043,0.1788904
2004-09-28,28.262789,0.2033108
2004-09-29,28.33196,0.20380838
2004-09-30,31.947504,0.22981711
2004-10-01,37.816375,0.27203534
2004-10-02,28.317738,0.20370607
2004-10-03,40.061055,0.28818263
2004-10-04,43.165693,0.31051611
2004-10-05,48.691569,0.35026697
2004-10-06,33.182868,0.2387038
2004-10-07,37.833548,0.27215887
2004-10-08,19.29646,0.13881074
2004-10-09,29.477549,0.21204928
2004-10-10,29.55379,0.21259772
2004-10-11,30.368884,0.21846117
2004-10-12,35.758864,0.25723445
2004-10-13,38.284728,0.27540447
2004-10-14,38.440592,0.27652569
2004-10-15,18.601083,0.13380849
2004-10-16,20.919953,0.15048947
2004-10-17,27.26305,0.19611909
2004-10-18,28.953654,0.20828059
2004-10-19,41.865516,0.30116318
2004-10-20,38.364454,0.27597799
2004-10-21,49.494124,0.35604023
2004-10-22,47.861535,0.34429605
2004-10-23,48.196981,0.34670911
2004-10-24,51.430948,0.36997293
2004-10-25,34.642522,0.24920395
2004-10-26,5.2036807,0.037433123
2004-10-27,22.15566,0.15937864
2004-10-28,21.971415,0.15805326
2004-10-29,32.276863,0.23218638
2004-10-30,20.40257,0.14676764
2004-10-31,25.783836,0.18547824
2004-11-01,14.605169,0.10506354
2004-11-02,8.0525562,0.057926754
2004-11-03,27.870926,0.2004919
2004-11-04,22.590185,0.16250443
2004-11-05,15.203187,0.10936543
2004-11-06,10.8876,0.078320881
2004-11-07,11.391884,0.081948498
2004-11-08,8.4286481,0.060632203
2004-11-09,2.4225854,0.017427075
2004-11-10,14.782144,0.10633662
2004-11-11,15.234258,0.10958894
2004-11-12,12.921944,0.092955115
2004-11-13,12.427957,0.08940157
2004-11-14,12.620516,0.090786764
2004-11-15,16.183592,0.11641806
2004-11-16,5.0124844,0.036057736
2004-11-17,9.175394,0.066003983
2004-11-18,7.846036,0.056441133
2004-11-19,2.5129286,0.018076967
2004-11-20,4.1891052,0.030134688
2004-11-21,4.4285993,0.031857509
2004-11-22,7.3492582,0.052867519
2004-11-23,8.5582517,0.061564517
2004-11-24,9.3385107,0.067177377
2004-11-25,14.223756,0.10231981
2004-11-26,12.24389,0.088077475
2004-11-27,4.8967097,0.035224901
2004-11-28,7.2238547,0.051965418
2004-11-29,7.29557,0.052481308
2004-11-30,13.372969,0.096199601
2004-12-01,9.152042,0.065835999
2004-12-02,6.9526353,0.050014378
2004-12-03,10.732673,0.0772064
2004-12-04,11.495073,0.082690794
2004-12-05,12.113209,0.08713741
2004-12-06,9.4834771,0.068220206
2004-12-07,6.823957,0.04908872
2004-12-08,12.324744,0.088659106
2004-12-09,10.601527,0.076262993
2004-12-10,12.94788,0.093141683
2004-12-11,13.067376,0.094001287
2004-12-12,4.8282505,0.034732434
2004-12-13,9.6715506,0.069573128
2004-12-14,9.287425,0.066809888
2004-12-15,16.385115,0.11786773
2004-12-16,15.217722,0.10946999
2004-12-17,13.85456,0.099663962
2004-12-18,5.4773568,0.039401836
2004-12-19,3.5136762,0.025275931
2004-12-20,9.0469541,0.06508004
2004-12-21,9.6311985,0.069282852
2004-12-22,7.5410669,0.054247311
2004-12-23,6.8408051,0.049209918
2004-12-24,9.7683125,0.070269194
2004-12-25,11.707893,0.084221735
2004-12-26,1.6340951,0.011755003
2004-12-27,1.683462,0.012110128
2004-12-28,8.1631538,0.058722346
2004-12-29,7.6206354,0.054819694
2004-12-30,11.147053,0.080187279
2004-12-31,8.6632142,0.062319574
2005-01-01,5.4973778,0.039545858
2005-01-02,9.925546,0.071400266
2005-01-03,3.0269457,0.021774593
2005-01-04,4.093655,0.029448058
2005-01-05,5.9933673,0.043113802
2005-01-06,9.9892438,0.071858481
2005-01-07,11.304573,0.081320418
2005-01-08,15.139671,0.10890852
2005-01-09,13.066845,0.093997473
2005-01-10,16.822198,0.12101192
2005-01-11,10.932854,0.07864642
2005-01-12,10.400077,0.074813849
2005-01-13,10.429867,0.075028139
2005-01-14,8.4221633,0.060585554
2005-01-15,6.54973,0.047116044
2005-01-16,11.280565,0.081147711
2005-01-17,14.576292,0.10485581
2005-01-18,10.63292,0.076488821
2005-01-19,9.7910387,0.070432676
2005-01-20,5.5059141,0.039607265
2005-01-21,7.5797668,0.054525702
2005-01-22,9.135799,0.065719153
2005-01-23,8.9863759,0.064644265
2005-01-24,9.0277092,0.0649416
2005-01-25,7.9881351,0.057463335
2005-01-26,6.715323,0.048307252
2005-01-27,5.8734723,0.042251327
2005-01-28,3.9026193,0.028073827
2005-01-29,2.8839439,0.020745898
2005-01-30,4.1886492,0.030131407
2005-01-31,5.2297856,0.037620911
2005-02-01,7.0527406,0.050734494
2005-02-02,6.3070567,0.045370353
2005-02-03,8.5637517,0.061604082
2005-02-04,9.1235748,0.065631218
2005-02-05,8.7349972,0.062835951
2005-02-06,11.427099,0.082201819
2005-02-07,12.881337,0.092663001
2005-02-08,13.800995,0.099278637
2005-02-09,21.613731,0.15548022
2005-02-10,21.183145,0.15238277
2005-02-11,12.288265,0.088396684
2005-02-12,13.070265,0.094022073
2005-02-13,19.027098,0.13687306
2005-02-14,8.8298171,0.063518046
2005-02-15,6.4104636,0.046114219
2005-02-16,6.6928183,0.048145362
2005-02-17,6.3192578,0.045458123
2005-02-18,10.863234,0.078145608
2005-02-19,13.286979,0.095581021
2005-02-20,21.114183,0.15188668
2005-02-21,16.749359,0.12048795
2005-02-22,5.2090065,0.037471435
2005-02-23,16.179858,0.11639119
2005-02-24,14.084525,0.10131824
2005-02-25,12.514019,0.090020668
2005-02-26,12.327129,0.088676257
2005-02-27,7.2819494,0.052383327
2005-02-28,9.3376466,0.067171161
2005-03-01,15.242249,0.10964642
2005-03-02,20.848581,0.14997605
2005-03-03,25.819168,0.1857324
2005-03-04,22.74685,0.16363141
2005-03-05,23.621055,0.16992008
2005-03-06,13.45968,0.096823359
2005-03-07,17.562388,0.12633654
2005-03-08,16.494037,0.11865127
2005-03-09,20.667568,0.14867393
2005-03-10,24.530571,0.17646277
2005-03-11,20.896712,0.15032229
2005-03-12,28.543265,0.20532842
2005-03-13,26.07263,0.1875557
2005-03-14,35.662415,0.25654064
2005-03-15,49.38068,0.35522416
2005-03-16,56.373636,0.40552858
2005-03-17,45.043024,0.32402086
2005-03-18,43.791753,0.31501973
2005-03-19,35.21854,0.25334758
2005-03-20,47.793762,0.34380853
2005-03-21,55.312583,0.39789581
2005-03-22,65.767081,0.47310113
2005-03-23,28.996212,0.20858673
2005-03-24,83.260623,0.59894243
2005-03-25,78.435797,0.56423463
2005-03-26,37.903507,0.27266212
2005-03-27,79.832943,0.57428512
2005-03-28,39.117134,0.28139246
2005-03-29,65.075365,0.46812522
2005-03-30,68.076019,0.48971068
2005-03-31,65.077058,0.46813739
2005-04-01,71.05519,0.5111416
2005-04-02,80.888867,0.581881
2005-04-03,91.108643,0.65539783
2005-04-04,95.250308,0.68519125
2005-04-05,67.870897,0.48823511
2005-04-06,88.35855,0.63561481
2005-04-07,57.739663,0.41535521
2005-04-08,48.954102,0.35215553
2005-04-09,30.902753,0.22230161
2005-04-10,50.800704,0.36543922
2005-04-11,61.623517,0.44329405
2005-04-12,69.64147,0.50097189
2005-04-13,59.813274,0.43027191
2005-04-14,76.932453,0.55342019
2005-04-15,77.039458,0.55418994
2005-04-16,88.630646,0.63757215
2005-04-17,65.552298,0.47155607
2005-04-18,80.729913,0.58073755
2005-04-19,76.238737,0.54842989
2005-04-20,63.936008,0.45992915
2005-04-21,60.818671,0.43750432
2005-04-22,79.429085,0.57137993
2005-04-23,88.42785,0.63611332
2005-04-24,52.257011,0.37591529
2005-04-25,34.147688,0.24564432
2005-04-26,69.292643,0.49846257
2005-04-27,58.728257,0.42246675
2005-04-28,87.928412,0.63252057
2005-04-29,86.044277,0.61896688
2005-04-30,96.394111,0.6934193
2005-05-01,107.55618,0.77371458
2005-05-02,103.67473,0.74579305
2005-05-03,69.595292,0.5006397
2005-05-04,85.394771,0.6142946
2005-05-05,55.763466,0.40113927
2005-05-06,48.818491,0.35118
2005-05-07,60.475865,0.43503832
2005-05-08,56.766719,0.40835626
2005-05-09,67.091096,0.48262555
2005-05-10,80.127981,0.5764075
2005-05-11,68.832285,0.49515094
2005-05-12,77.146969,0.55496333
2005-05-13,105.46218,0.7586512
2005-05-14,62.135758,0.4469789
2005-05-15,61.552459,0.44278289
2005-05-16,97.61311,0.70218827
2005-05-17,28.567591,0.20550342
2005-05-18,33.743547,0.2427371
2005-05-19,82.844329,0.59594778
2005-05-20,104.74211,0.75347137
2005-05-21,82.654276,0.59458062
2005-05-22,77.028035,0.55410777
2005-05-23,44.583808,0.32071745
2005-05-24,96.584692,0.69479026
2005-05-25,110.9204,0.79791542
2005-05-26,118.39471,0.85168248
2005-05-27,115.97089,0.83424656
2005-05-28,118.65607,0.85356264
2005-05-29,128.91395,0.92735358
2005-05-30,111.44333,0.80167716
2005-05-31,84.076841,0.60481397
2005-06-01,94.541262,0.68009067
2005-06-02,97.160652,0.69893348
2005-06-03,124.97033,0.89898481
2005-06-04,89.765401,0.6457351
2005-06-05,91.557836,0.65862914
2005-06-06,54.817153,0.39433189
2005-06-07,63.941147,0.45996612
2005-06-08,79.999665,0.57548445
2005-06-09,94.351318,0.6787243
2005-06-10,97.399147,0.70064911
2005-06-11,80.683453,0.58040333
2005-06-12,86.714254,0.62378642
2005-06-13,112.4208,0.80870867
2005-06-14,90.245744,0.6491905
2005-06-15,99.003507,0.71219021
2005-06-16,107.81747,0.7755942
2005-06-17,94.341517,0.67865379
2005-06-18,112.60327,0.81002129
2005-06-19,116.90699,0.84098044
2005-06-20,118.15515,0.84995917
2005-06-21,112.83366,0.8116786
2005-06-22,100.45762,0.72265051
2005-06-23,113.27028,0.81481947
2005-06-24,111.04266,0.79879487
2005-06-25,96.215921,0.69213748
2005-06-26,83.319892,0.59936878
2005-06-27,102.51094,0.73742121
2005-06-28,100.31007,0.72158908
2005-06-29,82.449203,0.59310541
2005-06-30,56.107236,0.40361221
2005-07-01,49.830306,0.35845858
2005-07-02,64.801433,0.46615466
2005-07-03,105.51097,0.7590022
2005-07-04,114.38068,0.82280723
2005-07-05,28.77786,0.20701601
2005-07-06,89.867129,0.6464669
2005-07-07,73.898299,0.53159375
2005-07-08,43.531672,0.31314881
2005-07-09,51.917538,0.37347326
2005-07-10,87.777052,0.63143175
2005-07-11,103.02779,0.74113923
2005-07-12,105.73013,0.76057877
2005-07-13,101.23511,0.72824347
2005-07-14,97.929646,0.7044653
2005-07-15,99.217551,0.71372996
2005-07-16,96.633849,0.69514388
2005-07-17,94.233758,0.67787861
2005-07-18,105.59113,0.75957884
2005-07-19,64.47774,0.46382615
2005-07-20,83.130479,0.59800622
2005-07-21,59.072775,0.42494507
2005-07-22,42.228067,0.30377122
2005-07-23,64.556807,0.46439493
2005-07-24,90.137896,0.64841468
2005-07-25,84.812765,0.6101079
2005-07-26,90.984167,0.65450241
2005-07-27,95.953808,0.69025194
2005-07-28,92.076923,0.66236324
2005-07-29,95.739722,0.68871189
2005-07-30,90.369288,0.65007922
2005-07-31,95.81614,0.68926161
2005-08-01,96.459908,0.69389262
2005-08-02,84.244886,0.60602281
2005-08-03,16.754113,0.12052215
2005-08-04,69.717597,0.50151951
2005-08-05,87.570272,0.62994426
2005-08-06,65.963114,0.47451132
2005-08-07,64.718404,0.46555738
2005-08-08,76.114522,0.54753634
2005-08-09,65.985185,0.47467009
2005-08-10,66.418541,0.47778747
2005-08-11,57.795167,0.41575449
2005-08-12,83.518629,0.60079842
2005-08-13,40.544171,0.29165797
2005-08-14,54.75043,0.39385191
2005-08-15,39.750566,0.2859491
2005-08-16,79.718608,0.57346264
2005-08-17,71.897437,0.51720037
2005-08-18,81.448508,0.58590682
2005-08-19,82.047628,0.59021665
2005-08-20,69.143825,0.49739203
2005-08-21,78.208499,0.56259954
2005-08-22,68.983284,0.49623717
2005-08-23,17.839048,0.12832672
2005-08-24,39.563798,0.28460557
2005-08-25,50.3303,0.36205532
2005-08-26,62.753239,0.45142081
2005-08-27,67.883384,0.48832494
2005-08-28,73.497911,0.52871352
2005-08-29,78.012553,0.56118999
2005-08-30,80.201877,0.57693908
2005-08-31,81.718703,0.58785049
2005-09-01,82.173752,0.59112393
2005-09-02,52.901743,0.38055323
2005-09-03,21.953396,0.15792364
2005-09-04,70.596007,0.50783843
2005-09-05,73.586248,0.52934898
2005-09-06,75.415351,0.54250679
2005-09-07,76.771809,0.55226459
2005-09-08,75.947021,0.54633141
2005-09-09,80.618151,0.57993358
2005-09-10,83.514576,0.60076926
2005-09-11,50.872754,0.36595752
2005-09-12,27.051353,0.19459623
2005-09-13,49.566573,0.35656139
2005-09-14,64.755015,0.46582075
2005-09-15,62.265346,0.4479111
2005-09-16,31.785368,0.22865077
2005-09-17,36.031582,0.25919627
2005-09-18,52.642713,0.37868987
2005-09-19,57.960269,0.41694216
2005-09-20,61.256382,0.44065304
2005-09-21,66.961727,0.48169492
2005-09-22,68.971401,0.49615168
2005-09-23,75.475854,0.54294202
2005-09-24,66.315856,0.47704879
2005-09-25,76.069918,0.54721548
2005-09-26,47.768616,0.34362763
2005-09-27,68.811434,0.49500095
2005-09-28,32.344595,0.23267362
2005-09-29,43.205472,0.31080227
2005-09-30,42.354282,0.30467916
2005-10-01,35.825487,0.25771371
2005-10-02,22.486039,0.16175525
2005-10-03,14.605077,0.10506287
2005-10-04,44.558346,0.32053428
2005-10-05,47.601527,0.34242566
2005-10-06,56.875167,0.40913639
2005-10-07,55.273875,0.39761736
2005-10-08,56.430658,0.40593878
2005-10-09,53.928507,0.38793934
2005-10-10,55.831726,0.40163031
2005-10-11,55.533497,0.39948497
2005-10-12,53.131551,0.38220636
2005-10-13,52.159611,0.37521463
2005-10-14,52.755539,0.37950149
2005-10-15,52.926584,0.38073192
2005-10-16,35.092587,0.25244153
2005-10-17,27.429276,0.19731485
2005-10-18,26.464115,0.19037188
2005-10-19,43.33116,0.31170641
2005-10-20,47.116675,0.33893784
2005-10-21,33.546329,0.24131839
2005-10-22,38.107729,0.27413122
2005-10-23,24.902053,0.17913505
2005-10-24,22.467179,0.16161958
2005-10-25,32.741189,0.23552655
2005-10-26,44.06635,0.31699506
2005-10-27,38.433374,0.27647377
2005-10-28,44.976231,0.32354037
2005-10-29,43.767292,0.31484377
2005-10-30,44.497806,0.32009878
2005-10-31,36.326698,0.26131922
2005-11-01,29.377392,0.21132879
2005-11-02,37.121396,0.26703595
2005-11-03,32.714216,0.23533252
2005-11-04,36.284036,0.26101232
2005-11-05,12.233715,0.08800428
2005-11-06,30.146445,0.21686104
2005-11-07,32.403436,0.2330969
2005-11-08,35.353308,0.25431705
2005-11-09,33.775408,0.2429663
2005-11-10,19.847757,0.14277654
2005-11-11,23.922477,0.17208839
2005-11-12,28.396694,0.20427405
2005-11-13,30.736979,0.22110909
2005-11-14,25.080747,0.1804205
2005-11-15,26.780123,0.19264511
2005-11-16,5.7920044,0.04166528
2005-11-17,8.2591588,0.059412967
2005-11-18,4.9358525,0.035506478
2005-11-19,4.5222608,0.03253127
2005-11-20,2.2376023,0.016096384
2005-11-21,7.0436427,0.050669048
2005-11-22,2.785791,0.020039827
2005-11-23,4.3602265,0.031365663
2005-11-24,10.195853,0.073344741
2005-11-25,9.8143454,0.070600335
2005-11-26,13.134728,0.094485793
2005-11-27,10.110589,0.072731388
2005-11-28,9.4453719,0.067946092
2005-11-29,13.986655,0.1006142
2005-11-30,11.809508,0.084952711
2005-12-01,12.974242,0.093331324
2005-12-02,12.009505,0.086391402
2005-12-03,7.6361953,0.054931625
2005-12-04,10.944956,0.078733478
2005-12-05,12.991329,0.093454235
2005-12-06,13.10192,0.094249787
2005-12-07,8.5485367,0.061494632
2005-12-08,11.914886,0.085710755
2005-12-09,5.8847965,0.042332788
2005-12-10,10.43836,0.075089237
2005-12-11,6.3662274,0.045796003
2005-12-12,7.6796113,0.055243942
2005-12-13,5.3889152,0.038765624
2005-12-14,4.4273647,0.031848628
2005-12-15,3.1454388,0.022626984
2005-12-16,3.0291764,0.02179064
2005-12-17,0.99643444,0.0071679365
2005-12-18,1.7928082,0.012896719
2005-12-19,5.826116,0.041910665
2005-12-20,3.5805663,0.025757111
2005-12-21,5.797398,0.04170408
2005-12-22,5.4438635,0.039160899
2005-12-23,4.62329,0.033258033
2005-12-24,4.5310268,0.03259433
2005-12-25,7.4409628,0.053527204
2005-12-26,7.0514672,0.050725334
2005-12-27,5.3762222,0.038674315
2005-12-28,1.0811037,0.0077770123
2005-12-29,3.2794904,0.023591295
2005-12-30,5.3253282,0.038308205
2005-12-31,8.0613342,0.057989898
2006-01-01,10.127664,0.072854217
2006-01-02,6.7685574,0.048690198
2006-01-03,3.3416316,0.024038313
2006-01-04,2.5990879,0.018696761
2006-01-05,4.0845316,0.029382428
2006-01-06,4.82363,0.034699196
2006-01-07,7.9063937,0.056875321
2006-01-08,7.714901,0.055497802
2006-01-09,7.1521833,0.051449844
2006-01-10,9.1340319,0.065706442
2006-01-11,13.910082,0.10006337
2006-01-12,6.0168282,0.043282569
2006-01-13,13.049176,0.093870369
2006-01-14,13.474133,0.096927333
2006-01-15,11.484356,0.082613697
2006-01-16,11.261331,0.081009352
2006-01-17,12.100482,0.087045853
2006-01-18,2.0940834,0.015063968
2006-01-19,5.419472,0.038985436
2006-01-20,8.8480494,0.063649202
2006-01-21,5.6718279,0.04080078
2006-01-22,1.2193897,0.0087717845
2006-01-23,1.3530179,0.0097330505
2006-01-24,8.1722915,0.058788079
2006-01-25,9.0659266,0.06521652
2006-01-26,8.1626576,0.058718777
2006-01-27,9.049949,0.065101584
2006-01-28,11.890147,0.08553279
2006-01-29,15.73431,0.11318611
2006-01-30,15.824861,0.1138375
2006-01-31,8.8936633,0.06397733
2006-02-01,20.047534,0.14421366
2006-02-02,19.853298,0.1428164
2006-02-03,4.7899133,0.034456652
2006-02-04,5.0534163,0.036352183
2006-02-05,8.6825416,0.062458607
2006-02-06,13.257258,0.09536722
2006-02-07,5.0980543,0.036673291
2006-02-08,12.224403,0.087937291
2006-02-09,12.005562,0.086363038
2006-02-10,4.2280714,0.030414994
2006-02-11,9.9291281,0.071426034
2006-02-12,13.143792,0.094550995
2006-02-13,17.072499,0.12281249
2006-02-14,17.449693,0.12552586
2006-02-15,19.989792,0.14379829
2006-02-16,20.066963,0.14435342
2006-02-17,23.718969,0.17062443
2006-02-18,25.897519,0.18629603
2006-02-19,23.809434,0.17127521
2006-02-20,15.012264,0.10799201
2006-02-21,7.0370156,0.050621375
2006-02-22,7.9948964,0.057511972
2006-02-23,17.183812,0.12361323
2006-02-24,20.391133,0.14668536
2006-02-25,12.763872,0.091818007
2006-02-26,11.391487,0.081945639
2006-02-27,19.297636,0.1388192
2006-02-28,25.055393,0.18023812
2006-03-01,13.736743,0.098816439
2006-03-02,26.027831,0.18723343
2006-03-03,26.780249,0.19264601
2006-03-04,24.758415,0.17810178
2006-03-05,30.868418,0.22205461
2006-03-06,30.898931,0.22227411
2006-03-07,19.545091,0.14059928
2006-03-08,30.562729,0.21985561
2006-03-09,17.395919,0.12513903
2006-03-10,38.344379,0.27583358
2006-03-11,11.385395,0.081901817
2006-03-12,9.8041567,0.070527041
2006-03-13,20.130501,0.14481048
2006-03-14,22.199191,0.15969178
2006-03-15,12.190533,0.087693646
2006-03-16,28.455942,0.20470026
2006-03-17,7.0827076,0.050950064
2006-03-18,12.850443,0.092440761
2006-03-19,33.525516,0.24116867
2006-03-20,35.941173,0.25854591
2006-03-21,38.494529,0.27691369
2006-03-22,40.538909,0.29162012
2006-03-23,41.668387,0.29974511
2006-03-24,52.555177,0.37806017
2006-03-25,38.195025,0.27475919
2006-03-26,29.463185,0.21194595
2006-03-27,71.251659,0.51255492
2006-03-28,47.136825,0.33908279
2006-03-29,52.595189,0.378348
2006-03-30,46.468445,0.33427474
2006-03-31,61.710443,0.44391936
2006-04-01,62.719985,0.45118159
2006-04-02,63.607679,0.45756729
2006-04-03,47.989633,0.34521754
2006-04-04,43.920389,0.31594508
2006-04-05,44.793595,0.32222656
2006-04-06,50.434555,0.36280529
2006-04-07,60.996924,0.4387866
2006-04-08,75.0934,0.54019081
2006-04-09,62.027193,0.44619793
2006-04-10,30.177919,0.21708745
2006-04-11,39.48063,0.2840073
2006-04-12,35.302322,0.25395028
2006-04-13,50.616919,0.36411714
2006-04-14,50.357049,0.36224775
2006-04-15,75.001685,0.53953105
2006-04-16,35.84839,0.25787846
2006-04-17,56.73847,0.40815305
2006-04-18,65.838238,0.47361301
2006-04-19,70.174174,0.50480394
2006-04-20,87.210104,0.62735336
2006-04-21,84.523716,0.60802859
2006-04-22,76.432157,0.54982128
2006-04-23,68.704268,0.49423004
2006-04-24,82.240659,0.59160523
2006-04-25,87.269999,0.62778422
2006-04-26,62.626364,0.45050812
2006-04-27,78.774387,0.56667031
2006-04-28,46.170717,0.33213301
2006-04-29,29.064779,0.20907998
2006-04-30,61.379891,0.44154151
2006-05-01,75.967333,0.54647752
2006-05-02,78.477862,0.56453723
2006-05-03,97.603124,0.70211644
2006-05-04,99.442957,0.71535144
2006-05-05,101.3151,0.72881883
2006-05-06,97.539132,0.70165611
2006-05-07,99.768813,0.71769551
2006-05-08,104.32996,0.75050649
2006-05-09,99.804138,0.71794962
2006-05-10,102.67663,0.73861311
2006-05-11,109.96071,0.79101181
2006-05-12,111.18172,0.79979525
2006-05-13,72.435613,0.52107179
2006-05-14,77.633087,0.55846027
2006-05-15,91.443548,0.657807
2006-05-16,94.519271,0.67993248
2006-05-17,77.96053,0.56081575
2006-05-18,58.917096,0.42382518
2006-05-19,88.621841,0.63750881
2006-05-20,80.914511,0.58206547
2006-05-21,80.985459,0.58257584
2006-05-22,99.42529,0.71522435
2006-05-23,88.818166,0.63892109
2006-05-24,94.398242,0.67906185
2006-05-25,65.122737,0.46846599
2006-05-26,79.479353,0.57174154
2006-05-27,76.016664,0.54683239
2006-05-28,92.871837,0.66808152
2006-05-29,84.294218,0.60637769
2006-05-30,68.654766,0.49387394
2006-05-31,43.573891,0.31345252
2006-06-01,64.970344,0.46736974
2006-06-02,93.283365,0.67104188
2006-06-03,96.658605,0.69532196
2006-06-04,62.208153,0.44749968
2006-06-05,68.401778,0.49205406
2006-06-06,77.700245,0.55894338
2006-06-07,99.178476,0.71344887
2006-06-08,107.69103,0.77468465
2006-06-09,117.07565,0.84219369
2006-06-10,120.78101,0.86884855
2006-06-11,120.17342,0.8644778
2006-06-12,127.9238,0.92023083
2006-06-13,122.9137,0.88419023
2006-06-14,125.26623,0.90111339
2006-06-15,116.4963,0.8380261
2006-06-16,96.009736,0.69065427
2006-06-17,95.718283,0.68855767
2006-06-18,133.70951,0.96185082
2006-06-19,101.83493,0.73255829
2006-06-20,126.0985,0.90710038
2006-06-21,104.76771,0.75365551
2006-06-22,108.91977,0.7835237
2006-06-23,101.50027,0.73015091
2006-06-24,118.18162,0.8501496
2006-06-25,117.87975,0.84797812
2006-06-26,121.46238,0.87375004
2006-06-27,95.666058,0.68818199
2006-06-28,83.15764,0.59820161
2006-06-29,88.21378,0.63457339
2006-06-30,51.352921,0.36941164
2006-07-01,98.97437,0.71198062
2006-07-02,100.1547,0.72047141
2006-07-03,97.826103,0.70372046
2006-07-04,92.826173,0.66775303
2006-07-05,92.929657,0.66849746
2006-07-06,78.691143,0.56607148
2006-07-07,79.377928,0.57101193
2006-07-08,49.717691,0.35764848
2006-07-09,73.585001,0.52934001
2006-07-10,74.685302,0.53725512
2006-07-11,71.188537,0.51210084
2006-07-12,68.297137,0.49130131
2006-07-13,60.378382,0.43433707
2006-07-14,44.818462,0.32240545
2006-07-15,59.119558,0.42528161
2006-07-16,62.224936,0.44762041
2006-07-17,66.35033,0.47729679
2006-07-18,66.314696,0.47704045
2006-07-19,63.979147,0.46023948
2006-07-20,60.587709,0.43584288
2006-07-21,61.767146,0.44432726
2006-07-22,62.185469,0.4473365
2006-07-23,39.401135,0.28343544
2006-07-24,60.621962,0.43608928
2006-07-25,56.317009,0.40512123
2006-07-26,51.28648,0.36893369
2006-07-27,54.202748,0.38991211
2006-07-28,39.441527,0.28372601
2006-07-29,38.405716,0.27627481
2006-07-30,50.805286,0.36547218
2006-07-31,41.423859,0.29798608
2006-08-01,43.221273,0.31091593
2006-08-02,46.170039,0.33212813
2006-08-03,43.41094,0.31228031
2006-08-04,40.440745,0.29091397
2006-08-05,37.096314,0.26685551
2006-08-06,27.937888,0.20097359
2006-08-07,24.530211,0.17646018
2006-08-08,37.598648,0.2704691
2006-08-09,48.465198,0.34863856
2006-08-10,43.908147,0.31585702
2006-08-11,50.836722,0.36569832
2006-08-12,49.368632,0.35513749
2006-08-13,53.9484,0.38808244
2006-08-14,57.829232,0.41599954
2006-08-15,45.389352,0.32651219
2006-08-16,68.236722,0.49086671
2006-08-17,73.846928,0.53122421
2006-08-18,68.148673,0.49023332
2006-08-19,84.634671,0.60882676
2006-08-20,76.368949,0.54936658
2006-08-21,66.888153,0.48116566
2006-08-22,57.527696,0.41383042
2006-08-23,51.013708,0.36697148
2006-08-24,73.237855,0.52684278
2006-08-25,59.389415,0.42722285
2006-08-26,61.090357,0.43945872
2006-08-27,59.5527,0.42839746
2006-08-28,47.897373,0.34455386
2006-08-29,39.687456,0.28549511
2006-08-30,55.497098,0.39922313
2006-08-31,54.414672,0.39143661
2006-09-01,64.409064,0.46333212
2006-09-02,62.396395,0.44885382
2006-09-03,55.297349,0.39778622
2006-09-04,65.555792,0.47158121
2006-09-05,64.039383,0.46067279
2006-09-06,61.234079,0.4404926
2006-09-07,73.247468,0.52691194
2006-09-08,53.015342,0.38137041
2006-09-09,52.972007,0.38105867
2006-09-10,67.58672,0.48619086
2006-09-11,67.401705,0.48485994
2006-09-12,68.390803,0.4919751
2006-09-13,65.744868,0.47294134
2006-09-14,64.4034,0.46329138
2006-09-15,64.161868,0.4615539
2006-09-16,45.236989,0.32541616
2006-09-17,56.439086,0.4059994
2006-09-18,58.311822,0.41947109
2006-09-19,21.702605,0.15611955
2006-09-20,37.98435,0.27324368
2006-09-21,50.028051,0.35988107
2006-09-22,50.134682,0.36064814
2006-09-23,47.923502,0.34474182
2006-09-24,49.193995,0.35388122
2006-09-25,47.742786,0.34344183
2006-09-26,44.974023,0.32352449
2006-09-27,13.427421,0.096591303
2006-09-28,39.182436,0.28186222
2006-09-29,42.545104,0.30605186
2006-09-30,40.232404,0.28941524
2006-10-01,33.004447,0.23742032
2006-10-02,21.53554,0.15491775
2006-10-03,10.675855,0.076797681
2006-10-04,22.883201,0.16461227
2006-10-05,20.018796,0.14400692
2006-10-06,28.472014,0.20481587
2006-10-07,23.234564,0.16713983
2006-10-08,35.933309,0.25848933
2006-10-09,39.310266,0.28278177
2006-10-10,41.623611,0.29942301
2006-10-11,44.669665,0.32133507
2006-10-12,45.201534,0.32516111
2006-10-13,17.146677,0.12334609
2006-10-14,29.028509,0.20881907
2006-10-15,24.415076,0.17563194
2006-10-16,36.385885,0.26174498
2006-10-17,43.337715,0.31175357
2006-10-18,47.055633,0.33849873
2006-10-19,47.180042,0.33939367
2006-10-20,35.437902,0.25492558
2006-10-21,31.425868,0.22606467
2006-10-22,48.559134,0.34931429
2006-10-23,32.674406,0.23504614
2006-10-24,34.786839,0.25024211
2006-10-25,47.635614,0.34267087
2006-10-26,49.050615,0.3528498
2006-10-27,38.606708,0.27772066
2006-10-28,31.461258,0.22631926
2006-10-29,20.017573,0.14399813
2006-10-30,32.906847,0.23671823
2006-10-31,33.86138,0.24358474
2006-11-01,23.492179,0.16899301
2006-11-02,20.106287,0.1446363
2006-11-03,21.255203,0.15290112
2006-11-04,8.7253068,0.062766243
2006-11-05,5.0814523,0.036553863
2006-11-06,19.67464,0.14153121
2006-11-07,25.69746,0.18485688
2006-11-08,32.007489,0.23024861
2006-11-09,22.34751,0.16075873
2006-11-10,18.940422,0.13624955
2006-11-11,12.319937,0.088624521
2006-11-12,15.864254,0.11412087
2006-11-13,12.222401,0.087922887
2006-11-14,21.838247,0.1570953
2006-11-15,33.549277,0.2413396
2006-11-16,36.734651,0.26425386
2006-11-17,19.397542,0.13953788
2006-11-18,23.83104,0.17143063
2006-11-19,24.327468,0.17500172
2006-11-20,13.935936,0.10024935
2006-11-21,11.006684,0.079177525
2006-11-22,18.094716,0.13016589
2006-11-23,17.294796,0.12441159
2006-11-24,26.60456,0.19138218
2006-11-25,20.013504,0.14396886
2006-11-26,26.49865,0.19062031
2006-11-27,27.406673,0.19715225
2006-11-28,22.103048,0.15900017
2006-11-29,10.683731,0.076854337
2006-11-30,21.543312,0.15497366
2006-12-01,23.525342,0.16923156
2006-12-02,21.62942,0.15559308
2006-12-03,22.3428,0.16072485
2006-12-04,20.874487,0.15016241
2006-12-05,24.172495,0.17388692
2006-12-06,23.054567,0.165845
2006-12-07,19.783748,0.14231609
2006-12-08,21.858502,0.15724101
2006-12-09,7.0728039,0.050878821
2006-12-10,5.4184778,0.038978285
2006-12-11,5.0210339,0.036119237
2006-12-12,5.3990542,0.038838559
2006-12-13,12.87216,0.092596984
2006-12-14,19.331119,0.13906006
2006-12-15,22.705821,0.16333627
2006-12-16,19.289582,0.13876126
2006-12-17,12.793212,0.092029065
2006-12-18,7.1820533,0.051664716
2006-12-19,9.2963785,0.066874295
2006-12-20,4.1733946,0.030021672
2006-12-21,11.151307,0.080217882
2006-12-22,5.2056916,0.037447589
2006-12-23,8.3383326,0.059982511
2006-12-24,13.013452,0.093613384
2006-12-25,9.5849157,0.068949913
2006-12-26,13.251055,0.095322599
2006-12-27,13.55469,0.097506824
2006-12-28,5.5171909,0.039688386
2006-12-29,11.900102,0.085604403
2006-12-30,15.879381,0.11422969
2006-12-31,12.829907,0.092293039
2007-01-01,16.217349,0.11666089
2007-01-02,11.914012,0.085704468
2007-01-03,11.728184,0.084367694
2007-01-04,10.950247,0.07877154
2007-01-05,11.00363,0.079155558
2007-01-06,14.38121,0.10345247
2007-01-07,4.8194332,0.034669006
2007-01-08,12.681732,0.091227127
2007-01-09,13.256537,0.095362035
2007-01-10,19.298371,0.13882449
2007-01-11,7.4480007,0.053577831
2007-01-12,12.058269,0.086742193
2007-01-13,11.811784,0.084969081
2007-01-14,15.543204,0.11181137
2007-01-15,15.588904,0.11214012
2007-01-16,16.022942,0.11526241
2007-01-17,17.636826,0.12687202
2007-01-18,12.075834,0.08686855
2007-01-19,12.284255,0.08836784
2007-01-20,18.128419,0.13040834
2007-01-21,15.700509,0.11294296
2007-01-22,14.77248,0.1062671
2007-01-23,6.7141689,0.048298949
2007-01-24,4.1952645,0.030178995
2007-01-25,7.7219611,0.055548589
2007-01-26,8.1545539,0.058660483
2007-01-27,12.484245,0.089806489
2007-01-28,7.1025155,0.051092554
2007-01-29,9.7915284,0.070436199
2007-01-30,12.655929,0.091041513
2007-01-31,15.169677,0.10912437
2007-02-01,17.414537,0.12527296
2007-02-02,10.390571,0.074745465
2007-02-03,16.728631,0.12033884
2007-02-04,11.601014,0.083452888
2007-02-05,12.496584,0.089895252
2007-02-06,16.392645,0.1179219
2007-02-07,14.35591,0.10327047
2007-02-08,13.392087,0.096337128
2007-02-09,20.19953,0.14530705
2007-02-10,8.3687793,0.060201531
2007-02-11,20.386763,0.14665393
2007-02-12,21.9896,0.15818407
2007-02-13,21.431313,0.15416799
2007-02-14,27.447724,0.19744755
2007-02-15,2.9794828,0.021433165
2007-02-16,13.933815,0.10023409
2007-02-17,27.651187,0.19891118
2007-02-18,31.55927,0.22702431
2007-02-19,13.615904,0.09794717
2007-02-20,14.492051,0.10424981
2007-02-21,15.01435,0.10800701
2007-02-22,15.291024,0.10999729
2007-02-23,20.512982,0.1475619
2007-02-24,27.975927,0.20124723
2007-02-25,19.641278,0.14129121
2007-02-26,25.845433,0.18592134
2007-02-27,17.923728,0.12893587
2007-02-28,17.057683,0.12270591
2007-03-01,16.534558,0.11894276
2007-03-02,14.437114,0.10385462
2007-03-03,18.810846,0.13531743
2007-03-04,26.103728,0.18777941
2007-03-05,27.410862,0.19718238
2007-03-06,32.253157,0.23201585
2007-03-07,36.832665,0.26495893
2007-03-08,23.916975,0.17204881
2007-03-09,35.231217,0.25343878
2007-03-10,27.453184,0.19748683
2007-03-11,44.976766,0.32354422
2007-03-12,53.694216,0.38625394
2007-03-13,58.870202,0.42348785
2007-03-14,49.318451,0.3547765
2007-03-15,47.877485,0.34441079
2007-03-16,56.311293,0.40508012
2007-03-17,15.064702,0.10836923
2007-03-18,35.858581,0.25795178
2007-03-19,37.706785,0.27124699
2007-03-20,26.565488,0.19110111
2007-03-21,17.218669,0.12386397
2007-03-22,21.448215,0.15428958
2007-03-23,33.088187,0.23802271
2007-03-24,40.131364,0.28868841
2007-03-25,60.237482,0.43332349
2007-03-26,61.510626,0.44248196
2007-03-27,64.224327,0.4620032
2007-03-28,69.172791,0.4976004
2007-03-29,69.495311,0.49992048
2007-03-30,66.417403,0.47777928
2007-03-31,75.397515,0.54237849
2007-04-01,82.287447,0.5919418
2007-04-02,89.113788,0.64104767
2007-04-03,66.551947,0.47874713
2007-04-04,64.786601,0.46604797
2007-04-05,84.978191,0.6112979
2007-04-06,68.610808,0.49355773
2007-04-07,73.36623,0.52776626
2007-04-08,32.213589,0.23173121
2007-04-09,82.876787,0.59618127
2007-04-10,62.610156,0.45039152
2007-04-11,71.574473,0.51487711
2007-04-12,108.12872,0.77783323
2007-04-13,114.5556,0.82406553
2007-04-14,116.15133,0.83554455
2007-04-15,115.81286,0.83310976
2007-04-16,120.99013,0.87035288
2007-04-17,122.83909,0.88365349
2007-04-18,96.55994,0.69461221
2007-04-19,105.98355,0.76240174
2007-04-20,98.383588,0.70773078
2007-04-21,102.48922,0.73726496
2007-04-22,120.91625,0.86982137
2007-04-23,136.54942,0.98227994
2007-04-24,140.8495,1.013213
2007-04-25,144.69597,1.0408828
2007-04-26,144.24188,1.0376163
2007-04-27,143.68197,1.0335886
2007-04-28,140.41827,1.0101108
2007-04-29,112.76793,0.81120578
2007-04-30,125.24768,0.90097995
2007-05-01,117.62672,0.8461579
2007-05-02,138.52509,0.99649212
2007-05-03,148.75738,1.0700989
2007-05-04,149.39313,1.0746723
2007-05-05,142.97191,1.0284807
2007-05-06,134.19217,0.96532287
2007-05-07,81.651415,0.58736646
2007-05-08,87.412014,0.62880582
2007-05-09,120.37573,0.86593314
2007-05-10,86.128495,0.61957271
2007-05-11,120.36821,0.86587905
2007-05-12,112.14727,0.80674101
2007-05-13,138.63329,0.99727044
2007-05-14,126.42693,0.90946297
2007-05-15,84.526931,0.60805172
2007-05-16,119.07481,0.85657486
2007-05-17,100.4153,0.72234603
2007-05-18,136.88011,0.98465877
2007-05-19,161.76913,1.1637001
2007-05-20,161.58086,1.1623458
2007-05-21,164.9851,1.1868345
2007-05-22,148.26438,1.0665525
2007-05-23,121.34464,0.87290308
2007-05-24,140.18718,1.0084485
2007-05-25,121.23129,0.87208766
2007-05-26,109.01865,0.78423502
2007-05-27,110.13117,0.79223799
2007-05-28,72.700324,0.52297602
2007-05-29,86.32436,0.62098168
2007-05-30,76.243978,0.54846759
2007-05-31,83.657951,0.60180064
2007-06-01,102.14029,0.7347549
2007-06-02,115.96934,0.83423537
2007-06-03,116.31098,0.83669298
2007-06-04,116.28031,0.83647238
2007-06-05,112.62484,0.81017644
2007-06-06,127.24423,0.91534228
2007-06-07,131.6757,0.9472204
2007-06-08,138.82315,0.99863621
2007-06-09,122.13068,0.87855755
2007-06-10,137.86013,0.99170865
2007-06-11,138.87776,0.99902905
2007-06-12,110.50821,0.79495029
2007-06-13,101.86513,0.73277551
2007-06-14,127.3652,0.91621249
2007-06-15,93.585719,0.6732169
2007-06-16,109.86304,0.79030917
2007-06-17,129.39782,0.93083432
2007-06-18,93.795057,0.67472278
2007-06-19,135.10838,0.97191371
2007-06-20,119.7429,0.86138081
2007-06-21,52.224228,0.37567946
2007-06-22,95.874654,0.68968255
2007-06-23,105.31386,0.75758427
2007-06-24,112.18734,0.80702928
2007-06-25,104.58935,0.75237243
2007-06-26,94.513877,0.67989368
2007-06-27,98.407242,0.70790093
2007-06-28,95.462521,0.68671783
2007-06-29,104.19526,0.74953756
2007-06-30,118.11638,0.84968031
2007-07-01,129.34249,0.93043631
2007-07-02,57.098633,0.41074391
2007-07-03,95.671412,0.68822051
2007-07-04,93.367811,0.67164935
2007-07-05,74.584717,0.53653156
2007-07-06,90.05447,0.64781455
2007-07-07,118.03604,0.84910235
2007-07-08,125.35803,0.90177372
2007-07-09,46.748863,0.33629196
2007-07-10,75.261914,0.54140303
2007-07-11,89.663288,0.64500055
2007-07-12,79.107419,0.569066
2007-07-13,107.80432,0.77549961
2007-07-14,121.64591,0.87507031
2007-07-15,121.29814,0.8725686
2007-07-16,116.22947,0.83610667
2007-07-17,128.32386,0.92310866
2007-07-18,89.688577,0.64518247
2007-07-19,103.73492,0.74622604
2007-07-20,112.87476,0.81197423
2007-07-21,105.7865,0.76098422
2007-07-22,74.453974,0.53559104
2007-07-23,109.82107,0.7900073
2007-07-24,85.583032,0.61564888
2007-07-25,98.32872,0.70733607
2007-07-26,118.04764,0.84918583
2007-07-27,103.29068,0.74303033
2007-07-28,72.937621,0.52468303
2007-07-29,50.764448,0.36517841
2007-07-30,69.545861,0.50028411
2007-07-31,46.126763,0.33181682
2007-08-01,96.879496,0.69691096
2007-08-02,94.866917,0.6824333
2007-08-03,74.918484,0.53893254
2007-08-04,97.692407,0.70275871
2007-08-05,109.65911,0.78884218
2007-08-06,112.20508,0.80715686
2007-08-07,105.75259,0.76074031
2007-08-08,83.172869,0.59831116
2007-08-09,68.796106,0.49489069
2007-08-10,40.871242,0.29401079
2007-08-11,43.245075,0.31108716
2007-08-12,88.938112,0.63978394
2007-08-13,91.208849,0.65611867
2007-08-14,105.51077,0.75900076
2007-08-15,99.497673,0.71574504
2007-08-16,39.248561,0.28233789
2007-08-17,73.791766,0.53082739
2007-08-18,90.481004,0.65088286
2007-08-19,90.03371,0.64766521
2007-08-20,64.336427,0.4628096
2007-08-21,71.753334,0.51616376
2007-08-22,76.072856,0.54723661
2007-08-23,81.219599,0.58426015
2007-08-24,94.700075,0.68123311
2007-08-25,100.1503,0.72043979
2007-08-26,95.445124,0.68659268
2007-08-27,75.352791,0.54205676
2007-08-28,62.688154,0.45095261
2007-08-29,74.489915,0.53584959
2007-08-30,85.230935,0.61311603
2007-08-31,57.869106,0.41628637
2007-09-01,64.758801,0.46584799
2007-09-02,82.184306,0.59119985
2007-09-03,48.871677,0.3515626
2007-09-04,52.566106,0.37813879
2007-09-05,56.420643,0.40586673
2007-09-06,72.756511,0.5233802
2007-09-07,38.901899,0.27984414
2007-09-08,30.76027,0.22127664
2007-09-09,53.205048,0.38273507
2007-09-10,29.588707,0.2128489
2007-09-11,45.995505,0.33087261
2007-09-12,51.625246,0.37137063
2007-09-13,63.094455,0.45387537
2007-09-14,77.989541,0.56102445
2007-09-15,71.967575,0.51770492
2007-09-16,83.219208,0.5986445
2007-09-17,85.23465,0.61314276
2007-09-18,22.534933,0.16210697
2007-09-19,51.908743,0.37341
2007-09-20,74.096276,0.53301791
2007-09-21,81.805941,0.58847805
2007-09-22,85.199379,0.61288904
2007-09-23,82.98506,0.59696014
2007-09-24,87.97792,0.63287671
2007-09-25,36.508397,0.26262628
2007-09-26,42.824558,0.30806213
2007-09-27,9.169085,0.065958599
2007-09-28,17.296481,0.12442372
2007-09-29,37.051192,0.26653093
2007-09-30,53.128228,0.38218246
2007-10-01,65.337276,0.4700093
2007-10-02,20.733333,0.14914701
2007-10-03,46.086385,0.33152636
2007-10-04,53.685787,0.38619331
2007-10-05,34.903998,0.2510849
2007-10-06,29.769452,0.2141491
2007-10-07,38.458479,0.27665437
2007-10-08,52.461696,0.37738771
2007-10-09,38.539538,0.27723747
2007-10-10,40.006487,0.28779009
2007-10-11,34.337121,0.24700702
2007-10-12,20.104016,0.14461996
2007-10-13,36.071874,0.25948612
2007-10-14,46.114428,0.33172809
2007-10-15,54.987641,0.39555831
2007-10-16,58.940837,0.42399597
2007-10-17,58.848393,0.42333096
2007-10-18,24.721133,0.17783359
2007-10-19,28.056934,0.20182996
2007-10-20,26.22042,0.18861884
2007-10-21,16.538824,0.11897344
2007-10-22,21.642319,0.15568587
2007-10-23,7.3762441,0.053061644
2007-10-24,5.7014872,0.041014137
2007-10-25,7.1367962,0.051339156
2007-10-26,7.3246673,0.052690622
2007-10-27,14.23662,0.10241235
2007-10-28,31.970035,0.22997919
2007-10-29,35.644831,0.25641415
2007-10-30,12.411899,0.089286063
2007-10-31,25.464726,0.18318269
2007-11-01,24.561775,0.17668724
2007-11-02,9.8635414,0.07095423
2007-11-03,11.776356,0.084714223
2007-11-04,14.286954,0.10277443
2007-11-05,23.081478,0.16603859
2007-11-06,13.575526,0.097656709
2007-11-07,5.6774773,0.04084142
2007-11-08,19.829995,0.14264877
2007-11-09,13.006951,0.093566616
2007-11-10,9.6637434,0.069516966
2007-11-11,5.1794436,0.037258771
2007-11-12,6.1940751,0.044557611
2007-11-13,7.8391906,0.05639189
2007-11-14,6.3822283,0.045911106
2007-11-15,8.1144148,0.058371739
2007-11-16,9.1784417,0.066025907
2007-11-17,5.7787651,0.041570042
2007-11-18,10.120257,0.072800937
2007-11-19,14.853259,0.10684819
2007-11-20,13.920862,0.10014091
2007-11-21,17.148842,0.12336167
2007-11-22,14.861061,0.10690431
2007-11-23,14.700528,0.10574951
2007-11-24,5.7247383,0.041181396
2007-11-25,5.8981171,0.042428611
2007-11-26,9.3963661,0.067593565
2007-11-27,12.246175,0.08809391
2007-11-28,15.191474,0.10928117
2007-11-29,15.562764,0.11195208
2007-11-30,13.738871,0.098831746
2007-12-01,10.74186,0.07727249
2007-12-02,15.850778,0.11402393
2007-12-03,10.880753,0.078271628
2007-12-04,8.3226391,0.059869617
2007-12-05,10.894032,0.078367152
2007-12-06,16.224637,0.11671332
2007-12-07,14.773839,0.10627688
2007-12-08,15.457315,0.11119352
2007-12-09,9.8106319,0.070573622
2007-12-10,16.220596,0.11668425
2007-12-11,2.4712526,0.017777167
2007-12-12,2.0362981,0.014648285
2007-12-13,9.1515923,0.065832763
2007-12-14,3.4849353,0.025069181
2007-12-15,7.6297312,0.054885125
2007-12-16,3.7494684,0.026972123
2007-12-17,3.4566572,0.02486576
2007-12-18,7.903824,0.056856836
2007-12-19,4.4557952,0.032053144
2007-12-20,10.090632,0.072587824
2007-12-21,12.347682,0.08882411
2007-12-22,13.250665,0.095319793
2007-12-23,12.753536,0.091743658
2007-12-24,6.7915394,0.048855521
2007-12-25,13.678165,0.098395053
2007-12-26,14.935531,0.10744002
2007-12-27,18.133424,0.13044434
2007-12-28,13.304396,0.095706317
2007-12-29,15.925478,0.11456129
2007-12-30,16.409698,0.11804457
2007-12-31,6.2464303,0.044934231
2008-01-01,5.0537144,0.036354328
2008-01-02,9.1556851,0.065862206
2008-01-03,3.6509787,0.026263628
2008-01-04,10.338675,0.074372141
2008-01-05,9.4016382,0.06763149
2008-01-06,5.6176055,0.040410727
2008-01-07,7.2185454,0.051927225
2008-01-08,16.088111,0.1157312
2008-01-09,15.267911,0.10983102
2008-01-10,19.134508,0.13764572
2008-01-11,21.662319,0.15582975
2008-01-12,14.307991,0.10292576
2008-01-13,20.016622,0.14399129
2008-01-14,22.894098,0.16469066
2008-01-15,21.589163,0.1553035
2008-01-16,8.771106,0.063095703
2008-01-17,21.134707,0.15203433
2008-01-18,14.836539,0.10672792
2008-01-19,9.3883932,0.067536212
2008-01-20,13.260334,0.095389348
2008-01-21,10.298566,0.074083615
2008-01-22,7.8516501,0.056481518
2008-01-23,18.603989,0.13382939
2008-01-24,21.292669,0.15317064
2008-01-25,22.949644,0.16509023
2008-01-26,23.661805,0.17021322
2008-01-27,4.4127989,0.031743847
2008-01-28,11.647495,0.083787252
2008-01-29,19.942259,0.14345635
2008-01-30,15.840683,0.11395131
2008-01-31,19.906499,0.14319911
2008-02-01,15.662494,0.11266949
2008-02-02,12.434696,0.089450052
2008-02-03,21.392159,0.15388633
2008-02-04,26.414475,0.19001479
2008-02-05,25.72026,0.18502089
2008-02-06,17.896007,0.12873646
2008-02-07,24.288592,0.17472207
2008-02-08,22.494596,0.1618168
2008-02-09,28.463332,0.20475342
2008-02-10,35.570119,0.2558767
2008-02-11,30.528897,0.21961224
2008-02-12,13.961568,0.10043374
2008-02-13,24.711316,0.17776297
2008-02-14,7.5911129,0.054607321
2008-02-15,20.137489,0.14486075
2008-02-16,17.897371,0.12874627
2008-02-17,24.964549,0.17958462
2008-02-18,9.093747,0.065416649
2008-02-19,22.3622,0.1608644
2008-02-20,33.967631,0.24434907
2008-02-21,31.542124,0.22690097
2008-02-22,20.600261,0.14818974
2008-02-23,40.566344,0.29181747
2008-02-24,53.385261,0.38403145
2008-02-25,30.698121,0.22082957
2008-02-26,42.721272,0.30731913
2008-02-27,39.831244,0.28652947
2008-02-28,39.892625,0.28697102
2008-02-29,28.917927,0.20802359
2008-03-01,17.674649,0.1271441
2008-03-02,16.101961,0.11583084
2008-03-03,26.97233,0.19402777
2008-03-04,30.138695,0.21680529
2008-03-05,28.811586,0.20725861
2008-03-06,36.794933,0.2646875
2008-03-07,28.316332,0.20369597
2008-03-08,24.61679,0.17708299
2008-03-09,44.470289,0.31990084
2008-03-10,55.208596,0.39714777
2008-03-11,42.534768,0.3059775
2008-03-12,45.243459,0.3254627
2008-03-13,32.781349,0.23581544
2008-03-14,25.933164,0.18655244
2008-03-15,50.847905,0.36577877
2008-03-16,37.792097,0.27186069
2008-03-17,24.376108,0.17535162
2008-03-18,29.319164,0.21090992
2008-03-19,32.034886,0.2304457
2008-03-20,35.242425,0.25351941
2008-03-21,40.373599,0.29043095
2008-03-22,40.805335,0.29353668
2008-03-23,28.826688,0.20736725
2008-03-24,43.14422,0.31036165
2008-03-25,34.837797,0.25060868
2008-03-26,49.121721,0.35336131
2008-03-27,57.464256,0.41337405
2008-03-28,79.255556,0.57013164
2008-03-29,70.798036,0.50929174
2008-03-30,83.56906,0.6011612
2008-03-31,89.096415,0.6409227
2008-04-01,79.840121,0.57433676
2008-04-02,52.816329,0.37993879
2008-04-03,48.102479,0.3460293
2008-04-04,49.014381,0.35258915
2008-04-05,82.306151,0.59207636
2008-04-06,38.367981,0.27600336
2008-04-07,30.931528,0.2225086
2008-04-08,58.325981,0.41957294
2008-04-09,51.859855,0.37305831
2008-04-10,39.215369,0.28209912
2008-04-11,65.647162,0.47223849
2008-04-12,74.87941,0.53865145
2008-04-13,86.32722,0.62100226
2008-04-14,78.702374,0.56615227
2008-04-15,20.930065,0.15056221
2008-04-16,57.728419,0.41527433
2008-04-17,70.024398,0.50372651
2008-04-18,53.201361,0.38270855
2008-04-19,17.587034,0.12651384
2008-04-20,31.101245,0.22372947
2008-04-21,76.207456,0.54820486
2008-04-22,46.707954,0.33599767
2008-04-23,90.320358,0.64972724
2008-04-24,87.706996,0.63092779
2008-04-25,46.226517,0.33253441
2008-04-26,92.019458,0.66194986
2008-04-27,98.628691,0.70949394
2008-04-28,106.52596,0.76630359
2008-04-29,46.025686,0.33108972
2008-04-30,93.729019,0.67424774
2008-05-01,84.256887,0.60610914
2008-05-02,82.48648,0.59337356
2008-05-03,94.964714,0.68313681
2008-05-04,107.02271,0.76987701
2008-05-05,59.896009,0.43086708
2008-05-06,104.71784,0.75329674
2008-05-07,108.89165,0.7833214
2008-05-08,123.37909,0.88753803
2008-05-09,127.9654,0.92053008
2008-05-10,127.66356,0.91835873
2008-05-11,127.60462,0.91793476
2008-05-12,134.68602,0.96887546
2008-05-13,134.08908,0.96458132
2008-05-14,135.2017,0.97258505
2008-05-15,129.17437,0.92922691
2008-05-16,92.527649,0.66560557
2008-05-17,114.87128,0.82633638
2008-05-18,45.971492,0.33069987
2008-05-19,79.755738,0.57372974
2008-05-20,100.14482,0.72040032
2008-05-21,81.798097,0.58842162
2008-05-22,66.278547,0.47678041
2008-05-23,81.376804,0.58539101
2008-05-24,94.048333,0.67654475
2008-05-25,129.86213,0.93417433
2008-05-26,98.164917,0.70615774
2008-05-27,101.5066,0.7301964
2008-05-28,126.50215,0.91000407
2008-05-29,120.77267,0.86878855
2008-05-30,129.46294,0.93130273
2008-05-31,106.23847,0.76423557
2008-06-01,130.18873,0.93652382
2008-06-02,134.11931,0.96479878
2008-06-03,107.31202,0.77195825
2008-06-04,98.733625,0.71024879
2008-06-05,124.28936,0.89408613
2008-06-06,125.94771,0.90601563
2008-06-07,125.26189,0.90108215
2008-06-08,127.28391,0.9156277
2008-06-09,133.50236,0.96036068
2008-06-10,144.09742,1.0365772
2008-06-11,73.213242,0.52666573
2008-06-12,73.494672,0.52869022
2008-06-13,71.015386,0.51085526
2008-06-14,109.65391,0.78880477
2008-06-15,95.28855,0.68546635
2008-06-16,67.88501,0.48833664
2008-06-17,108.54667,0.78083978
2008-06-18,90.549609,0.65137638
2008-06-19,100.73882,0.72467331
2008-06-20,84.750567,0.60966047
2008-06-21,57.602776,0.41437051
2008-06-22,91.403339,0.65751776
2008-06-23,84.966061,0.61121064
2008-06-24,88.541784,0.63693291
2008-06-25,64.435062,0.46351914
2008-06-26,77.069279,0.55440446
2008-06-27,69.190358,0.49772677
2008-06-28,68.907517,0.49569213
2008-06-29,81.852219,0.58881095
2008-06-30,73.703541,0.53019274
2008-07-01,81.664048,0.58745733
2008-07-02,87.945579,0.63264406
2008-07-03,91.265037,0.65652287
2008-07-04,85.926347,0.61811855
2008-07-05,83.955274,0.60393946
2008-07-06,83.039024,0.59734834
2008-07-07,70.977672,0.51058397
2008-07-08,70.272278,0.50550965
2008-07-09,68.035406,0.48941852
2008-07-10,71.68309,0.51565845
2008-07-11,71.893571,0.51717257
2008-07-12,41.149613,0.29601327
2008-07-13,34.468775,0.24795409
2008-07-14,73.354801,0.52768405
2008-07-15,78.140252,0.5621086
2008-07-16,66.829623,0.48074462
2008-07-17,61.678497,0.44368955
2008-07-18,65.849786,0.47369608
2008-07-19,72.391521,0.52075461
2008-07-20,80.996496,0.58265523
2008-07-21,53.952929,0.38811502
2008-07-22,52.578574,0.37822848
2008-07-23,70.914001,0.51012594
2008-07-24,58.834715,0.42323257
2008-07-25,68.500534,0.49276446
2008-07-26,89.969143,0.64720074
2008-07-27,90.422685,0.65046334
2008-07-28,90.54016,0.6513084
2008-07-29,87.886894,0.6322219
2008-07-30,78.988068,0.56820744
2008-07-31,93.293833,0.67111718
2008-08-01,78.656385,0.56582145
2008-08-02,54.049519,0.38880985
2008-08-03,73.530373,0.52894704
2008-08-04,71.37386,0.51343398
2008-08-05,79.979941,0.57534256
2008-08-06,83.88751,0.60345199
2008-08-07,87.238973,0.62756103
2008-08-08,77.13135,0.55485098
2008-08-09,64.312499,0.46263747
2008-08-10,67.357003,0.48453837
2008-08-11,80.026785,0.57567954
2008-08-12,56.89502,0.40927921
2008-08-13,76.928603,0.5533925
2008-08-14,75.850773,0.54563904
2008-08-15,11.666966,0.083927319
2008-08-16,28.693771,0.2064111
2008-08-17,70.28012,0.50556607
2008-08-18,72.049229,0.51829231
2008-08-19,55.636167,0.40022353
2008-08-20,70.033628,0.50379291
2008-08-21,73.653714,0.52983431
2008-08-22,68.993194,0.49630845
2008-08-23,61.471261,0.44219879
2008-08-24,48.765583,0.3507994
2008-08-25,57.764649,0.41553495
2008-08-26,70.850288,0.50966762
2008-08-27,76.125639,0.54761631
2008-08-28,36.9713,0.26595622
2008-08-29,37.325243,0.26850234
2008-08-30,68.524413,0.49293624
2008-08-31,77.58267,0.55809759
2008-09-01,56.318203,0.40512982
2008-09-02,64.520989,0.46413726
2008-09-03,69.992721,0.50349864
2008-09-04,53.603293,0.38559989
2008-09-05,58.539533,0.42110915
2008-09-06,56.173063,0.40408574
2008-09-07,34.759721,0.25004703
2008-09-08,55.555962,0.39964657
2008-09-09,66.516832,0.47849453
2008-09-10,59.408187,0.42735788
2008-09-11,65.033024,0.46782063
2008-09-12,45.834766,0.32971632
2008-09-13,50.496918,0.36325391
2008-09-14,31.557493,0.22701153
2008-09-15,14.228095,0.10235102
2008-09-16,18.297237,0.13162274
2008-09-17,32.114947,0.23102162
2008-09-18,42.020915,0.30228105
2008-09-19,32.111543,0.23099714
2008-09-20,27.345846,0.19671469
2008-09-21,35.741781,0.25711157
2008-09-22,29.457895,0.21190789
2008-09-23,34.584459,0.24878627
2008-09-24,21.714562,0.15620557
2008-09-25,24.709218,0.17774788
2008-09-26,49.542589,0.35638886
2008-09-27,49.245258,0.35424999
2008-09-28,57.585802,0.4142484
2008-09-29,48.792459,0.35099274
2008-09-30,40.497392,0.29132146
2008-10-01,43.579062,0.31348972
2008-10-02,49.165961,0.35367956
2008-10-03,38.401203,0.27624235
2008-10-04,41.279502,0.29694764
2008-10-05,49.284225,0.3545303
2008-10-06,18.24203,0.13122561
2008-10-07,42.311804,0.30437359
2008-10-08,61.199969,0.44024723
2008-10-09,16.854672,0.12124553
2008-10-10,44.317467,0.3188015
2008-10-11,59.530704,0.42823922
2008-10-12,58.623041,0.42170987
2008-10-13,55.537057,0.39951058
2008-10-14,15.809483,0.11372687
2008-10-15,40.456868,0.29102995
2008-10-16,25.272842,0.18180235
2008-10-17,33.321809,0.23970329
2008-10-18,39.38325,0.28330678
2008-10-19,37.545529,0.27008698
2008-10-20,47.243448,0.33984979
2008-10-21,51.51334,0.37056563
2008-10-22,7.7213568,0.055544242
2008-10-23,34.501518,0.24818963
2008-10-24,35.159108,0.25292006
2008-10-25,40.938011,0.29449109
2008-10-26,42.804563,0.30791829
2008-10-27,15.130145,0.10884
2008-10-28,12.520872,0.090069965
2008-10-29,6.9304495,0.049854783
2008-10-30,15.931498,0.1146046
2008-10-31,26.441546,0.19020953
2008-11-01,33.033849,0.23763182
2008-11-02,35.709775,0.25688133
2008-11-03,22.640718,0.16286795
2008-11-04,22.490151,0.16178483
2008-11-05,27.199476,0.19566176
2008-11-06,17.393168,0.12511924
2008-11-07,11.615582,0.083557687
2008-11-08,12.577217,0.090475288
2008-11-09,26.721836,0.19222582
2008-11-10,23.744307,0.17080671
2008-11-11,26.037748,0.18730478
2008-11-12,20.368361,0.14652155
2008-11-13,21.713468,0.15619769
2008-11-14,22.832587,0.16424817
2008-11-15,29.191262,0.20998984
2008-11-16,16.971977,0.12208937
2008-11-17,18.616252,0.1339176
2008-11-18,18.565011,0.133549
2008-11-19,8.8789863,0.063871749
2008-11-20,4.5582827,0.032790398
2008-11-21,7.3773466,0.053069575
2008-11-22,9.3826602,0.067494971
2008-11-23,9.0269454,0.064936106
2008-11-24,7.8540162,0.056498539
2008-11-25,8.9535591,0.064408195
2008-11-26,12.683902,0.091242736
2008-11-27,15.297878,0.1100466
2008-11-28,16.11428,0.11591946
2008-11-29,8.179523,0.0588401
2008-11-30,12.572927,0.090444431
2008-12-01,8.2986147,0.059696796
2008-12-02,12.271687,0.08827743
2008-12-03,13.358464,0.096095258
2008-12-04,14.155076,0.10182575
2008-12-05,15.019706,0.10804554
2008-12-06,6.7187563,0.04833195
2008-12-07,2.5112216,0.018064688
2008-12-08,12.740635,0.091650847
2008-12-09,15.417103,0.11090425
2008-12-10,6.6652768,0.04794724
2008-12-11,5.4662909,0.039322232
2008-12-12,3.2305942,0.023239556
2008-12-13,11.039483,0.07941347
2008-12-14,11.380153,0.081864103
2008-12-15,13.687801,0.098464369
2008-12-16,3.3398457,0.024025466
2008-12-17,3.1954895,0.022987028
2008-12-18,5.9441962,0.042760085
2008-12-19,4.4111106,0.031731702
2008-12-20,4.4743027,0.03218628
2008-12-21,9.9647003,0.071681926
2008-12-22,9.303327,0.06692428
2008-12-23,9.0325608,0.0649765
2008-12-24,2.8355372,0.02039768
2008-12-25,7.1498889,0.051433338
2008-12-26,6.4133347,0.046134873
2008-12-27,4.3049852,0.03096828
2008-12-28,8.4815948,0.061013079
2008-12-29,9.7049651,0.069813498
2008-12-30,12.389337,0.08912376
2008-12-31,14.12851,0.10163464
2009-01-01,2.059124,0.014812485
2009-01-02,6.079486,0.043733304
2009-01-03,9.1582013,0.065880306
2009-01-04,8.060904,0.057986804
2009-01-05,2.94634,0.021194749
2009-01-06,2.0319381,0.014616921
2009-01-07,5.848965,0.042075031
2009-01-08,10.249272,0.073729015
2009-01-09,10.963955,0.078870149
2009-01-10,15.739579,0.11322401
2009-01-11,15.933814,0.11462126
2009-01-12,20.001291,0.143881
2009-01-13,21.699648,0.15609828
2009-01-14,16.299671,0.11725308
2009-01-15,10.088698,0.072573912
2009-01-16,19.840641,0.14272535
2009-01-17,15.618691,0.1123544
2009-01-18,17.679345,0.12717789
2009-01-19,18.619346,0.13393986
2009-01-20,11.256966,0.080977953
2009-01-21,8.1520148,0.058642217
2009-01-22,23.111586,0.16625517
2009-01-23,13.604283,0.097863574
2009-01-24,19.689327,0.14163686
2009-01-25,15.295429,0.11002898
2009-01-26,18.30501,0.13167866
2009-01-27,7.5116821,0.054035929
2009-01-28,6.3216186,0.045475105
2009-01-29,6.5708229,0.047267778
2009-01-30,6.4067916,0.046087805
2009-01-31,8.3759615,0.060253197
2009-02-01,13.218452,0.095088066
2009-02-02,10.197591,0.073357242
2009-02-03,18.88787,0.13587151
2009-02-04,24.538056,0.17651661
2009-02-05,26.809239,0.19285456
2009-02-06,27.349252,0.19673919
2009-02-07,31.004194,0.22303132
2009-02-08,14.430061,0.10380388
2009-02-09,23.696905,0.17046572
2009-02-10,24.237526,0.17435472
2009-02-11,8.0209489,0.057699384
2009-02-12,17.233557,0.12397107
2009-02-13,20.515667,0.14758121
2009-02-14,11.720512,0.084312511
2009-02-15,17.375365,0.12499118
2009-02-16,12.57256,0.090441787
2009-02-17,17.447958,0.12551338
2009-02-18,15.038939,0.1081839
2009-02-19,18.724993,0.13469985
2009-02-20,15.068214,0.10839449
2009-02-21,14.641179,0.10532258
2009-02-22,14.599403,0.10502206
2009-02-23,17.869538,0.12854605
2009-02-24,12.346454,0.088815277
2009-02-25,31.790343,0.22868656
2009-02-26,21.466477,0.15442094
2009-02-27,27.750452,0.19962525
2009-02-28,20.250685,0.14567504
2009-03-01,40.840635,0.29379061
2009-03-02,30.781802,0.22143153
2009-03-03,34.455487,0.2478585
2009-03-04,39.608043,0.28492385
2009-03-05,37.720906,0.27134857
2009-03-06,12.940241,0.093086732
2009-03-07,12.275936,0.088307995
2009-03-08,29.812377,0.21445789
2009-03-09,33.177321,0.23866391
2009-03-10,31.876653,0.22930743
2009-03-11,21.02447,0.15124133
2009-03-12,24.872021,0.17891901
2009-03-13,26.258021,0.18888933
2009-03-14,45.146281,0.32476364
2009-03-15,23.89371,0.17188145
2009-03-16,33.535033,0.24123713
2009-03-17,28.597946,0.20572177
2009-03-18,32.279679,0.23220664
2009-03-19,31.812939,0.2288491
2009-03-20,26.806794,0.19283697
2009-03-21,45.329636,0.32608262
2009-03-22,23.92965,0.17213999
2009-03-23,23.759956,0.17091928
2009-03-24,26.101893,0.18776621
2009-03-25,38.544362,0.27727217
2009-03-26,30.939779,0.22256796
2009-03-27,44.178692,0.3178032
2009-03-28,37.98721,0.27326425
2009-03-29,43.810596,0.31515528
2009-03-30,46.997271,0.3380789
2009-03-31,68.743055,0.49450906
2009-04-01,76.425315,0.54977206
2009-04-02,85.310404,0.61368771
2009-04-03,95.224733,0.68500728
2009-04-04,95.633183,0.6879455
2009-04-05,68.915575,0.4957501
2009-04-06,78.108287,0.56187866
2009-04-07,94.337339,0.67862374
2009-04-08,87.184419,0.62716859
2009-04-09,86.604523,0.62299706
2009-04-10,104.50543,0.75176879
2009-04-11,109.43374,0.787221
2009-04-12,109.88865,0.79049339
2009-04-13,111.0352,0.79874122
2009-04-14,110.21787,0.79286171
2009-04-15,114.78297,0.82570116
2009-04-16,112.76506,0.81118511
2009-04-17,34.278791,0.24658742
2009-04-18,59.279728,0.42643381
2009-04-19,92.697971,0.6668308
2009-04-20,106.89815,0.76898103
2009-04-21,107.33456,0.77212032
2009-04-22,102.31276,0.73599561
2009-04-23,54.410084,0.3914036
2009-04-24,109.95295,0.79095594
2009-04-25,120.43215,0.86633901
2009-04-26,111.02212,0.79864717
2009-04-27,118.20832,0.85034172
2009-04-28,115.09343,0.82793446
2009-04-29,99.799716,0.71791781
2009-04-30,100.32455,0.72169323
2009-05-01,117.05735,0.84206211
2009-05-02,130.72573,0.94038676
2009-05-03,131.71921,0.94753344
2009-05-04,77.680871,0.55880401
2009-05-05,67.835898,0.48798334
2009-05-06,48.320703,0.34759912
2009-05-07,107.88882,0.77610746
2009-05-08,108.08372,0.77750952
2009-05-09,113.15261,0.813973
2009-05-10,87.19271,0.62722823
2009-05-11,32.821178,0.23610196
2009-05-12,105.52709,0.75911815
2009-05-13,114.96022,0.82697619
2009-05-14,113.5997,0.81718918
2009-05-15,115.59701,0.83155697
2009-05-16,102.64259,0.73836825
2009-05-17,139.7525,1.0053216
2009-05-18,112.59205,0.80994058
2009-05-19,121.82211,0.87633776
2009-05-20,131.01593,0.94247432
2009-05-21,116.34106,0.83690938
2009-05-22,66.771592,0.48032717
2009-05-23,132.38039,0.9522897
2009-05-24,136.72426,0.98353766
2009-05-25,151.23701,1.0879364
2009-05-26,89.888902,0.64662352
2009-05-27,108.31006,0.77913773
2009-05-28,74.927596,0.53899809
2009-05-29,47.488284,0.34161104
2009-05-30,25.204482,0.1813106
2009-05-31,66.202662,0.47623452
2009-06-01,104.63032,0.75266721
2009-06-02,125.02471,0.89937597
2009-06-03,70.211073,0.50506937
2009-06-04,82.166351,0.59107069
2009-06-05,86.945551,0.62545028
2009-06-06,69.120349,0.49722316
2009-06-07,114.65757,0.82479905
2009-06-08,115.30588,0.82946273
2009-06-09,114.57063,0.82417364
2009-06-10,123.59265,0.88907431
2009-06-11,83.867093,0.60330513
2009-06-12,86.665481,0.62343556
2009-06-13,128.58307,0.92497334
2009-06-14,130.5846,0.93937152
2009-06-15,107.11428,0.77053579
2009-06-16,92.214929,0.663356
2009-06-17,126.5775,0.91054611
2009-06-18,109.26549,0.78601064
2009-06-19,103.37438,0.74363249
2009-06-20,118.24488,0.85060468
2009-06-21,87.959239,0.63274232
2009-06-22,71.325029,0.51308271
2009-06-23,30.343211,0.21827649
2009-06-24,36.869066,0.26522078
2009-06-25,50.533393,0.3635163
2009-06-26,62.765681,0.4515103
2009-06-27,33.301057,0.23955401
2009-06-28,91.923572,0.66126009
2009-06-29,80.241575,0.57722464
2009-06-30,95.749862,0.68878484
2009-07-01,90.129333,0.64835308
2009-07-02,72.470281,0.52132118
2009-07-03,117.38885,0.84444679
2009-07-04,107.75737,0.77516184
2009-07-05,109.34521,0.78658414
2009-07-06,86.42147,0.62168025
2009-07-07,94.456955,0.6794842
2009-07-08,92.36756,0.66445396
2009-07-09,88.061095,0.63347504
2009-07-10,80.355423,0.57804362
2009-07-11,79.962695,0.5752185
2009-07-12,108.16298,0.77807969
2009-07-13,123.23809,0.88652376
2009-07-14,101.4129,0.72952239
2009-07-15,93.368682,0.67165562
2009-07-16,121.47294,0.87382598
2009-07-17,101.71455,0.73169232
2009-07-18,52.886092,0.38044063
2009-07-19,98.337615,0.70740006
2009-07-20,97.324425,0.7001116
2009-07-21,103.99896,0.74812541
2009-07-22,83.535573,0.60092031
2009-07-23,75.267334,0.54144202
2009-07-24,98.614763,0.70939375
2009-07-25,76.153583,0.54781733
2009-07-26,99.261962,0.71404943
2009-07-27,113.87066,0.81913835
2009-07-28,83.53682,0.60092927
2009-07-29,114.31856,0.82236034
2009-07-30,105.93143,0.76202686
2009-07-31,103.24993,0.7427372
2009-08-01,115.88119,0.83360124
2009-08-02,96.84777,0.69668274
2009-08-03,54.743614,0.39380288
2009-08-04,96.146882,0.69164084
2009-08-05,106.71842,0.76768813
2009-08-06,113.53162,0.81669947
2009-08-07,102.32596,0.73609054
2009-08-08,105.16588,0.75651976
2009-08-09,98.604612,0.70932073
2009-08-10,72.081545,0.51852477
2009-08-11,69.292916,0.49846453
2009-08-12,65.418058,0.47059041
2009-08-13,71.894326,0.51717799
2009-08-14,70.753264,0.50896967
2009-08-15,84.197548,0.60568228
2009-08-16,83.384591,0.5998342
2009-08-17,76.028599,0.54691825
2009-08-18,72.382974,0.52069313
2009-08-19,78.758347,0.56655492
2009-08-20,79.402545,0.57118901
2009-08-21,41.437308,0.29808282
2009-08-22,56.261216,0.40471988
2009-08-23,69.544631,0.50027526
2009-08-24,69.235316,0.49805018
2009-08-25,68.900363,0.49564067
2009-08-26,35.596312,0.25606512
2009-08-27,67.68782,0.48691813
2009-08-28,60.371501,0.43428757
2009-08-29,51.876469,0.37317783
2009-08-30,55.848111,0.40174818
2009-08-31,63.283872,0.45523796
2009-09-01,63.911223,0.45975086
2009-09-02,54.732198,0.39372076
2009-09-03,37.793221,0.27186878
2009-09-04,36.135646,0.25994487
2009-09-05,26.450933,0.19027705
2009-09-06,33.887204,0.2437705
2009-09-07,43.638895,0.31392013
2009-09-08,49.406444,0.35540949
2009-09-09,49.480376,0.35594133
2009-09-10,48.097441,0.34599307
2009-09-11,37.501741,0.26977199
2009-09-12,39.792517,0.28625088
2009-09-13,29.166646,0.20981277
2009-09-14,20.003919,0.1438999
2009-09-15,32.430783,0.23329362
2009-09-16,43.609665,0.31370986
2009-09-17,11.612734,0.083537196
2009-09-18,41.364144,0.29755652
2009-09-19,42.463203,0.30546269
2009-09-20,42.643963,0.30676301
2009-09-21,43.282311,0.31135501
2009-09-22,38.788011,0.27902488
2009-09-23,43.163591,0.31050099
2009-09-24,14.018172,0.10084092
2009-09-25,28.762185,0.20690325
2009-09-26,37.272554,0.26812331
2009-09-27,39.587177,0.28477375
2009-09-28,32.734051,0.2354752
2009-09-29,11.364829,0.081753869
2009-09-30,24.44931,0.17587821
2009-10-01,19.857658,0.14284776
2009-10-02,20.993261,0.15101682
2009-10-03,35.65748,0.25650514
2009-10-04,21.618378,0.15551366
2009-10-05,31.434421,0.22612621
2009-10-06,26.835531,0.19304369
2009-10-07,45.324065,0.32604255
2009-10-08,28.914058,0.20799576
2009-10-09,38.921131,0.27998249
2009-10-10,26.929487,0.19371957
2009-10-11,20.933999,0.15059051
2009-10-12,12.143682,0.087356616
2009-10-13,22.671697,0.16309079
2009-10-14,15.451872,0.11115437
2009-10-15,13.073212,0.094043272
2009-10-16,16.938946,0.12185176
2009-10-17,17.283724,0.12433195
2009-10-18,19.04501,0.13700191
2009-10-19,29.548412,0.21255903
2009-10-20,28.83521,0.20742856
2009-10-21,28.776153,0.20700372
2009-10-22,28.426355,0.20448742
2009-10-23,12.297634,0.088464081
2009-10-24,31.414899,0.22598577
2009-10-25,23.041633,0.16575197
2009-10-26,39.584185,0.28475223
2009-10-27,17.236229,0.12399029
2009-10-28,26.277652,0.18903054
2009-10-29,23.040753,0.16574563
2009-10-30,29.069669,0.20911516
2009-10-31,29.014955,0.20872156
2009-11-01,27.494695,0.19778545
2009-11-02,7.0344242,0.050602733
2009-11-03,10.497265,0.075512978
2009-11-04,13.785448,0.0991668
2009-11-05,32.951286,0.2370379
2009-11-06,31.968276,0.22996654
2009-11-07,32.406513,0.23311903
2009-11-08,16.709211,0.12019914
2009-11-09,5.300935,0.03813273
2009-11-10,11.76461,0.084629727
2009-11-11,8.4829703,0.061022974
2009-11-12,27.409206,0.19717047
2009-11-13,26.488783,0.19054933
2009-11-14,25.98258,0.18690792
2009-11-15,29.659231,0.21335622
2009-11-16,16.704204,0.12016312
2009-11-17,10.799401,0.07768642
2009-11-18,25.209869,0.18134935
2009-11-19,29.41622,0.2116081
2009-11-20,26.570151,0.19113466
2009-11-21,20.346554,0.14636468
2009-11-22,19.878034,0.14299434
2009-11-23,21.967991,0.15802863
2009-11-24,21.970405,0.15804599
2009-11-25,25.45099,0.18308388
2009-11-26,26.098189,0.18773956
2009-11-27,22.463985,0.1615966
2009-11-28,20.424018,0.14692192
2009-11-29,17.122674,0.12317342
2009-11-30,14.794967,0.10642886
2009-12-01,2.341611,0.01684458
2009-12-02,17.792724,0.12799349
2009-12-03,19.794429,0.14239292
2009-12-04,12.530037,0.090135895
2009-12-05,14.876716,0.10701693
2009-12-06,12.657444,0.091052405
2009-12-07,23.048025,0.16579794
2009-12-08,5.9158745,0.042556351
2009-12-09,3.6272478,0.026092918
2009-12-10,4.8031685,0.034552004
2009-12-11,0.96234457,0.0069227082
2009-12-12,5.7460882,0.041334978
2009-12-13,3.6827574,0.026492231
2009-12-14,5.0165177,0.03608675
2009-12-15,4.8271866,0.03472478
2009-12-16,4.3577957,0.031348177
2009-12-17,4.8600978,0.03496153
2009-12-18,0.34689781,0.0024954392
2009-12-19,1.3733489,0.0098793032
2009-12-20,3.0437335,0.021895358
2009-12-21,9.271281,0.066693754
2009-12-22,12.498271,0.089907383
2009-12-23,8.6281877,0.062067608
2009-12-24,10.997904,0.079114368
2009-12-25,10.986515,0.079032437
2009-12-26,14.394578,0.10354863
2009-12-27,11.35063,0.081651727
2009-12-28,11.846267,0.085217136
2009-12-29,11.190095,0.080496906
2009-12-30,10.711979,0.077057539
2009-12-31,4.8118523,0.034614472
2010-01-01,4.9087897,0.035311799
2010-01-02,6.5025082,0.04677635
2010-01-03,8.7607163,0.063020964
2010-01-04,6.7852839,0.048810521
2010-01-05,8.1284431,0.058472652
2010-01-06,5.1909795,0.037341756
2010-01-07,7.4023222,0.053249239
2010-01-08,6.0795002,0.043733405
2010-01-09,4.518227,0.032502253
2010-01-10,4.5597541,0.032800982
2010-01-11,4.3993676,0.031647228
2010-01-12,7.0422764,0.050659219
2010-01-13,8.5074332,0.06119895
2010-01-14,7.2994381,0.052509134
2010-01-15,4.023131,0.028940738
2010-01-16,9.0545094,0.065134389
2010-01-17,8.9295845,0.064235731
2010-01-18,8.3823349,0.060299045
2010-01-19,10.02539,0.072118499
2010-01-20,11.257156,0.080979317
2010-01-21,3.7306314,0.026836617
2010-01-22,6.0353305,0.043415667
2010-01-23,6.9542247,0.050025812
2010-01-24,9.005928,0.064784915
2010-01-25,7.9126597,0.056920396
2010-01-26,10.093571,0.072608965
2010-01-27,9.6404527,0.069349423
2010-01-28,9.4667352,0.068099771
2010-01-29,14.678485,0.10559094
2010-01-30,15.010622,0.10798019
2010-01-31,14.854065,0.10685399
2010-02-01,18.384286,0.13224894
2010-02-02,19.111634,0.13748118
2010-02-03,19.68806,0.14162775
2010-02-04,23.953736,0.17231325
2010-02-05,24.598596,0.17695211
2010-02-06,15.235143,0.10959531
2010-02-07,10.858094,0.078108633
2010-02-08,12.898724,0.092788077
2010-02-09,15.613651,0.11231813
2010-02-10,14.256992,0.10255889
2010-02-11,9.2201219,0.066325737
2010-02-12,17.700655,0.12733118
2010-02-13,14.336886,0.10313362
2010-02-14,21.016698,0.15118542
2010-02-15,21.838371,0.1570962
2010-02-16,12.960366,0.093231504
2010-02-17,28.868471,0.20766782
2010-02-18,37.853406,0.27230172
2010-02-19,33.033833,0.23763171
2010-02-20,33.872176,0.2436624
2010-02-21,24.342364,0.17510888
2010-02-22,37.226698,0.26779344
2010-02-23,34.788995,0.25025761
2010-02-24,35.30336,0.25395775
2010-02-25,47.390539,0.34090791
2010-02-26,31.84059,0.22904802
2010-02-27,47.707206,0.34318587
2010-02-28,35.521313,0.25552561
2010-03-01,27.736971,0.19952828
2010-03-02,34.590598,0.24883043
2010-03-03,34.005711,0.244623
2010-03-04,33.959211,0.2442885
2010-03-05,19.947404,0.14349336
2010-03-06,20.886537,0.1502491
2010-03-07,29.949164,0.21544188
2010-03-08,29.288744,0.21069109
2010-03-09,31.939739,0.22976125
2010-03-10,41.289691,0.29702093
2010-03-11,46.155346,0.33202244
2010-03-12,21.976836,0.15809225
2010-03-13,18.54493,0.13340455
2010-03-14,21.296598,0.1531989
2010-03-15,35.345198,0.25425871
2010-03-16,29.227806,0.21025273
2010-03-17,51.197101,0.36829073
2010-03-18,77.776074,0.55948885
2010-03-19,76.748711,0.55209843
2010-03-20,52.831895,0.38005077
2010-03-21,41.638302,0.29952869
2010-03-22,80.504317,0.57911471
2010-03-23,70.705159,0.50862362
2010-03-24,83.146679,0.59812277
2010-03-25,94.588507,0.68043053
2010-03-26,93.252309,0.67081848
2010-03-27,57.043948,0.41035053
2010-03-28,67.179971,0.48326488
2010-03-29,61.154716,0.43992169
2010-03-30,87.901198,0.6323248
2010-03-31,44.732575,0.32178762
2010-04-01,67.32102,0.48427953
2010-04-02,67.982506,0.48903799
2010-04-03,64.295014,0.46251169
2010-04-04,51.524415,0.3706453
2010-04-05,47.083474,0.33869901
2010-04-06,70.774066,0.50911931
2010-04-07,86.72676,0.62387638
2010-04-08,96.296872,0.6927198
2010-04-09,60.714037,0.43675163
2010-04-10,51.769212,0.37240626
2010-04-11,23.385809,0.16822782
2010-04-12,42.608883,0.30651066
2010-04-13,80.514884,0.57919072
2010-04-14,30.001828,0.21582072
2010-04-15,17.815864,0.12815995
2010-04-16,52.296779,0.37620136
2010-04-17,77.535651,0.55775935
2010-04-18,85.292584,0.61355951
2010-04-19,96.492899,0.69412994
2010-04-20,79.455374,0.57156905
2010-04-21,63.82918,0.45916068
2010-04-22,78.609651,0.56548526
2010-04-23,99.995246,0.71932438
2010-04-24,108.38601,0.77968405
2010-04-25,120.12241,0.86411087
2010-04-26,92.316312,0.6640853
2010-04-27,59.233901,0.42610415
2010-04-28,111.19437,0.79988621
2010-04-29,113.76488,0.81837741
2010-04-30,114.00266,0.82008787
2010-05-01,65.837293,0.47360621
2010-05-02,48.006485,0.34533876
2010-05-03,53.095979,0.38195047
2010-05-04,52.421171,0.37709619
2010-05-05,69.848396,0.50246043
2010-05-06,19.805956,0.14247584
2010-05-07,80.253343,0.5773093
2010-05-08,95.254079,0.68521838
2010-05-09,86.300587,0.62081067
2010-05-10,76.71272,0.55183952
2010-05-11,59.7692,0.42995487
2010-05-12,101.48721,0.73005692
2010-05-13,53.63735,0.38584488
2010-05-14,36.568238,0.26305675
2010-05-15,27.061962,0.19467255
2010-05-16,77.319234,0.55620254
2010-05-17,81.894287,0.58911357
2010-05-18,61.050163,0.43916958
2010-05-19,25.201435,0.18128869
2010-05-20,47.261092,0.33997671
2010-05-21,71.944466,0.51753869
2010-05-22,107.23641,0.77141429
2010-05-23,90.185461,0.64875684
2010-05-24,82.212025,0.59139925
2010-05-25,84.258762,0.60612263
2010-05-26,74.577921,0.53648267
2010-05-27,69.049739,0.49671522
2010-05-28,91.213645,0.65615318
2010-05-29,100.08431,0.71996506
2010-05-30,88.041495,0.63333404
2010-05-31,41.631101,0.2994769
2010-06-01,40.377937,0.29046215
2010-06-02,20.967546,0.15083184
2010-06-03,34.097136,0.24528067
2010-06-04,98.624553,0.70946418
2010-06-05,107.4096,0.77266018
2010-06-06,106.45024,0.76575891
2010-06-07,104.35419,0.75068079
2010-06-08,90.588494,0.6516561
2010-06-09,93.853408,0.67514254
2010-06-10,114.2594,0.82193475
2010-06-11,124.62396,0.89649311
2010-06-12,67.667347,0.48677086
2010-06-13,96.595899,0.69487088
2010-06-14,84.874915,0.61055497
2010-06-15,104.75093,0.75353481
2010-06-16,115.00362,0.82728836
2010-06-17,127.33867,0.91602166
2010-06-18,86.183764,0.6199703
2010-06-19,98.020183,0.70511659
2010-06-20,96.286654,0.6926463
2010-06-21,85.350819,0.61397843
2010-06-22,120.44647,0.86644202
2010-06-23,110.90297,0.79779
2010-06-24,130.0596,0.93559486
2010-06-25,132.25147,0.95136227
2010-06-26,123.07795,0.88537177
2010-06-27,138.75182,0.99812311
2010-06-28,139.08368,1.0005103
2010-06-29,141.24647,1.0160686
2010-06-30,132.61157,0.95395273
2010-07-01,126.38121,0.90913404
2010-07-02,134.86464,0.97016037
2010-07-03,134.17068,0.96516827
2010-07-04,131.00614,0.94240387
2010-07-05,115.94297,0.8340457
2010-07-06,72.283895,0.5199804
2010-07-07,125.93219,0.90590403
2010-07-08,135.06422,0.97159603
2010-07-09,134.28571,0.96599575
2010-07-10,125.20145,0.90064735
2010-07-11,129.44976,0.93120792
2010-07-12,125.01556,0.89931013
2010-07-13,109.56243,0.78814674
2010-07-14,123.79862,0.89055597
2010-07-15,86.229793,0.62030141
2010-07-16,110.00463,0.79132771
2010-07-17,77.989313,0.56102281
2010-07-18,71.60507,0.51509721
2010-07-19,108.59571,0.78119253
2010-07-20,116.64604,0.83910328
2010-07-21,118.32847,0.85120599
2010-07-22,90.184859,0.64875251
2010-07-23,39.512662,0.28423772
2010-07-24,55.416652,0.39864444
2010-07-25,67.34568,0.48445692
2010-07-26,91.482933,0.65809032
2010-07-27,98.951033,0.71181274
2010-07-28,80.110936,0.57628488
2010-07-29,80.798579,0.5812315
2010-07-30,81.706043,0.58775942
2010-07-31,97.153105,0.69887919
2010-08-01,99.781911,0.71778973
2010-08-02,72.640462,0.52254539
2010-08-03,40.527078,0.29153501
2010-08-04,88.710221,0.63814458
2010-08-05,88.699006,0.6380639
2010-08-06,24.388301,0.17543933
2010-08-07,29.291753,0.21071273
2010-08-08,82.114455,0.59069737
2010-08-09,68.142855,0.49019147
2010-08-10,90.237328,0.64912995
2010-08-11,81.197752,0.58410299
2010-08-12,65.903457,0.47408217
2010-08-13,56.433642,0.40596024
2010-08-14,42.446637,0.30534352
2010-08-15,68.178271,0.49044624
2010-08-16,79.605488,0.5726489
2010-08-17,53.411943,0.38422339
2010-08-18,64.63043,0.46492454
2010-08-19,74.651185,0.5370097
2010-08-20,94.790416,0.68188299
2010-08-21,97.545325,0.70170066
2010-08-22,97.856319,0.70393782
2010-08-23,86.785846,0.62430142
2010-08-24,85.655846,0.61617267
2010-08-25,86.476559,0.62207654
2010-08-26,60.290263,0.43370317
2010-08-27,69.950652,0.50319601
2010-08-28,55.183432,0.39696675
2010-08-29,57.905953,0.41655144
2010-08-30,42.004297,0.30216151
2010-08-31,47.099119,0.33881155
2010-09-01,40.350193,0.29026257
2010-09-02,42.838314,0.30816108
2010-09-03,67.522559,0.48572931
2010-09-04,59.238255,0.42613547
2010-09-05,61.539101,0.4426868
2010-09-06,71.717141,0.5159034
2010-09-07,71.038191,0.51101932
2010-09-08,49.472107,0.35588184
2010-09-09,51.057615,0.36728733
2010-09-10,66.399601,0.47765122
2010-09-11,78.519318,0.56483545
2010-09-12,82.923023,0.59651388
2010-09-13,26.990811,0.19416071
2010-09-14,37.326621,0.26851224
2010-09-15,45.031387,0.32393714
2010-09-16,58.503079,0.42084691
2010-09-17,57.004161,0.41006432
2010-09-18,59.039207,0.4247036
2010-09-19,63.399724,0.45607135
2010-09-20,63.85672,0.45935879
2010-09-21,74.669594,0.53714212
2010-09-22,77.020922,0.55405661
2010-09-23,78.223091,0.56270451
2010-09-24,77.831921,0.5598906
2010-09-25,17.986933,0.12939055
2010-09-26,14.570013,0.10481064
2010-09-27,14.184603,0.10203816
2010-09-28,5.8042866,0.041753634
2010-09-29,23.867607,0.17169367
2010-09-30,39.621367,0.2850197
2010-10-01,48.434144,0.34841517
2010-10-02,46.090638,0.33155695
2010-10-03,55.494521,0.3992046
2010-10-04,43.550756,0.31328609
2010-10-05,51.857007,0.37303782
2010-10-06,48.368065,0.34793982
2010-10-07,41.571771,0.2990501
2010-10-08,55.634414,0.40021093
2010-10-09,61.451157,0.44205417
2010-10-10,55.564713,0.39970953
2010-10-11,54.865216,0.39467764
2010-10-12,20.091778,0.14453193
2010-10-13,41.990546,0.30206259
2010-10-14,30.422886,0.21884964
2010-10-15,23.565992,0.16952398
2010-10-16,28.935908,0.20815293
2010-10-17,41.048236,0.295284
2010-10-18,42.237108,0.30383626
2010-10-19,24.900621,0.17912475
2010-10-20,24.859752,0.17883076
2010-10-21,31.787592,0.22866677
2010-10-22,38.939976,0.28011805
2010-10-23,44.79959,0.32226969
2010-10-24,36.908743,0.26550621
2010-10-25,25.100323,0.18056133
2010-10-26,30.135593,0.21678297
2010-10-27,41.109722,0.29572631
2010-10-28,38.221101,0.27494677
2010-10-29,49.233232,0.35416348
2010-10-30,51.264977,0.36877901
2010-10-31,39.386142,0.28332759
2010-11-01,42.420385,0.30515467
2010-11-02,23.071548,0.16596716
2010-11-03,27.151821,0.19531895
2010-11-04,23.912053,0.1720134
2010-11-05,18.714644,0.1346254
2010-11-06,10.906252,0.078455059
2010-11-07,9.8243742,0.070672478
2010-11-08,13.838787,0.099550499
2010-11-09,27.115368,0.19505673
2010-11-10,28.962833,0.20834663
2010-11-11,24.111748,0.17344993
2010-11-12,26.911734,0.19359186
2010-11-13,35.976683,0.25880135
2010-11-14,32.685713,0.23512748
2010-11-15,14.844669,0.1067864
2010-11-16,4.2935224,0.030885821
2010-11-17,4.371001,0.03144317
2010-11-18,4.3631043,0.031386365
2010-11-19,16.268418,0.11702826
2010-11-20,14.741236,0.10604234
2010-11-21,14.784751,0.10635537
2010-11-22,6.3298618,0.045534404
2010-11-23,5.0715068,0.036482319
2010-11-24,7.514125,0.054053503
2010-11-25,12.956895,0.093206536
2010-11-26,6.9879487,0.050268408
2010-11-27,10.984249,0.079016138
2010-11-28,13.414409,0.096497701
2010-11-29,6.7492788,0.048551515
2010-11-30,7.0915775,0.051013871
2010-12-01,2.6351716,0.018956332
2010-12-02,3.3047147,0.023772749
2010-12-03,7.062185,0.050802433
2010-12-04,9.3262169,0.067088941
2010-12-05,9.732436,0.070011113
2010-12-06,10.431837,0.075042316
2010-12-07,7.6568368,0.055080112
2010-12-08,6.8985614,0.049625393
2010-12-09,7.0435026,0.05066804
2010-12-10,6.8722794,0.049436331
2010-12-11,5.6244414,0.040459901
2010-12-12,5.9608978,0.042880229
2010-12-13,3.5140852,0.025278873
2010-12-14,6.0548099,0.043555794
2010-12-15,3.7812092,0.027200452
2010-12-16,7.1624708,0.051523848
2010-12-17,5.5639053,0.04002443
2010-12-18,6.7566018,0.048604194
2010-12-19,8.0931593,0.058218835
2010-12-20,8.7263037,0.062773413
2010-12-21,7.7962502,0.056082994
2010-12-22,9.5358771,0.068597149
2010-12-23,12.056129,0.086726797
2010-12-24,2.93024,0.021078932
2010-12-25,4.5535673,0.032756477
2010-12-26,5.097989,0.036672821
2010-12-27,7.8892288,0.056751844
2010-12-28,4.3878668,0.031564496
2010-12-29,5.0686233,0.036461576
2010-12-30,7.9386277,0.057107199
2010-12-31,6.8102481,0.048990103
2011-01-01,6.5560865,0.04716177
2011-01-02,7.8088566,0.056173679
2011-01-03,7.7674467,0.055875794
2011-01-04,9.4590624,0.068044577
2011-01-05,7.1471718,0.051413793
2011-01-06,8.5292828,0.061356127
2011-01-07,9.3507322,0.067265294
2011-01-08,16.254058,0.11692496
2011-01-09,14.839984,0.1067527
2011-01-10,16.214741,0.11664213
2011-01-11,16.558168,0.1191126
2011-01-12,13.532704,0.097348669
2011-01-13,7.7060021,0.055433786
2011-01-14,15.220216,0.10948793
2011-01-15,15.904681,0.11441169
2011-01-16,22.09731,0.15895889
2011-01-17,22.698362,0.16328261
2011-01-18,17.144334,0.12332923
2011-01-19,9.2625185,0.066630721
2011-01-20,8.8247526,0.063481614
2011-01-21,4.461152,0.032091679
2011-01-22,13.997617,0.10069306
2011-01-23,8.3756797,0.06025117
2011-01-24,13.652518,0.098210557
2011-01-25,10.791072,0.077626499
2011-01-26,10.618535,0.076385341
2011-01-27,5.7206322,0.041151858
2011-01-28,14.135446,0.10168454
2011-01-29,16.906405,0.12161767
2011-01-30,14.517988,0.10443639
2011-01-31,16.97964,0.12214449
2011-02-01,18.395996,0.13233317
2011-02-02,16.923276,0.12173904
2011-02-03,12.62219,0.090798805
2011-02-04,16.235755,0.1167933
2011-02-05,28.631266,0.20596147
2011-02-06,25.417696,0.18284438
2011-02-07,31.36187,0.2256043
2011-02-08,29.218779,0.21018779
2011-02-09,33.184439,0.23871511
2011-02-10,33.528873,0.24119282
2011-02-11,12.222696,0.087925015
2011-02-12,22.305245,0.16045469
2011-02-13,9.5088804,0.068402946
2011-02-14,24.662208,0.17740971
2011-02-15,28.572263,0.20553702
2011-02-16,28.195757,0.20282859
2011-02-17,7.3695272,0.053013326
2011-02-18,10.055963,0.072338434
2011-02-19,8.9163873,0.064140796
2011-02-20,12.132572,0.087276696
2011-02-21,13.198119,0.094941799
2011-02-22,14.323156,0.10303485
2011-02-23,17.496848,0.12586508
2011-02-24,31.478678,0.22644457
2011-02-25,37.307702,0.26837615
2011-02-26,45.996053,0.33087655
2011-02-27,39.476548,0.28397793
2011-02-28,57.668641,0.41484431
2011-03-01,42.280836,0.30415082
2011-03-02,48.957448,0.3521796
2011-03-03,49.339299,0.35492648
2011-03-04,60.663204,0.43638596
2011-03-05,52.780246,0.37967923
2011-03-06,41.799172,0.30068592
2011-03-07,53.630994,0.38579915
2011-03-08,69.338503,0.49879247
2011-03-09,78.746427,0.56646918
2011-03-10,50.121073,0.36055024
2011-03-11,25.101417,0.1805692
2011-03-12,76.072591,0.5472347
2011-03-13,70.655781,0.50826842
2011-03-14,57.38978,0.4128383
2011-03-15,70.238098,0.50526378
2011-03-16,25.514301,0.18353931
2011-03-17,13.388986,0.096314818
2011-03-18,6.4331486,0.046277406
2011-03-19,42.160645,0.30328622
2011-03-20,51.539744,0.37075557
2011-03-21,69.328056,0.49871731
2011-03-22,79.126978,0.5692067
2011-03-23,78.003356,0.56112383
2011-03-24,81.414585,0.58566279
2011-03-25,61.788164,0.44447845
2011-03-26,29.127295,0.2095297
2011-03-27,66.416097,0.47776989
2011-03-28,77.861098,0.56010048
2011-03-29,86.312799,0.62089852
2011-03-30,96.561233,0.69462151
2011-03-31,71.342498,0.51320838
2011-04-01,87.531659,0.62966649
2011-04-02,106.28734,0.76458707
2011-04-03,110.91805,0.79789849
2011-04-04,42.84006,0.30817364
2011-04-05,88.122785,0.6339188
2011-04-06,84.034586,0.60451
2011-04-07,97.659957,0.70252527
2011-04-08,74.617995,0.53677095
2011-04-09,74.474995,0.53574226
2011-04-10,101.65014,0.73122901
2011-04-11,105.5429,0.7592319
2011-04-12,53.954568,0.38812681
2011-04-13,22.972899,0.16525752
2011-04-14,30.492545,0.21935074
2011-04-15,57.140938,0.41104823
2011-04-16,78.337905,0.56353044
2011-04-17,75.48698,0.54302206
2011-04-18,102.4651,0.73709148
2011-04-19,110.84447,0.7973692
2011-04-20,116.16694,0.83565684
2011-04-21,120.70125,0.86827482
2011-04-22,123.86595,0.89104035
2011-04-23,125.33338,0.90159641
2011-04-24,123.09407,0.88548775
2011-04-25,68.825705,0.49510361
2011-04-26,60.254857,0.43344848
2011-04-27,72.498851,0.5215267
2011-04-28,88.357417,0.63560665
2011-04-29,89.595504,0.64451294
2011-04-30,109.19116,0.78547598
2011-05-01,105.03739,0.75559549
2011-05-02,49.597937,0.35678701
2011-05-03,46.388358,0.33369863
2011-05-04,76.43575,0.54984712
2011-05-05,101.03429,0.72679883
2011-05-06,120.21899,0.86480562
2011-05-07,131.80923,0.94818096
2011-05-08,133.94208,0.96352382
2011-05-09,139.74588,1.0052739
2011-05-10,142.43879,1.0246456
2011-05-11,129.1935,0.9293645
2011-05-12,102.59598,0.73803295
2011-05-13,119.36379,0.85865364
2011-05-14,115.41748,0.83026553
2011-05-15,86.71808,0.62381394
2011-05-16,84.967983,0.61122447
2011-05-17,98.326177,0.70731778
2011-05-18,136.07341,0.97885571
2011-05-19,119.24727,0.85781545
2011-05-20,111.57452,0.80262086
2011-05-21,117.50211,0.84526152
2011-05-22,118.57959,0.85301245
2011-05-23,127.15668,0.91471249
2011-05-24,122.56125,0.88165487
2011-05-25,120.73986,0.86855252
2011-05-26,122.63423,0.88217988
2011-05-27,91.471806,0.65801028
2011-05-28,101.34799,0.72905545
2011-05-29,114.22684,0.82170054
2011-05-30,117.92234,0.8482845
2011-05-31,97.774107,0.70334642
2011-06-01,25.306068,0.18204137
2011-06-02,80.217628,0.57705238
2011-06-03,103.31744,0.74322283
2011-06-04,104.47931,0.75158087
2011-06-05,103.14652,0.74199332
2011-06-06,78.164923,0.56228608
2011-06-07,81.5414,0.58657505
2011-06-08,75.671361,0.54434842
2011-06-09,88.006294,0.63308082
2011-06-10,82.785317,0.59552327
2011-06-11,79.896232,0.57474039
2011-06-12,82.81462,0.59573407
2011-06-13,57.717464,0.41519553
2011-06-14,77.538576,0.55778039
2011-06-15,79.705242,0.57336649
2011-06-16,77.628879,0.55842999
2011-06-17,79.731498,0.57355537
2011-06-18,47.159952,0.33924916
2011-06-19,64.481641,0.46385421
2011-06-20,57.775702,0.41561446
2011-06-21,57.47397,0.41344393
2011-06-22,65.096932,0.46828036
2011-06-23,65.233255,0.46926101
2011-06-24,60.673483,0.4364599
2011-06-25,54.984887,0.3955385
2011-06-26,50.434415,0.36280429
2011-06-27,84.979254,0.61130555
2011-06-28,85.943135,0.61823931
2011-06-29,84.716709,0.6094169
2011-06-30,23.688092,0.17040232
2011-07-01,57.123934,0.41092591
2011-07-02,47.098966,0.33881045
2011-07-03,23.69925,0.17048259
2011-07-04,36.90907,0.26550856
2011-07-05,90.692006,0.65240072
2011-07-06,112.69626,0.81069023
2011-07-07,120.80041,0.86898809
2011-07-08,100.72951,0.72460636
2011-07-09,128.70655,0.92586159
2011-07-10,120.48751,0.86673725
2011-07-11,93.801266,0.67476745
2011-07-12,129.28156,0.92999801
2011-07-13,98.066834,0.70545217
2011-07-14,93.234127,0.67068769
2011-07-15,115.36062,0.82985651
2011-07-16,130.15189,0.93625877
2011-07-17,106.88772,0.76890596
2011-07-18,102.2505,0.73554777
2011-07-19,130.08758,0.93579618
2011-07-20,29.63017,0.21314717
2011-07-21,47.600734,0.34241996
2011-07-22,48.865217,0.35151613
2011-07-23,96.314533,0.69284685
2011-07-24,108.2607,0.77878263
2011-07-25,97.945877,0.70458206
2011-07-26,109.77477,0.7896742
2011-07-27,111.40111,0.80137346
2011-07-28,105.92445,0.76197664
2011-07-29,72.322407,0.52025743
2011-07-30,29.131928,0.20956302
2011-07-31,46.542249,0.33480566
2011-08-01,59.089838,0.42506781
2011-08-02,97.061538,0.69822049
2011-08-03,106.95997,0.76942574
2011-08-04,68.745437,0.49452619
2011-08-05,97.864021,0.70399322
2011-08-06,96.635798,0.6951579
2011-08-07,59.402059,0.42731381
2011-08-08,88.714955,0.63817863
2011-08-09,84.41959,0.60727956
2011-08-10,76.31529,0.54898058
2011-08-11,91.831533,0.660598
2011-08-12,85.293161,0.61356367
2011-08-13,81.652304,0.58737284
2011-08-14,91.675036,0.65947223
2011-08-15,67.31016,0.48420141
2011-08-16,81.345115,0.58516306
2011-08-17,99.98294,0.71923585
2011-08-18,94.248147,0.67798213
2011-08-19,68.316334,0.4914394
2011-08-20,98.505259,0.70860602
2011-08-21,94.143406,0.67722866
2011-08-22,105.56678,0.75940368
2011-08-23,109.39388,0.78693427
2011-08-24,92.911096,0.66836393
2011-08-25,106.06394,0.76298001
2011-08-26,108.14501,0.77795038
2011-08-27,20.448285,0.14709649
2011-08-28,81.253338,0.58450285
2011-08-29,75.080301,0.54009658
2011-08-30,79.424856,0.57134951
2011-08-31,79.082616,0.56888758
2011-09-01,86.908717,0.6251853
2011-09-02,95.586287,0.68760815
2011-09-03,97.163478,0.69895381
2011-09-04,98.347112,0.70746838
2011-09-05,41.442583,0.29812077
2011-09-06,87.243178,0.62759128
2011-09-07,52.042637,0.37437317
2011-09-08,38.227836,0.27499521
2011-09-09,66.07461,0.47531337
2011-09-10,79.100847,0.56901872
2011-09-11,94.561492,0.6802362
2011-09-12,83.079892,0.59764233
2011-09-13,67.024566,0.48214696
2011-09-14,81.132146,0.58363105
2011-09-15,79.594638,0.57257085
2011-09-16,77.110886,0.55470377
2011-09-17,75.260295,0.54139138
2011-09-18,30.266447,0.21772428
2011-09-19,53.085947,0.38187831
2011-09-20,66.134426,0.47574367
2011-09-21,70.860963,0.50974441
2011-09-22,60.254805,0.43344811
2011-09-23,67.225296,0.48359093
2011-09-24,79.020891,0.56844356
2011-09-25,83.9673,0.60402597
2011-09-26,85.80658,0.61725699
2011-09-27,76.783629,0.55234961
2011-09-28,77.679912,0.55879711
2011-09-29,85.234266,0.61314
2011-09-30,85.716415,0.61660838
2011-10-01,84.936095,0.61099508
2011-10-02,84.41888,0.60727445
2011-10-03,81.954165,0.58954431
2011-10-04,81.407021,0.58560838
2011-10-05,32.451352,0.23344158
2011-10-06,68.725129,0.4943801
2011-10-07,42.700628,0.30717063
2011-10-08,34.042682,0.24488895
2011-10-09,40.901603,0.29422918
2011-10-10,25.068803,0.18033458
2011-10-11,22.890437,0.16466432
2011-10-12,26.827979,0.19298937
2011-10-13,44.437728,0.31966661
2011-10-14,40.043151,0.28805384
2011-10-15,50.164701,0.36086408
2011-10-16,55.565662,0.39971635
2011-10-17,59.831424,0.43040248
2011-10-18,60.845741,0.43769905
2011-10-19,33.56142,0.24142695
2011-10-20,32.582707,0.2343865
2011-10-21,44.634874,0.3210848
2011-10-22,47.528147,0.3418978
2011-10-23,48.158474,0.34643211
2011-10-24,28.235823,0.20311681
2011-10-25,16.077247,0.11565305
2011-10-26,25.266279,0.18175514
2011-10-27,20.895667,0.15031477
2011-10-28,41.93122,0.30163583
2011-10-29,54.325921,0.39079817
2011-10-30,37.377766,0.26888017
2011-10-31,49.533369,0.35632254
2011-11-01,48.323556,0.34761964
2011-11-02,48.6689,0.3501039
2011-11-03,46.603844,0.33524874
2011-11-04,37.122851,0.26704641
2011-11-05,43.842124,0.31538208
2011-11-06,46.491626,0.3344415
2011-11-07,43.467293,0.3126857
2011-11-08,42.255479,0.30396841
2011-11-09,42.174232,0.30338396
2011-11-10,10.057561,0.072349927
2011-11-11,21.079149,0.15163467
2011-11-12,30.326955,0.21815955
2011-11-13,38.282552,0.27538882
2011-11-14,34.281565,0.24660738
2011-11-15,12.52702,0.090114194
2011-11-16,15.059154,0.10832932
2011-11-17,20.714831,0.14901391
2011-11-18,12.815679,0.092190685
2011-11-19,20.597903,0.14817278
2011-11-20,22.958311,0.16515258
2011-11-21,20.43636,0.14701071
2011-11-22,31.942533,0.22978135
2011-11-23,32.901377,0.23667887
2011-11-24,26.003835,0.18706082
2011-11-25,32.668137,0.23500104
2011-11-26,19.039853,0.13696482
2011-11-27,30.00508,0.21584412
2011-11-28,23.308682,0.167673
2011-11-29,29.311418,0.2108542
2011-11-30,14.40531,0.10362583
2011-12-01,17.779128,0.12789568
2011-12-02,19.160826,0.13783504
2011-12-03,18.611865,0.13388605
2011-12-04,7.0483162,0.050702667
2011-12-05,11.315315,0.081397685
2011-12-06,17.348873,0.12480061
2011-12-07,7.5756031,0.05449575
2011-12-08,8.6753248,0.062406693
2011-12-09,11.435467,0.082262015
2011-12-10,10.782186,0.077562583
2011-12-11,16.412761,0.1180666
2011-12-12,15.73505,0.11319143
2011-12-13,6.5820309,0.047348404
2011-12-14,16.317105,0.11737849
2011-12-15,12.846543,0.092412711
2011-12-16,4.84178,0.03482976
2011-12-17,6.7250251,0.048377045
2011-12-18,5.9341699,0.04268796
2011-12-19,9.7742428,0.070311853
2011-12-20,9.6658208,0.06953191
2011-12-21,5.910546,0.042518019
2011-12-22,10.486758,0.075437395
2011-12-23,6.6186186,0.0476116
2011-12-24,7.5761918,0.054499985
2011-12-25,8.4878796,0.061058289
2011-12-26,8.1505912,0.058631976
2011-12-27,6.217702,0.044727572
2011-12-28,15.31479,0.11016825
2011-12-29,10.487358,0.075441708
2011-12-30,6.0460417,0.04349272
2011-12-31,12.73897,0.091638871
2012-01-01,9.4483608,0.067967593
2012-01-02,8.6111659,0.06194516
2012-01-03,13.988023,0.10062404
2012-01-04,9.7065229,0.069824704
2012-01-05,5.0807181,0.036548581
2012-01-06,6.9797172,0.050209194
2012-01-07,6.1760957,0.044428274
2012-01-08,5.7778634,0.041563555
2012-01-09,6.4618839,0.046484116
2012-01-10,9.511266,0.068420107
2012-01-11,9.4674258,0.068104739
2012-01-12,12.246635,0.088097221
2012-01-13,6.8653163,0.049386241
2012-01-14,9.4102209,0.067693231
2012-01-15,7.9162204,0.05694601
2012-01-16,7.5416816,0.054251733
2012-01-17,5.2796439,0.037979571
2012-01-18,12.778267,0.091921557
2012-01-19,7.3875218,0.053142771
2012-01-20,7.4780304,0.053793853
2012-01-21,7.8065713,0.05615724
2012-01-22,10.909864,0.078481042
2012-01-23,12.389247,0.089123108
2012-01-24,9.3104875,0.06697579
2012-01-25,12.061977,0.086768869
2012-01-26,11.396529,0.081981909
2012-01-27,12.860537,0.092513376
2012-01-28,13.522451,0.097274913
2012-01-29,13.715433,0.098663143
2012-01-30,16.72533,0.12031509
2012-01-31,12.868267,0.092568982
2012-02-01,8.050904,0.057914868
2012-02-02,5.74928,0.041357939
2012-02-03,9.3160012,0.067015453
2012-02-04,6.3752674,0.045861032
2012-02-05,7.3848304,0.053123411
2012-02-06,3.1319445,0.022529911
2012-02-07,0.34419958,0.0024760292
2012-02-08,10.085761,0.072552789
2012-02-09,7.2890058,0.052434088
2012-02-10,5.8311608,0.041946955
2012-02-11,4.5134013,0.032467539
2012-02-12,11.566659,0.08320575
2012-02-13,9.4547394,0.068013478
2012-02-14,14.740998,0.10604063
2012-02-15,17.085479,0.12290586
2012-02-16,15.425612,0.11096546
2012-02-17,27.452947,0.19748512
2012-02-18,25.94805,0.18665952
2012-02-19,25.646692,0.18449168
2012-02-20,21.61594,0.15549612
2012-02-21,22.73481,0.1635448
2012-02-22,39.018718,0.28068449
2012-02-23,14.939128,0.10746589
2012-02-24,20.495963,0.14743947
2012-02-25,34.087475,0.24521117
2012-02-26,24.42898,0.17573196
2012-02-27,31.05611,0.22340479
2012-02-28,11.078592,0.079694803
2012-02-29,17.259929,0.12416078
2012-03-01,21.898289,0.15752722
2012-03-02,28.638457,0.2060132
2012-03-03,42.588492,0.30636397
2012-03-04,29.628218,0.21313313
2012-03-05,44.94537,0.32331837
2012-03-06,44.414987,0.31950301
2012-03-07,48.432037,0.34840001
2012-03-08,19.60469,0.14102802
2012-03-09,48.122142,0.34617075
2012-03-10,37.094012,0.26683895
2012-03-11,17.597547,0.12658946
2012-03-12,17.206553,0.12377681
2012-03-13,22.902602,0.16475183
2012-03-14,12.906057,0.092840829
2012-03-15,45.618411,0.32815995
2012-03-16,67.600229,0.48628804
2012-03-17,71.987676,0.51784952
2012-03-18,64.302957,0.46256883
2012-03-19,56.528416,0.40664201
2012-03-20,68.170088,0.49038737
2012-03-21,73.042642,0.5254385
2012-03-22,66.339146,0.47721633
2012-03-23,84.557545,0.60827195
2012-03-24,89.778698,0.64583076
2012-03-25,88.9088,0.63957307
2012-03-26,82.31212,0.59211929
2012-03-27,87.654079,0.63054713
2012-03-28,98.979369,0.71201657
2012-03-29,22.154682,0.1593716
2012-03-30,37.422478,0.2692018
2012-03-31,34.848277,0.25068406
2012-04-01,61.235909,0.44050576
2012-04-02,27.639567,0.19882759
2012-04-03,80.294972,0.57760876
2012-04-04,60.203408,0.43307838
2012-04-05,21.249372,0.15285918
2012-04-06,16.489815,0.1186209
2012-04-07,30.310579,0.21804175
2012-04-08,40.150402,0.28882536
2012-04-09,68.522854,0.49292503
2012-04-10,86.580316,0.62282292
2012-04-11,61.742614,0.44415079
2012-04-12,60.54386,0.43552745
2012-04-13,70.729406,0.50879805
2012-04-14,84.385949,0.60703756
2012-04-15,36.697225,0.26398463
2012-04-16,59.457978,0.42771606
2012-04-17,75.620686,0.54398389
2012-04-18,77.068566,0.55439933
2012-04-19,91.900224,0.66109214
2012-04-20,100.71979,0.72453646
2012-04-21,90.569095,0.65151655
2012-04-22,93.289435,0.67108555
2012-04-23,92.0411,0.66210554
2012-04-24,89.713827,0.64536411
2012-04-25,98.879526,0.71129835
2012-04-26,115.35886,0.82984384
2012-04-27,125.42538,0.90225821
2012-04-28,139.95538,1.006781
2012-04-29,119.23329,0.85771493
2012-04-30,127.42473,0.91664069
2012-05-01,145.46932,1.046446
2012-05-02,135.13081,0.97207506
2012-05-03,90.826632,0.65336917
2012-05-04,130.86552,0.94139233
2012-05-05,78.398716,0.56396788
2012-05-06,44.133932,0.31748122
2012-05-07,80.549949,0.57944296
2012-05-08,119.77239,0.86159299
2012-05-09,96.539655,0.69446628
2012-05-10,135.30723,0.97334418
2012-05-11,118.54607,0.85277133
2012-05-12,79.949892,0.5751264
2012-05-13,73.244938,0.52689374
2012-05-14,113.58267,0.81706669
2012-05-15,92.929517,0.66849645
2012-05-16,79.549282,0.57224458
2012-05-17,99.461404,0.71548414
2012-05-18,112.21394,0.80722058
2012-05-19,145.23946,1.0447925
2012-05-20,151.45685,1.0895178
2012-05-21,112.0597,0.80611104
2012-05-22,133.03056,0.9569667
2012-05-23,150.79296,1.0847421
2012-05-24,147.00844,1.0575178
2012-05-25,139.60566,1.0042653
2012-05-26,139.41763,1.0029127
2012-05-27,124.90566,0.89851958
2012-05-28,130.65425,0.93987255
2012-05-29,135.16946,0.97235312
2012-05-30,139.00147,0.999919
2012-05-31,102.99853,0.74092879
2012-06-01,66.539777,0.47865959
2012-06-02,104.26306,0.75002523
2012-06-03,61.901676,0.44529501
2012-06-04,85.289863,0.61353994
2012-06-05,65.801168,0.47334634
2012-06-06,96.512482,0.69427081
2012-06-07,126.02752,0.90658979
2012-06-08,122.10052,0.87834054
2012-06-09,120.9677,0.8701915
2012-06-10,97.728096,0.70301544
2012-06-11,71.075619,0.51128856
2012-06-12,135.60363,0.97547631
2012-06-13,68.164254,0.49034541
2012-06-14,72.731621,0.52320115
2012-06-15,120.15098,0.86431635
2012-06-16,133.90971,0.96329098
2012-06-17,121.95676,0.87730641
2012-06-18,126.11425,0.90721364
2012-06-19,115.14111,0.82827748
2012-06-20,80.99856,0.58267008
2012-06-21,51.31077,0.36910842
2012-06-22,120.52128,0.86698015
2012-06-23,119.81983,0.86193423
2012-06-24,111.0164,0.79860596
2012-06-25,96.937716,0.69732977
2012-06-26,83.860241,0.60325583
2012-06-27,105.80562,0.76112183
2012-06-28,113.20382,0.81434141
2012-06-29,122.37115,0.88028734
2012-06-30,115.09561,0.82795014
2012-07-01,80.967965,0.58245
2012-07-02,91.83086,0.66059317
2012-07-03,70.144061,0.50458732
2012-07-04,101.4274,0.72962673
2012-07-05,105.04079,0.75561995
2012-07-06,90.413168,0.65039487
2012-07-07,84.412122,0.60722584
2012-07-08,126.87974,0.91272029
2012-07-09,118.7851,0.85449081
2012-07-10,119.63793,0.86062573
2012-07-11,117.01617,0.84176584
2012-07-12,95.299881,0.68554786
2012-07-13,89.116436,0.64106672
2012-07-14,109.39903,0.7869713
2012-07-15,97.032665,0.69801279
2012-07-16,86.449803,0.62188407
2012-07-17,86.37666,0.62135791
2012-07-18,101.021,0.72670323
2012-07-19,113.60111,0.8171993
2012-07-20,90.20665,0.64890927
2012-07-21,90.519563,0.65116024
2012-07-22,99.797131,0.71789922
2012-07-23,131.73742,0.94766439
2012-07-24,137.86909,0.99177314
2012-07-25,127.3442,0.9160614
2012-07-26,136.84523,0.98440788
2012-07-27,124.48346,0.89548241
2012-07-28,100.88723,0.72574091
2012-07-29,95.766043,0.68890124
2012-07-30,113.78475,0.81852039
2012-07-31,104.95625,0.75501178
2012-08-01,125.86637,0.90543055
2012-08-02,115.96454,0.83420084
2012-08-03,102.59664,0.73803776
2012-08-04,103.36603,0.74357241
2012-08-05,103.35586,0.74349927
2012-08-06,70.78207,0.50917689
2012-08-07,91.041256,0.65491308
2012-08-08,89.092856,0.6408971
2012-08-09,88.603057,0.63737368
2012-08-10,74.000383,0.5323281
2012-08-11,76.612645,0.55111963
2012-08-12,92.667443,0.6666112
2012-08-13,93.063561,0.6694607
2012-08-14,97.330781,0.70015731
2012-08-15,99.640991,0.71677601
2012-08-16,54.775066,0.39402913
2012-08-17,88.969516,0.64000984
2012-08-18,91.296605,0.65674995
2012-08-19,89.414448,0.6432105
2012-08-20,77.681179,0.55880622
2012-08-21,79.384819,0.5710615
2012-08-22,71.220355,0.51232973
2012-08-23,80.033861,0.57573044
2012-08-24,59.899452,0.43089184
2012-08-25,71.046207,0.51107698
2012-08-26,61.213431,0.44034407
2012-08-27,63.115294,0.45402528
2012-08-28,69.153335,0.49746044
2012-08-29,73.418404,0.52814158
2012-08-30,39.903298,0.28704779
2012-08-31,27.233015,0.19590303
2012-09-01,29.855383,0.21476726
2012-09-02,44.86272,0.32272383
2012-09-03,60.686125,0.43655084
2012-09-04,61.139305,0.43981083
2012-09-05,39.994674,0.28770512
2012-09-06,48.945508,0.35209371
2012-09-07,46.316359,0.3331807
2012-09-08,54.472516,0.39185271
2012-09-09,64.041801,0.46069018
2012-09-10,59.203574,0.42588598
2012-09-11,48.751356,0.35069706
2012-09-12,21.309437,0.15329126
2012-09-13,37.250876,0.26796737
2012-09-14,48.04376,0.34560691
2012-09-15,34.604313,0.24892909
2012-09-16,54.232337,0.39012497
2012-09-17,53.979478,0.388306
2012-09-18,57.728585,0.41527552
2012-09-19,36.447129,0.26218555
2012-09-20,41.647476,0.29959469
2012-09-21,45.784707,0.32935622
2012-09-22,38.435471,0.27648885
2012-09-23,45.629126,0.32823703
2012-09-24,49.66413,0.35726318
2012-09-25,54.524185,0.3922244
2012-09-26,51.728281,0.37211182
2012-09-27,45.843183,0.32977687
2012-09-28,44.190859,0.31789073
2012-09-29,47.606881,0.34246418
2012-09-30,52.720188,0.37924719
2012-10-01,39.92983,0.28723866
2012-10-02,53.028718,0.38146663
2012-10-03,52.000776,0.37407204
2012-10-04,31.512386,0.22668705
2012-10-05,36.747552,0.26434666
2012-10-06,45.336975,0.32613542
2012-10-07,29.545815,0.21254035
2012-10-08,35.036365,0.25203709
2012-10-09,37.790808,0.27185141
2012-10-10,25.891839,0.18625517
2012-10-11,35.775361,0.25735312
2012-10-12,36.053719,0.25935552
2012-10-13,44.449759,0.31975316
2012-10-14,36.77087,0.2645144
2012-10-15,16.24564,0.1168644
2012-10-16,44.344518,0.31899609
2012-10-17,48.343002,0.34775953
2012-10-18,58.587309,0.42145283
2012-10-19,61.120189,0.43967332
2012-10-20,63.40271,0.45609283
2012-10-21,61.79339,0.44451605
2012-10-22,23.13883,0.16645115
2012-10-23,15.745751,0.11326841
2012-10-24,15.448899,0.11113298
2012-10-25,12.700875,0.091364835
2012-10-26,26.044015,0.18734986
2012-10-27,9.7387385,0.070056451
2012-10-28,21.227866,0.15270447
2012-10-29,22.572711,0.16237873
2012-10-30,19.694607,0.14167485
2012-10-31,33.706766,0.24247251
2012-11-01,14.932673,0.10741946
2012-11-02,29.393814,0.21144692
2012-11-03,18.960856,0.13639654
2012-11-04,15.3622,0.1105093
2012-11-05,25.758962,0.1852993
2012-11-06,13.490163,0.097042642
2012-11-07,7.98073,0.057410066
2012-11-08,17.046891,0.12262827
2012-11-09,21.819048,0.15695719
2012-11-10,20.502168,0.1474841
2012-11-11,10.077994,0.072496916
2012-11-12,15.883735,0.11426101
2012-11-13,24.224505,0.17426105
2012-11-14,24.732973,0.17791876
2012-11-15,22.625561,0.16275891
2012-11-16,19.766039,0.1421887
2012-11-17,26.192075,0.18841494
2012-11-18,11.31604,0.0814029
2012-11-19,23.687267,0.17039639
2012-11-20,8.1951983,0.058952861
2012-11-21,21.477681,0.15450154
2012-11-22,19.075794,0.13722336
2012-11-23,22.725881,0.16348058
2012-11-24,12.576775,0.09047211
2012-11-25,19.747113,0.14205255
2012-11-26,13.71193,0.098637942
2012-11-27,9.7567093,0.070185724
2012-11-28,2.5858863,0.018601795
2012-11-29,2.3841025,0.017150246
2012-11-30,7.6885183,0.055308015
2012-12-01,8.8515647,0.06367449
2012-12-02,8.5661718,0.061621491
2012-12-03,8.2966465,0.059682638
2012-12-04,10.765901,0.077445434
2012-12-05,8.1328696,0.058504495
2012-12-06,6.1025982,0.043899563
2012-12-07,8.4424151,0.060731237
2012-12-08,7.187346,0.05170279
2012-12-09,7.8895823,0.056754387
2012-12-10,6.9934029,0.050307643
2012-12-11,4.1729521,0.030018488
2012-12-12,6.4663826,0.046516477
2012-12-13,10.147837,0.072999338
2012-12-14,11.560926,0.08316451
2012-12-15,9.9305633,0.071436359
2012-12-16,13.333941,0.09591885
2012-12-17,10.065344,0.072405911
2012-12-18,7.3103203,0.052587416
2012-12-19,5.6296104,0.040497085
2012-12-20,9.7290054,0.069986434
2012-12-21,8.9475881,0.064365242
2012-12-22,4.1489033,0.029845491
2012-12-23,3.8019863,0.027349914
2012-12-24,8.5590821,0.061570491
2012-12-25,16.608351,0.1194736
2012-12-26,11.140388,0.080139338
2012-12-27,12.108823,0.087105857
2012-12-28,9.4473993,0.067960677
2012-12-29,17.868369,0.12853764
2012-12-30,12.060171,0.086755873
2012-12-31,15.763147,0.11339355
2013-01-01,8.5624796,0.061594931
2013-01-02,9.2850029,0.066792464
2013-01-03,5.261804,0.037851238
2013-01-04,8.4689541,0.060922147
2013-01-05,6.7456347,0.048525301
2013-01-06,4.6217033,0.033246619
2013-01-07,6.269607,0.045100956
2013-01-08,4.4948882,0.032334363
2013-01-09,7.5298109,0.05416634
2013-01-10,8.1575008,0.058681682
2013-01-11,5.5303139,0.039782787
2013-01-12,6.6021747,0.04749331
2013-01-13,6.6541184,0.047866971
2013-01-14,6.9382158,0.04991065
2013-01-15,7.6827688,0.055266656
2013-01-16,4.5434228,0.032683501
2013-01-17,4.2261632,0.030401267
2013-01-18,4.3847711,0.031542227
2013-01-19,3.9172784,0.028179278
2013-01-20,5.9935445,0.043115076
2013-01-21,4.6345719,0.03333919
2013-01-22,4.032488,0.029008048
2013-01-23,5.1787315,0.037253649
2013-01-24,4.6384279,0.033366929
2013-01-25,4.9328223,0.03548468
2013-01-26,7.7508691,0.055756541
2013-01-27,11.608434,0.083506262
2013-01-28,17.63616,0.12686723
2013-01-29,10.697667,0.076954586
2013-01-30,20.340966,0.14632448
2013-01-31,19.31165,0.13892001
2013-02-01,16.608916,0.11947766
2013-02-02,6.6612751,0.047918454
2013-02-03,12.536202,0.090180241
2013-02-04,10.601771,0.076264751
2013-02-05,16.488879,0.11861417
2013-02-06,17.471924,0.12568578
2013-02-07,16.595211,0.11937908
2013-02-08,15.545746,0.11182966
2013-02-09,16.019457,0.11523734
2013-02-10,18.370278,0.13214817
2013-02-11,13.960753,0.10042787
2013-02-12,7.4507051,0.053597286
2013-02-13,8.266174,0.059463431
2013-02-14,13.440238,0.096683501
2013-02-15,14.26611,0.10262448
2013-02-16,13.74721,0.098891732
2013-02-17,12.883685,0.092679889
2013-02-18,15.707681,0.11299455
2013-02-19,12.759722,0.091788157
2013-02-20,13.636334,0.098094136
2013-02-21,10.58936,0.076175472
2013-02-22,8.506179,0.061189928
2013-02-23,10.53837,0.075808668
2013-02-24,15.843956,0.11397486
2013-02-25,17.899545,0.12876191
2013-02-26,13.946624,0.10032623
2013-02-27,12.195732,0.08773104
2013-02-28,17.341518,0.1247477
2013-03-01,15.47488,0.11131988
2013-03-02,23.606702,0.16981683
2013-03-03,19.969289,0.14365079
2013-03-04,34.627351,0.24909482
2013-03-05,42.114089,0.30295131
2013-03-06,50.871329,0.36594727
2013-03-07,40.962107,0.29466443
2013-03-08,21.160522,0.15222003
2013-03-09,16.147536,0.11615869
2013-03-10,34.493432,0.24813146
2013-03-11,7.984949,0.057440415
2013-03-12,13.833071,0.099509382
2013-03-13,14.209213,0.10221519
2013-03-14,22.117535,0.15910438
2013-03-15,24.459982,0.17595498
2013-03-16,35.766205,0.25728726
2013-03-17,42.443235,0.30531905
2013-03-18,35.217344,0.25333898
2013-03-19,21.899174,0.15753358
2013-03-20,45.228095,0.32535218
2013-03-21,23.499248,0.16904386
2013-03-22,19.519728,0.14041683
2013-03-23,25.562227,0.18388407
2013-03-24,33.97749,0.24441999
2013-03-25,36.350117,0.26148768
2013-03-26,42.928285,0.3088083
2013-03-27,43.925625,0.31598275
2013-03-28,26.616182,0.19146579
2013-03-29,29.866926,0.21485029
2013-03-30,44.767423,0.3220383
2013-03-31,31.268893,0.22493546
2013-04-01,37.655025,0.27087465
2013-04-02,46.522479,0.33466344
2013-04-03,23.630168,0.16998564
2013-04-04,18.464596,0.13282665
2013-04-05,19.877785,0.14299255
2013-04-06,22.257674,0.16011249
2013-04-07,58.886753,0.42360691
2013-04-08,71.500278,0.51434338
2013-04-09,72.505944,0.52157772
2013-04-10,60.12694,0.43252829
2013-04-11,75.420346,0.54254272
2013-04-12,58.410545,0.42018126
2013-04-13,82.613009,0.59428376
2013-04-14,88.813603,0.63888827
2013-04-15,113.45861,0.81617426
2013-04-16,94.238505,0.67791276
2013-04-17,115.60076,0.83158399
2013-04-18,101.71011,0.73166041
2013-04-19,69.489732,0.49988035
2013-04-20,53.508208,0.38491588
2013-04-21,96.88614,0.69695875
2013-04-22,88.050633,0.63339978
2013-04-23,109.08531,0.78471455
2013-04-24,116.4027,0.83735282
2013-04-25,113.15399,0.81398292
2013-04-26,112.5767,0.80983015
2013-04-27,29.829077,0.21457802
2013-04-28,58.300095,0.41938673
2013-04-29,70.606548,0.50791425
2013-04-30,49.14259,0.35351144
2013-05-01,48.404231,0.34819999
2013-05-02,43.570169,0.31342575
2013-05-03,52.728677,0.37930826
2013-05-04,73.217926,0.52669943
2013-05-05,104.54062,0.7520219
2013-05-06,89.921655,0.64685913
2013-05-07,71.361126,0.51334238
2013-05-08,112.02143,0.80583575
2013-05-09,99.047166,0.71250428
2013-05-10,55.735891,0.40094091
2013-05-11,71.02422,0.51091881
2013-05-12,89.475939,0.64365284
2013-05-13,85.1988,0.61288487
2013-05-14,101.68285,0.73146428
2013-05-15,127.96225,0.92050743
2013-05-16,122.30345,0.87980032
2013-05-17,122.47749,0.88105232
2013-05-18,80.862023,0.58168789
2013-05-19,135.04285,0.97144233
2013-05-20,121.73937,0.87574257
2013-05-21,105.12132,0.75619924
2013-05-22,58.510506,0.42090034
2013-05-23,85.902417,0.6179464
2013-05-24,62.363678,0.44861846
2013-05-25,69.519268,0.50009281
2013-05-26,41.365405,0.29756559
2013-05-27,42.923446,0.30877349
2013-05-28,56.980565,0.40989458
2013-05-29,90.952115,0.65427183
2013-05-30,22.635745,0.16283217
2013-05-31,57.911062,0.41658819
2013-06-01,20.237853,0.14558273
2013-06-02,21.041414,0.15136322
2013-06-03,24.016034,0.1727614
2013-06-04,49.650697,0.35716654
2013-06-05,92.454688,0.66508072
2013-06-06,95.496175,0.68695992
2013-06-07,100.52129,0.72310855
2013-06-08,84.247544,0.60604193
2013-06-09,74.129934,0.53326003
2013-06-10,64.851554,0.46651521
2013-06-11,100.1483,0.72042539
2013-06-12,101.6256,0.73105244
2013-06-13,109.21327,0.78563504
2013-06-14,92.542738,0.66571412
2013-06-15,110.33261,0.7936871
2013-06-16,116.20025,0.83589649
2013-06-17,121.03675,0.87068824
2013-06-18,130.83499,0.94117274
2013-06-19,130.04933,0.93552098
2013-06-20,118.25115,0.85064975
2013-06-21,118.85702,0.85500813
2013-06-22,124.39218,0.89482583
2013-06-23,110.59693,0.79558848
2013-06-24,87.7871,0.63150403
2013-06-25,41.999781,0.30212903
2013-06-26,59.821246,0.43032926
2013-06-27,73.298509,0.5272791
2013-06-28,92.242375,0.66355343
2013-06-29,72.828973,0.52390146
2013-06-30,93.566336,0.67307746
2013-07-01,122.83613,0.88363224
2013-07-02,130.46975,0.93854532
2013-07-03,91.084507,0.65522421
2013-07-04,99.17251,0.71340595
2013-07-05,85.062379,0.61190351
2013-07-06,121.54566,0.87434916
2013-07-07,126.76539,0.91189773
2013-07-08,125.63851,0.90379139
2013-07-09,129.11486,0.92879881
2013-07-10,119.49599,0.85960463
2013-07-11,63.30945,0.45542195
2013-07-12,105.66126,0.76008336
2013-07-13,110.47997,0.79474712
2013-07-14,111.37843,0.80121027
2013-07-15,112.34434,0.80815866
2013-07-16,133.52851,0.96054878
2013-07-17,135.52736,0.97492771
2013-07-18,136.341,0.98078064
2013-07-19,136.17538,0.97958929
2013-07-20,115.97702,0.83429061
2013-07-21,139.65305,1.0046062
2013-07-22,140.42864,1.0101854
2013-07-23,142.6277,1.0260046
2013-07-24,128.27008,0.92272181
2013-07-25,105.6545,0.7600347
2013-07-26,134.06485,0.96440701
2013-07-27,127.64043,0.91819239
2013-07-28,118.59105,0.85309486
2013-07-29,85.369042,0.61410952
2013-07-30,108.69854,0.7819323
2013-07-31,87.648047,0.63050374
2013-08-01,122.84848,0.88372105
2013-08-02,120.48791,0.86674009
2013-08-03,111.26715,0.80040977
2013-08-04,79.976871,0.57532048
2013-08-05,99.880736,0.71850064
2013-08-06,77.584604,0.5581115
2013-08-07,100.18632,0.72069886
2013-08-08,81.098854,0.58339156
2013-08-09,39.190421,0.28191965
2013-08-10,81.42315,0.58572441
2013-08-11,79.592161,0.57255304
2013-08-12,85.4434,0.61464443
2013-08-13,67.0632,0.48242488
2013-08-14,85.358785,0.61403573
2013-08-15,91.876913,0.66092445
2013-08-16,102.45408,0.73701219
2013-08-17,90.763128,0.65291234
2013-08-18,88.205431,0.63451333
2013-08-19,46.353018,0.33344441
2013-08-20,53.181621,0.38256655
2013-08-21,74.214909,0.53387131
2013-08-22,88.366502,0.63567201
2013-08-23,54.217987,0.39002174
2013-08-24,80.751428,0.58089232
2013-08-25,62.501121,0.44960717
2013-08-26,71.281487,0.51276949
2013-08-27,62.664355,0.45078141
2013-08-28,63.04943,0.45355148
2013-08-29,87.96279,0.63276787
2013-08-30,83.032816,0.59730368
2013-08-31,75.825422,0.54545667
2013-09-01,65.257808,0.46943764
2013-09-02,36.00286,0.25898966
2013-09-03,21.720705,0.15624976
2013-09-04,55.445258,0.39885021
2013-09-05,92.893247,0.66823553
2013-09-06,93.417477,0.67200663
2013-09-07,96.32535,0.69292466
2013-09-08,80.198489,0.5769147
2013-09-09,40.621673,0.29221549
2013-09-10,51.449214,0.37010433
2013-09-11,47.418108,0.34110623
2013-09-12,43.152315,0.31041988
2013-09-13,52.99279,0.38120818
2013-09-14,71.318083,0.51303274
2013-09-15,29.229262,0.2102632
2013-09-16,40.995629,0.29490557
2013-09-17,51.678818,0.37175601
2013-09-18,36.132463,0.25992197
2013-09-19,46.73782,0.33621251
2013-09-20,38.080614,0.27393616
2013-09-21,40.307696,0.28995686
2013-09-22,45.032953,0.32394841
2013-09-23,30.67006,0.22062771
2013-09-24,34.518537,0.24831206
2013-09-25,32.279369,0.23220441
2013-09-26,22.845896,0.16434391
2013-09-27,46.454309,0.33417305
2013-09-28,55.440941,0.39881916
2013-09-29,57.096774,0.41073054
2013-09-30,58.617898,0.42167287
2013-10-01,53.261574,0.38314169
2013-10-02,59.79764,0.43015945
2013-10-03,59.793724,0.43013128
2013-10-04,66.923508,0.48141999
2013-10-05,64.504765,0.46402056
2013-10-06,24.155539,0.17376494
2013-10-07,35.965255,0.25871914
2013-10-08,72.45041,0.52117824
2013-10-09,30.634623,0.22037279
2013-10-10,26.204854,0.18850686
2013-10-11,9.6184536,0.06919117
2013-10-12,29.155031,0.20972922
2013-10-13,48.502502,0.34890691
2013-10-14,48.001059,0.34529973
2013-10-15,30.144012,0.21684354
2013-10-16,22.201084,0.1597054
2013-10-17,40.537815,0.29161225
2013-10-18,25.058529,0.18026068
2013-10-19,49.020709,0.35263467
2013-10-20,40.984071,0.29482243
2013-10-21,43.17441,0.31057882
2013-10-22,54.949277,0.39528234
2013-10-23,38.697833,0.27837618
2013-10-24,49.115921,0.35331958
2013-10-25,39.850156,0.28666552
2013-10-26,48.964923,0.35223337
2013-10-27,39.371446,0.28322187
2013-10-28,38.296524,0.27548933
2013-10-29,36.145417,0.26001515
2013-10-30,35.979457,0.25882131
2013-10-31,40.745669,0.29310746
2013-11-01,28.926353,0.2080842
2013-11-02,20.361973,0.1464756
2013-11-03,15.058698,0.10832603
2013-11-04,25.093501,0.18051225
2013-11-05,22.051548,0.1586297
2013-11-06,21.820477,0.15696747
2013-11-07,19.888071,0.14306654
2013-11-08,17.309034,0.12451402
2013-11-09,22.701153,0.16330269
2013-11-10,15.964106,0.11483917
2013-11-11,17.019808,0.12243345
2013-11-12,26.562697,0.19108104
2013-11-13,14.425913,0.10377404
2013-11-14,22.596338,0.16254869
2013-11-15,12.758649,0.091780438
2013-11-16,16.043366,0.11540933
2013-11-17,13.806132,0.099315597
2013-11-18,11.428325,0.082210636
2013-11-19,22.635126,0.16282772
2013-11-20,4.2777437,0.030772316
2013-11-21,5.7829968,0.041600483
2013-11-22,6.7466827,0.04853284
2013-11-23,4.3351759,0.031185459
2013-11-24,8.9674831,0.064508359
2013-11-25,11.027016,0.079323788
2013-11-26,8.1724634,0.058789316
2013-11-27,12.306777,0.088529859
2013-11-28,6.9244496,0.049811622
2013-11-29,9.2522062,0.066556538
2013-11-30,6.4363496,0.046300433
2013-12-01,11.856278,0.085289149
2013-12-02,17.157464,0.12342369
2013-12-03,17.132425,0.12324356
2013-12-04,6.1397102,0.044166532
2013-12-05,11.890339,0.08553417
2013-12-06,8.3136646,0.059805059
2013-12-07,9.6150848,0.069166937
2013-12-08,8.6854061,0.062479213
2013-12-09,3.4287526,0.024665026
2013-12-10,10.385779,0.074710994
2013-12-11,19.327135,0.1390314
2013-12-12,17.363942,0.12490901
2013-12-13,20.349531,0.1463861
2013-12-14,15.206997,0.10939284
2013-12-15,11.581013,0.083309006
2013-12-16,23.17172,0.16668775
2013-12-17,22.881252,0.16459825
2013-12-18,15.754027,0.11332794
2013-12-19,9.7094274,0.069845598
2013-12-20,5.4862112,0.03946553
2013-12-21,16.346546,0.11759028
2013-12-22,16.831608,0.12107961
2013-12-23,15.983889,0.11498148
2013-12-24,12.500335,0.089922229
2013-12-25,7.2688949,0.052289418
2013-12-26,14.804702,0.1064989
2013-12-27,15.921615,0.1145335
2013-12-28,8.8756919,0.06384805
2013-12-29,14.458434,0.10400798
2013-12-30,16.946148,0.12190357
2013-12-31,16.859175,0.12127792
2014-01-01,13.138019,0.094509468
2014-01-02,11.890215,0.085533279
2014-01-03,18.600929,0.13380738
2014-01-04,14.891669,0.1071245
2014-01-05,9.3725438,0.067422197
2014-01-06,16.375573,0.11779909
2014-01-07,23.675007,0.17030819
2014-01-08,25.061873,0.18028473
2014-01-09,15.304211,0.11009215
2014-01-10,13.22878,0.095162359
2014-01-11,14.861227,0.10690551
2014-01-12,15.718094,0.11306945
2014-01-13,15.76742,0.11342429
2014-01-14,6.5435588,0.047071651
2014-01-15,9.6839217,0.069662121
2014-01-16,14.368546,0.10336137
2014-01-17,14.199401,0.10214461
2014-01-18,19.553941,0.14066295
2014-01-19,7.6066512,0.054719097
2014-01-20,3.4585728,0.02487954
2014-01-21,3.2334449,0.023260063
2014-01-22,6.0015381,0.043172579
2014-01-23,6.0928529,0.043829459
2014-01-24,8.7013946,0.062594228
2014-01-25,3.1223317,0.022460761
2014-01-26,6.4503296,0.046400999
2014-01-27,10.556214,0.075937027
2014-01-28,11.562714,0.083177375
2014-01-29,7.9414145,0.057127246
2014-01-30,13.988579,0.10062804
2014-01-31,17.528224,0.12609078
2014-02-01,19.981337,0.14373746
2014-02-02,7.7535783,0.05577603
2014-02-03,17.159936,0.12344147
2014-02-04,19.435246,0.13980911
2014-02-05,22.997028,0.16543109
2014-02-06,29.603074,0.21295225
2014-02-07,26.895969,0.19347846
2014-02-08,30.986823,0.22290637
2014-02-09,22.300415,0.16041995
2014-02-10,29.837052,0.21463539
2014-02-11,27.084655,0.19483579
2014-02-12,30.843068,0.22187225
2014-02-13,29.983177,0.21568655
2014-02-14,34.733867,0.24986105
2014-02-15,11.280252,0.081145459
2014-02-16,33.031466,0.23761468
2014-02-17,40.36814,0.29039167
2014-02-18,33.069784,0.23789032
2014-02-19,25.924562,0.18649056
2014-02-20,31.634402,0.22756478
2014-02-21,29.151601,0.20970454
2014-02-22,39.217733,0.28211612
2014-02-23,47.564358,0.34215829
2014-02-24,49.811952,0.35832654
2014-02-25,53.963283,0.3881895
2014-02-26,56.715086,0.40798484
2014-02-27,44.678805,0.32140081
2014-02-28,31.165137,0.22418908
2014-03-01,52.972972,0.38106561
2014-03-02,52.670206,0.37888764
2014-03-03,48.846729,0.35138313
2014-03-04,34.65243,0.24927522
2014-03-05,40.564002,0.29180063
2014-03-06,15.954243,0.11476821
2014-03-07,54.338604,0.39088941
2014-03-08,45.190627,0.32508265
2014-03-09,70.865504,0.50977707
2014-03-10,70.545985,0.50747859
2014-03-11,69.157621,0.49749127
2014-03-12,68.702209,0.49421523
2014-03-13,79.244494,0.57005206
2014-03-14,78.065933,0.56157398
2014-03-15,26.329294,0.18940203
2014-03-16,8.8276356,0.063502353
2014-03-17,42.500632,0.30573194
2014-03-18,53.392629,0.38408446
2014-03-19,39.512371,0.28423563
2014-03-20,84.558432,0.60827833
2014-03-21,88.674275,0.637886
2014-03-22,44.628116,0.32103618
2014-03-23,31.041352,0.22329863
2014-03-24,30.132228,0.21675876
2014-03-25,39.634859,0.28511675
2014-03-26,59.916827,0.43101683
2014-03-27,71.769573,0.51628058
2014-03-28,37.917079,0.27275976
2014-03-29,86.280767,0.6206681
2014-03-30,89.360155,0.64281993
2014-03-31,72.539276,0.5218175
2014-04-01,83.697194,0.60208294
2014-04-02,93.331732,0.67138981
2014-04-03,98.036993,0.70523751
2014-04-04,91.513725,0.65831183
2014-04-05,68.503445,0.49278541
2014-04-06,71.043758,0.51105936
2014-04-07,93.275026,0.67098189
2014-04-08,77.647056,0.55856076
2014-04-09,55.415938,0.3986393
2014-04-10,44.024643,0.31669505
2014-04-11,79.554068,0.57227901
2014-04-12,80.248029,0.57727107
2014-04-13,82.940189,0.59663736
2014-04-14,52.107926,0.37484283
2014-04-15,48.4784,0.34873353
2014-04-16,60.756016,0.43705361
2014-04-17,92.168106,0.66301917
2014-04-18,50.952627,0.36653209
2014-04-19,92.442334,0.66499185
2014-04-20,112.62921,0.81020785
2014-04-21,89.763102,0.64571857
2014-04-22,100.93732,0.72610125
2014-04-23,109.44979,0.78733642
2014-04-24,105.86128,0.76152221
2014-04-25,103.49353,0.7444896
2014-04-26,94.711873,0.68131797
2014-04-27,118.14934,0.84991742
2014-04-28,57.43748,0.41318144
2014-04-29,97.127223,0.69869301
2014-04-30,113.37068,0.81554171
2014-05-01,90.472427,0.65082116
2014-05-02,26.605825,0.19139129
2014-05-03,37.040829,0.26645638
2014-05-04,69.743459,0.50170555
2014-05-05,92.751862,0.66721847
2014-05-06,105.05649,0.75573288
2014-05-07,86.566683,0.62272485
2014-05-08,95.083322,0.68399003
2014-05-09,101.085,0.72716362
2014-05-10,95.888167,0.68977975
2014-05-11,94.837042,0.68221839
2014-05-12,102.4336,0.73686492
2014-05-13,68.880391,0.495497
2014-05-14,81.123502,0.58356886
2014-05-15,64.021403,0.46054345
2014-05-16,93.208494,0.67050329
2014-05-17,52.688705,0.37902072
2014-05-18,40.219714,0.28932396
2014-05-19,100.59128,0.72361196
2014-05-20,123.11103,0.88560974
2014-05-21,127.92513,0.92024037
2014-05-22,136.08287,0.97892379
2014-05-23,98.526195,0.70875663
2014-05-24,73.531194,0.52895295
2014-05-25,133.6553,0.96146083
2014-05-26,143.32527,1.0310226
2014-05-27,73.715388,0.53027796
2014-05-28,40.524135,0.29151384
2014-05-29,30.160223,0.21696015
2014-05-30,76.51107,0.55038894
2014-05-31,112.17199,0.80691886
2014-06-01,106.74113,0.76785147
2014-06-02,106.71975,0.76769766
2014-06-03,116.84433,0.8405297
2014-06-04,122.67547,0.88247648
2014-06-05,110.16081,0.79245122
2014-06-06,122.02027,0.87776327
2014-06-07,126.49022,0.90991827
2014-06-08,127.86159,0.91978328
2014-06-09,138.0191,0.99285226
2014-06-10,134.08221,0.96453185
2014-06-11,133.71157,0.96186567
2014-06-12,124.89853,0.89846827
2014-06-13,97.37403,0.70046843
2014-06-14,82.367202,0.59251553
2014-06-15,115.54265,0.83116599
2014-06-16,114.77324,0.82563117
2014-06-17,110.10038,0.79201655
2014-06-18,135.35976,0.97372202
2014-06-19,87.523876,0.62961051
2014-06-20,87.600048,0.63015846
2014-06-21,76.623511,0.5511978
2014-06-22,93.620798,0.67346923
2014-06-23,121.04137,0.87072148
2014-06-24,119.19752,0.85745761
2014-06-25,65.355968,0.47014376
2014-06-26,84.385523,0.60703449
2014-06-27,126.01181,0.90647673
2014-06-28,103.5368,0.74480087
2014-06-29,63.334453,0.45560182
2014-06-30,84.489072,0.60777938
2014-07-01,110.338,0.79372587
2014-07-02,130.06736,0.93565068
2014-07-03,139.76441,1.0054072
2014-07-04,141.39006,1.0171015
2014-07-05,97.291919,0.69987776
2014-07-06,141.34497,1.0167771
2014-07-07,139.89363,1.0063368
2014-07-08,80.587817,0.57971537
2014-07-09,75.779092,0.5451234
2014-07-10,54.501436,0.39206075
2014-07-11,96.459757,0.69389153
2014-07-12,98.094637,0.70565218
2014-07-13,108.23597,0.77860471
2014-07-14,115.50681,0.83090812
2014-07-15,130.7716,0.94071674
2014-07-16,130.57334,0.93929054
2014-07-17,111.37895,0.80121405
2014-07-18,135.51041,0.97480574
2014-07-19,136.71164,0.98344688
2014-07-20,133.58987,0.96099021
2014-07-21,89.439697,0.64339213
2014-07-22,132.82398,0.9554807
2014-07-23,131.16675,0.94355928
2014-07-24,69.94806,0.50317737
2014-07-25,81.324994,0.58501831
2014-07-26,123.89893,0.89127754
2014-07-27,89.516428,0.64394409
2014-07-28,106.00513,0.76255701
2014-07-29,89.624774,0.64472349
2014-07-30,67.680392,0.4868647
2014-07-31,97.617648,0.70222092
2014-08-01,100.62758,0.7238731
2014-08-02,119.79901,0.86178446
2014-08-03,102.5131,0.73743676
2014-08-04,80.332378,0.57787785
2014-08-05,92.459757,0.66511719
2014-08-06,97.945113,0.70457657
2014-08-07,99.885619,0.71853576
2014-08-08,113.88655,0.81925267
2014-08-09,110.54517,0.79521614
2014-08-10,116.07474,0.83499362
2014-08-11,86.284854,0.62069749
2014-08-12,92.499891,0.66540589
2014-08-13,70.265582,0.50546149
2014-08-14,86.747788,0.62402765
2014-08-15,86.693488,0.62363703
2014-08-16,74.40448,0.53523501
2014-08-17,92.434723,0.6649371
2014-08-18,93.556713,0.67300823
2014-08-19,95.442849,0.68657631
2014-08-20,88.420368,0.63605949
2014-08-21,86.644875,0.62328733
2014-08-22,86.016613,0.61876788
2014-08-23,70.479215,0.50699827
2014-08-24,78.541259,0.56499328
2014-08-25,84.676581,0.60912825
2014-08-26,45.427002,0.32678304
2014-08-27,90.76476,0.65292408
2014-08-28,100.55882,0.72337847
2014-08-29,68.353637,0.49170775
2014-08-30,89.881061,0.64656711
2014-08-31,52.285095,0.37611731
2014-09-01,46.077472,0.33146225
2014-09-02,26.918969,0.19364391
2014-09-03,51.699972,0.37190818
2014-09-04,67.903974,0.48847305
2014-09-05,91.491536,0.65815221
2014-09-06,74.688371,0.5372772
2014-09-07,75.512179,0.54320333
2014-09-08,59.879435,0.43074785
2014-09-09,73.76355,0.53062442
2014-09-10,45.794659,0.3294278
2014-09-11,60.746611,0.43698596
2014-09-12,14.912979,0.10727779
2014-09-13,34.940875,0.25135018
2014-09-14,15.874801,0.11419674
2014-09-15,66.918675,0.48138522
2014-09-16,69.458988,0.49965918
2014-09-17,76.969029,0.5536833
2014-09-18,74.421259,0.53535571
2014-09-19,55.715173,0.40079188
2014-09-20,67.38519,0.48474114
2014-09-21,31.136541,0.22398338
2014-09-22,38.741374,0.2786894
2014-09-23,40.565518,0.29181153
2014-09-24,50.990727,0.36680617
2014-09-25,36.641078,0.26358074
2014-09-26,23.889476,0.171851
2014-09-27,56.997199,0.41001424
2014-09-28,66.31722,0.47705861
2014-09-29,72.017247,0.51806224
2014-09-30,43.973857,0.31632971
2014-10-01,58.917794,0.4238302
2014-10-02,58.445533,0.42043295
2014-10-03,66.872927,0.48105613
2014-10-04,60.332093,0.43400409
2014-10-05,45.15908,0.32485571
2014-10-06,62.716523,0.45115669
2014-10-07,49.197508,0.35390649
2014-10-08,33.826346,0.24333272
2014-10-09,66.80463,0.48056483
2014-10-10,45.598441,0.32801629
2014-10-11,45.055998,0.32411418
2014-10-12,57.513582,0.41372888
2014-10-13,56.664552,0.40762131
2014-10-14,49.70995,0.35759278
2014-10-15,40.955039,0.29461358
2014-10-16,38.957493,0.28024406
2014-10-17,32.527421,0.23398879
2014-10-18,54.27342,0.3904205
2014-10-19,62.222293,0.4476014
2014-10-20,51.977005,0.37390104
2014-10-21,41.566012,0.29900867
2014-10-22,9.465184,0.068088613
2014-10-23,7.3015594,0.052524394
2014-10-24,36.52706,0.26276053
2014-10-25,38.878813,0.27967807
2014-10-26,33.705541,0.2424637
2014-10-27,42.953973,0.30899309
2014-10-28,43.749113,0.31471299
2014-10-29,34.603622,0.24892412
2014-10-30,17.66251,0.12705678
2014-10-31,35.366072,0.25440887
2014-11-01,47.772759,0.34365744
2014-11-02,45.012674,0.32380253
2014-11-03,41.549117,0.29888714
2014-11-04,39.096716,0.28124558
2014-11-05,23.29612,0.16758264
2014-11-06,18.289233,0.13156517
2014-11-07,17.234857,0.12398042
2014-11-08,33.526935,0.24117888
2014-11-09,32.234374,0.23188073
2014-11-10,22.150367,0.15934056
2014-11-11,28.128503,0.20234479
2014-11-12,31.691375,0.22797463
2014-11-13,10.253143,0.07375686
2014-11-14,33.335354,0.23980073
2014-11-15,21.264342,0.15296687
2014-11-16,9.8942781,0.071175338
2014-11-17,21.853629,0.15720595
2014-11-18,6.099983,0.043880751
2014-11-19,3.9055881,0.028095183
2014-11-20,5.8991775,0.042436239
2014-11-21,7.202884,0.051814563
2014-11-22,18.17522,0.130745
2014-11-23,25.963947,0.18677388
2014-11-24,6.2259793,0.044787116
2014-11-25,18.351618,0.13201393
2014-11-26,14.024457,0.10088613
2014-11-27,14.818288,0.10659662
2014-11-28,6.293826,0.045275177
2014-11-29,7.6039897,0.054699951
2014-11-30,10.511367,0.075614417
2014-12-01,5.9151341,0.042551024
2014-12-02,5.9998033,0.043160099
2014-12-03,4.0982711,0.029481265
2014-12-04,6.9155498,0.0497476
2014-12-05,4.9359048,0.035506854
2014-12-06,6.6249612,0.047657227
2014-12-07,6.4192679,0.046177554
2014-12-08,11.439358,0.082290004
2014-12-09,11.709969,0.084236665
2014-12-10,6.7890974,0.048837954
2014-12-11,10.534582,0.075781416
2014-12-12,10.73032,0.077189478
2014-12-13,4.8578656,0.034945473
2014-12-14,7.771524,0.055905124
2014-12-15,16.257517,0.11694984
2014-12-16,10.586632,0.076155846
2014-12-17,9.5431322,0.068649339
2014-12-18,11.427484,0.082204589
2014-12-19,7.5492969,0.054306514
2014-12-20,8.579597,0.061718067
2014-12-21,10.250821,0.073740159
2014-12-22,7.4905838,0.053884157
2014-12-23,6.7772032,0.048752392
2014-12-24,7.3313129,0.052738428
2014-12-25,9.5584869,0.068759795
2014-12-26,5.913294,0.042537787
2014-12-27,6.391177,0.04597548
2014-12-28,3.3325074,0.023972678
2014-12-29,4.1731528,0.030019932
2014-12-30,6.8779503,0.049477125
2014-12-31,7.4736503,0.053762344
